ISO-10303-21;
HEADER;
/* Generated by software containing ST-Developer
 * from STEP Tools, Inc. (www.steptools.com) 
 */

FILE_DESCRIPTION(
/* description */ (''),
/* implementation_level */ '2;1');

FILE_NAME(
/* name */ 'console_top_left.step',
/* time_stamp */ '2026-07-08T10:53:56+03:00',
/* author */ (''),
/* organization */ (''),
/* preprocessor_version */ 'ST-DEVELOPER v20.1',
/* originating_system */ 'Autodesk Translation Framework v15.8.0.0',
/* authorisation */ '');

FILE_SCHEMA (('AUTOMOTIVE_DESIGN { 1 0 10303 214 3 1 1 }'));
ENDSEC;

DATA;
#10=MECHANICAL_DESIGN_GEOMETRIC_PRESENTATION_REPRESENTATION('',(#13),#6570);
#11=SHAPE_REPRESENTATION_RELATIONSHIP('SRR','None',#6577,#12);
#12=ADVANCED_BREP_SHAPE_REPRESENTATION('',(#14),#6569);
#13=STYLED_ITEM('',(#6587),#14);
#14=MANIFOLD_SOLID_BREP('top_left (1)',#3611);
#15=TOROIDAL_SURFACE('',#3832,5.00000000000001,2.);
#16=TOROIDAL_SURFACE('',#3884,5.00000000000001,2.);
#17=TOROIDAL_SURFACE('',#3889,4.99999999999999,2.);
#18=TOROIDAL_SURFACE('',#3893,4.99999999999999,2.);
#19=ELLIPSE('',#3693,2.89913780286484,2.05);
#20=ELLIPSE('',#3695,2.89913780286484,2.05);
#21=ELLIPSE('',#3703,5.65685424949239,4.);
#22=ELLIPSE('',#3711,2.89913780286485,2.05);
#23=ELLIPSE('',#3713,2.89913780286485,2.05);
#24=ELLIPSE('',#3715,5.65685424949238,4.);
#25=B_SPLINE_SURFACE_WITH_KNOTS('',3,1,((#5445,#5446),(#5447,#5448),(#5449,
#5450),(#5451,#5452),(#5453,#5454),(#5455,#5456)),.UNSPECIFIED.,.F.,.F.,
 .F.,(4,2,4),(2,2),(0.,1.08460439579189,2.27100574910214),(0.,12.9),
 .UNSPECIFIED.);
#26=(
BOUNDED_CURVE()
B_SPLINE_CURVE(5,(#5082,#5083,#5084,#5085,#5086,#5087,#5088,#5089,#5090,
#5091,#5092,#5093,#5094),.UNSPECIFIED.,.F.,.F.)
B_SPLINE_CURVE_WITH_KNOTS((6,1,1,1,1,1,1,1,6),(-0.530299714186726,-0.466666666666667,
-0.4,-0.333333333333333,-0.266666666666667,-0.2,-0.133333333333333,-0.0666666666666667,
0.),.UNSPECIFIED.)
CURVE()
GEOMETRIC_REPRESENTATION_ITEM()
RATIONAL_B_SPLINE_CURVE((1.,1.,1.,1.,1.,1.,1.,1.,1.,1.,1.,1.,1.))
REPRESENTATION_ITEM('')
);
#27=(
BOUNDED_CURVE()
B_SPLINE_CURVE(5,(#5268,#5269,#5270,#5271,#5272,#5273,#5274,#5275,#5276,
#5277,#5278,#5279,#5280,#5281,#5282),.UNSPECIFIED.,.F.,.F.)
B_SPLINE_CURVE_WITH_KNOTS((6,1,1,1,1,1,1,1,1,1,6),(0.,0.0666666666666667,
0.133333333333333,0.2,0.266666666666667,0.333333333333333,0.4,0.466666666666667,
0.533333333333333,0.6,0.636382781946471),.UNSPECIFIED.)
CURVE()
GEOMETRIC_REPRESENTATION_ITEM()
RATIONAL_B_SPLINE_CURVE((1.,1.,1.,1.,1.,1.,1.,1.,1.,1.,1.,1.,1.,1.,1.))
REPRESENTATION_ITEM('')
);
#28=B_SPLINE_CURVE_WITH_KNOTS('',3,(#4936,#4937,#4938,#4939,#4940,#4941,
#4942,#4943,#4944,#4945),.UNSPECIFIED.,.F.,.F.,(4,3,3,4),(0.0559360764665468,
0.213920329377559,0.339267140197194,0.405692765823932),.UNSPECIFIED.);
#29=B_SPLINE_CURVE_WITH_KNOTS('',3,(#4947,#4948,#4949,#4950,#4951,#4952,
#4953,#4954,#4955,#4956,#4957,#4958,#4959,#4960,#4961,#4962,#4963,#4964,
#4965,#4966,#4967,#4968,#4969,#4970,#4971,#4972,#4973,#4974,#4975,#4976,
#4977,#4978,#4979,#4980,#4981,#4982,#4983,#4984,#4985,#4986,#4987,#4988,
#4989,#4990,#4991,#4992,#4993,#4994,#4995,#4996,#4997,#4998,#4999,#5000,
#5001,#5002,#5003,#5004,#5005,#5006,#5007,#5008,#5009,#5010,#5011,#5012,
#5013,#5014,#5015,#5016,#5017,#5018,#5019),.UNSPECIFIED.,.F.,.F.,(4,3,3,
3,3,3,3,3,3,3,3,3,3,3,3,3,3,3,3,3,3,3,3,3,4),(0.627272804672043,0.653441061161534,
0.691107428898132,0.733383990372911,0.790574367426657,0.801706157430352,
0.878188465112979,0.883712773962995,0.94812419400054,1.01085443595442,1.06731226392914,
1.12364467449756,1.16276577505199,1.22396349404268,1.29074800508212,1.34629071411703,
1.42210166123013,1.48680212303434,1.54597526071065,1.55150258483855,1.60751239384322,
1.66546732351107,1.72342225317891,1.78751835181978,1.84574256552466),
 .UNSPECIFIED.);
#30=B_SPLINE_CURVE_WITH_KNOTS('',3,(#5021,#5022,#5023,#5024),
 .UNSPECIFIED.,.F.,.F.,(4,4),(3.87678513857233,4.25401599859473),
 .UNSPECIFIED.);
#31=B_SPLINE_CURVE_WITH_KNOTS('',3,(#5026,#5027,#5028,#5029,#5030,#5031,
#5032,#5033,#5034,#5035,#5036,#5037,#5038,#5039,#5040,#5041),
 .UNSPECIFIED.,.F.,.F.,(4,2,2,2,2,2,2,4),(0.030965161295668,0.114532766559496,
0.231358797476589,0.363180993799623,0.512471603477654,0.67490022155362,
0.820350859332314,0.946587724026771),.UNSPECIFIED.);
#32=B_SPLINE_CURVE_WITH_KNOTS('',3,(#5043,#5044,#5045,#5046),
 .UNSPECIFIED.,.F.,.F.,(4,4),(7.29212607174609E-6,0.030965161295668),
 .UNSPECIFIED.);
#33=B_SPLINE_CURVE_WITH_KNOTS('',3,(#5048,#5049,#5050,#5051,#5052,#5053,
#5054,#5055,#5056,#5057,#5058,#5059,#5060,#5061,#5062,#5063,#5064,#5065,
#5066,#5067,#5068,#5069,#5070,#5071,#5072,#5073,#5074,#5075,#5076,#5077,
#5078),.UNSPECIFIED.,.F.,.F.,(4,3,3,3,3,3,3,3,3,3,4),(0.,0.283910196613998,
0.66082500710782,0.998142985840654,1.2742767853538,1.52274409618842,1.75481969127984,
1.97001340727025,2.17884208039177,2.38025908891894,2.4510464765541),
 .UNSPECIFIED.);
#34=B_SPLINE_CURVE_WITH_KNOTS('',3,(#5096,#5097,#5098,#5099),
 .UNSPECIFIED.,.F.,.F.,(4,4),(0.,0.670673865528847),.UNSPECIFIED.);
#35=B_SPLINE_CURVE_WITH_KNOTS('',3,(#5103,#5104,#5105,#5106,#5107,#5108,
#5109,#5110,#5111,#5112,#5113,#5114,#5115,#5116,#5117,#5118,#5119,#5120,
#5121,#5122,#5123,#5124,#5125,#5126,#5127),.UNSPECIFIED.,.F.,.F.,(4,3,3,
3,3,3,3,3,4),(1.01802142563937,1.06583344198275,1.07415998619058,1.12218770276378,
1.15382068978267,1.22547849447554,1.25581960243406,1.27595609529387,1.27925928129696),
 .UNSPECIFIED.);
#36=B_SPLINE_CURVE_WITH_KNOTS('',3,(#5129,#5130,#5131,#5132),
 .UNSPECIFIED.,.F.,.F.,(4,4),(0.0558589808959167,0.0731098325046054),
 .UNSPECIFIED.);
#37=B_SPLINE_CURVE_WITH_KNOTS('',3,(#5134,#5135,#5136,#5137),
 .UNSPECIFIED.,.F.,.F.,(4,4),(0.0581561850694636,0.0761195200288001),
 .UNSPECIFIED.);
#38=B_SPLINE_CURVE_WITH_KNOTS('',3,(#5138,#5139,#5140,#5141,#5142,#5143,
#5144,#5145,#5146,#5147,#5148,#5149,#5150,#5151,#5152,#5153,#5154,#5155,
#5156,#5157,#5158,#5159,#5160,#5161,#5162,#5163,#5164,#5165,#5166,#5167,
#5168,#5169,#5170,#5171,#5172,#5173,#5174,#5175,#5176,#5177,#5178,#5179,
#5180,#5181,#5182,#5183,#5184,#5185,#5186,#5187,#5188,#5189,#5190,#5191,
#5192,#5193,#5194,#5195,#5196,#5197,#5198,#5199,#5200,#5201,#5202,#5203,
#5204,#5205,#5206,#5207,#5208,#5209,#5210,#5211,#5212,#5213,#5214,#5215,
#5216,#5217,#5218,#5219,#5220,#5221,#5222,#5223,#5224,#5225),
 .UNSPECIFIED.,.F.,.F.,(4,3,3,3,3,3,3,3,3,3,3,3,3,3,3,3,3,3,3,3,3,3,3,3,
3,3,3,3,3,4),(1.27925928129696,1.2949638889883,1.31996443713584,1.37103254536155,
1.3878439395917,1.43877935863809,1.45380765742834,1.50073042486786,1.53364708815836,
1.5860374047394,1.62971751069234,1.68508602559518,1.73381260526015,1.78115440485202,
1.82095543554106,1.87883134371491,1.896930765618,1.93881496973225,1.96164488093738,
1.98028255143162,2.00138449021918,2.03605730174503,2.10501079845109,2.15312528374446,
2.17556862802473,2.2247897913999,2.26107179223528,2.32347587712921,2.36261335099443,
2.371945797493),.UNSPECIFIED.);
#39=B_SPLINE_CURVE_WITH_KNOTS('',3,(#5258,#5259,#5260,#5261,#5262,#5263,
#5264),.UNSPECIFIED.,.F.,.F.,(4,3,4),(0.,0.0391066669618163,0.0536507713899699),
 .UNSPECIFIED.);
#40=B_SPLINE_CURVE_WITH_KNOTS('',3,(#5286,#5287,#5288,#5289,#5290,#5291,
#5292,#5293,#5294,#5295,#5296,#5297,#5298,#5299,#5300,#5301,#5302,#5303,
#5304,#5305,#5306,#5307,#5308,#5309,#5310,#5311,#5312,#5313,#5314,#5315,
#5316),.UNSPECIFIED.,.F.,.F.,(4,3,3,3,3,3,3,3,3,3,4),(1.53457494889052,
1.62680040994718,1.72187475616129,1.82044901107556,1.92730659663414,2.04207997692994,
2.16867303474359,2.32438522780278,2.48918478006276,2.62053599259906,2.65398433232273),
 .UNSPECIFIED.);
#41=B_SPLINE_CURVE_WITH_KNOTS('',3,(#5318,#5319,#5320,#5321,#5322,#5323,
#5324,#5325,#5326,#5327,#5328,#5329,#5330,#5331,#5332,#5333,#5334,#5335,
#5336,#5337,#5338,#5339,#5340,#5341,#5342,#5343,#5344,#5345,#5346,#5347,
#5348,#5349,#5350,#5351,#5352,#5353,#5354,#5355,#5356,#5357,#5358,#5359,
#5360,#5361,#5362,#5363,#5364,#5365,#5366,#5367,#5368,#5369,#5370,#5371,
#5372,#5373,#5374,#5375,#5376,#5377,#5378),.UNSPECIFIED.,.F.,.F.,(4,3,3,
3,3,3,3,3,3,3,3,3,3,3,3,3,3,3,3,3,4),(7.32636729241144E-6,0.0547491436694467,
0.116171367094633,0.120898026744224,0.1912312445964,0.242188465754946,0.296827819967578,
0.347241372057789,0.385270635654645,0.434438019458789,0.483022061425965,
0.531332509759116,0.54685707028582,0.597436321431439,0.650030860748632,
0.6846408966626,0.75033782724328,0.824599865521944,0.881907615903691,0.934080898341438,
0.946263426374745),.UNSPECIFIED.);
#42=B_SPLINE_CURVE_WITH_KNOTS('',3,(#5380,#5381,#5382,#5383),
 .UNSPECIFIED.,.F.,.F.,(4,4),(0.156133391216378,0.921989761284561),
 .UNSPECIFIED.);
#43=B_SPLINE_CURVE_WITH_KNOTS('',3,(#5385,#5386,#5387,#5388,#5389,#5390,
#5391,#5392,#5393,#5394,#5395,#5396,#5397,#5398,#5399,#5400,#5401,#5402),
 .UNSPECIFIED.,.F.,.F.,(4,2,2,2,2,2,2,2,4),(0.,0.183979192667002,0.378663484818588,
0.537192066396459,0.678265257489599,0.737267246032861,0.776335470798283,
0.813236813254905,0.833052306368891),.UNSPECIFIED.);
#44=B_SPLINE_CURVE_WITH_KNOTS('',3,(#5406,#5407,#5408,#5409,#5410,#5411,
#5412,#5413,#5414,#5415,#5416,#5417,#5418,#5419,#5420,#5421,#5422,#5423,
#5424,#5425,#5426,#5427,#5428,#5429,#5430,#5431,#5432,#5433,#5434,#5435),
 .UNSPECIFIED.,.F.,.F.,(4,2,2,2,2,2,2,2,2,2,2,2,2,2,4),(0.0584677198711048,
0.0875317576152897,0.188232537404856,0.281132278328605,0.358180201635659,
0.411017453016912,0.43702674268785,0.456618259497252,0.476910299433236,
0.506691718819097,0.57490342674832,0.643894752907852,0.727170203914478,
0.816308376065995,0.909259471060477),.UNSPECIFIED.);
#45=B_SPLINE_CURVE_WITH_KNOTS('',3,(#5437,#5438,#5439,#5440),
 .UNSPECIFIED.,.F.,.F.,(4,4),(0.0529507090594745,0.0554393077426049),
 .UNSPECIFIED.);
#46=B_SPLINE_CURVE_WITH_KNOTS('',3,(#5441,#5442,#5443,#5444),
 .UNSPECIFIED.,.F.,.F.,(4,4),(0.0549712662109827,0.0574070694637514),
 .UNSPECIFIED.);
#47=B_SPLINE_CURVE_WITH_KNOTS('',3,(#5458,#5459,#5460,#5461,#5462,#5463,
#5464,#5465,#5466,#5467,#5468,#5469,#5470,#5471,#5472,#5473,#5474,#5475,
#5476,#5477,#5478,#5479,#5480,#5481,#5482,#5483,#5484,#5485),
 .UNSPECIFIED.,.F.,.F.,(4,3,3,3,3,3,3,3,3,4),(0.,0.0413930860761602,0.0729781862549469,
0.125633835759298,0.143002118136653,0.178573939859413,0.196011482315733,
0.216975009218854,0.230788602998865,0.232891098324357),.UNSPECIFIED.);
#48=B_SPLINE_CURVE_WITH_KNOTS('',3,(#5487,#5488,#5489,#5490,#5491,#5492,
#5493,#5494,#5495,#5496,#5497,#5498,#5499,#5500,#5501,#5502,#5503,#5504,
#5505,#5506,#5507,#5508,#5509,#5510,#5511),.UNSPECIFIED.,.F.,.F.,(4,3,3,
3,3,3,3,3,4),(0.332588856041056,0.386784888892181,0.419622826395738,0.496972261018865,
0.54628191880216,0.602734596121573,0.656700854435601,0.708531993032479,
0.753873006749579),.UNSPECIFIED.);
#49=B_SPLINE_CURVE_WITH_KNOTS('',3,(#5513,#5514,#5515,#5516),
 .UNSPECIFIED.,.F.,.F.,(4,4),(0.0505664092993532,2.66845799867852),
 .UNSPECIFIED.);
#50=B_SPLINE_CURVE_WITH_KNOTS('',3,(#5518,#5519,#5520,#5521),
 .UNSPECIFIED.,.F.,.F.,(4,4),(0.0500000000000029,9.29637378846673),
 .UNSPECIFIED.);
#51=B_SPLINE_CURVE_WITH_KNOTS('',3,(#5522,#5523,#5524,#5525),
 .UNSPECIFIED.,.F.,.F.,(4,4),(0.,2.13011998680927),.UNSPECIFIED.);
#52=B_SPLINE_CURVE_WITH_KNOTS('',3,(#5527,#5528,#5529,#5530,#5531,#5532),
 .UNSPECIFIED.,.F.,.F.,(4,2,4),(0.,1.61995753029655,3.35051839807961),
 .UNSPECIFIED.);
#53=B_SPLINE_CURVE_WITH_KNOTS('',3,(#5535,#5536,#5537,#5538,#5539,#5540,
#5541,#5542,#5543,#5544,#5545,#5546,#5547,#5548,#5549,#5550,#5551,#5552,
#5553,#5554,#5555,#5556,#5557,#5558,#5559,#5560,#5561,#5562,#5563,#5564,
#5565,#5566,#5567,#5568,#5569,#5570,#5571,#5572,#5573,#5574),
 .UNSPECIFIED.,.F.,.F.,(4,3,3,3,3,3,3,3,3,3,3,3,3,4),(0.,0.149122736711281,
0.292162947208497,0.429440877552893,0.561655476520206,0.692107218700244,
0.814474631512416,0.934094803042619,1.05021604324478,1.08346244524036,1.12600678067738,
1.58327713788753,2.17070868834845,2.2509055748802),.UNSPECIFIED.);
#54=B_SPLINE_CURVE_WITH_KNOTS('',3,(#5575,#5576,#5577,#5578,#5579,#5580,
#5581,#5582,#5583,#5584,#5585,#5586),.UNSPECIFIED.,.F.,.F.,(4,2,2,2,2,4),
(0.232891098324357,0.243867771127661,0.261283527935668,0.298441891769963,
0.3781971877263,0.465881269646741),.UNSPECIFIED.);
#55=B_SPLINE_CURVE_WITH_KNOTS('',3,(#6360,#6361,#6362,#6363,#6364,#6365,
#6366,#6367,#6368,#6369,#6370,#6371,#6372,#6373),.UNSPECIFIED.,.F.,.F.,
(4,2,2,2,2,2,4),(-0.847960675174113,-0.730059246448814,-0.552411910112276,
-0.42570008307805,-0.300385213198697,-0.124565689282125,0.),
 .UNSPECIFIED.);
#56=B_SPLINE_CURVE_WITH_KNOTS('',3,(#6423,#6424,#6425,#6426,#6427,#6428,
#6429,#6430,#6431,#6432,#6433,#6434,#6435,#6436),.UNSPECIFIED.,.F.,.F.,
(4,2,2,2,2,2,4),(0.328462501929911,0.368781829359451,0.408974636801798,
0.439239132561238,0.469455354851829,0.509454772034024,0.549804765328066),
 .UNSPECIFIED.);
#57=B_SPLINE_CURVE_WITH_KNOTS('',3,(#6439,#6440,#6441,#6442,#6443,#6444,
#6445,#6446,#6447,#6448,#6449,#6450,#6451,#6452),.UNSPECIFIED.,.F.,.F.,
(4,2,2,2,2,2,4),(0.328466505672828,0.368782972873889,0.408975799083908,
0.439240722470484,0.469457699958176,0.509458458422107,0.54980336522555),
 .UNSPECIFIED.);
#58=(
BOUNDED_SURFACE()
B_SPLINE_SURFACE(5,1,((#4904,#4905),(#4906,#4907),(#4908,#4909),(#4910,
#4911),(#4912,#4913),(#4914,#4915),(#4916,#4917),(#4918,#4919),(#4920,#4921),
(#4922,#4923),(#4924,#4925),(#4926,#4927),(#4928,#4929),(#4930,#4931),(#4932,
#4933)),.UNSPECIFIED.,.F.,.F.,.F.)
B_SPLINE_SURFACE_WITH_KNOTS((6,1,1,1,1,1,1,1,1,1,6),(2,2),(0.,0.0666666666666667,
0.133333333333333,0.2,0.266666666666667,0.333333333333333,0.4,0.466666666666667,
0.533333333333333,0.6,0.636382781946471),(0.,12.9),.UNSPECIFIED.)
GEOMETRIC_REPRESENTATION_ITEM()
RATIONAL_B_SPLINE_SURFACE(((1.,1.),(1.,1.),(1.,1.),(1.,1.),(1.,1.),(1.,
1.),(1.,1.),(1.,1.),(1.,1.),(1.,1.),(1.,1.),(1.,1.),(1.,1.),(1.,1.),(1.,
1.)))
REPRESENTATION_ITEM('')
SURFACE()
);
#59=(
BOUNDED_SURFACE()
B_SPLINE_SURFACE(5,1,((#5226,#5227),(#5228,#5229),(#5230,#5231),(#5232,
#5233),(#5234,#5235),(#5236,#5237),(#5238,#5239),(#5240,#5241),(#5242,#5243),
(#5244,#5245),(#5246,#5247),(#5248,#5249),(#5250,#5251),(#5252,#5253),(#5254,
#5255)),.UNSPECIFIED.,.F.,.F.,.F.)
B_SPLINE_SURFACE_WITH_KNOTS((6,1,1,1,1,1,1,1,1,1,6),(2,2),(0.,0.0666666666666667,
0.133333333333333,0.2,0.266666666666667,0.333333333333333,0.4,0.466666666666667,
0.533333333333333,0.6,0.636382781946471),(0.,12.9),.UNSPECIFIED.)
GEOMETRIC_REPRESENTATION_ITEM()
RATIONAL_B_SPLINE_SURFACE(((1.,1.),(1.,1.),(1.,1.),(1.,1.),(1.,1.),(1.,
1.),(1.,1.),(1.,1.),(1.,1.),(1.,1.),(1.,1.),(1.,1.),(1.,1.),(1.,1.),(1.,
1.)))
REPRESENTATION_ITEM('')
SURFACE()
);
#60=FACE_BOUND('',#443,.T.);
#61=FACE_BOUND('',#446,.T.);
#62=FACE_BOUND('',#448,.T.);
#63=FACE_BOUND('',#454,.T.);
#64=FACE_BOUND('',#455,.T.);
#65=FACE_BOUND('',#456,.T.);
#66=FACE_BOUND('',#459,.T.);
#67=FACE_BOUND('',#460,.T.);
#68=FACE_BOUND('',#461,.T.);
#69=FACE_BOUND('',#465,.T.);
#70=FACE_BOUND('',#473,.T.);
#71=FACE_BOUND('',#474,.T.);
#72=FACE_BOUND('',#475,.T.);
#73=FACE_BOUND('',#479,.T.);
#74=FACE_BOUND('',#482,.T.);
#75=FACE_BOUND('',#491,.T.);
#76=FACE_BOUND('',#508,.T.);
#77=FACE_BOUND('',#511,.T.);
#78=FACE_BOUND('',#609,.T.);
#79=FACE_BOUND('',#610,.T.);
#80=FACE_BOUND('',#611,.T.);
#81=FACE_BOUND('',#612,.T.);
#82=FACE_BOUND('',#613,.T.);
#83=FACE_BOUND('',#624,.T.);
#84=FACE_BOUND('',#628,.T.);
#85=FACE_BOUND('',#632,.T.);
#86=FACE_BOUND('',#636,.T.);
#87=FACE_BOUND('',#647,.T.);
#88=FACE_BOUND('',#653,.T.);
#89=PLANE('',#3628);
#90=PLANE('',#3633);
#91=PLANE('',#3635);
#92=PLANE('',#3636);
#93=PLANE('',#3637);
#94=PLANE('',#3641);
#95=PLANE('',#3642);
#96=PLANE('',#3645);
#97=PLANE('',#3646);
#98=PLANE('',#3647);
#99=PLANE('',#3648);
#100=PLANE('',#3652);
#101=PLANE('',#3653);
#102=PLANE('',#3654);
#103=PLANE('',#3655);
#104=PLANE('',#3663);
#105=PLANE('',#3666);
#106=PLANE('',#3671);
#107=PLANE('',#3676);
#108=PLANE('',#3681);
#109=PLANE('',#3688);
#110=PLANE('',#3689);
#111=PLANE('',#3690);
#112=PLANE('',#3691);
#113=PLANE('',#3699);
#114=PLANE('',#3700);
#115=PLANE('',#3704);
#116=PLANE('',#3717);
#117=PLANE('',#3718);
#118=PLANE('',#3722);
#119=PLANE('',#3723);
#120=PLANE('',#3728);
#121=PLANE('',#3730);
#122=PLANE('',#3731);
#123=PLANE('',#3732);
#124=PLANE('',#3733);
#125=PLANE('',#3734);
#126=PLANE('',#3737);
#127=PLANE('',#3742);
#128=PLANE('',#3745);
#129=PLANE('',#3746);
#130=PLANE('',#3747);
#131=PLANE('',#3748);
#132=PLANE('',#3749);
#133=PLANE('',#3750);
#134=PLANE('',#3751);
#135=PLANE('',#3752);
#136=PLANE('',#3753);
#137=PLANE('',#3754);
#138=PLANE('',#3755);
#139=PLANE('',#3756);
#140=PLANE('',#3757);
#141=PLANE('',#3758);
#142=PLANE('',#3759);
#143=PLANE('',#3760);
#144=PLANE('',#3761);
#145=PLANE('',#3762);
#146=PLANE('',#3763);
#147=PLANE('',#3764);
#148=PLANE('',#3765);
#149=PLANE('',#3766);
#150=PLANE('',#3767);
#151=PLANE('',#3768);
#152=PLANE('',#3769);
#153=PLANE('',#3770);
#154=PLANE('',#3771);
#155=PLANE('',#3772);
#156=PLANE('',#3773);
#157=PLANE('',#3774);
#158=PLANE('',#3775);
#159=PLANE('',#3776);
#160=PLANE('',#3777);
#161=PLANE('',#3778);
#162=PLANE('',#3779);
#163=PLANE('',#3780);
#164=PLANE('',#3781);
#165=PLANE('',#3782);
#166=PLANE('',#3783);
#167=PLANE('',#3784);
#168=PLANE('',#3785);
#169=PLANE('',#3786);
#170=PLANE('',#3787);
#171=PLANE('',#3788);
#172=PLANE('',#3789);
#173=PLANE('',#3790);
#174=PLANE('',#3791);
#175=PLANE('',#3792);
#176=PLANE('',#3793);
#177=PLANE('',#3794);
#178=PLANE('',#3795);
#179=PLANE('',#3796);
#180=PLANE('',#3797);
#181=PLANE('',#3798);
#182=PLANE('',#3799);
#183=PLANE('',#3800);
#184=PLANE('',#3801);
#185=PLANE('',#3802);
#186=PLANE('',#3803);
#187=PLANE('',#3804);
#188=PLANE('',#3805);
#189=PLANE('',#3806);
#190=PLANE('',#3807);
#191=PLANE('',#3808);
#192=PLANE('',#3809);
#193=PLANE('',#3810);
#194=PLANE('',#3811);
#195=PLANE('',#3812);
#196=PLANE('',#3813);
#197=PLANE('',#3814);
#198=PLANE('',#3815);
#199=PLANE('',#3816);
#200=PLANE('',#3817);
#201=PLANE('',#3818);
#202=PLANE('',#3819);
#203=PLANE('',#3820);
#204=PLANE('',#3821);
#205=PLANE('',#3822);
#206=PLANE('',#3823);
#207=PLANE('',#3824);
#208=PLANE('',#3825);
#209=PLANE('',#3829);
#210=PLANE('',#3831);
#211=PLANE('',#3840);
#212=PLANE('',#3850);
#213=PLANE('',#3851);
#214=PLANE('',#3852);
#215=PLANE('',#3853);
#216=PLANE('',#3854);
#217=PLANE('',#3855);
#218=PLANE('',#3858);
#219=PLANE('',#3860);
#220=PLANE('',#3864);
#221=PLANE('',#3866);
#222=PLANE('',#3870);
#223=PLANE('',#3872);
#224=PLANE('',#3876);
#225=PLANE('',#3878);
#226=PLANE('',#3895);
#227=PLANE('',#3896);
#228=PLANE('',#3898);
#229=PLANE('',#3899);
#230=PLANE('',#3900);
#231=PLANE('',#3902);
#232=PLANE('',#3904);
#233=PLANE('',#3905);
#234=PLANE('',#3906);
#235=PLANE('',#3908);
#236=PLANE('',#3909);
#237=PLANE('',#3910);
#238=PLANE('',#3911);
#239=PLANE('',#3912);
#240=PLANE('',#3913);
#241=PLANE('',#3914);
#242=PLANE('',#3915);
#243=PLANE('',#3916);
#244=FACE_OUTER_BOUND('',#441,.T.);
#245=FACE_OUTER_BOUND('',#442,.T.);
#246=FACE_OUTER_BOUND('',#444,.T.);
#247=FACE_OUTER_BOUND('',#445,.T.);
#248=FACE_OUTER_BOUND('',#447,.T.);
#249=FACE_OUTER_BOUND('',#449,.T.);
#250=FACE_OUTER_BOUND('',#450,.T.);
#251=FACE_OUTER_BOUND('',#451,.T.);
#252=FACE_OUTER_BOUND('',#452,.T.);
#253=FACE_OUTER_BOUND('',#453,.T.);
#254=FACE_OUTER_BOUND('',#457,.T.);
#255=FACE_OUTER_BOUND('',#458,.T.);
#256=FACE_OUTER_BOUND('',#462,.T.);
#257=FACE_OUTER_BOUND('',#463,.T.);
#258=FACE_OUTER_BOUND('',#464,.T.);
#259=FACE_OUTER_BOUND('',#466,.T.);
#260=FACE_OUTER_BOUND('',#467,.T.);
#261=FACE_OUTER_BOUND('',#468,.T.);
#262=FACE_OUTER_BOUND('',#469,.T.);
#263=FACE_OUTER_BOUND('',#470,.T.);
#264=FACE_OUTER_BOUND('',#471,.T.);
#265=FACE_OUTER_BOUND('',#472,.T.);
#266=FACE_OUTER_BOUND('',#476,.T.);
#267=FACE_OUTER_BOUND('',#477,.T.);
#268=FACE_OUTER_BOUND('',#478,.T.);
#269=FACE_OUTER_BOUND('',#480,.T.);
#270=FACE_OUTER_BOUND('',#481,.T.);
#271=FACE_OUTER_BOUND('',#483,.T.);
#272=FACE_OUTER_BOUND('',#484,.T.);
#273=FACE_OUTER_BOUND('',#485,.T.);
#274=FACE_OUTER_BOUND('',#486,.T.);
#275=FACE_OUTER_BOUND('',#487,.T.);
#276=FACE_OUTER_BOUND('',#488,.T.);
#277=FACE_OUTER_BOUND('',#489,.T.);
#278=FACE_OUTER_BOUND('',#490,.T.);
#279=FACE_OUTER_BOUND('',#492,.T.);
#280=FACE_OUTER_BOUND('',#493,.T.);
#281=FACE_OUTER_BOUND('',#494,.T.);
#282=FACE_OUTER_BOUND('',#495,.T.);
#283=FACE_OUTER_BOUND('',#496,.T.);
#284=FACE_OUTER_BOUND('',#497,.T.);
#285=FACE_OUTER_BOUND('',#498,.T.);
#286=FACE_OUTER_BOUND('',#499,.T.);
#287=FACE_OUTER_BOUND('',#500,.T.);
#288=FACE_OUTER_BOUND('',#501,.T.);
#289=FACE_OUTER_BOUND('',#502,.T.);
#290=FACE_OUTER_BOUND('',#503,.T.);
#291=FACE_OUTER_BOUND('',#504,.T.);
#292=FACE_OUTER_BOUND('',#505,.T.);
#293=FACE_OUTER_BOUND('',#506,.T.);
#294=FACE_OUTER_BOUND('',#507,.T.);
#295=FACE_OUTER_BOUND('',#509,.T.);
#296=FACE_OUTER_BOUND('',#510,.T.);
#297=FACE_OUTER_BOUND('',#512,.T.);
#298=FACE_OUTER_BOUND('',#513,.T.);
#299=FACE_OUTER_BOUND('',#514,.T.);
#300=FACE_OUTER_BOUND('',#515,.T.);
#301=FACE_OUTER_BOUND('',#516,.T.);
#302=FACE_OUTER_BOUND('',#517,.T.);
#303=FACE_OUTER_BOUND('',#518,.T.);
#304=FACE_OUTER_BOUND('',#519,.T.);
#305=FACE_OUTER_BOUND('',#520,.T.);
#306=FACE_OUTER_BOUND('',#521,.T.);
#307=FACE_OUTER_BOUND('',#522,.T.);
#308=FACE_OUTER_BOUND('',#523,.T.);
#309=FACE_OUTER_BOUND('',#524,.T.);
#310=FACE_OUTER_BOUND('',#525,.T.);
#311=FACE_OUTER_BOUND('',#526,.T.);
#312=FACE_OUTER_BOUND('',#527,.T.);
#313=FACE_OUTER_BOUND('',#528,.T.);
#314=FACE_OUTER_BOUND('',#529,.T.);
#315=FACE_OUTER_BOUND('',#530,.T.);
#316=FACE_OUTER_BOUND('',#531,.T.);
#317=FACE_OUTER_BOUND('',#532,.T.);
#318=FACE_OUTER_BOUND('',#533,.T.);
#319=FACE_OUTER_BOUND('',#534,.T.);
#320=FACE_OUTER_BOUND('',#535,.T.);
#321=FACE_OUTER_BOUND('',#536,.T.);
#322=FACE_OUTER_BOUND('',#537,.T.);
#323=FACE_OUTER_BOUND('',#538,.T.);
#324=FACE_OUTER_BOUND('',#539,.T.);
#325=FACE_OUTER_BOUND('',#540,.T.);
#326=FACE_OUTER_BOUND('',#541,.T.);
#327=FACE_OUTER_BOUND('',#542,.T.);
#328=FACE_OUTER_BOUND('',#543,.T.);
#329=FACE_OUTER_BOUND('',#544,.T.);
#330=FACE_OUTER_BOUND('',#545,.T.);
#331=FACE_OUTER_BOUND('',#546,.T.);
#332=FACE_OUTER_BOUND('',#547,.T.);
#333=FACE_OUTER_BOUND('',#548,.T.);
#334=FACE_OUTER_BOUND('',#549,.T.);
#335=FACE_OUTER_BOUND('',#550,.T.);
#336=FACE_OUTER_BOUND('',#551,.T.);
#337=FACE_OUTER_BOUND('',#552,.T.);
#338=FACE_OUTER_BOUND('',#553,.T.);
#339=FACE_OUTER_BOUND('',#554,.T.);
#340=FACE_OUTER_BOUND('',#555,.T.);
#341=FACE_OUTER_BOUND('',#556,.T.);
#342=FACE_OUTER_BOUND('',#557,.T.);
#343=FACE_OUTER_BOUND('',#558,.T.);
#344=FACE_OUTER_BOUND('',#559,.T.);
#345=FACE_OUTER_BOUND('',#560,.T.);
#346=FACE_OUTER_BOUND('',#561,.T.);
#347=FACE_OUTER_BOUND('',#562,.T.);
#348=FACE_OUTER_BOUND('',#563,.T.);
#349=FACE_OUTER_BOUND('',#564,.T.);
#350=FACE_OUTER_BOUND('',#565,.T.);
#351=FACE_OUTER_BOUND('',#566,.T.);
#352=FACE_OUTER_BOUND('',#567,.T.);
#353=FACE_OUTER_BOUND('',#568,.T.);
#354=FACE_OUTER_BOUND('',#569,.T.);
#355=FACE_OUTER_BOUND('',#570,.T.);
#356=FACE_OUTER_BOUND('',#571,.T.);
#357=FACE_OUTER_BOUND('',#572,.T.);
#358=FACE_OUTER_BOUND('',#573,.T.);
#359=FACE_OUTER_BOUND('',#574,.T.);
#360=FACE_OUTER_BOUND('',#575,.T.);
#361=FACE_OUTER_BOUND('',#576,.T.);
#362=FACE_OUTER_BOUND('',#577,.T.);
#363=FACE_OUTER_BOUND('',#578,.T.);
#364=FACE_OUTER_BOUND('',#579,.T.);
#365=FACE_OUTER_BOUND('',#580,.T.);
#366=FACE_OUTER_BOUND('',#581,.T.);
#367=FACE_OUTER_BOUND('',#582,.T.);
#368=FACE_OUTER_BOUND('',#583,.T.);
#369=FACE_OUTER_BOUND('',#584,.T.);
#370=FACE_OUTER_BOUND('',#585,.T.);
#371=FACE_OUTER_BOUND('',#586,.T.);
#372=FACE_OUTER_BOUND('',#587,.T.);
#373=FACE_OUTER_BOUND('',#588,.T.);
#374=FACE_OUTER_BOUND('',#589,.T.);
#375=FACE_OUTER_BOUND('',#590,.T.);
#376=FACE_OUTER_BOUND('',#591,.T.);
#377=FACE_OUTER_BOUND('',#592,.T.);
#378=FACE_OUTER_BOUND('',#593,.T.);
#379=FACE_OUTER_BOUND('',#594,.T.);
#380=FACE_OUTER_BOUND('',#595,.T.);
#381=FACE_OUTER_BOUND('',#596,.T.);
#382=FACE_OUTER_BOUND('',#597,.T.);
#383=FACE_OUTER_BOUND('',#598,.T.);
#384=FACE_OUTER_BOUND('',#599,.T.);
#385=FACE_OUTER_BOUND('',#600,.T.);
#386=FACE_OUTER_BOUND('',#601,.T.);
#387=FACE_OUTER_BOUND('',#602,.T.);
#388=FACE_OUTER_BOUND('',#603,.T.);
#389=FACE_OUTER_BOUND('',#604,.T.);
#390=FACE_OUTER_BOUND('',#605,.T.);
#391=FACE_OUTER_BOUND('',#606,.T.);
#392=FACE_OUTER_BOUND('',#607,.T.);
#393=FACE_OUTER_BOUND('',#608,.T.);
#394=FACE_OUTER_BOUND('',#614,.T.);
#395=FACE_OUTER_BOUND('',#615,.T.);
#396=FACE_OUTER_BOUND('',#616,.T.);
#397=FACE_OUTER_BOUND('',#617,.T.);
#398=FACE_OUTER_BOUND('',#618,.T.);
#399=FACE_OUTER_BOUND('',#619,.T.);
#400=FACE_OUTER_BOUND('',#620,.T.);
#401=FACE_OUTER_BOUND('',#621,.T.);
#402=FACE_OUTER_BOUND('',#622,.T.);
#403=FACE_OUTER_BOUND('',#623,.T.);
#404=FACE_OUTER_BOUND('',#625,.T.);
#405=FACE_OUTER_BOUND('',#626,.T.);
#406=FACE_OUTER_BOUND('',#627,.T.);
#407=FACE_OUTER_BOUND('',#629,.T.);
#408=FACE_OUTER_BOUND('',#630,.T.);
#409=FACE_OUTER_BOUND('',#631,.T.);
#410=FACE_OUTER_BOUND('',#633,.T.);
#411=FACE_OUTER_BOUND('',#634,.T.);
#412=FACE_OUTER_BOUND('',#635,.T.);
#413=FACE_OUTER_BOUND('',#637,.T.);
#414=FACE_OUTER_BOUND('',#638,.T.);
#415=FACE_OUTER_BOUND('',#639,.T.);
#416=FACE_OUTER_BOUND('',#640,.T.);
#417=FACE_OUTER_BOUND('',#641,.T.);
#418=FACE_OUTER_BOUND('',#642,.T.);
#419=FACE_OUTER_BOUND('',#643,.T.);
#420=FACE_OUTER_BOUND('',#644,.T.);
#421=FACE_OUTER_BOUND('',#645,.T.);
#422=FACE_OUTER_BOUND('',#646,.T.);
#423=FACE_OUTER_BOUND('',#648,.T.);
#424=FACE_OUTER_BOUND('',#649,.T.);
#425=FACE_OUTER_BOUND('',#650,.T.);
#426=FACE_OUTER_BOUND('',#651,.T.);
#427=FACE_OUTER_BOUND('',#652,.T.);
#428=FACE_OUTER_BOUND('',#654,.T.);
#429=FACE_OUTER_BOUND('',#655,.T.);
#430=FACE_OUTER_BOUND('',#656,.T.);
#431=FACE_OUTER_BOUND('',#657,.T.);
#432=FACE_OUTER_BOUND('',#658,.T.);
#433=FACE_OUTER_BOUND('',#659,.T.);
#434=FACE_OUTER_BOUND('',#660,.T.);
#435=FACE_OUTER_BOUND('',#661,.T.);
#436=FACE_OUTER_BOUND('',#662,.T.);
#437=FACE_OUTER_BOUND('',#663,.T.);
#438=FACE_OUTER_BOUND('',#664,.T.);
#439=FACE_OUTER_BOUND('',#665,.T.);
#440=FACE_OUTER_BOUND('',#666,.T.);
#441=EDGE_LOOP('',(#2355,#2356,#2357,#2358));
#442=EDGE_LOOP('',(#2359));
#443=EDGE_LOOP('',(#2360));
#444=EDGE_LOOP('',(#2361,#2362,#2363,#2364));
#445=EDGE_LOOP('',(#2365));
#446=EDGE_LOOP('',(#2366));
#447=EDGE_LOOP('',(#2367,#2368,#2369,#2370,#2371,#2372,#2373,#2374,#2375,
#2376));
#448=EDGE_LOOP('',(#2377,#2378,#2379,#2380));
#449=EDGE_LOOP('',(#2381,#2382,#2383,#2384,#2385,#2386,#2387,#2388,#2389,
#2390,#2391,#2392));
#450=EDGE_LOOP('',(#2393,#2394,#2395,#2396,#2397,#2398,#2399,#2400,#2401,
#2402,#2403,#2404));
#451=EDGE_LOOP('',(#2405,#2406,#2407,#2408));
#452=EDGE_LOOP('',(#2409,#2410,#2411,#2412));
#453=EDGE_LOOP('',(#2413,#2414,#2415,#2416,#2417,#2418,#2419,#2420,#2421,
#2422,#2423,#2424,#2425,#2426,#2427));
#454=EDGE_LOOP('',(#2428));
#455=EDGE_LOOP('',(#2429));
#456=EDGE_LOOP('',(#2430));
#457=EDGE_LOOP('',(#2431,#2432,#2433,#2434));
#458=EDGE_LOOP('',(#2435,#2436,#2437,#2438,#2439,#2440));
#459=EDGE_LOOP('',(#2441));
#460=EDGE_LOOP('',(#2442));
#461=EDGE_LOOP('',(#2443));
#462=EDGE_LOOP('',(#2444,#2445,#2446,#2447));
#463=EDGE_LOOP('',(#2448,#2449,#2450,#2451,#2452));
#464=EDGE_LOOP('',(#2453,#2454,#2455,#2456,#2457,#2458,#2459,#2460,#2461,
#2462,#2463,#2464,#2465,#2466,#2467,#2468,#2469,#2470,#2471,#2472,#2473,
#2474,#2475,#2476,#2477,#2478,#2479,#2480,#2481,#2482,#2483,#2484));
#465=EDGE_LOOP('',(#2485));
#466=EDGE_LOOP('',(#2486,#2487,#2488,#2489));
#467=EDGE_LOOP('',(#2490,#2491,#2492,#2493));
#468=EDGE_LOOP('',(#2494,#2495,#2496,#2497));
#469=EDGE_LOOP('',(#2498,#2499,#2500,#2501,#2502,#2503,#2504,#2505));
#470=EDGE_LOOP('',(#2506,#2507,#2508,#2509,#2510,#2511,#2512,#2513));
#471=EDGE_LOOP('',(#2514,#2515,#2516,#2517));
#472=EDGE_LOOP('',(#2518,#2519,#2520,#2521,#2522,#2523,#2524,#2525,#2526,
#2527,#2528,#2529));
#473=EDGE_LOOP('',(#2530));
#474=EDGE_LOOP('',(#2531,#2532,#2533,#2534));
#475=EDGE_LOOP('',(#2535,#2536,#2537,#2538));
#476=EDGE_LOOP('',(#2539,#2540,#2541,#2542));
#477=EDGE_LOOP('',(#2543,#2544,#2545,#2546,#2547));
#478=EDGE_LOOP('',(#2548,#2549));
#479=EDGE_LOOP('',(#2550));
#480=EDGE_LOOP('',(#2551,#2552,#2553,#2554));
#481=EDGE_LOOP('',(#2555,#2556));
#482=EDGE_LOOP('',(#2557));
#483=EDGE_LOOP('',(#2558,#2559,#2560,#2561));
#484=EDGE_LOOP('',(#2562,#2563));
#485=EDGE_LOOP('',(#2564,#2565,#2566,#2567,#2568,#2569));
#486=EDGE_LOOP('',(#2570,#2571));
#487=EDGE_LOOP('',(#2572,#2573,#2574,#2575,#2576,#2577));
#488=EDGE_LOOP('',(#2578,#2579,#2580,#2581));
#489=EDGE_LOOP('',(#2582,#2583,#2584,#2585,#2586));
#490=EDGE_LOOP('',(#2587,#2588,#2589,#2590,#2591,#2592,#2593,#2594,#2595,
#2596,#2597,#2598,#2599,#2600,#2601));
#491=EDGE_LOOP('',(#2602));
#492=EDGE_LOOP('',(#2603,#2604,#2605,#2606,#2607));
#493=EDGE_LOOP('',(#2608,#2609,#2610,#2611));
#494=EDGE_LOOP('',(#2612,#2613,#2614,#2615,#2616,#2617,#2618,#2619,#2620,
#2621,#2622,#2623,#2624,#2625));
#495=EDGE_LOOP('',(#2626,#2627,#2628,#2629,#2630,#2631));
#496=EDGE_LOOP('',(#2632,#2633,#2634,#2635));
#497=EDGE_LOOP('',(#2636,#2637,#2638,#2639,#2640,#2641));
#498=EDGE_LOOP('',(#2642,#2643,#2644,#2645,#2646,#2647,#2648,#2649,#2650,
#2651,#2652,#2653,#2654,#2655,#2656,#2657,#2658,#2659,#2660,#2661,#2662,
#2663,#2664,#2665,#2666,#2667,#2668,#2669,#2670,#2671,#2672,#2673));
#499=EDGE_LOOP('',(#2674,#2675,#2676,#2677));
#500=EDGE_LOOP('',(#2678,#2679,#2680,#2681));
#501=EDGE_LOOP('',(#2682,#2683,#2684,#2685,#2686,#2687,#2688,#2689,#2690,
#2691,#2692,#2693,#2694,#2695,#2696,#2697));
#502=EDGE_LOOP('',(#2698,#2699,#2700,#2701,#2702));
#503=EDGE_LOOP('',(#2703,#2704,#2705,#2706,#2707));
#504=EDGE_LOOP('',(#2708,#2709,#2710,#2711));
#505=EDGE_LOOP('',(#2712,#2713,#2714,#2715));
#506=EDGE_LOOP('',(#2716,#2717,#2718,#2719));
#507=EDGE_LOOP('',(#2720,#2721,#2722,#2723));
#508=EDGE_LOOP('',(#2724));
#509=EDGE_LOOP('',(#2725,#2726,#2727,#2728));
#510=EDGE_LOOP('',(#2729,#2730,#2731,#2732));
#511=EDGE_LOOP('',(#2733));
#512=EDGE_LOOP('',(#2734,#2735,#2736,#2737));
#513=EDGE_LOOP('',(#2738,#2739,#2740,#2741));
#514=EDGE_LOOP('',(#2742,#2743,#2744,#2745));
#515=EDGE_LOOP('',(#2746,#2747,#2748,#2749));
#516=EDGE_LOOP('',(#2750,#2751,#2752,#2753));
#517=EDGE_LOOP('',(#2754,#2755,#2756,#2757));
#518=EDGE_LOOP('',(#2758,#2759,#2760,#2761,#2762));
#519=EDGE_LOOP('',(#2763,#2764,#2765,#2766));
#520=EDGE_LOOP('',(#2767,#2768,#2769,#2770,#2771));
#521=EDGE_LOOP('',(#2772,#2773,#2774,#2775));
#522=EDGE_LOOP('',(#2776,#2777,#2778,#2779));
#523=EDGE_LOOP('',(#2780,#2781,#2782,#2783));
#524=EDGE_LOOP('',(#2784,#2785,#2786,#2787));
#525=EDGE_LOOP('',(#2788,#2789,#2790,#2791));
#526=EDGE_LOOP('',(#2792,#2793,#2794,#2795));
#527=EDGE_LOOP('',(#2796,#2797,#2798,#2799));
#528=EDGE_LOOP('',(#2800,#2801,#2802,#2803));
#529=EDGE_LOOP('',(#2804,#2805,#2806,#2807));
#530=EDGE_LOOP('',(#2808,#2809,#2810,#2811));
#531=EDGE_LOOP('',(#2812,#2813,#2814,#2815));
#532=EDGE_LOOP('',(#2816,#2817,#2818,#2819));
#533=EDGE_LOOP('',(#2820,#2821,#2822,#2823));
#534=EDGE_LOOP('',(#2824,#2825,#2826,#2827));
#535=EDGE_LOOP('',(#2828,#2829,#2830,#2831));
#536=EDGE_LOOP('',(#2832,#2833,#2834,#2835));
#537=EDGE_LOOP('',(#2836,#2837,#2838,#2839));
#538=EDGE_LOOP('',(#2840,#2841,#2842,#2843));
#539=EDGE_LOOP('',(#2844,#2845,#2846,#2847));
#540=EDGE_LOOP('',(#2848,#2849,#2850,#2851));
#541=EDGE_LOOP('',(#2852,#2853,#2854,#2855));
#542=EDGE_LOOP('',(#2856,#2857,#2858,#2859));
#543=EDGE_LOOP('',(#2860,#2861,#2862,#2863));
#544=EDGE_LOOP('',(#2864,#2865,#2866,#2867));
#545=EDGE_LOOP('',(#2868,#2869,#2870,#2871));
#546=EDGE_LOOP('',(#2872,#2873,#2874,#2875));
#547=EDGE_LOOP('',(#2876,#2877,#2878,#2879));
#548=EDGE_LOOP('',(#2880,#2881,#2882,#2883));
#549=EDGE_LOOP('',(#2884,#2885,#2886,#2887));
#550=EDGE_LOOP('',(#2888,#2889,#2890,#2891));
#551=EDGE_LOOP('',(#2892,#2893,#2894,#2895));
#552=EDGE_LOOP('',(#2896,#2897,#2898,#2899));
#553=EDGE_LOOP('',(#2900,#2901,#2902,#2903));
#554=EDGE_LOOP('',(#2904,#2905,#2906,#2907));
#555=EDGE_LOOP('',(#2908,#2909,#2910,#2911));
#556=EDGE_LOOP('',(#2912,#2913,#2914,#2915));
#557=EDGE_LOOP('',(#2916,#2917,#2918,#2919));
#558=EDGE_LOOP('',(#2920,#2921,#2922,#2923));
#559=EDGE_LOOP('',(#2924,#2925,#2926,#2927));
#560=EDGE_LOOP('',(#2928,#2929,#2930,#2931));
#561=EDGE_LOOP('',(#2932,#2933,#2934,#2935));
#562=EDGE_LOOP('',(#2936,#2937,#2938,#2939));
#563=EDGE_LOOP('',(#2940,#2941,#2942,#2943));
#564=EDGE_LOOP('',(#2944,#2945,#2946,#2947));
#565=EDGE_LOOP('',(#2948,#2949,#2950,#2951));
#566=EDGE_LOOP('',(#2952,#2953,#2954,#2955));
#567=EDGE_LOOP('',(#2956,#2957,#2958,#2959));
#568=EDGE_LOOP('',(#2960,#2961,#2962,#2963));
#569=EDGE_LOOP('',(#2964,#2965,#2966,#2967));
#570=EDGE_LOOP('',(#2968,#2969,#2970,#2971));
#571=EDGE_LOOP('',(#2972,#2973,#2974,#2975));
#572=EDGE_LOOP('',(#2976,#2977,#2978,#2979));
#573=EDGE_LOOP('',(#2980,#2981,#2982,#2983));
#574=EDGE_LOOP('',(#2984,#2985,#2986,#2987));
#575=EDGE_LOOP('',(#2988,#2989,#2990,#2991));
#576=EDGE_LOOP('',(#2992,#2993,#2994,#2995));
#577=EDGE_LOOP('',(#2996,#2997,#2998,#2999));
#578=EDGE_LOOP('',(#3000,#3001,#3002,#3003));
#579=EDGE_LOOP('',(#3004,#3005,#3006,#3007));
#580=EDGE_LOOP('',(#3008,#3009,#3010,#3011));
#581=EDGE_LOOP('',(#3012,#3013,#3014,#3015));
#582=EDGE_LOOP('',(#3016,#3017,#3018,#3019));
#583=EDGE_LOOP('',(#3020,#3021,#3022,#3023));
#584=EDGE_LOOP('',(#3024,#3025,#3026,#3027));
#585=EDGE_LOOP('',(#3028,#3029,#3030,#3031));
#586=EDGE_LOOP('',(#3032,#3033,#3034,#3035));
#587=EDGE_LOOP('',(#3036,#3037,#3038,#3039));
#588=EDGE_LOOP('',(#3040,#3041,#3042,#3043));
#589=EDGE_LOOP('',(#3044,#3045,#3046,#3047));
#590=EDGE_LOOP('',(#3048,#3049,#3050,#3051));
#591=EDGE_LOOP('',(#3052,#3053,#3054,#3055));
#592=EDGE_LOOP('',(#3056,#3057,#3058,#3059));
#593=EDGE_LOOP('',(#3060,#3061,#3062,#3063));
#594=EDGE_LOOP('',(#3064,#3065,#3066,#3067));
#595=EDGE_LOOP('',(#3068,#3069,#3070,#3071));
#596=EDGE_LOOP('',(#3072,#3073,#3074,#3075));
#597=EDGE_LOOP('',(#3076,#3077,#3078,#3079));
#598=EDGE_LOOP('',(#3080,#3081,#3082,#3083));
#599=EDGE_LOOP('',(#3084,#3085,#3086,#3087));
#600=EDGE_LOOP('',(#3088,#3089,#3090,#3091));
#601=EDGE_LOOP('',(#3092,#3093,#3094,#3095,#3096,#3097,#3098,#3099,#3100,
#3101));
#602=EDGE_LOOP('',(#3102,#3103,#3104,#3105));
#603=EDGE_LOOP('',(#3106,#3107,#3108,#3109));
#604=EDGE_LOOP('',(#3110,#3111,#3112,#3113));
#605=EDGE_LOOP('',(#3114,#3115,#3116,#3117));
#606=EDGE_LOOP('',(#3118,#3119,#3120,#3121,#3122,#3123));
#607=EDGE_LOOP('',(#3124,#3125,#3126,#3127,#3128,#3129));
#608=EDGE_LOOP('',(#3130,#3131,#3132,#3133,#3134,#3135,#3136,#3137,#3138,
#3139,#3140,#3141,#3142,#3143,#3144));
#609=EDGE_LOOP('',(#3145,#3146,#3147,#3148));
#610=EDGE_LOOP('',(#3149,#3150,#3151,#3152));
#611=EDGE_LOOP('',(#3153,#3154,#3155,#3156));
#612=EDGE_LOOP('',(#3157,#3158,#3159,#3160));
#613=EDGE_LOOP('',(#3161));
#614=EDGE_LOOP('',(#3162,#3163,#3164,#3165));
#615=EDGE_LOOP('',(#3166,#3167,#3168));
#616=EDGE_LOOP('',(#3169,#3170,#3171));
#617=EDGE_LOOP('',(#3172,#3173,#3174,#3175,#3176));
#618=EDGE_LOOP('',(#3177,#3178,#3179,#3180));
#619=EDGE_LOOP('',(#3181,#3182,#3183,#3184,#3185,#3186,#3187,#3188,#3189,
#3190,#3191));
#620=EDGE_LOOP('',(#3192,#3193,#3194,#3195,#3196,#3197,#3198,#3199,#3200,
#3201));
#621=EDGE_LOOP('',(#3202,#3203,#3204,#3205,#3206,#3207,#3208,#3209,#3210,
#3211));
#622=EDGE_LOOP('',(#3212));
#623=EDGE_LOOP('',(#3213));
#624=EDGE_LOOP('',(#3214));
#625=EDGE_LOOP('',(#3215,#3216,#3217,#3218));
#626=EDGE_LOOP('',(#3219));
#627=EDGE_LOOP('',(#3220));
#628=EDGE_LOOP('',(#3221));
#629=EDGE_LOOP('',(#3222,#3223,#3224,#3225));
#630=EDGE_LOOP('',(#3226));
#631=EDGE_LOOP('',(#3227));
#632=EDGE_LOOP('',(#3228));
#633=EDGE_LOOP('',(#3229,#3230,#3231,#3232));
#634=EDGE_LOOP('',(#3233));
#635=EDGE_LOOP('',(#3234));
#636=EDGE_LOOP('',(#3235));
#637=EDGE_LOOP('',(#3236,#3237,#3238,#3239));
#638=EDGE_LOOP('',(#3240,#3241,#3242,#3243));
#639=EDGE_LOOP('',(#3244,#3245,#3246,#3247));
#640=EDGE_LOOP('',(#3248,#3249,#3250,#3251));
#641=EDGE_LOOP('',(#3252,#3253,#3254,#3255));
#642=EDGE_LOOP('',(#3256,#3257,#3258,#3259,#3260,#3261));
#643=EDGE_LOOP('',(#3262,#3263,#3264,#3265));
#644=EDGE_LOOP('',(#3266,#3267,#3268,#3269,#3270,#3271));
#645=EDGE_LOOP('',(#3272,#3273,#3274,#3275));
#646=EDGE_LOOP('',(#3276,#3277,#3278,#3279));
#647=EDGE_LOOP('',(#3280));
#648=EDGE_LOOP('',(#3281,#3282,#3283,#3284,#3285,#3286,#3287));
#649=EDGE_LOOP('',(#3288,#3289,#3290,#3291));
#650=EDGE_LOOP('',(#3292,#3293,#3294,#3295,#3296,#3297,#3298));
#651=EDGE_LOOP('',(#3299,#3300,#3301,#3302));
#652=EDGE_LOOP('',(#3303,#3304,#3305,#3306));
#653=EDGE_LOOP('',(#3307));
#654=EDGE_LOOP('',(#3308,#3309,#3310,#3311,#3312,#3313,#3314));
#655=EDGE_LOOP('',(#3315,#3316,#3317,#3318,#3319,#3320,#3321,#3322));
#656=EDGE_LOOP('',(#3323,#3324,#3325,#3326));
#657=EDGE_LOOP('',(#3327,#3328,#3329,#3330));
#658=EDGE_LOOP('',(#3331,#3332,#3333,#3334,#3335,#3336,#3337,#3338,#3339,
#3340,#3341,#3342,#3343,#3344));
#659=EDGE_LOOP('',(#3345,#3346,#3347,#3348,#3349));
#660=EDGE_LOOP('',(#3350,#3351,#3352,#3353,#3354));
#661=EDGE_LOOP('',(#3355,#3356,#3357,#3358));
#662=EDGE_LOOP('',(#3359,#3360,#3361,#3362));
#663=EDGE_LOOP('',(#3363,#3364,#3365,#3366));
#664=EDGE_LOOP('',(#3367,#3368,#3369,#3370));
#665=EDGE_LOOP('',(#3371,#3372,#3373,#3374));
#666=EDGE_LOOP('',(#3375,#3376,#3377,#3378));
#667=LINE('',#4890,#1049);
#668=LINE('',#4899,#1050);
#669=LINE('',#5080,#1051);
#670=LINE('',#5100,#1052);
#671=LINE('',#5266,#1053);
#672=LINE('',#5284,#1054);
#673=LINE('',#5404,#1055);
#674=LINE('',#5534,#1056);
#675=LINE('',#5589,#1057);
#676=LINE('',#5591,#1058);
#677=LINE('',#5592,#1059);
#678=LINE('',#5595,#1060);
#679=LINE('',#5597,#1061);
#680=LINE('',#5598,#1062);
#681=LINE('',#5601,#1063);
#682=LINE('',#5603,#1064);
#683=LINE('',#5605,#1065);
#684=LINE('',#5607,#1066);
#685=LINE('',#5609,#1067);
#686=LINE('',#5610,#1068);
#687=LINE('',#5612,#1069);
#688=LINE('',#5614,#1070);
#689=LINE('',#5616,#1071);
#690=LINE('',#5618,#1072);
#691=LINE('',#5620,#1073);
#692=LINE('',#5622,#1074);
#693=LINE('',#5623,#1075);
#694=LINE('',#5632,#1076);
#695=LINE('',#5633,#1077);
#696=LINE('',#5636,#1078);
#697=LINE('',#5638,#1079);
#698=LINE('',#5640,#1080);
#699=LINE('',#5641,#1081);
#700=LINE('',#5648,#1082);
#701=LINE('',#5649,#1083);
#702=LINE('',#5652,#1084);
#703=LINE('',#5654,#1085);
#704=LINE('',#5655,#1086);
#705=LINE('',#5658,#1087);
#706=LINE('',#5660,#1088);
#707=LINE('',#5662,#1089);
#708=LINE('',#5664,#1090);
#709=LINE('',#5666,#1091);
#710=LINE('',#5668,#1092);
#711=LINE('',#5670,#1093);
#712=LINE('',#5672,#1094);
#713=LINE('',#5674,#1095);
#714=LINE('',#5676,#1096);
#715=LINE('',#5678,#1097);
#716=LINE('',#5680,#1098);
#717=LINE('',#5682,#1099);
#718=LINE('',#5684,#1100);
#719=LINE('',#5686,#1101);
#720=LINE('',#5688,#1102);
#721=LINE('',#5690,#1103);
#722=LINE('',#5692,#1104);
#723=LINE('',#5694,#1105);
#724=LINE('',#5696,#1106);
#725=LINE('',#5698,#1107);
#726=LINE('',#5700,#1108);
#727=LINE('',#5702,#1109);
#728=LINE('',#5704,#1110);
#729=LINE('',#5706,#1111);
#730=LINE('',#5708,#1112);
#731=LINE('',#5710,#1113);
#732=LINE('',#5712,#1114);
#733=LINE('',#5714,#1115);
#734=LINE('',#5715,#1116);
#735=LINE('',#5718,#1117);
#736=LINE('',#5719,#1118);
#737=LINE('',#5723,#1119);
#738=LINE('',#5725,#1120);
#739=LINE('',#5729,#1121);
#740=LINE('',#5731,#1122);
#741=LINE('',#5732,#1123);
#742=LINE('',#5734,#1124);
#743=LINE('',#5736,#1125);
#744=LINE('',#5737,#1126);
#745=LINE('',#5741,#1127);
#746=LINE('',#5743,#1128);
#747=LINE('',#5744,#1129);
#748=LINE('',#5746,#1130);
#749=LINE('',#5747,#1131);
#750=LINE('',#5750,#1132);
#751=LINE('',#5752,#1133);
#752=LINE('',#5753,#1134);
#753=LINE('',#5758,#1135);
#754=LINE('',#5761,#1136);
#755=LINE('',#5763,#1137);
#756=LINE('',#5765,#1138);
#757=LINE('',#5766,#1139);
#758=LINE('',#5771,#1140);
#759=LINE('',#5775,#1141);
#760=LINE('',#5779,#1142);
#761=LINE('',#5783,#1143);
#762=LINE('',#5787,#1144);
#763=LINE('',#5789,#1145);
#764=LINE('',#5790,#1146);
#765=LINE('',#5793,#1147);
#766=LINE('',#5796,#1148);
#767=LINE('',#5812,#1149);
#768=LINE('',#5816,#1150);
#769=LINE('',#5823,#1151);
#770=LINE('',#5828,#1152);
#771=LINE('',#5831,#1153);
#772=LINE('',#5833,#1154);
#773=LINE('',#5834,#1155);
#774=LINE('',#5837,#1156);
#775=LINE('',#5839,#1157);
#776=LINE('',#5841,#1158);
#777=LINE('',#5842,#1159);
#778=LINE('',#5846,#1160);
#779=LINE('',#5847,#1161);
#780=LINE('',#5857,#1162);
#781=LINE('',#5860,#1163);
#782=LINE('',#5862,#1164);
#783=LINE('',#5866,#1165);
#784=LINE('',#5869,#1166);
#785=LINE('',#5871,#1167);
#786=LINE('',#5873,#1168);
#787=LINE('',#5875,#1169);
#788=LINE('',#5876,#1170);
#789=LINE('',#5879,#1171);
#790=LINE('',#5880,#1172);
#791=LINE('',#5887,#1173);
#792=LINE('',#5889,#1174);
#793=LINE('',#5891,#1175);
#794=LINE('',#5893,#1176);
#795=LINE('',#5895,#1177);
#796=LINE('',#5897,#1178);
#797=LINE('',#5899,#1179);
#798=LINE('',#5901,#1180);
#799=LINE('',#5903,#1181);
#800=LINE('',#5905,#1182);
#801=LINE('',#5907,#1183);
#802=LINE('',#5909,#1184);
#803=LINE('',#5911,#1185);
#804=LINE('',#5913,#1186);
#805=LINE('',#5915,#1187);
#806=LINE('',#5917,#1188);
#807=LINE('',#5919,#1189);
#808=LINE('',#5921,#1190);
#809=LINE('',#5923,#1191);
#810=LINE('',#5925,#1192);
#811=LINE('',#5927,#1193);
#812=LINE('',#5929,#1194);
#813=LINE('',#5931,#1195);
#814=LINE('',#5933,#1196);
#815=LINE('',#5935,#1197);
#816=LINE('',#5937,#1198);
#817=LINE('',#5938,#1199);
#818=LINE('',#5939,#1200);
#819=LINE('',#5941,#1201);
#820=LINE('',#5943,#1202);
#821=LINE('',#5947,#1203);
#822=LINE('',#5950,#1204);
#823=LINE('',#5955,#1205);
#824=LINE('',#5963,#1206);
#825=LINE('',#5970,#1207);
#826=LINE('',#5972,#1208);
#827=LINE('',#5974,#1209);
#828=LINE('',#5976,#1210);
#829=LINE('',#5977,#1211);
#830=LINE('',#5981,#1212);
#831=LINE('',#5983,#1213);
#832=LINE('',#5985,#1214);
#833=LINE('',#5986,#1215);
#834=LINE('',#5992,#1216);
#835=LINE('',#5995,#1217);
#836=LINE('',#5998,#1218);
#837=LINE('',#6000,#1219);
#838=LINE('',#6001,#1220);
#839=LINE('',#6004,#1221);
#840=LINE('',#6006,#1222);
#841=LINE('',#6007,#1223);
#842=LINE('',#6015,#1224);
#843=LINE('',#6018,#1225);
#844=LINE('',#6021,#1226);
#845=LINE('',#6023,#1227);
#846=LINE('',#6024,#1228);
#847=LINE('',#6029,#1229);
#848=LINE('',#6031,#1230);
#849=LINE('',#6032,#1231);
#850=LINE('',#6035,#1232);
#851=LINE('',#6037,#1233);
#852=LINE('',#6038,#1234);
#853=LINE('',#6041,#1235);
#854=LINE('',#6043,#1236);
#855=LINE('',#6044,#1237);
#856=LINE('',#6047,#1238);
#857=LINE('',#6049,#1239);
#858=LINE('',#6050,#1240);
#859=LINE('',#6053,#1241);
#860=LINE('',#6055,#1242);
#861=LINE('',#6056,#1243);
#862=LINE('',#6070,#1244);
#863=LINE('',#6072,#1245);
#864=LINE('',#6074,#1246);
#865=LINE('',#6075,#1247);
#866=LINE('',#6078,#1248);
#867=LINE('',#6079,#1249);
#868=LINE('',#6081,#1250);
#869=LINE('',#6083,#1251);
#870=LINE('',#6084,#1252);
#871=LINE('',#6086,#1253);
#872=LINE('',#6090,#1254);
#873=LINE('',#6093,#1255);
#874=LINE('',#6095,#1256);
#875=LINE('',#6096,#1257);
#876=LINE('',#6099,#1258);
#877=LINE('',#6100,#1259);
#878=LINE('',#6102,#1260);
#879=LINE('',#6104,#1261);
#880=LINE('',#6105,#1262);
#881=LINE('',#6107,#1263);
#882=LINE('',#6110,#1264);
#883=LINE('',#6113,#1265);
#884=LINE('',#6115,#1266);
#885=LINE('',#6116,#1267);
#886=LINE('',#6119,#1268);
#887=LINE('',#6120,#1269);
#888=LINE('',#6122,#1270);
#889=LINE('',#6124,#1271);
#890=LINE('',#6125,#1272);
#891=LINE('',#6127,#1273);
#892=LINE('',#6130,#1274);
#893=LINE('',#6133,#1275);
#894=LINE('',#6135,#1276);
#895=LINE('',#6136,#1277);
#896=LINE('',#6139,#1278);
#897=LINE('',#6140,#1279);
#898=LINE('',#6142,#1280);
#899=LINE('',#6144,#1281);
#900=LINE('',#6145,#1282);
#901=LINE('',#6147,#1283);
#902=LINE('',#6150,#1284);
#903=LINE('',#6153,#1285);
#904=LINE('',#6155,#1286);
#905=LINE('',#6156,#1287);
#906=LINE('',#6159,#1288);
#907=LINE('',#6160,#1289);
#908=LINE('',#6162,#1290);
#909=LINE('',#6164,#1291);
#910=LINE('',#6165,#1292);
#911=LINE('',#6167,#1293);
#912=LINE('',#6170,#1294);
#913=LINE('',#6173,#1295);
#914=LINE('',#6175,#1296);
#915=LINE('',#6176,#1297);
#916=LINE('',#6179,#1298);
#917=LINE('',#6180,#1299);
#918=LINE('',#6182,#1300);
#919=LINE('',#6184,#1301);
#920=LINE('',#6185,#1302);
#921=LINE('',#6187,#1303);
#922=LINE('',#6190,#1304);
#923=LINE('',#6193,#1305);
#924=LINE('',#6195,#1306);
#925=LINE('',#6196,#1307);
#926=LINE('',#6199,#1308);
#927=LINE('',#6200,#1309);
#928=LINE('',#6202,#1310);
#929=LINE('',#6204,#1311);
#930=LINE('',#6205,#1312);
#931=LINE('',#6207,#1313);
#932=LINE('',#6210,#1314);
#933=LINE('',#6213,#1315);
#934=LINE('',#6215,#1316);
#935=LINE('',#6216,#1317);
#936=LINE('',#6219,#1318);
#937=LINE('',#6220,#1319);
#938=LINE('',#6222,#1320);
#939=LINE('',#6224,#1321);
#940=LINE('',#6225,#1322);
#941=LINE('',#6227,#1323);
#942=LINE('',#6230,#1324);
#943=LINE('',#6233,#1325);
#944=LINE('',#6235,#1326);
#945=LINE('',#6236,#1327);
#946=LINE('',#6239,#1328);
#947=LINE('',#6240,#1329);
#948=LINE('',#6242,#1330);
#949=LINE('',#6244,#1331);
#950=LINE('',#6245,#1332);
#951=LINE('',#6247,#1333);
#952=LINE('',#6250,#1334);
#953=LINE('',#6253,#1335);
#954=LINE('',#6255,#1336);
#955=LINE('',#6256,#1337);
#956=LINE('',#6259,#1338);
#957=LINE('',#6260,#1339);
#958=LINE('',#6262,#1340);
#959=LINE('',#6264,#1341);
#960=LINE('',#6265,#1342);
#961=LINE('',#6267,#1343);
#962=LINE('',#6270,#1344);
#963=LINE('',#6273,#1345);
#964=LINE('',#6275,#1346);
#965=LINE('',#6276,#1347);
#966=LINE('',#6279,#1348);
#967=LINE('',#6280,#1349);
#968=LINE('',#6282,#1350);
#969=LINE('',#6284,#1351);
#970=LINE('',#6285,#1352);
#971=LINE('',#6287,#1353);
#972=LINE('',#6290,#1354);
#973=LINE('',#6293,#1355);
#974=LINE('',#6295,#1356);
#975=LINE('',#6296,#1357);
#976=LINE('',#6299,#1358);
#977=LINE('',#6300,#1359);
#978=LINE('',#6302,#1360);
#979=LINE('',#6304,#1361);
#980=LINE('',#6305,#1362);
#981=LINE('',#6307,#1363);
#982=LINE('',#6310,#1364);
#983=LINE('',#6313,#1365);
#984=LINE('',#6315,#1366);
#985=LINE('',#6316,#1367);
#986=LINE('',#6319,#1368);
#987=LINE('',#6320,#1369);
#988=LINE('',#6322,#1370);
#989=LINE('',#6324,#1371);
#990=LINE('',#6325,#1372);
#991=LINE('',#6327,#1373);
#992=LINE('',#6332,#1374);
#993=LINE('',#6334,#1375);
#994=LINE('',#6335,#1376);
#995=LINE('',#6337,#1377);
#996=LINE('',#6339,#1378);
#997=LINE('',#6343,#1379);
#998=LINE('',#6346,#1380);
#999=LINE('',#6347,#1381);
#1000=LINE('',#6349,#1382);
#1001=LINE('',#6377,#1383);
#1002=LINE('',#6382,#1384);
#1003=LINE('',#6383,#1385);
#1004=LINE('',#6384,#1386);
#1005=LINE('',#6385,#1387);
#1006=LINE('',#6386,#1388);
#1007=LINE('',#6387,#1389);
#1008=LINE('',#6388,#1390);
#1009=LINE('',#6389,#1391);
#1010=LINE('',#6409,#1392);
#1011=LINE('',#6413,#1393);
#1012=LINE('',#6417,#1394);
#1013=LINE('',#6418,#1395);
#1014=LINE('',#6419,#1396);
#1015=LINE('',#6420,#1397);
#1016=LINE('',#6422,#1398);
#1017=LINE('',#6438,#1399);
#1018=LINE('',#6462,#1400);
#1019=LINE('',#6472,#1401);
#1020=LINE('',#6482,#1402);
#1021=LINE('',#6492,#1403);
#1022=LINE('',#6495,#1404);
#1023=LINE('',#6500,#1405);
#1024=LINE('',#6503,#1406);
#1025=LINE('',#6509,#1407);
#1026=LINE('',#6516,#1408);
#1027=LINE('',#6518,#1409);
#1028=LINE('',#6519,#1410);
#1029=LINE('',#6523,#1411);
#1030=LINE('',#6525,#1412);
#1031=LINE('',#6528,#1413);
#1032=LINE('',#6531,#1414);
#1033=LINE('',#6533,#1415);
#1034=LINE('',#6534,#1416);
#1035=LINE('',#6538,#1417);
#1036=LINE('',#6540,#1418);
#1037=LINE('',#6541,#1419);
#1038=LINE('',#6544,#1420);
#1039=LINE('',#6546,#1421);
#1040=LINE('',#6548,#1422);
#1041=LINE('',#6549,#1423);
#1042=LINE('',#6550,#1424);
#1043=LINE('',#6555,#1425);
#1044=LINE('',#6556,#1426);
#1045=LINE('',#6558,#1427);
#1046=LINE('',#6562,#1428);
#1047=LINE('',#6563,#1429);
#1048=LINE('',#6565,#1430);
#1049=VECTOR('',#3923,3.);
#1050=VECTOR('',#3934,3.);
#1051=VECTOR('',#3941,10.);
#1052=VECTOR('',#3942,10.);
#1053=VECTOR('',#3943,10.);
#1054=VECTOR('',#3944,10.);
#1055=VECTOR('',#3945,10.);
#1056=VECTOR('',#3946,10.);
#1057=VECTOR('',#3949,10.);
#1058=VECTOR('',#3950,10.);
#1059=VECTOR('',#3951,10.);
#1060=VECTOR('',#3954,10.);
#1061=VECTOR('',#3955,10.);
#1062=VECTOR('',#3956,10.);
#1063=VECTOR('',#3959,10.);
#1064=VECTOR('',#3960,10.);
#1065=VECTOR('',#3961,10.);
#1066=VECTOR('',#3962,10.);
#1067=VECTOR('',#3963,10.);
#1068=VECTOR('',#3964,10.);
#1069=VECTOR('',#3965,10.);
#1070=VECTOR('',#3966,10.);
#1071=VECTOR('',#3967,10.);
#1072=VECTOR('',#3968,10.);
#1073=VECTOR('',#3969,10.);
#1074=VECTOR('',#3970,10.);
#1075=VECTOR('',#3971,10.);
#1076=VECTOR('',#3980,10.);
#1077=VECTOR('',#3981,10.);
#1078=VECTOR('',#3984,10.);
#1079=VECTOR('',#3985,10.);
#1080=VECTOR('',#3986,10.);
#1081=VECTOR('',#3987,10.);
#1082=VECTOR('',#3994,10.);
#1083=VECTOR('',#3995,10.);
#1084=VECTOR('',#3998,10.);
#1085=VECTOR('',#3999,10.);
#1086=VECTOR('',#4000,10.);
#1087=VECTOR('',#4003,10.);
#1088=VECTOR('',#4004,10.);
#1089=VECTOR('',#4005,10.);
#1090=VECTOR('',#4006,10.);
#1091=VECTOR('',#4007,10.);
#1092=VECTOR('',#4008,10.);
#1093=VECTOR('',#4009,10.);
#1094=VECTOR('',#4010,10.);
#1095=VECTOR('',#4011,10.);
#1096=VECTOR('',#4012,10.);
#1097=VECTOR('',#4013,10.);
#1098=VECTOR('',#4014,10.);
#1099=VECTOR('',#4015,10.);
#1100=VECTOR('',#4016,10.);
#1101=VECTOR('',#4017,10.);
#1102=VECTOR('',#4018,10.);
#1103=VECTOR('',#4019,10.);
#1104=VECTOR('',#4020,10.);
#1105=VECTOR('',#4021,10.);
#1106=VECTOR('',#4022,10.);
#1107=VECTOR('',#4023,10.);
#1108=VECTOR('',#4024,10.);
#1109=VECTOR('',#4025,10.);
#1110=VECTOR('',#4026,10.);
#1111=VECTOR('',#4027,10.);
#1112=VECTOR('',#4028,10.);
#1113=VECTOR('',#4029,10.);
#1114=VECTOR('',#4030,10.);
#1115=VECTOR('',#4031,10.);
#1116=VECTOR('',#4032,10.);
#1117=VECTOR('',#4035,10.);
#1118=VECTOR('',#4036,10.);
#1119=VECTOR('',#4041,2.05);
#1120=VECTOR('',#4044,2.05);
#1121=VECTOR('',#4047,10.);
#1122=VECTOR('',#4048,10.);
#1123=VECTOR('',#4049,10.);
#1124=VECTOR('',#4050,10.);
#1125=VECTOR('',#4051,10.);
#1126=VECTOR('',#4052,10.);
#1127=VECTOR('',#4055,10.);
#1128=VECTOR('',#4056,10.);
#1129=VECTOR('',#4057,10.);
#1130=VECTOR('',#4058,10.);
#1131=VECTOR('',#4059,10.);
#1132=VECTOR('',#4062,190.);
#1133=VECTOR('',#4063,10.);
#1134=VECTOR('',#4064,10.);
#1135=VECTOR('',#4069,10.);
#1136=VECTOR('',#4072,10.);
#1137=VECTOR('',#4073,10.);
#1138=VECTOR('',#4074,10.);
#1139=VECTOR('',#4075,10.);
#1140=VECTOR('',#4078,10.);
#1141=VECTOR('',#4081,10.);
#1142=VECTOR('',#4084,10.);
#1143=VECTOR('',#4087,10.);
#1144=VECTOR('',#4092,10.);
#1145=VECTOR('',#4093,10.);
#1146=VECTOR('',#4094,10.);
#1147=VECTOR('',#4097,10.);
#1148=VECTOR('',#4100,10.);
#1149=VECTOR('',#4123,10.);
#1150=VECTOR('',#4128,2.04999999999998);
#1151=VECTOR('',#4139,2.04999999999998);
#1152=VECTOR('',#4146,10.);
#1153=VECTOR('',#4149,10.);
#1154=VECTOR('',#4152,10.);
#1155=VECTOR('',#4153,10.);
#1156=VECTOR('',#4156,10.);
#1157=VECTOR('',#4157,10.);
#1158=VECTOR('',#4158,10.);
#1159=VECTOR('',#4159,10.);
#1160=VECTOR('',#4164,10.);
#1161=VECTOR('',#4165,10.);
#1162=VECTOR('',#4174,10.);
#1163=VECTOR('',#4177,2.05);
#1164=VECTOR('',#4178,10.);
#1165=VECTOR('',#4183,10.);
#1166=VECTOR('',#4186,10.);
#1167=VECTOR('',#4187,10.);
#1168=VECTOR('',#4188,10.);
#1169=VECTOR('',#4189,10.);
#1170=VECTOR('',#4190,10.);
#1171=VECTOR('',#4193,10.);
#1172=VECTOR('',#4194,10.);
#1173=VECTOR('',#4203,10.);
#1174=VECTOR('',#4204,10.);
#1175=VECTOR('',#4205,10.);
#1176=VECTOR('',#4206,10.);
#1177=VECTOR('',#4207,10.);
#1178=VECTOR('',#4208,10.);
#1179=VECTOR('',#4209,10.);
#1180=VECTOR('',#4210,10.);
#1181=VECTOR('',#4211,10.);
#1182=VECTOR('',#4212,10.);
#1183=VECTOR('',#4213,10.);
#1184=VECTOR('',#4214,10.);
#1185=VECTOR('',#4215,10.);
#1186=VECTOR('',#4216,10.);
#1187=VECTOR('',#4217,10.);
#1188=VECTOR('',#4218,10.);
#1189=VECTOR('',#4219,10.);
#1190=VECTOR('',#4220,10.);
#1191=VECTOR('',#4221,10.);
#1192=VECTOR('',#4222,10.);
#1193=VECTOR('',#4223,10.);
#1194=VECTOR('',#4224,10.);
#1195=VECTOR('',#4225,10.);
#1196=VECTOR('',#4226,10.);
#1197=VECTOR('',#4227,10.);
#1198=VECTOR('',#4228,10.);
#1199=VECTOR('',#4229,10.);
#1200=VECTOR('',#4230,10.);
#1201=VECTOR('',#4233,6.);
#1202=VECTOR('',#4236,4.);
#1203=VECTOR('',#4239,10.);
#1204=VECTOR('',#4242,2.05);
#1205=VECTOR('',#4247,10.);
#1206=VECTOR('',#4256,10.);
#1207=VECTOR('',#4263,10.);
#1208=VECTOR('',#4264,10.);
#1209=VECTOR('',#4265,10.);
#1210=VECTOR('',#4266,10.);
#1211=VECTOR('',#4267,10.);
#1212=VECTOR('',#4270,10.);
#1213=VECTOR('',#4271,10.);
#1214=VECTOR('',#4272,10.);
#1215=VECTOR('',#4273,10.);
#1216=VECTOR('',#4278,10.);
#1217=VECTOR('',#4281,10.);
#1218=VECTOR('',#4284,10.);
#1219=VECTOR('',#4285,10.);
#1220=VECTOR('',#4286,10.);
#1221=VECTOR('',#4289,10.);
#1222=VECTOR('',#4290,10.);
#1223=VECTOR('',#4291,10.);
#1224=VECTOR('',#4298,10.);
#1225=VECTOR('',#4301,10.);
#1226=VECTOR('',#4304,10.);
#1227=VECTOR('',#4305,10.);
#1228=VECTOR('',#4306,10.);
#1229=VECTOR('',#4311,10.);
#1230=VECTOR('',#4312,10.);
#1231=VECTOR('',#4313,10.);
#1232=VECTOR('',#4316,10.);
#1233=VECTOR('',#4317,10.);
#1234=VECTOR('',#4318,10.);
#1235=VECTOR('',#4321,10.);
#1236=VECTOR('',#4322,10.);
#1237=VECTOR('',#4323,10.);
#1238=VECTOR('',#4326,10.);
#1239=VECTOR('',#4327,10.);
#1240=VECTOR('',#4328,10.);
#1241=VECTOR('',#4331,10.);
#1242=VECTOR('',#4332,10.);
#1243=VECTOR('',#4333,10.);
#1244=VECTOR('',#4356,10.);
#1245=VECTOR('',#4357,10.);
#1246=VECTOR('',#4358,10.);
#1247=VECTOR('',#4359,10.);
#1248=VECTOR('',#4362,10.);
#1249=VECTOR('',#4363,10.);
#1250=VECTOR('',#4366,10.);
#1251=VECTOR('',#4367,10.);
#1252=VECTOR('',#4368,10.);
#1253=VECTOR('',#4371,10.);
#1254=VECTOR('',#4378,10.);
#1255=VECTOR('',#4381,10.);
#1256=VECTOR('',#4382,10.);
#1257=VECTOR('',#4383,10.);
#1258=VECTOR('',#4386,10.);
#1259=VECTOR('',#4387,10.);
#1260=VECTOR('',#4390,10.);
#1261=VECTOR('',#4391,10.);
#1262=VECTOR('',#4392,10.);
#1263=VECTOR('',#4395,10.);
#1264=VECTOR('',#4400,10.);
#1265=VECTOR('',#4403,10.);
#1266=VECTOR('',#4404,10.);
#1267=VECTOR('',#4405,10.);
#1268=VECTOR('',#4408,10.);
#1269=VECTOR('',#4409,10.);
#1270=VECTOR('',#4412,10.);
#1271=VECTOR('',#4413,10.);
#1272=VECTOR('',#4414,10.);
#1273=VECTOR('',#4417,10.);
#1274=VECTOR('',#4422,10.);
#1275=VECTOR('',#4425,10.);
#1276=VECTOR('',#4426,10.);
#1277=VECTOR('',#4427,10.);
#1278=VECTOR('',#4430,10.);
#1279=VECTOR('',#4431,10.);
#1280=VECTOR('',#4434,10.);
#1281=VECTOR('',#4435,10.);
#1282=VECTOR('',#4436,10.);
#1283=VECTOR('',#4439,10.);
#1284=VECTOR('',#4444,10.);
#1285=VECTOR('',#4447,10.);
#1286=VECTOR('',#4448,10.);
#1287=VECTOR('',#4449,10.);
#1288=VECTOR('',#4452,10.);
#1289=VECTOR('',#4453,10.);
#1290=VECTOR('',#4456,10.);
#1291=VECTOR('',#4457,10.);
#1292=VECTOR('',#4458,10.);
#1293=VECTOR('',#4461,10.);
#1294=VECTOR('',#4466,10.);
#1295=VECTOR('',#4469,10.);
#1296=VECTOR('',#4470,10.);
#1297=VECTOR('',#4471,10.);
#1298=VECTOR('',#4474,10.);
#1299=VECTOR('',#4475,10.);
#1300=VECTOR('',#4478,10.);
#1301=VECTOR('',#4479,10.);
#1302=VECTOR('',#4480,10.);
#1303=VECTOR('',#4483,10.);
#1304=VECTOR('',#4488,10.);
#1305=VECTOR('',#4491,10.);
#1306=VECTOR('',#4492,10.);
#1307=VECTOR('',#4493,10.);
#1308=VECTOR('',#4496,10.);
#1309=VECTOR('',#4497,10.);
#1310=VECTOR('',#4500,10.);
#1311=VECTOR('',#4501,10.);
#1312=VECTOR('',#4502,10.);
#1313=VECTOR('',#4505,10.);
#1314=VECTOR('',#4510,10.);
#1315=VECTOR('',#4513,10.);
#1316=VECTOR('',#4514,10.);
#1317=VECTOR('',#4515,10.);
#1318=VECTOR('',#4518,10.);
#1319=VECTOR('',#4519,10.);
#1320=VECTOR('',#4522,10.);
#1321=VECTOR('',#4523,10.);
#1322=VECTOR('',#4524,10.);
#1323=VECTOR('',#4527,10.);
#1324=VECTOR('',#4532,10.);
#1325=VECTOR('',#4535,10.);
#1326=VECTOR('',#4536,10.);
#1327=VECTOR('',#4537,10.);
#1328=VECTOR('',#4540,10.);
#1329=VECTOR('',#4541,10.);
#1330=VECTOR('',#4544,10.);
#1331=VECTOR('',#4545,10.);
#1332=VECTOR('',#4546,10.);
#1333=VECTOR('',#4549,10.);
#1334=VECTOR('',#4554,10.);
#1335=VECTOR('',#4557,10.);
#1336=VECTOR('',#4558,10.);
#1337=VECTOR('',#4559,10.);
#1338=VECTOR('',#4562,10.);
#1339=VECTOR('',#4563,10.);
#1340=VECTOR('',#4566,10.);
#1341=VECTOR('',#4567,10.);
#1342=VECTOR('',#4568,10.);
#1343=VECTOR('',#4571,10.);
#1344=VECTOR('',#4576,10.);
#1345=VECTOR('',#4579,10.);
#1346=VECTOR('',#4580,10.);
#1347=VECTOR('',#4581,10.);
#1348=VECTOR('',#4584,10.);
#1349=VECTOR('',#4585,10.);
#1350=VECTOR('',#4588,10.);
#1351=VECTOR('',#4589,10.);
#1352=VECTOR('',#4590,10.);
#1353=VECTOR('',#4593,10.);
#1354=VECTOR('',#4598,10.);
#1355=VECTOR('',#4601,10.);
#1356=VECTOR('',#4602,10.);
#1357=VECTOR('',#4603,10.);
#1358=VECTOR('',#4606,10.);
#1359=VECTOR('',#4607,10.);
#1360=VECTOR('',#4610,10.);
#1361=VECTOR('',#4611,10.);
#1362=VECTOR('',#4612,10.);
#1363=VECTOR('',#4615,10.);
#1364=VECTOR('',#4620,10.);
#1365=VECTOR('',#4623,10.);
#1366=VECTOR('',#4624,10.);
#1367=VECTOR('',#4625,10.);
#1368=VECTOR('',#4628,10.);
#1369=VECTOR('',#4629,10.);
#1370=VECTOR('',#4632,10.);
#1371=VECTOR('',#4633,10.);
#1372=VECTOR('',#4634,10.);
#1373=VECTOR('',#4637,10.);
#1374=VECTOR('',#4644,10.);
#1375=VECTOR('',#4645,10.);
#1376=VECTOR('',#4646,10.);
#1377=VECTOR('',#4649,10.);
#1378=VECTOR('',#4650,190.);
#1379=VECTOR('',#4653,10.);
#1380=VECTOR('',#4658,10.);
#1381=VECTOR('',#4659,10.);
#1382=VECTOR('',#4662,10.);
#1383=VECTOR('',#4679,13.5);
#1384=VECTOR('',#4686,10.);
#1385=VECTOR('',#4687,10.);
#1386=VECTOR('',#4688,10.);
#1387=VECTOR('',#4689,10.);
#1388=VECTOR('',#4690,10.);
#1389=VECTOR('',#4691,10.);
#1390=VECTOR('',#4692,10.);
#1391=VECTOR('',#4693,10.);
#1392=VECTOR('',#4714,10.);
#1393=VECTOR('',#4721,10.);
#1394=VECTOR('',#4726,10.);
#1395=VECTOR('',#4727,10.);
#1396=VECTOR('',#4728,10.);
#1397=VECTOR('',#4729,10.);
#1398=VECTOR('',#4732,5.49999999999999);
#1399=VECTOR('',#4735,5.50000000000001);
#1400=VECTOR('',#4748,2.05);
#1401=VECTOR('',#4761,2.05);
#1402=VECTOR('',#4774,2.05);
#1403=VECTOR('',#4787,2.05);
#1404=VECTOR('',#4790,3.00000000000001);
#1405=VECTOR('',#4799,3.00000000000001);
#1406=VECTOR('',#4802,2.99999999999999);
#1407=VECTOR('',#4811,2.99999999999999);
#1408=VECTOR('',#4822,10.);
#1409=VECTOR('',#4823,10.);
#1410=VECTOR('',#4824,10.);
#1411=VECTOR('',#4829,10.);
#1412=VECTOR('',#4832,10.);
#1413=VECTOR('',#4837,0.999999999999996);
#1414=VECTOR('',#4840,10.);
#1415=VECTOR('',#4841,10.);
#1416=VECTOR('',#4842,10.);
#1417=VECTOR('',#4847,10.);
#1418=VECTOR('',#4850,10.);
#1419=VECTOR('',#4851,10.);
#1420=VECTOR('',#4856,1.99999999999999);
#1421=VECTOR('',#4859,10.);
#1422=VECTOR('',#4860,10.);
#1423=VECTOR('',#4861,10.);
#1424=VECTOR('',#4862,10.);
#1425=VECTOR('',#4869,10.);
#1426=VECTOR('',#4870,10.);
#1427=VECTOR('',#4873,10.);
#1428=VECTOR('',#4878,10.);
#1429=VECTOR('',#4879,10.);
#1430=VECTOR('',#4882,10.);
#1431=CIRCLE('',#3626,3.);
#1432=CIRCLE('',#3627,3.);
#1433=CIRCLE('',#3629,2.05);
#1434=CIRCLE('',#3631,3.);
#1435=CIRCLE('',#3632,3.);
#1436=CIRCLE('',#3634,2.05);
#1437=CIRCLE('',#3638,4.);
#1438=CIRCLE('',#3639,6.);
#1439=CIRCLE('',#3640,2.05);
#1440=CIRCLE('',#3643,4.);
#1441=CIRCLE('',#3644,6.);
#1442=CIRCLE('',#3650,2.05);
#1443=CIRCLE('',#3656,2.);
#1444=CIRCLE('',#3657,2.);
#1445=CIRCLE('',#3658,13.5);
#1446=CIRCLE('',#3659,3.5);
#1447=CIRCLE('',#3660,5.50000000000001);
#1448=CIRCLE('',#3661,3.5);
#1449=CIRCLE('',#3662,5.49999999999999);
#1450=CIRCLE('',#3665,3.5);
#1451=CIRCLE('',#3667,3.5);
#1452=CIRCLE('',#3668,2.04999999999998);
#1453=CIRCLE('',#3670,3.5);
#1454=CIRCLE('',#3672,3.5);
#1455=CIRCLE('',#3673,2.04999999999998);
#1456=CIRCLE('',#3675,3.5);
#1457=CIRCLE('',#3677,2.04999999999998);
#1458=CIRCLE('',#3679,2.04999999999998);
#1459=CIRCLE('',#3680,2.04999999999998);
#1460=CIRCLE('',#3682,2.04999999999998);
#1461=CIRCLE('',#3684,2.04999999999998);
#1462=CIRCLE('',#3685,2.04999999999998);
#1463=CIRCLE('',#3687,3.5);
#1464=CIRCLE('',#3694,2.05);
#1465=CIRCLE('',#3696,2.05);
#1466=CIRCLE('',#3697,2.05);
#1467=CIRCLE('',#3698,2.05);
#1468=CIRCLE('',#3702,4.);
#1469=CIRCLE('',#3708,2.05);
#1470=CIRCLE('',#3709,2.05);
#1471=CIRCLE('',#3710,2.05);
#1472=CIRCLE('',#3712,2.05);
#1473=CIRCLE('',#3716,4.);
#1474=CIRCLE('',#3720,2.043);
#1475=CIRCLE('',#3721,2.043);
#1476=CIRCLE('',#3724,0.999999999999996);
#1477=CIRCLE('',#3726,2.);
#1478=CIRCLE('',#3727,2.);
#1479=CIRCLE('',#3729,0.999999999999993);
#1480=CIRCLE('',#3736,3.5);
#1481=CIRCLE('',#3738,5.49999999999999);
#1482=CIRCLE('',#3739,5.49999999999999);
#1483=CIRCLE('',#3741,3.5);
#1484=CIRCLE('',#3743,5.50000000000001);
#1485=CIRCLE('',#3744,5.50000000000001);
#1486=CIRCLE('',#3826,2.);
#1487=CIRCLE('',#3827,2.);
#1488=CIRCLE('',#3833,3.00000000000001);
#1489=CIRCLE('',#3834,2.);
#1490=CIRCLE('',#3835,5.00000000000001);
#1491=CIRCLE('',#3836,5.00000000000001);
#1492=CIRCLE('',#3838,13.5);
#1493=CIRCLE('',#3839,13.5);
#1494=CIRCLE('',#3841,4.99999999999999);
#1495=CIRCLE('',#3842,5.49999999999999);
#1496=CIRCLE('',#3843,5.49999999999999);
#1497=CIRCLE('',#3844,4.99999999999999);
#1498=CIRCLE('',#3845,4.99999999999999);
#1499=CIRCLE('',#3846,5.50000000000001);
#1500=CIRCLE('',#3847,5.50000000000001);
#1501=CIRCLE('',#3848,4.99999999999999);
#1502=CIRCLE('',#3849,5.00000000000001);
#1503=CIRCLE('',#3859,2.05);
#1504=CIRCLE('',#3861,2.99999999999999);
#1505=CIRCLE('',#3862,2.05);
#1506=CIRCLE('',#3865,2.05);
#1507=CIRCLE('',#3867,2.99999999999999);
#1508=CIRCLE('',#3868,2.05);
#1509=CIRCLE('',#3871,2.05);
#1510=CIRCLE('',#3873,3.00000000000001);
#1511=CIRCLE('',#3874,2.05);
#1512=CIRCLE('',#3877,2.05);
#1513=CIRCLE('',#3879,3.00000000000001);
#1514=CIRCLE('',#3880,2.05);
#1515=CIRCLE('',#3883,3.00000000000001);
#1516=CIRCLE('',#3885,2.);
#1517=CIRCLE('',#3888,2.99999999999999);
#1518=CIRCLE('',#3890,2.);
#1519=CIRCLE('',#3892,2.99999999999999);
#1520=CIRCLE('',#3894,2.);
#1521=CIRCLE('',#3897,0.999999999999996);
#1522=CIRCLE('',#3903,0.999999999999993);
#1523=VERTEX_POINT('',#4887);
#1524=VERTEX_POINT('',#4889);
#1525=VERTEX_POINT('',#4893);
#1526=VERTEX_POINT('',#4896);
#1527=VERTEX_POINT('',#4898);
#1528=VERTEX_POINT('',#4902);
#1529=VERTEX_POINT('',#4934);
#1530=VERTEX_POINT('',#4935);
#1531=VERTEX_POINT('',#4946);
#1532=VERTEX_POINT('',#5020);
#1533=VERTEX_POINT('',#5025);
#1534=VERTEX_POINT('',#5042);
#1535=VERTEX_POINT('',#5047);
#1536=VERTEX_POINT('',#5079);
#1537=VERTEX_POINT('',#5081);
#1538=VERTEX_POINT('',#5095);
#1539=VERTEX_POINT('',#5101);
#1540=VERTEX_POINT('',#5102);
#1541=VERTEX_POINT('',#5128);
#1542=VERTEX_POINT('',#5133);
#1543=VERTEX_POINT('',#5256);
#1544=VERTEX_POINT('',#5257);
#1545=VERTEX_POINT('',#5265);
#1546=VERTEX_POINT('',#5267);
#1547=VERTEX_POINT('',#5283);
#1548=VERTEX_POINT('',#5285);
#1549=VERTEX_POINT('',#5317);
#1550=VERTEX_POINT('',#5379);
#1551=VERTEX_POINT('',#5384);
#1552=VERTEX_POINT('',#5403);
#1553=VERTEX_POINT('',#5405);
#1554=VERTEX_POINT('',#5436);
#1555=VERTEX_POINT('',#5457);
#1556=VERTEX_POINT('',#5486);
#1557=VERTEX_POINT('',#5512);
#1558=VERTEX_POINT('',#5517);
#1559=VERTEX_POINT('',#5526);
#1560=VERTEX_POINT('',#5533);
#1561=VERTEX_POINT('',#5588);
#1562=VERTEX_POINT('',#5590);
#1563=VERTEX_POINT('',#5594);
#1564=VERTEX_POINT('',#5596);
#1565=VERTEX_POINT('',#5600);
#1566=VERTEX_POINT('',#5602);
#1567=VERTEX_POINT('',#5604);
#1568=VERTEX_POINT('',#5606);
#1569=VERTEX_POINT('',#5608);
#1570=VERTEX_POINT('',#5611);
#1571=VERTEX_POINT('',#5613);
#1572=VERTEX_POINT('',#5615);
#1573=VERTEX_POINT('',#5617);
#1574=VERTEX_POINT('',#5619);
#1575=VERTEX_POINT('',#5621);
#1576=VERTEX_POINT('',#5624);
#1577=VERTEX_POINT('',#5626);
#1578=VERTEX_POINT('',#5628);
#1579=VERTEX_POINT('',#5631);
#1580=VERTEX_POINT('',#5635);
#1581=VERTEX_POINT('',#5637);
#1582=VERTEX_POINT('',#5639);
#1583=VERTEX_POINT('',#5642);
#1584=VERTEX_POINT('',#5644);
#1585=VERTEX_POINT('',#5647);
#1586=VERTEX_POINT('',#5651);
#1587=VERTEX_POINT('',#5653);
#1588=VERTEX_POINT('',#5657);
#1589=VERTEX_POINT('',#5659);
#1590=VERTEX_POINT('',#5661);
#1591=VERTEX_POINT('',#5663);
#1592=VERTEX_POINT('',#5665);
#1593=VERTEX_POINT('',#5667);
#1594=VERTEX_POINT('',#5669);
#1595=VERTEX_POINT('',#5671);
#1596=VERTEX_POINT('',#5673);
#1597=VERTEX_POINT('',#5675);
#1598=VERTEX_POINT('',#5677);
#1599=VERTEX_POINT('',#5679);
#1600=VERTEX_POINT('',#5681);
#1601=VERTEX_POINT('',#5683);
#1602=VERTEX_POINT('',#5685);
#1603=VERTEX_POINT('',#5687);
#1604=VERTEX_POINT('',#5689);
#1605=VERTEX_POINT('',#5691);
#1606=VERTEX_POINT('',#5693);
#1607=VERTEX_POINT('',#5695);
#1608=VERTEX_POINT('',#5697);
#1609=VERTEX_POINT('',#5699);
#1610=VERTEX_POINT('',#5701);
#1611=VERTEX_POINT('',#5703);
#1612=VERTEX_POINT('',#5705);
#1613=VERTEX_POINT('',#5707);
#1614=VERTEX_POINT('',#5709);
#1615=VERTEX_POINT('',#5711);
#1616=VERTEX_POINT('',#5713);
#1617=VERTEX_POINT('',#5717);
#1618=VERTEX_POINT('',#5721);
#1619=VERTEX_POINT('',#5727);
#1620=VERTEX_POINT('',#5728);
#1621=VERTEX_POINT('',#5730);
#1622=VERTEX_POINT('',#5733);
#1623=VERTEX_POINT('',#5735);
#1624=VERTEX_POINT('',#5739);
#1625=VERTEX_POINT('',#5740);
#1626=VERTEX_POINT('',#5742);
#1627=VERTEX_POINT('',#5745);
#1628=VERTEX_POINT('',#5749);
#1629=VERTEX_POINT('',#5751);
#1630=VERTEX_POINT('',#5755);
#1631=VERTEX_POINT('',#5757);
#1632=VERTEX_POINT('',#5759);
#1633=VERTEX_POINT('',#5762);
#1634=VERTEX_POINT('',#5764);
#1635=VERTEX_POINT('',#5767);
#1636=VERTEX_POINT('',#5769);
#1637=VERTEX_POINT('',#5770);
#1638=VERTEX_POINT('',#5772);
#1639=VERTEX_POINT('',#5774);
#1640=VERTEX_POINT('',#5777);
#1641=VERTEX_POINT('',#5778);
#1642=VERTEX_POINT('',#5780);
#1643=VERTEX_POINT('',#5782);
#1644=VERTEX_POINT('',#5786);
#1645=VERTEX_POINT('',#5788);
#1646=VERTEX_POINT('',#5792);
#1647=VERTEX_POINT('',#5794);
#1648=VERTEX_POINT('',#5799);
#1649=VERTEX_POINT('',#5805);
#1650=VERTEX_POINT('',#5810);
#1651=VERTEX_POINT('',#5811);
#1652=VERTEX_POINT('',#5815);
#1653=VERTEX_POINT('',#5822);
#1654=VERTEX_POINT('',#5827);
#1655=VERTEX_POINT('',#5829);
#1656=VERTEX_POINT('',#5836);
#1657=VERTEX_POINT('',#5838);
#1658=VERTEX_POINT('',#5840);
#1659=VERTEX_POINT('',#5845);
#1660=VERTEX_POINT('',#5849);
#1661=VERTEX_POINT('',#5850);
#1662=VERTEX_POINT('',#5852);
#1663=VERTEX_POINT('',#5854);
#1664=VERTEX_POINT('',#5856);
#1665=VERTEX_POINT('',#5858);
#1666=VERTEX_POINT('',#5861);
#1667=VERTEX_POINT('',#5864);
#1668=VERTEX_POINT('',#5868);
#1669=VERTEX_POINT('',#5870);
#1670=VERTEX_POINT('',#5872);
#1671=VERTEX_POINT('',#5874);
#1672=VERTEX_POINT('',#5878);
#1673=VERTEX_POINT('',#5882);
#1674=VERTEX_POINT('',#5886);
#1675=VERTEX_POINT('',#5888);
#1676=VERTEX_POINT('',#5890);
#1677=VERTEX_POINT('',#5892);
#1678=VERTEX_POINT('',#5894);
#1679=VERTEX_POINT('',#5896);
#1680=VERTEX_POINT('',#5898);
#1681=VERTEX_POINT('',#5900);
#1682=VERTEX_POINT('',#5902);
#1683=VERTEX_POINT('',#5904);
#1684=VERTEX_POINT('',#5906);
#1685=VERTEX_POINT('',#5908);
#1686=VERTEX_POINT('',#5910);
#1687=VERTEX_POINT('',#5912);
#1688=VERTEX_POINT('',#5914);
#1689=VERTEX_POINT('',#5916);
#1690=VERTEX_POINT('',#5918);
#1691=VERTEX_POINT('',#5920);
#1692=VERTEX_POINT('',#5922);
#1693=VERTEX_POINT('',#5924);
#1694=VERTEX_POINT('',#5926);
#1695=VERTEX_POINT('',#5928);
#1696=VERTEX_POINT('',#5930);
#1697=VERTEX_POINT('',#5932);
#1698=VERTEX_POINT('',#5934);
#1699=VERTEX_POINT('',#5936);
#1700=VERTEX_POINT('',#5945);
#1701=VERTEX_POINT('',#5946);
#1702=VERTEX_POINT('',#5948);
#1703=VERTEX_POINT('',#5952);
#1704=VERTEX_POINT('',#5954);
#1705=VERTEX_POINT('',#5956);
#1706=VERTEX_POINT('',#5958);
#1707=VERTEX_POINT('',#5962);
#1708=VERTEX_POINT('',#5964);
#1709=VERTEX_POINT('',#5968);
#1710=VERTEX_POINT('',#5969);
#1711=VERTEX_POINT('',#5971);
#1712=VERTEX_POINT('',#5973);
#1713=VERTEX_POINT('',#5975);
#1714=VERTEX_POINT('',#5979);
#1715=VERTEX_POINT('',#5980);
#1716=VERTEX_POINT('',#5982);
#1717=VERTEX_POINT('',#5984);
#1718=VERTEX_POINT('',#5988);
#1719=VERTEX_POINT('',#5989);
#1720=VERTEX_POINT('',#5991);
#1721=VERTEX_POINT('',#5993);
#1722=VERTEX_POINT('',#5997);
#1723=VERTEX_POINT('',#5999);
#1724=VERTEX_POINT('',#6003);
#1725=VERTEX_POINT('',#6005);
#1726=VERTEX_POINT('',#6008);
#1727=VERTEX_POINT('',#6011);
#1728=VERTEX_POINT('',#6012);
#1729=VERTEX_POINT('',#6014);
#1730=VERTEX_POINT('',#6016);
#1731=VERTEX_POINT('',#6020);
#1732=VERTEX_POINT('',#6022);
#1733=VERTEX_POINT('',#6025);
#1734=VERTEX_POINT('',#6028);
#1735=VERTEX_POINT('',#6030);
#1736=VERTEX_POINT('',#6034);
#1737=VERTEX_POINT('',#6036);
#1738=VERTEX_POINT('',#6040);
#1739=VERTEX_POINT('',#6042);
#1740=VERTEX_POINT('',#6046);
#1741=VERTEX_POINT('',#6048);
#1742=VERTEX_POINT('',#6052);
#1743=VERTEX_POINT('',#6054);
#1744=VERTEX_POINT('',#6060);
#1745=VERTEX_POINT('',#6066);
#1746=VERTEX_POINT('',#6071);
#1747=VERTEX_POINT('',#6073);
#1748=VERTEX_POINT('',#6077);
#1749=VERTEX_POINT('',#6082);
#1750=VERTEX_POINT('',#6092);
#1751=VERTEX_POINT('',#6094);
#1752=VERTEX_POINT('',#6098);
#1753=VERTEX_POINT('',#6103);
#1754=VERTEX_POINT('',#6112);
#1755=VERTEX_POINT('',#6114);
#1756=VERTEX_POINT('',#6118);
#1757=VERTEX_POINT('',#6123);
#1758=VERTEX_POINT('',#6132);
#1759=VERTEX_POINT('',#6134);
#1760=VERTEX_POINT('',#6138);
#1761=VERTEX_POINT('',#6143);
#1762=VERTEX_POINT('',#6152);
#1763=VERTEX_POINT('',#6154);
#1764=VERTEX_POINT('',#6158);
#1765=VERTEX_POINT('',#6163);
#1766=VERTEX_POINT('',#6172);
#1767=VERTEX_POINT('',#6174);
#1768=VERTEX_POINT('',#6178);
#1769=VERTEX_POINT('',#6183);
#1770=VERTEX_POINT('',#6192);
#1771=VERTEX_POINT('',#6194);
#1772=VERTEX_POINT('',#6198);
#1773=VERTEX_POINT('',#6203);
#1774=VERTEX_POINT('',#6212);
#1775=VERTEX_POINT('',#6214);
#1776=VERTEX_POINT('',#6218);
#1777=VERTEX_POINT('',#6223);
#1778=VERTEX_POINT('',#6232);
#1779=VERTEX_POINT('',#6234);
#1780=VERTEX_POINT('',#6238);
#1781=VERTEX_POINT('',#6243);
#1782=VERTEX_POINT('',#6252);
#1783=VERTEX_POINT('',#6254);
#1784=VERTEX_POINT('',#6258);
#1785=VERTEX_POINT('',#6263);
#1786=VERTEX_POINT('',#6272);
#1787=VERTEX_POINT('',#6274);
#1788=VERTEX_POINT('',#6278);
#1789=VERTEX_POINT('',#6283);
#1790=VERTEX_POINT('',#6292);
#1791=VERTEX_POINT('',#6294);
#1792=VERTEX_POINT('',#6298);
#1793=VERTEX_POINT('',#6303);
#1794=VERTEX_POINT('',#6312);
#1795=VERTEX_POINT('',#6314);
#1796=VERTEX_POINT('',#6318);
#1797=VERTEX_POINT('',#6323);
#1798=VERTEX_POINT('',#6331);
#1799=VERTEX_POINT('',#6333);
#1800=VERTEX_POINT('',#6338);
#1801=VERTEX_POINT('',#6340);
#1802=VERTEX_POINT('',#6342);
#1803=VERTEX_POINT('',#6353);
#1804=VERTEX_POINT('',#6355);
#1805=VERTEX_POINT('',#6357);
#1806=VERTEX_POINT('',#6359);
#1807=VERTEX_POINT('',#6376);
#1808=VERTEX_POINT('',#6381);
#1809=VERTEX_POINT('',#6390);
#1810=VERTEX_POINT('',#6391);
#1811=VERTEX_POINT('',#6393);
#1812=VERTEX_POINT('',#6395);
#1813=VERTEX_POINT('',#6398);
#1814=VERTEX_POINT('',#6399);
#1815=VERTEX_POINT('',#6401);
#1816=VERTEX_POINT('',#6403);
#1817=VERTEX_POINT('',#6406);
#1818=VERTEX_POINT('',#6416);
#1819=VERTEX_POINT('',#6454);
#1820=VERTEX_POINT('',#6457);
#1821=VERTEX_POINT('',#6459);
#1822=VERTEX_POINT('',#6464);
#1823=VERTEX_POINT('',#6467);
#1824=VERTEX_POINT('',#6469);
#1825=VERTEX_POINT('',#6474);
#1826=VERTEX_POINT('',#6477);
#1827=VERTEX_POINT('',#6479);
#1828=VERTEX_POINT('',#6484);
#1829=VERTEX_POINT('',#6487);
#1830=VERTEX_POINT('',#6489);
#1831=VERTEX_POINT('',#6494);
#1832=VERTEX_POINT('',#6502);
#1833=VERTEX_POINT('',#6508);
#1834=VERTEX_POINT('',#6515);
#1835=VERTEX_POINT('',#6517);
#1836=VERTEX_POINT('',#6520);
#1837=VERTEX_POINT('',#6530);
#1838=VERTEX_POINT('',#6532);
#1839=VERTEX_POINT('',#6535);
#1840=VERTEX_POINT('',#6547);
#1841=VERTEX_POINT('',#6554);
#1842=VERTEX_POINT('',#6561);
#1843=EDGE_CURVE('',#1523,#1523,#1431,.T.);
#1844=EDGE_CURVE('',#1523,#1524,#667,.T.);
#1845=EDGE_CURVE('',#1524,#1524,#1432,.T.);
#1846=EDGE_CURVE('',#1525,#1525,#1433,.T.);
#1847=EDGE_CURVE('',#1526,#1526,#1434,.T.);
#1848=EDGE_CURVE('',#1526,#1527,#668,.T.);
#1849=EDGE_CURVE('',#1527,#1527,#1435,.T.);
#1850=EDGE_CURVE('',#1528,#1528,#1436,.T.);
#1851=EDGE_CURVE('',#1529,#1530,#28,.T.);
#1852=EDGE_CURVE('',#1531,#1529,#29,.T.);
#1853=EDGE_CURVE('',#1532,#1531,#30,.T.);
#1854=EDGE_CURVE('',#1533,#1532,#31,.T.);
#1855=EDGE_CURVE('',#1534,#1533,#32,.T.);
#1856=EDGE_CURVE('',#1535,#1534,#33,.T.);
#1857=EDGE_CURVE('',#1536,#1535,#669,.T.);
#1858=EDGE_CURVE('',#1537,#1536,#26,.T.);
#1859=EDGE_CURVE('',#1538,#1537,#34,.T.);
#1860=EDGE_CURVE('',#1530,#1538,#670,.T.);
#1861=EDGE_CURVE('',#1539,#1540,#35,.T.);
#1862=EDGE_CURVE('',#1541,#1539,#36,.T.);
#1863=EDGE_CURVE('',#1542,#1541,#37,.T.);
#1864=EDGE_CURVE('',#1540,#1542,#38,.T.);
#1865=EDGE_CURVE('',#1543,#1544,#39,.T.);
#1866=EDGE_CURVE('',#1545,#1543,#671,.T.);
#1867=EDGE_CURVE('',#1546,#1545,#27,.T.);
#1868=EDGE_CURVE('',#1547,#1546,#672,.T.);
#1869=EDGE_CURVE('',#1548,#1547,#40,.T.);
#1870=EDGE_CURVE('',#1549,#1548,#41,.T.);
#1871=EDGE_CURVE('',#1550,#1549,#42,.T.);
#1872=EDGE_CURVE('',#1551,#1550,#43,.T.);
#1873=EDGE_CURVE('',#1552,#1551,#673,.T.);
#1874=EDGE_CURVE('',#1553,#1552,#44,.T.);
#1875=EDGE_CURVE('',#1554,#1553,#45,.T.);
#1876=EDGE_CURVE('',#1544,#1554,#46,.T.);
#1877=EDGE_CURVE('',#1552,#1555,#47,.T.);
#1878=EDGE_CURVE('',#1556,#1551,#48,.T.);
#1879=EDGE_CURVE('',#1557,#1556,#49,.T.);
#1880=EDGE_CURVE('',#1558,#1557,#50,.T.);
#1881=EDGE_CURVE('',#1530,#1558,#51,.T.);
#1882=EDGE_CURVE('',#1559,#1538,#52,.T.);
#1883=EDGE_CURVE('',#1560,#1559,#674,.T.);
#1884=EDGE_CURVE('',#1545,#1560,#53,.T.);
#1885=EDGE_CURVE('',#1555,#1543,#54,.T.);
#1886=EDGE_CURVE('',#1554,#1561,#675,.T.);
#1887=EDGE_CURVE('',#1561,#1562,#676,.T.);
#1888=EDGE_CURVE('',#1544,#1562,#677,.T.);
#1889=EDGE_CURVE('',#1563,#1539,#678,.T.);
#1890=EDGE_CURVE('',#1563,#1564,#679,.T.);
#1891=EDGE_CURVE('',#1541,#1564,#680,.T.);
#1892=EDGE_CURVE('',#1565,#1547,#681,.T.);
#1893=EDGE_CURVE('',#1565,#1566,#682,.T.);
#1894=EDGE_CURVE('',#1567,#1566,#683,.T.);
#1895=EDGE_CURVE('',#1567,#1568,#684,.T.);
#1896=EDGE_CURVE('',#1568,#1569,#685,.T.);
#1897=EDGE_CURVE('',#1569,#1550,#686,.T.);
#1898=EDGE_CURVE('',#1549,#1570,#687,.T.);
#1899=EDGE_CURVE('',#1570,#1571,#688,.T.);
#1900=EDGE_CURVE('',#1571,#1572,#689,.T.);
#1901=EDGE_CURVE('',#1572,#1573,#690,.T.);
#1902=EDGE_CURVE('',#1573,#1574,#691,.T.);
#1903=EDGE_CURVE('',#1574,#1575,#692,.T.);
#1904=EDGE_CURVE('',#1575,#1548,#693,.T.);
#1905=EDGE_CURVE('',#1576,#1576,#1437,.T.);
#1906=EDGE_CURVE('',#1577,#1577,#1438,.T.);
#1907=EDGE_CURVE('',#1578,#1578,#1439,.T.);
#1908=EDGE_CURVE('',#1579,#1546,#694,.T.);
#1909=EDGE_CURVE('',#1579,#1565,#695,.T.);
#1910=EDGE_CURVE('',#1545,#1580,#696,.T.);
#1911=EDGE_CURVE('',#1581,#1580,#697,.T.);
#1912=EDGE_CURVE('',#1581,#1582,#698,.T.);
#1913=EDGE_CURVE('',#1582,#1579,#699,.T.);
#1914=EDGE_CURVE('',#1583,#1583,#1440,.T.);
#1915=EDGE_CURVE('',#1584,#1584,#1441,.T.);
#1916=EDGE_CURVE('',#1585,#1560,#700,.T.);
#1917=EDGE_CURVE('',#1580,#1585,#701,.T.);
#1918=EDGE_CURVE('',#1586,#1537,#702,.T.);
#1919=EDGE_CURVE('',#1587,#1586,#703,.T.);
#1920=EDGE_CURVE('',#1559,#1587,#704,.T.);
#1921=EDGE_CURVE('',#1536,#1588,#705,.T.);
#1922=EDGE_CURVE('',#1588,#1589,#706,.T.);
#1923=EDGE_CURVE('',#1590,#1589,#707,.T.);
#1924=EDGE_CURVE('',#1591,#1590,#708,.T.);
#1925=EDGE_CURVE('',#1592,#1591,#709,.T.);
#1926=EDGE_CURVE('',#1593,#1592,#710,.T.);
#1927=EDGE_CURVE('',#1594,#1593,#711,.T.);
#1928=EDGE_CURVE('',#1595,#1594,#712,.T.);
#1929=EDGE_CURVE('',#1596,#1595,#713,.T.);
#1930=EDGE_CURVE('',#1597,#1596,#714,.T.);
#1931=EDGE_CURVE('',#1598,#1597,#715,.T.);
#1932=EDGE_CURVE('',#1599,#1598,#716,.T.);
#1933=EDGE_CURVE('',#1600,#1599,#717,.T.);
#1934=EDGE_CURVE('',#1601,#1600,#718,.T.);
#1935=EDGE_CURVE('',#1602,#1601,#719,.T.);
#1936=EDGE_CURVE('',#1603,#1602,#720,.T.);
#1937=EDGE_CURVE('',#1604,#1603,#721,.T.);
#1938=EDGE_CURVE('',#1605,#1604,#722,.T.);
#1939=EDGE_CURVE('',#1606,#1605,#723,.T.);
#1940=EDGE_CURVE('',#1607,#1606,#724,.T.);
#1941=EDGE_CURVE('',#1608,#1607,#725,.T.);
#1942=EDGE_CURVE('',#1609,#1608,#726,.T.);
#1943=EDGE_CURVE('',#1610,#1609,#727,.T.);
#1944=EDGE_CURVE('',#1611,#1610,#728,.T.);
#1945=EDGE_CURVE('',#1612,#1611,#729,.T.);
#1946=EDGE_CURVE('',#1613,#1612,#730,.T.);
#1947=EDGE_CURVE('',#1614,#1613,#731,.T.);
#1948=EDGE_CURVE('',#1615,#1614,#732,.T.);
#1949=EDGE_CURVE('',#1616,#1615,#733,.T.);
#1950=EDGE_CURVE('',#1586,#1616,#734,.T.);
#1951=EDGE_CURVE('',#1535,#1617,#735,.T.);
#1952=EDGE_CURVE('',#1617,#1588,#736,.T.);
#1953=EDGE_CURVE('',#1618,#1618,#1442,.T.);
#1954=EDGE_CURVE('',#1618,#1525,#737,.T.);
#1955=EDGE_CURVE('',#1528,#1578,#738,.T.);
#1956=EDGE_CURVE('',#1619,#1620,#739,.T.);
#1957=EDGE_CURVE('',#1621,#1619,#740,.T.);
#1958=EDGE_CURVE('',#1589,#1621,#741,.T.);
#1959=EDGE_CURVE('',#1622,#1617,#742,.T.);
#1960=EDGE_CURVE('',#1623,#1622,#743,.T.);
#1961=EDGE_CURVE('',#1620,#1623,#744,.T.);
#1962=EDGE_CURVE('',#1624,#1625,#745,.T.);
#1963=EDGE_CURVE('',#1626,#1624,#746,.T.);
#1964=EDGE_CURVE('',#1566,#1626,#747,.T.);
#1965=EDGE_CURVE('',#1627,#1582,#748,.T.);
#1966=EDGE_CURVE('',#1625,#1627,#749,.T.);
#1967=EDGE_CURVE('',#1628,#1619,#750,.T.);
#1968=EDGE_CURVE('',#1629,#1628,#751,.T.);
#1969=EDGE_CURVE('',#1621,#1629,#752,.T.);
#1970=EDGE_CURVE('',#1630,#1629,#1443,.T.);
#1971=EDGE_CURVE('',#1630,#1631,#753,.T.);
#1972=EDGE_CURVE('',#1632,#1631,#1444,.T.);
#1973=EDGE_CURVE('',#1632,#1627,#754,.T.);
#1974=EDGE_CURVE('',#1633,#1581,#755,.T.);
#1975=EDGE_CURVE('',#1634,#1633,#756,.T.);
#1976=EDGE_CURVE('',#1590,#1634,#757,.T.);
#1977=EDGE_CURVE('',#1635,#1635,#1445,.T.);
#1978=EDGE_CURVE('',#1636,#1637,#758,.T.);
#1979=EDGE_CURVE('',#1637,#1638,#1446,.T.);
#1980=EDGE_CURVE('',#1638,#1639,#759,.T.);
#1981=EDGE_CURVE('',#1639,#1636,#1447,.T.);
#1982=EDGE_CURVE('',#1640,#1641,#760,.T.);
#1983=EDGE_CURVE('',#1641,#1642,#1448,.T.);
#1984=EDGE_CURVE('',#1642,#1643,#761,.T.);
#1985=EDGE_CURVE('',#1643,#1640,#1449,.T.);
#1986=EDGE_CURVE('',#1644,#1624,#762,.T.);
#1987=EDGE_CURVE('',#1644,#1645,#763,.F.);
#1988=EDGE_CURVE('',#1626,#1645,#764,.F.);
#1989=EDGE_CURVE('',#1646,#1532,#765,.T.);
#1990=EDGE_CURVE('',#1646,#1647,#1450,.F.);
#1991=EDGE_CURVE('',#1534,#1647,#766,.T.);
#1992=EDGE_CURVE('',#1647,#1646,#1451,.F.);
#1993=EDGE_CURVE('',#1648,#1648,#1452,.T.);
#1994=EDGE_CURVE('',#1575,#1570,#1453,.F.);
#1995=EDGE_CURVE('',#1570,#1575,#1454,.F.);
#1996=EDGE_CURVE('',#1649,#1649,#1455,.T.);
#1997=EDGE_CURVE('',#1571,#1574,#1456,.T.);
#1998=EDGE_CURVE('',#1650,#1651,#767,.T.);
#1999=EDGE_CURVE('',#1651,#1650,#1457,.T.);
#2000=EDGE_CURVE('',#1648,#1652,#768,.T.);
#2001=EDGE_CURVE('',#1651,#1652,#1458,.T.);
#2002=EDGE_CURVE('',#1652,#1650,#1459,.T.);
#2003=EDGE_CURVE('',#1573,#1572,#1460,.T.);
#2004=EDGE_CURVE('',#1649,#1653,#769,.T.);
#2005=EDGE_CURVE('',#1573,#1653,#1461,.T.);
#2006=EDGE_CURVE('',#1653,#1572,#1462,.T.);
#2007=EDGE_CURVE('',#1654,#1646,#770,.T.);
#2008=EDGE_CURVE('',#1655,#1654,#1463,.T.);
#2009=EDGE_CURVE('',#1647,#1655,#771,.T.);
#2010=EDGE_CURVE('',#1655,#1650,#772,.T.);
#2011=EDGE_CURVE('',#1651,#1654,#773,.T.);
#2012=EDGE_CURVE('',#1531,#1656,#774,.T.);
#2013=EDGE_CURVE('',#1656,#1657,#775,.T.);
#2014=EDGE_CURVE('',#1657,#1658,#776,.F.);
#2015=EDGE_CURVE('',#1658,#1622,#777,.F.);
#2016=EDGE_CURVE('',#1659,#1553,#778,.T.);
#2017=EDGE_CURVE('',#1659,#1561,#779,.T.);
#2018=EDGE_CURVE('',#1660,#1661,#19,.T.);
#2019=EDGE_CURVE('',#1662,#1660,#1464,.T.);
#2020=EDGE_CURVE('',#1663,#1662,#20,.T.);
#2021=EDGE_CURVE('',#1663,#1664,#780,.T.);
#2022=EDGE_CURVE('',#1664,#1665,#1465,.T.);
#2023=EDGE_CURVE('',#1665,#1540,#781,.T.);
#2024=EDGE_CURVE('',#1542,#1666,#782,.T.);
#2025=EDGE_CURVE('',#1666,#1563,#1466,.T.);
#2026=EDGE_CURVE('',#1665,#1667,#1467,.T.);
#2027=EDGE_CURVE('',#1661,#1667,#783,.T.);
#2028=EDGE_CURVE('',#1668,#1557,#784,.T.);
#2029=EDGE_CURVE('',#1668,#1669,#785,.T.);
#2030=EDGE_CURVE('',#1670,#1669,#786,.F.);
#2031=EDGE_CURVE('',#1670,#1671,#787,.T.);
#2032=EDGE_CURVE('',#1558,#1671,#788,.T.);
#2033=EDGE_CURVE('',#1556,#1672,#789,.T.);
#2034=EDGE_CURVE('',#1672,#1668,#790,.F.);
#2035=EDGE_CURVE('',#1673,#1569,#1468,.T.);
#2036=EDGE_CURVE('',#1672,#1673,#21,.T.);
#2037=EDGE_CURVE('',#1674,#1587,#791,.T.);
#2038=EDGE_CURVE('',#1675,#1674,#792,.T.);
#2039=EDGE_CURVE('',#1676,#1675,#793,.T.);
#2040=EDGE_CURVE('',#1677,#1676,#794,.T.);
#2041=EDGE_CURVE('',#1678,#1677,#795,.T.);
#2042=EDGE_CURVE('',#1679,#1678,#796,.T.);
#2043=EDGE_CURVE('',#1680,#1679,#797,.T.);
#2044=EDGE_CURVE('',#1681,#1680,#798,.T.);
#2045=EDGE_CURVE('',#1682,#1681,#799,.T.);
#2046=EDGE_CURVE('',#1683,#1682,#800,.T.);
#2047=EDGE_CURVE('',#1684,#1683,#801,.T.);
#2048=EDGE_CURVE('',#1685,#1684,#802,.T.);
#2049=EDGE_CURVE('',#1686,#1685,#803,.T.);
#2050=EDGE_CURVE('',#1687,#1686,#804,.T.);
#2051=EDGE_CURVE('',#1688,#1687,#805,.T.);
#2052=EDGE_CURVE('',#1689,#1688,#806,.T.);
#2053=EDGE_CURVE('',#1690,#1689,#807,.T.);
#2054=EDGE_CURVE('',#1691,#1690,#808,.T.);
#2055=EDGE_CURVE('',#1692,#1691,#809,.T.);
#2056=EDGE_CURVE('',#1693,#1692,#810,.T.);
#2057=EDGE_CURVE('',#1694,#1693,#811,.T.);
#2058=EDGE_CURVE('',#1695,#1694,#812,.T.);
#2059=EDGE_CURVE('',#1696,#1695,#813,.T.);
#2060=EDGE_CURVE('',#1697,#1696,#814,.T.);
#2061=EDGE_CURVE('',#1698,#1697,#815,.T.);
#2062=EDGE_CURVE('',#1699,#1698,#816,.T.);
#2063=EDGE_CURVE('',#1634,#1699,#817,.T.);
#2064=EDGE_CURVE('',#1585,#1633,#818,.T.);
#2065=EDGE_CURVE('',#1584,#1577,#819,.T.);
#2066=EDGE_CURVE('',#1583,#1576,#820,.T.);
#2067=EDGE_CURVE('',#1700,#1701,#821,.T.);
#2068=EDGE_CURVE('',#1701,#1702,#1469,.T.);
#2069=EDGE_CURVE('',#1702,#1555,#822,.T.);
#2070=EDGE_CURVE('',#1562,#1659,#1470,.T.);
#2071=EDGE_CURVE('',#1702,#1703,#1471,.T.);
#2072=EDGE_CURVE('',#1704,#1703,#823,.T.);
#2073=EDGE_CURVE('',#1705,#1704,#22,.T.);
#2074=EDGE_CURVE('',#1706,#1705,#1472,.T.);
#2075=EDGE_CURVE('',#1700,#1706,#23,.T.);
#2076=EDGE_CURVE('',#1707,#1529,#824,.T.);
#2077=EDGE_CURVE('',#1708,#1707,#24,.T.);
#2078=EDGE_CURVE('',#1656,#1708,#1473,.T.);
#2079=EDGE_CURVE('',#1709,#1710,#825,.T.);
#2080=EDGE_CURVE('',#1711,#1709,#826,.T.);
#2081=EDGE_CURVE('',#1711,#1712,#827,.T.);
#2082=EDGE_CURVE('',#1712,#1713,#828,.T.);
#2083=EDGE_CURVE('',#1713,#1710,#829,.T.);
#2084=EDGE_CURVE('',#1714,#1715,#830,.T.);
#2085=EDGE_CURVE('',#1715,#1716,#831,.T.);
#2086=EDGE_CURVE('',#1716,#1717,#832,.T.);
#2087=EDGE_CURVE('',#1714,#1717,#833,.T.);
#2088=EDGE_CURVE('',#1718,#1719,#1474,.T.);
#2089=EDGE_CURVE('',#1719,#1720,#834,.T.);
#2090=EDGE_CURVE('',#1720,#1721,#1475,.T.);
#2091=EDGE_CURVE('',#1721,#1718,#835,.T.);
#2092=EDGE_CURVE('',#1719,#1722,#836,.T.);
#2093=EDGE_CURVE('',#1723,#1722,#837,.F.);
#2094=EDGE_CURVE('',#1720,#1723,#838,.F.);
#2095=EDGE_CURVE('',#1724,#1721,#839,.T.);
#2096=EDGE_CURVE('',#1725,#1724,#840,.T.);
#2097=EDGE_CURVE('',#1718,#1725,#841,.T.);
#2098=EDGE_CURVE('',#1726,#1726,#1476,.T.);
#2099=EDGE_CURVE('',#1727,#1728,#1477,.T.);
#2100=EDGE_CURVE('',#1728,#1729,#842,.T.);
#2101=EDGE_CURVE('',#1729,#1730,#1478,.T.);
#2102=EDGE_CURVE('',#1730,#1727,#843,.T.);
#2103=EDGE_CURVE('',#1728,#1731,#844,.T.);
#2104=EDGE_CURVE('',#1731,#1732,#845,.T.);
#2105=EDGE_CURVE('',#1732,#1729,#846,.T.);
#2106=EDGE_CURVE('',#1733,#1733,#1479,.T.);
#2107=EDGE_CURVE('',#1730,#1734,#847,.T.);
#2108=EDGE_CURVE('',#1735,#1734,#848,.F.);
#2109=EDGE_CURVE('',#1727,#1735,#849,.F.);
#2110=EDGE_CURVE('',#1736,#1640,#850,.T.);
#2111=EDGE_CURVE('',#1736,#1737,#851,.F.);
#2112=EDGE_CURVE('',#1737,#1641,#852,.T.);
#2113=EDGE_CURVE('',#1738,#1642,#853,.T.);
#2114=EDGE_CURVE('',#1738,#1739,#854,.F.);
#2115=EDGE_CURVE('',#1643,#1739,#855,.T.);
#2116=EDGE_CURVE('',#1740,#1636,#856,.T.);
#2117=EDGE_CURVE('',#1740,#1741,#857,.F.);
#2118=EDGE_CURVE('',#1741,#1637,#858,.T.);
#2119=EDGE_CURVE('',#1742,#1638,#859,.T.);
#2120=EDGE_CURVE('',#1742,#1743,#860,.F.);
#2121=EDGE_CURVE('',#1639,#1743,#861,.T.);
#2122=EDGE_CURVE('',#1737,#1738,#1480,.F.);
#2123=EDGE_CURVE('',#1744,#1736,#1481,.T.);
#2124=EDGE_CURVE('',#1739,#1744,#1482,.T.);
#2125=EDGE_CURVE('',#1741,#1742,#1483,.F.);
#2126=EDGE_CURVE('',#1745,#1740,#1484,.T.);
#2127=EDGE_CURVE('',#1743,#1745,#1485,.T.);
#2128=EDGE_CURVE('',#1616,#1674,#862,.T.);
#2129=EDGE_CURVE('',#1616,#1746,#863,.T.);
#2130=EDGE_CURVE('',#1746,#1747,#864,.T.);
#2131=EDGE_CURVE('',#1674,#1747,#865,.T.);
#2132=EDGE_CURVE('',#1615,#1748,#866,.T.);
#2133=EDGE_CURVE('',#1748,#1746,#867,.T.);
#2134=EDGE_CURVE('',#1675,#1615,#868,.T.);
#2135=EDGE_CURVE('',#1675,#1749,#869,.T.);
#2136=EDGE_CURVE('',#1749,#1748,#870,.T.);
#2137=EDGE_CURVE('',#1747,#1749,#871,.T.);
#2138=EDGE_CURVE('',#1614,#1676,#872,.T.);
#2139=EDGE_CURVE('',#1614,#1750,#873,.T.);
#2140=EDGE_CURVE('',#1750,#1751,#874,.T.);
#2141=EDGE_CURVE('',#1676,#1751,#875,.T.);
#2142=EDGE_CURVE('',#1613,#1752,#876,.T.);
#2143=EDGE_CURVE('',#1752,#1750,#877,.T.);
#2144=EDGE_CURVE('',#1677,#1613,#878,.T.);
#2145=EDGE_CURVE('',#1677,#1753,#879,.T.);
#2146=EDGE_CURVE('',#1753,#1752,#880,.T.);
#2147=EDGE_CURVE('',#1751,#1753,#881,.T.);
#2148=EDGE_CURVE('',#1612,#1678,#882,.T.);
#2149=EDGE_CURVE('',#1612,#1754,#883,.T.);
#2150=EDGE_CURVE('',#1754,#1755,#884,.T.);
#2151=EDGE_CURVE('',#1678,#1755,#885,.T.);
#2152=EDGE_CURVE('',#1611,#1756,#886,.T.);
#2153=EDGE_CURVE('',#1756,#1754,#887,.T.);
#2154=EDGE_CURVE('',#1679,#1611,#888,.T.);
#2155=EDGE_CURVE('',#1679,#1757,#889,.T.);
#2156=EDGE_CURVE('',#1757,#1756,#890,.T.);
#2157=EDGE_CURVE('',#1755,#1757,#891,.T.);
#2158=EDGE_CURVE('',#1610,#1680,#892,.T.);
#2159=EDGE_CURVE('',#1610,#1758,#893,.T.);
#2160=EDGE_CURVE('',#1758,#1759,#894,.T.);
#2161=EDGE_CURVE('',#1680,#1759,#895,.T.);
#2162=EDGE_CURVE('',#1609,#1760,#896,.T.);
#2163=EDGE_CURVE('',#1760,#1758,#897,.T.);
#2164=EDGE_CURVE('',#1681,#1609,#898,.T.);
#2165=EDGE_CURVE('',#1681,#1761,#899,.T.);
#2166=EDGE_CURVE('',#1761,#1760,#900,.T.);
#2167=EDGE_CURVE('',#1759,#1761,#901,.T.);
#2168=EDGE_CURVE('',#1608,#1682,#902,.T.);
#2169=EDGE_CURVE('',#1608,#1762,#903,.T.);
#2170=EDGE_CURVE('',#1762,#1763,#904,.T.);
#2171=EDGE_CURVE('',#1682,#1763,#905,.T.);
#2172=EDGE_CURVE('',#1607,#1764,#906,.T.);
#2173=EDGE_CURVE('',#1764,#1762,#907,.T.);
#2174=EDGE_CURVE('',#1683,#1607,#908,.T.);
#2175=EDGE_CURVE('',#1683,#1765,#909,.T.);
#2176=EDGE_CURVE('',#1765,#1764,#910,.T.);
#2177=EDGE_CURVE('',#1763,#1765,#911,.T.);
#2178=EDGE_CURVE('',#1606,#1684,#912,.T.);
#2179=EDGE_CURVE('',#1606,#1766,#913,.T.);
#2180=EDGE_CURVE('',#1766,#1767,#914,.T.);
#2181=EDGE_CURVE('',#1684,#1767,#915,.T.);
#2182=EDGE_CURVE('',#1605,#1768,#916,.T.);
#2183=EDGE_CURVE('',#1768,#1766,#917,.T.);
#2184=EDGE_CURVE('',#1685,#1605,#918,.T.);
#2185=EDGE_CURVE('',#1685,#1769,#919,.T.);
#2186=EDGE_CURVE('',#1769,#1768,#920,.T.);
#2187=EDGE_CURVE('',#1767,#1769,#921,.T.);
#2188=EDGE_CURVE('',#1604,#1686,#922,.T.);
#2189=EDGE_CURVE('',#1604,#1770,#923,.T.);
#2190=EDGE_CURVE('',#1770,#1771,#924,.T.);
#2191=EDGE_CURVE('',#1686,#1771,#925,.T.);
#2192=EDGE_CURVE('',#1603,#1772,#926,.T.);
#2193=EDGE_CURVE('',#1772,#1770,#927,.T.);
#2194=EDGE_CURVE('',#1687,#1603,#928,.T.);
#2195=EDGE_CURVE('',#1687,#1773,#929,.T.);
#2196=EDGE_CURVE('',#1773,#1772,#930,.T.);
#2197=EDGE_CURVE('',#1771,#1773,#931,.T.);
#2198=EDGE_CURVE('',#1602,#1688,#932,.T.);
#2199=EDGE_CURVE('',#1602,#1774,#933,.T.);
#2200=EDGE_CURVE('',#1774,#1775,#934,.T.);
#2201=EDGE_CURVE('',#1688,#1775,#935,.T.);
#2202=EDGE_CURVE('',#1601,#1776,#936,.T.);
#2203=EDGE_CURVE('',#1776,#1774,#937,.T.);
#2204=EDGE_CURVE('',#1689,#1601,#938,.T.);
#2205=EDGE_CURVE('',#1689,#1777,#939,.T.);
#2206=EDGE_CURVE('',#1777,#1776,#940,.T.);
#2207=EDGE_CURVE('',#1775,#1777,#941,.T.);
#2208=EDGE_CURVE('',#1600,#1690,#942,.T.);
#2209=EDGE_CURVE('',#1600,#1778,#943,.T.);
#2210=EDGE_CURVE('',#1778,#1779,#944,.T.);
#2211=EDGE_CURVE('',#1690,#1779,#945,.T.);
#2212=EDGE_CURVE('',#1599,#1780,#946,.T.);
#2213=EDGE_CURVE('',#1780,#1778,#947,.T.);
#2214=EDGE_CURVE('',#1691,#1599,#948,.T.);
#2215=EDGE_CURVE('',#1691,#1781,#949,.T.);
#2216=EDGE_CURVE('',#1781,#1780,#950,.T.);
#2217=EDGE_CURVE('',#1779,#1781,#951,.T.);
#2218=EDGE_CURVE('',#1598,#1692,#952,.T.);
#2219=EDGE_CURVE('',#1598,#1782,#953,.T.);
#2220=EDGE_CURVE('',#1782,#1783,#954,.T.);
#2221=EDGE_CURVE('',#1692,#1783,#955,.T.);
#2222=EDGE_CURVE('',#1597,#1784,#956,.T.);
#2223=EDGE_CURVE('',#1784,#1782,#957,.T.);
#2224=EDGE_CURVE('',#1693,#1597,#958,.T.);
#2225=EDGE_CURVE('',#1693,#1785,#959,.T.);
#2226=EDGE_CURVE('',#1785,#1784,#960,.T.);
#2227=EDGE_CURVE('',#1783,#1785,#961,.T.);
#2228=EDGE_CURVE('',#1596,#1694,#962,.T.);
#2229=EDGE_CURVE('',#1596,#1786,#963,.T.);
#2230=EDGE_CURVE('',#1786,#1787,#964,.T.);
#2231=EDGE_CURVE('',#1694,#1787,#965,.T.);
#2232=EDGE_CURVE('',#1595,#1788,#966,.T.);
#2233=EDGE_CURVE('',#1788,#1786,#967,.T.);
#2234=EDGE_CURVE('',#1695,#1595,#968,.T.);
#2235=EDGE_CURVE('',#1695,#1789,#969,.T.);
#2236=EDGE_CURVE('',#1789,#1788,#970,.T.);
#2237=EDGE_CURVE('',#1787,#1789,#971,.T.);
#2238=EDGE_CURVE('',#1594,#1696,#972,.T.);
#2239=EDGE_CURVE('',#1594,#1790,#973,.T.);
#2240=EDGE_CURVE('',#1790,#1791,#974,.T.);
#2241=EDGE_CURVE('',#1696,#1791,#975,.T.);
#2242=EDGE_CURVE('',#1593,#1792,#976,.T.);
#2243=EDGE_CURVE('',#1792,#1790,#977,.T.);
#2244=EDGE_CURVE('',#1697,#1593,#978,.T.);
#2245=EDGE_CURVE('',#1697,#1793,#979,.T.);
#2246=EDGE_CURVE('',#1793,#1792,#980,.T.);
#2247=EDGE_CURVE('',#1791,#1793,#981,.T.);
#2248=EDGE_CURVE('',#1592,#1698,#982,.T.);
#2249=EDGE_CURVE('',#1592,#1794,#983,.T.);
#2250=EDGE_CURVE('',#1794,#1795,#984,.T.);
#2251=EDGE_CURVE('',#1698,#1795,#985,.T.);
#2252=EDGE_CURVE('',#1591,#1796,#986,.T.);
#2253=EDGE_CURVE('',#1796,#1794,#987,.T.);
#2254=EDGE_CURVE('',#1699,#1591,#988,.T.);
#2255=EDGE_CURVE('',#1699,#1797,#989,.T.);
#2256=EDGE_CURVE('',#1797,#1796,#990,.T.);
#2257=EDGE_CURVE('',#1795,#1797,#991,.T.);
#2258=EDGE_CURVE('',#1645,#1798,#992,.T.);
#2259=EDGE_CURVE('',#1799,#1644,#993,.T.);
#2260=EDGE_CURVE('',#1799,#1798,#994,.T.);
#2261=EDGE_CURVE('',#1799,#1620,#995,.F.);
#2262=EDGE_CURVE('',#1625,#1800,#996,.T.);
#2263=EDGE_CURVE('',#1800,#1801,#1486,.T.);
#2264=EDGE_CURVE('',#1801,#1802,#997,.F.);
#2265=EDGE_CURVE('',#1802,#1628,#1487,.T.);
#2266=EDGE_CURVE('',#1800,#1632,#998,.T.);
#2267=EDGE_CURVE('',#1631,#1801,#999,.T.);
#2268=EDGE_CURVE('',#1802,#1630,#1000,.T.);
#2269=EDGE_CURVE('',#1803,#1803,#1488,.T.);
#2270=EDGE_CURVE('',#1803,#1804,#1489,.T.);
#2271=EDGE_CURVE('',#1804,#1805,#1490,.T.);
#2272=EDGE_CURVE('',#1805,#1806,#55,.T.);
#2273=EDGE_CURVE('',#1806,#1804,#1491,.T.);
#2274=EDGE_CURVE('',#1635,#1807,#1001,.T.);
#2275=EDGE_CURVE('',#1806,#1807,#1492,.T.);
#2276=EDGE_CURVE('',#1807,#1805,#1493,.T.);
#2277=EDGE_CURVE('',#1658,#1808,#1002,.T.);
#2278=EDGE_CURVE('',#1808,#1735,#1003,.T.);
#2279=EDGE_CURVE('',#1734,#1711,#1004,.T.);
#2280=EDGE_CURVE('',#1709,#1670,#1005,.T.);
#2281=EDGE_CURVE('',#1669,#1567,#1006,.T.);
#2282=EDGE_CURVE('',#1798,#1623,#1007,.F.);
#2283=EDGE_CURVE('',#1717,#1723,#1008,.T.);
#2284=EDGE_CURVE('',#1722,#1714,#1009,.T.);
#2285=EDGE_CURVE('',#1809,#1810,#1494,.T.);
#2286=EDGE_CURVE('',#1809,#1811,#1495,.T.);
#2287=EDGE_CURVE('',#1811,#1812,#1496,.T.);
#2288=EDGE_CURVE('',#1810,#1812,#1497,.T.);
#2289=EDGE_CURVE('',#1813,#1814,#1498,.T.);
#2290=EDGE_CURVE('',#1813,#1815,#1499,.T.);
#2291=EDGE_CURVE('',#1815,#1816,#1500,.T.);
#2292=EDGE_CURVE('',#1814,#1816,#1501,.T.);
#2293=EDGE_CURVE('',#1817,#1817,#1502,.T.);
#2294=EDGE_CURVE('',#1564,#1666,#1010,.T.);
#2295=EDGE_CURVE('',#1671,#1707,#1011,.F.);
#2296=EDGE_CURVE('',#1818,#1704,#1012,.F.);
#2297=EDGE_CURVE('',#1700,#1818,#1013,.T.);
#2298=EDGE_CURVE('',#1706,#1568,#1014,.T.);
#2299=EDGE_CURVE('',#1673,#1705,#1015,.T.);
#2300=EDGE_CURVE('',#1744,#1811,#1016,.T.);
#2301=EDGE_CURVE('',#1809,#1812,#56,.F.);
#2302=EDGE_CURVE('',#1745,#1815,#1017,.T.);
#2303=EDGE_CURVE('',#1813,#1816,#57,.F.);
#2304=EDGE_CURVE('',#1819,#1819,#1503,.T.);
#2305=EDGE_CURVE('',#1820,#1820,#1504,.T.);
#2306=EDGE_CURVE('',#1821,#1821,#1505,.T.);
#2307=EDGE_CURVE('',#1821,#1819,#1018,.T.);
#2308=EDGE_CURVE('',#1822,#1822,#1506,.T.);
#2309=EDGE_CURVE('',#1823,#1823,#1507,.T.);
#2310=EDGE_CURVE('',#1824,#1824,#1508,.T.);
#2311=EDGE_CURVE('',#1824,#1822,#1019,.T.);
#2312=EDGE_CURVE('',#1825,#1825,#1509,.T.);
#2313=EDGE_CURVE('',#1826,#1826,#1510,.T.);
#2314=EDGE_CURVE('',#1827,#1827,#1511,.T.);
#2315=EDGE_CURVE('',#1827,#1825,#1020,.T.);
#2316=EDGE_CURVE('',#1828,#1828,#1512,.T.);
#2317=EDGE_CURVE('',#1829,#1829,#1513,.T.);
#2318=EDGE_CURVE('',#1830,#1830,#1514,.T.);
#2319=EDGE_CURVE('',#1830,#1828,#1021,.T.);
#2320=EDGE_CURVE('',#1829,#1831,#1022,.T.);
#2321=EDGE_CURVE('',#1831,#1831,#1515,.T.);
#2322=EDGE_CURVE('',#1831,#1817,#1516,.T.);
#2323=EDGE_CURVE('',#1826,#1803,#1023,.T.);
#2324=EDGE_CURVE('',#1823,#1832,#1024,.T.);
#2325=EDGE_CURVE('',#1832,#1832,#1517,.T.);
#2326=EDGE_CURVE('',#1832,#1810,#1518,.T.);
#2327=EDGE_CURVE('',#1820,#1833,#1025,.T.);
#2328=EDGE_CURVE('',#1833,#1833,#1519,.T.);
#2329=EDGE_CURVE('',#1833,#1814,#1520,.T.);
#2330=EDGE_CURVE('',#1834,#1715,#1026,.T.);
#2331=EDGE_CURVE('',#1834,#1835,#1027,.T.);
#2332=EDGE_CURVE('',#1835,#1716,#1028,.T.);
#2333=EDGE_CURVE('',#1836,#1836,#1521,.T.);
#2334=EDGE_CURVE('',#1725,#1834,#1029,.T.);
#2335=EDGE_CURVE('',#1724,#1835,#1030,.T.);
#2336=EDGE_CURVE('',#1836,#1726,#1031,.T.);
#2337=EDGE_CURVE('',#1837,#1712,#1032,.T.);
#2338=EDGE_CURVE('',#1837,#1838,#1033,.T.);
#2339=EDGE_CURVE('',#1713,#1838,#1034,.T.);
#2340=EDGE_CURVE('',#1839,#1839,#1522,.F.);
#2341=EDGE_CURVE('',#1837,#1732,#1035,.T.);
#2342=EDGE_CURVE('',#1710,#1808,#1036,.T.);
#2343=EDGE_CURVE('',#1838,#1731,#1037,.T.);
#2344=EDGE_CURVE('',#1733,#1839,#1038,.T.);
#2345=EDGE_CURVE('',#1657,#1660,#1039,.T.);
#2346=EDGE_CURVE('',#1840,#1661,#1040,.F.);
#2347=EDGE_CURVE('',#1663,#1840,#1041,.F.);
#2348=EDGE_CURVE('',#1662,#1708,#1042,.T.);
#2349=EDGE_CURVE('',#1703,#1841,#1043,.T.);
#2350=EDGE_CURVE('',#1841,#1701,#1044,.T.);
#2351=EDGE_CURVE('',#1818,#1841,#1045,.T.);
#2352=EDGE_CURVE('',#1667,#1842,#1046,.T.);
#2353=EDGE_CURVE('',#1842,#1664,#1047,.T.);
#2354=EDGE_CURVE('',#1840,#1842,#1048,.T.);
#2355=ORIENTED_EDGE('',*,*,#1843,.F.);
#2356=ORIENTED_EDGE('',*,*,#1844,.T.);
#2357=ORIENTED_EDGE('',*,*,#1845,.T.);
#2358=ORIENTED_EDGE('',*,*,#1844,.F.);
#2359=ORIENTED_EDGE('',*,*,#1845,.F.);
#2360=ORIENTED_EDGE('',*,*,#1846,.F.);
#2361=ORIENTED_EDGE('',*,*,#1847,.F.);
#2362=ORIENTED_EDGE('',*,*,#1848,.T.);
#2363=ORIENTED_EDGE('',*,*,#1849,.T.);
#2364=ORIENTED_EDGE('',*,*,#1848,.F.);
#2365=ORIENTED_EDGE('',*,*,#1849,.F.);
#2366=ORIENTED_EDGE('',*,*,#1850,.F.);
#2367=ORIENTED_EDGE('',*,*,#1851,.F.);
#2368=ORIENTED_EDGE('',*,*,#1852,.F.);
#2369=ORIENTED_EDGE('',*,*,#1853,.F.);
#2370=ORIENTED_EDGE('',*,*,#1854,.F.);
#2371=ORIENTED_EDGE('',*,*,#1855,.F.);
#2372=ORIENTED_EDGE('',*,*,#1856,.F.);
#2373=ORIENTED_EDGE('',*,*,#1857,.F.);
#2374=ORIENTED_EDGE('',*,*,#1858,.F.);
#2375=ORIENTED_EDGE('',*,*,#1859,.F.);
#2376=ORIENTED_EDGE('',*,*,#1860,.F.);
#2377=ORIENTED_EDGE('',*,*,#1861,.F.);
#2378=ORIENTED_EDGE('',*,*,#1862,.F.);
#2379=ORIENTED_EDGE('',*,*,#1863,.F.);
#2380=ORIENTED_EDGE('',*,*,#1864,.F.);
#2381=ORIENTED_EDGE('',*,*,#1865,.F.);
#2382=ORIENTED_EDGE('',*,*,#1866,.F.);
#2383=ORIENTED_EDGE('',*,*,#1867,.F.);
#2384=ORIENTED_EDGE('',*,*,#1868,.F.);
#2385=ORIENTED_EDGE('',*,*,#1869,.F.);
#2386=ORIENTED_EDGE('',*,*,#1870,.F.);
#2387=ORIENTED_EDGE('',*,*,#1871,.F.);
#2388=ORIENTED_EDGE('',*,*,#1872,.F.);
#2389=ORIENTED_EDGE('',*,*,#1873,.F.);
#2390=ORIENTED_EDGE('',*,*,#1874,.F.);
#2391=ORIENTED_EDGE('',*,*,#1875,.F.);
#2392=ORIENTED_EDGE('',*,*,#1876,.F.);
#2393=ORIENTED_EDGE('',*,*,#1877,.F.);
#2394=ORIENTED_EDGE('',*,*,#1873,.T.);
#2395=ORIENTED_EDGE('',*,*,#1878,.F.);
#2396=ORIENTED_EDGE('',*,*,#1879,.F.);
#2397=ORIENTED_EDGE('',*,*,#1880,.F.);
#2398=ORIENTED_EDGE('',*,*,#1881,.F.);
#2399=ORIENTED_EDGE('',*,*,#1860,.T.);
#2400=ORIENTED_EDGE('',*,*,#1882,.F.);
#2401=ORIENTED_EDGE('',*,*,#1883,.F.);
#2402=ORIENTED_EDGE('',*,*,#1884,.F.);
#2403=ORIENTED_EDGE('',*,*,#1866,.T.);
#2404=ORIENTED_EDGE('',*,*,#1885,.F.);
#2405=ORIENTED_EDGE('',*,*,#1876,.T.);
#2406=ORIENTED_EDGE('',*,*,#1886,.T.);
#2407=ORIENTED_EDGE('',*,*,#1887,.T.);
#2408=ORIENTED_EDGE('',*,*,#1888,.F.);
#2409=ORIENTED_EDGE('',*,*,#1862,.T.);
#2410=ORIENTED_EDGE('',*,*,#1889,.F.);
#2411=ORIENTED_EDGE('',*,*,#1890,.T.);
#2412=ORIENTED_EDGE('',*,*,#1891,.F.);
#2413=ORIENTED_EDGE('',*,*,#1869,.T.);
#2414=ORIENTED_EDGE('',*,*,#1892,.F.);
#2415=ORIENTED_EDGE('',*,*,#1893,.T.);
#2416=ORIENTED_EDGE('',*,*,#1894,.F.);
#2417=ORIENTED_EDGE('',*,*,#1895,.T.);
#2418=ORIENTED_EDGE('',*,*,#1896,.T.);
#2419=ORIENTED_EDGE('',*,*,#1897,.T.);
#2420=ORIENTED_EDGE('',*,*,#1871,.T.);
#2421=ORIENTED_EDGE('',*,*,#1898,.T.);
#2422=ORIENTED_EDGE('',*,*,#1899,.T.);
#2423=ORIENTED_EDGE('',*,*,#1900,.T.);
#2424=ORIENTED_EDGE('',*,*,#1901,.T.);
#2425=ORIENTED_EDGE('',*,*,#1902,.T.);
#2426=ORIENTED_EDGE('',*,*,#1903,.T.);
#2427=ORIENTED_EDGE('',*,*,#1904,.T.);
#2428=ORIENTED_EDGE('',*,*,#1905,.T.);
#2429=ORIENTED_EDGE('',*,*,#1906,.T.);
#2430=ORIENTED_EDGE('',*,*,#1907,.T.);
#2431=ORIENTED_EDGE('',*,*,#1892,.T.);
#2432=ORIENTED_EDGE('',*,*,#1868,.T.);
#2433=ORIENTED_EDGE('',*,*,#1908,.F.);
#2434=ORIENTED_EDGE('',*,*,#1909,.T.);
#2435=ORIENTED_EDGE('',*,*,#1867,.T.);
#2436=ORIENTED_EDGE('',*,*,#1910,.T.);
#2437=ORIENTED_EDGE('',*,*,#1911,.F.);
#2438=ORIENTED_EDGE('',*,*,#1912,.T.);
#2439=ORIENTED_EDGE('',*,*,#1913,.T.);
#2440=ORIENTED_EDGE('',*,*,#1908,.T.);
#2441=ORIENTED_EDGE('',*,*,#1847,.T.);
#2442=ORIENTED_EDGE('',*,*,#1914,.T.);
#2443=ORIENTED_EDGE('',*,*,#1915,.T.);
#2444=ORIENTED_EDGE('',*,*,#1884,.T.);
#2445=ORIENTED_EDGE('',*,*,#1916,.F.);
#2446=ORIENTED_EDGE('',*,*,#1917,.F.);
#2447=ORIENTED_EDGE('',*,*,#1910,.F.);
#2448=ORIENTED_EDGE('',*,*,#1882,.T.);
#2449=ORIENTED_EDGE('',*,*,#1859,.T.);
#2450=ORIENTED_EDGE('',*,*,#1918,.F.);
#2451=ORIENTED_EDGE('',*,*,#1919,.F.);
#2452=ORIENTED_EDGE('',*,*,#1920,.F.);
#2453=ORIENTED_EDGE('',*,*,#1858,.T.);
#2454=ORIENTED_EDGE('',*,*,#1921,.T.);
#2455=ORIENTED_EDGE('',*,*,#1922,.T.);
#2456=ORIENTED_EDGE('',*,*,#1923,.F.);
#2457=ORIENTED_EDGE('',*,*,#1924,.F.);
#2458=ORIENTED_EDGE('',*,*,#1925,.F.);
#2459=ORIENTED_EDGE('',*,*,#1926,.F.);
#2460=ORIENTED_EDGE('',*,*,#1927,.F.);
#2461=ORIENTED_EDGE('',*,*,#1928,.F.);
#2462=ORIENTED_EDGE('',*,*,#1929,.F.);
#2463=ORIENTED_EDGE('',*,*,#1930,.F.);
#2464=ORIENTED_EDGE('',*,*,#1931,.F.);
#2465=ORIENTED_EDGE('',*,*,#1932,.F.);
#2466=ORIENTED_EDGE('',*,*,#1933,.F.);
#2467=ORIENTED_EDGE('',*,*,#1934,.F.);
#2468=ORIENTED_EDGE('',*,*,#1935,.F.);
#2469=ORIENTED_EDGE('',*,*,#1936,.F.);
#2470=ORIENTED_EDGE('',*,*,#1937,.F.);
#2471=ORIENTED_EDGE('',*,*,#1938,.F.);
#2472=ORIENTED_EDGE('',*,*,#1939,.F.);
#2473=ORIENTED_EDGE('',*,*,#1940,.F.);
#2474=ORIENTED_EDGE('',*,*,#1941,.F.);
#2475=ORIENTED_EDGE('',*,*,#1942,.F.);
#2476=ORIENTED_EDGE('',*,*,#1943,.F.);
#2477=ORIENTED_EDGE('',*,*,#1944,.F.);
#2478=ORIENTED_EDGE('',*,*,#1945,.F.);
#2479=ORIENTED_EDGE('',*,*,#1946,.F.);
#2480=ORIENTED_EDGE('',*,*,#1947,.F.);
#2481=ORIENTED_EDGE('',*,*,#1948,.F.);
#2482=ORIENTED_EDGE('',*,*,#1949,.F.);
#2483=ORIENTED_EDGE('',*,*,#1950,.F.);
#2484=ORIENTED_EDGE('',*,*,#1918,.T.);
#2485=ORIENTED_EDGE('',*,*,#1843,.T.);
#2486=ORIENTED_EDGE('',*,*,#1921,.F.);
#2487=ORIENTED_EDGE('',*,*,#1857,.T.);
#2488=ORIENTED_EDGE('',*,*,#1951,.T.);
#2489=ORIENTED_EDGE('',*,*,#1952,.T.);
#2490=ORIENTED_EDGE('',*,*,#1953,.F.);
#2491=ORIENTED_EDGE('',*,*,#1954,.T.);
#2492=ORIENTED_EDGE('',*,*,#1846,.T.);
#2493=ORIENTED_EDGE('',*,*,#1954,.F.);
#2494=ORIENTED_EDGE('',*,*,#1850,.T.);
#2495=ORIENTED_EDGE('',*,*,#1955,.T.);
#2496=ORIENTED_EDGE('',*,*,#1907,.F.);
#2497=ORIENTED_EDGE('',*,*,#1955,.F.);
#2498=ORIENTED_EDGE('',*,*,#1956,.F.);
#2499=ORIENTED_EDGE('',*,*,#1957,.F.);
#2500=ORIENTED_EDGE('',*,*,#1958,.F.);
#2501=ORIENTED_EDGE('',*,*,#1922,.F.);
#2502=ORIENTED_EDGE('',*,*,#1952,.F.);
#2503=ORIENTED_EDGE('',*,*,#1959,.F.);
#2504=ORIENTED_EDGE('',*,*,#1960,.F.);
#2505=ORIENTED_EDGE('',*,*,#1961,.F.);
#2506=ORIENTED_EDGE('',*,*,#1962,.F.);
#2507=ORIENTED_EDGE('',*,*,#1963,.F.);
#2508=ORIENTED_EDGE('',*,*,#1964,.F.);
#2509=ORIENTED_EDGE('',*,*,#1893,.F.);
#2510=ORIENTED_EDGE('',*,*,#1909,.F.);
#2511=ORIENTED_EDGE('',*,*,#1913,.F.);
#2512=ORIENTED_EDGE('',*,*,#1965,.F.);
#2513=ORIENTED_EDGE('',*,*,#1966,.F.);
#2514=ORIENTED_EDGE('',*,*,#1957,.T.);
#2515=ORIENTED_EDGE('',*,*,#1967,.F.);
#2516=ORIENTED_EDGE('',*,*,#1968,.F.);
#2517=ORIENTED_EDGE('',*,*,#1969,.F.);
#2518=ORIENTED_EDGE('',*,*,#1958,.T.);
#2519=ORIENTED_EDGE('',*,*,#1969,.T.);
#2520=ORIENTED_EDGE('',*,*,#1970,.F.);
#2521=ORIENTED_EDGE('',*,*,#1971,.T.);
#2522=ORIENTED_EDGE('',*,*,#1972,.F.);
#2523=ORIENTED_EDGE('',*,*,#1973,.T.);
#2524=ORIENTED_EDGE('',*,*,#1965,.T.);
#2525=ORIENTED_EDGE('',*,*,#1912,.F.);
#2526=ORIENTED_EDGE('',*,*,#1974,.F.);
#2527=ORIENTED_EDGE('',*,*,#1975,.F.);
#2528=ORIENTED_EDGE('',*,*,#1976,.F.);
#2529=ORIENTED_EDGE('',*,*,#1923,.T.);
#2530=ORIENTED_EDGE('',*,*,#1977,.T.);
#2531=ORIENTED_EDGE('',*,*,#1978,.T.);
#2532=ORIENTED_EDGE('',*,*,#1979,.T.);
#2533=ORIENTED_EDGE('',*,*,#1980,.T.);
#2534=ORIENTED_EDGE('',*,*,#1981,.T.);
#2535=ORIENTED_EDGE('',*,*,#1982,.T.);
#2536=ORIENTED_EDGE('',*,*,#1983,.T.);
#2537=ORIENTED_EDGE('',*,*,#1984,.T.);
#2538=ORIENTED_EDGE('',*,*,#1985,.T.);
#2539=ORIENTED_EDGE('',*,*,#1963,.T.);
#2540=ORIENTED_EDGE('',*,*,#1986,.F.);
#2541=ORIENTED_EDGE('',*,*,#1987,.T.);
#2542=ORIENTED_EDGE('',*,*,#1988,.F.);
#2543=ORIENTED_EDGE('',*,*,#1854,.T.);
#2544=ORIENTED_EDGE('',*,*,#1989,.F.);
#2545=ORIENTED_EDGE('',*,*,#1990,.T.);
#2546=ORIENTED_EDGE('',*,*,#1991,.F.);
#2547=ORIENTED_EDGE('',*,*,#1855,.T.);
#2548=ORIENTED_EDGE('',*,*,#1992,.F.);
#2549=ORIENTED_EDGE('',*,*,#1990,.F.);
#2550=ORIENTED_EDGE('',*,*,#1993,.F.);
#2551=ORIENTED_EDGE('',*,*,#1870,.T.);
#2552=ORIENTED_EDGE('',*,*,#1904,.F.);
#2553=ORIENTED_EDGE('',*,*,#1994,.T.);
#2554=ORIENTED_EDGE('',*,*,#1898,.F.);
#2555=ORIENTED_EDGE('',*,*,#1995,.F.);
#2556=ORIENTED_EDGE('',*,*,#1994,.F.);
#2557=ORIENTED_EDGE('',*,*,#1996,.F.);
#2558=ORIENTED_EDGE('',*,*,#1995,.T.);
#2559=ORIENTED_EDGE('',*,*,#1903,.F.);
#2560=ORIENTED_EDGE('',*,*,#1997,.F.);
#2561=ORIENTED_EDGE('',*,*,#1899,.F.);
#2562=ORIENTED_EDGE('',*,*,#1998,.F.);
#2563=ORIENTED_EDGE('',*,*,#1999,.F.);
#2564=ORIENTED_EDGE('',*,*,#1993,.T.);
#2565=ORIENTED_EDGE('',*,*,#2000,.T.);
#2566=ORIENTED_EDGE('',*,*,#2001,.F.);
#2567=ORIENTED_EDGE('',*,*,#1999,.T.);
#2568=ORIENTED_EDGE('',*,*,#2002,.F.);
#2569=ORIENTED_EDGE('',*,*,#2000,.F.);
#2570=ORIENTED_EDGE('',*,*,#1901,.F.);
#2571=ORIENTED_EDGE('',*,*,#2003,.F.);
#2572=ORIENTED_EDGE('',*,*,#1996,.T.);
#2573=ORIENTED_EDGE('',*,*,#2004,.T.);
#2574=ORIENTED_EDGE('',*,*,#2005,.F.);
#2575=ORIENTED_EDGE('',*,*,#2003,.T.);
#2576=ORIENTED_EDGE('',*,*,#2006,.F.);
#2577=ORIENTED_EDGE('',*,*,#2004,.F.);
#2578=ORIENTED_EDGE('',*,*,#1992,.T.);
#2579=ORIENTED_EDGE('',*,*,#2007,.F.);
#2580=ORIENTED_EDGE('',*,*,#2008,.F.);
#2581=ORIENTED_EDGE('',*,*,#2009,.F.);
#2582=ORIENTED_EDGE('',*,*,#2001,.T.);
#2583=ORIENTED_EDGE('',*,*,#2002,.T.);
#2584=ORIENTED_EDGE('',*,*,#2010,.F.);
#2585=ORIENTED_EDGE('',*,*,#2008,.T.);
#2586=ORIENTED_EDGE('',*,*,#2011,.F.);
#2587=ORIENTED_EDGE('',*,*,#1853,.T.);
#2588=ORIENTED_EDGE('',*,*,#2012,.T.);
#2589=ORIENTED_EDGE('',*,*,#2013,.T.);
#2590=ORIENTED_EDGE('',*,*,#2014,.T.);
#2591=ORIENTED_EDGE('',*,*,#2015,.T.);
#2592=ORIENTED_EDGE('',*,*,#1959,.T.);
#2593=ORIENTED_EDGE('',*,*,#1951,.F.);
#2594=ORIENTED_EDGE('',*,*,#1856,.T.);
#2595=ORIENTED_EDGE('',*,*,#1991,.T.);
#2596=ORIENTED_EDGE('',*,*,#2009,.T.);
#2597=ORIENTED_EDGE('',*,*,#2010,.T.);
#2598=ORIENTED_EDGE('',*,*,#1998,.T.);
#2599=ORIENTED_EDGE('',*,*,#2011,.T.);
#2600=ORIENTED_EDGE('',*,*,#2007,.T.);
#2601=ORIENTED_EDGE('',*,*,#1989,.T.);
#2602=ORIENTED_EDGE('',*,*,#1953,.T.);
#2603=ORIENTED_EDGE('',*,*,#2005,.T.);
#2604=ORIENTED_EDGE('',*,*,#2006,.T.);
#2605=ORIENTED_EDGE('',*,*,#1900,.F.);
#2606=ORIENTED_EDGE('',*,*,#1997,.T.);
#2607=ORIENTED_EDGE('',*,*,#1902,.F.);
#2608=ORIENTED_EDGE('',*,*,#1875,.T.);
#2609=ORIENTED_EDGE('',*,*,#2016,.F.);
#2610=ORIENTED_EDGE('',*,*,#2017,.T.);
#2611=ORIENTED_EDGE('',*,*,#1886,.F.);
#2612=ORIENTED_EDGE('',*,*,#2018,.F.);
#2613=ORIENTED_EDGE('',*,*,#2019,.F.);
#2614=ORIENTED_EDGE('',*,*,#2020,.F.);
#2615=ORIENTED_EDGE('',*,*,#2021,.T.);
#2616=ORIENTED_EDGE('',*,*,#2022,.T.);
#2617=ORIENTED_EDGE('',*,*,#2023,.T.);
#2618=ORIENTED_EDGE('',*,*,#1864,.T.);
#2619=ORIENTED_EDGE('',*,*,#2024,.T.);
#2620=ORIENTED_EDGE('',*,*,#2025,.T.);
#2621=ORIENTED_EDGE('',*,*,#1889,.T.);
#2622=ORIENTED_EDGE('',*,*,#1861,.T.);
#2623=ORIENTED_EDGE('',*,*,#2023,.F.);
#2624=ORIENTED_EDGE('',*,*,#2026,.T.);
#2625=ORIENTED_EDGE('',*,*,#2027,.F.);
#2626=ORIENTED_EDGE('',*,*,#1880,.T.);
#2627=ORIENTED_EDGE('',*,*,#2028,.F.);
#2628=ORIENTED_EDGE('',*,*,#2029,.T.);
#2629=ORIENTED_EDGE('',*,*,#2030,.F.);
#2630=ORIENTED_EDGE('',*,*,#2031,.T.);
#2631=ORIENTED_EDGE('',*,*,#2032,.F.);
#2632=ORIENTED_EDGE('',*,*,#1879,.T.);
#2633=ORIENTED_EDGE('',*,*,#2033,.T.);
#2634=ORIENTED_EDGE('',*,*,#2034,.T.);
#2635=ORIENTED_EDGE('',*,*,#2028,.T.);
#2636=ORIENTED_EDGE('',*,*,#1872,.T.);
#2637=ORIENTED_EDGE('',*,*,#1897,.F.);
#2638=ORIENTED_EDGE('',*,*,#2035,.F.);
#2639=ORIENTED_EDGE('',*,*,#2036,.F.);
#2640=ORIENTED_EDGE('',*,*,#2033,.F.);
#2641=ORIENTED_EDGE('',*,*,#1878,.T.);
#2642=ORIENTED_EDGE('',*,*,#1883,.T.);
#2643=ORIENTED_EDGE('',*,*,#1920,.T.);
#2644=ORIENTED_EDGE('',*,*,#2037,.F.);
#2645=ORIENTED_EDGE('',*,*,#2038,.F.);
#2646=ORIENTED_EDGE('',*,*,#2039,.F.);
#2647=ORIENTED_EDGE('',*,*,#2040,.F.);
#2648=ORIENTED_EDGE('',*,*,#2041,.F.);
#2649=ORIENTED_EDGE('',*,*,#2042,.F.);
#2650=ORIENTED_EDGE('',*,*,#2043,.F.);
#2651=ORIENTED_EDGE('',*,*,#2044,.F.);
#2652=ORIENTED_EDGE('',*,*,#2045,.F.);
#2653=ORIENTED_EDGE('',*,*,#2046,.F.);
#2654=ORIENTED_EDGE('',*,*,#2047,.F.);
#2655=ORIENTED_EDGE('',*,*,#2048,.F.);
#2656=ORIENTED_EDGE('',*,*,#2049,.F.);
#2657=ORIENTED_EDGE('',*,*,#2050,.F.);
#2658=ORIENTED_EDGE('',*,*,#2051,.F.);
#2659=ORIENTED_EDGE('',*,*,#2052,.F.);
#2660=ORIENTED_EDGE('',*,*,#2053,.F.);
#2661=ORIENTED_EDGE('',*,*,#2054,.F.);
#2662=ORIENTED_EDGE('',*,*,#2055,.F.);
#2663=ORIENTED_EDGE('',*,*,#2056,.F.);
#2664=ORIENTED_EDGE('',*,*,#2057,.F.);
#2665=ORIENTED_EDGE('',*,*,#2058,.F.);
#2666=ORIENTED_EDGE('',*,*,#2059,.F.);
#2667=ORIENTED_EDGE('',*,*,#2060,.F.);
#2668=ORIENTED_EDGE('',*,*,#2061,.F.);
#2669=ORIENTED_EDGE('',*,*,#2062,.F.);
#2670=ORIENTED_EDGE('',*,*,#2063,.F.);
#2671=ORIENTED_EDGE('',*,*,#1975,.T.);
#2672=ORIENTED_EDGE('',*,*,#2064,.F.);
#2673=ORIENTED_EDGE('',*,*,#1916,.T.);
#2674=ORIENTED_EDGE('',*,*,#1915,.F.);
#2675=ORIENTED_EDGE('',*,*,#2065,.T.);
#2676=ORIENTED_EDGE('',*,*,#1906,.F.);
#2677=ORIENTED_EDGE('',*,*,#2065,.F.);
#2678=ORIENTED_EDGE('',*,*,#1914,.F.);
#2679=ORIENTED_EDGE('',*,*,#2066,.T.);
#2680=ORIENTED_EDGE('',*,*,#1905,.F.);
#2681=ORIENTED_EDGE('',*,*,#2066,.F.);
#2682=ORIENTED_EDGE('',*,*,#2067,.T.);
#2683=ORIENTED_EDGE('',*,*,#2068,.T.);
#2684=ORIENTED_EDGE('',*,*,#2069,.T.);
#2685=ORIENTED_EDGE('',*,*,#1885,.T.);
#2686=ORIENTED_EDGE('',*,*,#1865,.T.);
#2687=ORIENTED_EDGE('',*,*,#1888,.T.);
#2688=ORIENTED_EDGE('',*,*,#2070,.T.);
#2689=ORIENTED_EDGE('',*,*,#2016,.T.);
#2690=ORIENTED_EDGE('',*,*,#1874,.T.);
#2691=ORIENTED_EDGE('',*,*,#1877,.T.);
#2692=ORIENTED_EDGE('',*,*,#2069,.F.);
#2693=ORIENTED_EDGE('',*,*,#2071,.T.);
#2694=ORIENTED_EDGE('',*,*,#2072,.F.);
#2695=ORIENTED_EDGE('',*,*,#2073,.F.);
#2696=ORIENTED_EDGE('',*,*,#2074,.F.);
#2697=ORIENTED_EDGE('',*,*,#2075,.F.);
#2698=ORIENTED_EDGE('',*,*,#1852,.T.);
#2699=ORIENTED_EDGE('',*,*,#2076,.F.);
#2700=ORIENTED_EDGE('',*,*,#2077,.F.);
#2701=ORIENTED_EDGE('',*,*,#2078,.F.);
#2702=ORIENTED_EDGE('',*,*,#2012,.F.);
#2703=ORIENTED_EDGE('',*,*,#2079,.F.);
#2704=ORIENTED_EDGE('',*,*,#2080,.F.);
#2705=ORIENTED_EDGE('',*,*,#2081,.T.);
#2706=ORIENTED_EDGE('',*,*,#2082,.T.);
#2707=ORIENTED_EDGE('',*,*,#2083,.T.);
#2708=ORIENTED_EDGE('',*,*,#2084,.T.);
#2709=ORIENTED_EDGE('',*,*,#2085,.T.);
#2710=ORIENTED_EDGE('',*,*,#2086,.T.);
#2711=ORIENTED_EDGE('',*,*,#2087,.F.);
#2712=ORIENTED_EDGE('',*,*,#2088,.T.);
#2713=ORIENTED_EDGE('',*,*,#2089,.T.);
#2714=ORIENTED_EDGE('',*,*,#2090,.T.);
#2715=ORIENTED_EDGE('',*,*,#2091,.T.);
#2716=ORIENTED_EDGE('',*,*,#2089,.F.);
#2717=ORIENTED_EDGE('',*,*,#2092,.T.);
#2718=ORIENTED_EDGE('',*,*,#2093,.F.);
#2719=ORIENTED_EDGE('',*,*,#2094,.F.);
#2720=ORIENTED_EDGE('',*,*,#2091,.F.);
#2721=ORIENTED_EDGE('',*,*,#2095,.F.);
#2722=ORIENTED_EDGE('',*,*,#2096,.F.);
#2723=ORIENTED_EDGE('',*,*,#2097,.F.);
#2724=ORIENTED_EDGE('',*,*,#2098,.F.);
#2725=ORIENTED_EDGE('',*,*,#2099,.T.);
#2726=ORIENTED_EDGE('',*,*,#2100,.T.);
#2727=ORIENTED_EDGE('',*,*,#2101,.T.);
#2728=ORIENTED_EDGE('',*,*,#2102,.T.);
#2729=ORIENTED_EDGE('',*,*,#2100,.F.);
#2730=ORIENTED_EDGE('',*,*,#2103,.T.);
#2731=ORIENTED_EDGE('',*,*,#2104,.T.);
#2732=ORIENTED_EDGE('',*,*,#2105,.T.);
#2733=ORIENTED_EDGE('',*,*,#2106,.T.);
#2734=ORIENTED_EDGE('',*,*,#2102,.F.);
#2735=ORIENTED_EDGE('',*,*,#2107,.T.);
#2736=ORIENTED_EDGE('',*,*,#2108,.F.);
#2737=ORIENTED_EDGE('',*,*,#2109,.F.);
#2738=ORIENTED_EDGE('',*,*,#1982,.F.);
#2739=ORIENTED_EDGE('',*,*,#2110,.F.);
#2740=ORIENTED_EDGE('',*,*,#2111,.T.);
#2741=ORIENTED_EDGE('',*,*,#2112,.T.);
#2742=ORIENTED_EDGE('',*,*,#1984,.F.);
#2743=ORIENTED_EDGE('',*,*,#2113,.F.);
#2744=ORIENTED_EDGE('',*,*,#2114,.T.);
#2745=ORIENTED_EDGE('',*,*,#2115,.F.);
#2746=ORIENTED_EDGE('',*,*,#1978,.F.);
#2747=ORIENTED_EDGE('',*,*,#2116,.F.);
#2748=ORIENTED_EDGE('',*,*,#2117,.T.);
#2749=ORIENTED_EDGE('',*,*,#2118,.T.);
#2750=ORIENTED_EDGE('',*,*,#1980,.F.);
#2751=ORIENTED_EDGE('',*,*,#2119,.F.);
#2752=ORIENTED_EDGE('',*,*,#2120,.T.);
#2753=ORIENTED_EDGE('',*,*,#2121,.F.);
#2754=ORIENTED_EDGE('',*,*,#2112,.F.);
#2755=ORIENTED_EDGE('',*,*,#2122,.T.);
#2756=ORIENTED_EDGE('',*,*,#2113,.T.);
#2757=ORIENTED_EDGE('',*,*,#1983,.F.);
#2758=ORIENTED_EDGE('',*,*,#2122,.F.);
#2759=ORIENTED_EDGE('',*,*,#2111,.F.);
#2760=ORIENTED_EDGE('',*,*,#2123,.F.);
#2761=ORIENTED_EDGE('',*,*,#2124,.F.);
#2762=ORIENTED_EDGE('',*,*,#2114,.F.);
#2763=ORIENTED_EDGE('',*,*,#2118,.F.);
#2764=ORIENTED_EDGE('',*,*,#2125,.T.);
#2765=ORIENTED_EDGE('',*,*,#2119,.T.);
#2766=ORIENTED_EDGE('',*,*,#1979,.F.);
#2767=ORIENTED_EDGE('',*,*,#2125,.F.);
#2768=ORIENTED_EDGE('',*,*,#2117,.F.);
#2769=ORIENTED_EDGE('',*,*,#2126,.F.);
#2770=ORIENTED_EDGE('',*,*,#2127,.F.);
#2771=ORIENTED_EDGE('',*,*,#2120,.F.);
#2772=ORIENTED_EDGE('',*,*,#2128,.F.);
#2773=ORIENTED_EDGE('',*,*,#2129,.T.);
#2774=ORIENTED_EDGE('',*,*,#2130,.T.);
#2775=ORIENTED_EDGE('',*,*,#2131,.F.);
#2776=ORIENTED_EDGE('',*,*,#1949,.T.);
#2777=ORIENTED_EDGE('',*,*,#2132,.T.);
#2778=ORIENTED_EDGE('',*,*,#2133,.T.);
#2779=ORIENTED_EDGE('',*,*,#2129,.F.);
#2780=ORIENTED_EDGE('',*,*,#2134,.F.);
#2781=ORIENTED_EDGE('',*,*,#2135,.T.);
#2782=ORIENTED_EDGE('',*,*,#2136,.T.);
#2783=ORIENTED_EDGE('',*,*,#2132,.F.);
#2784=ORIENTED_EDGE('',*,*,#2038,.T.);
#2785=ORIENTED_EDGE('',*,*,#2131,.T.);
#2786=ORIENTED_EDGE('',*,*,#2137,.T.);
#2787=ORIENTED_EDGE('',*,*,#2135,.F.);
#2788=ORIENTED_EDGE('',*,*,#2137,.F.);
#2789=ORIENTED_EDGE('',*,*,#2130,.F.);
#2790=ORIENTED_EDGE('',*,*,#2133,.F.);
#2791=ORIENTED_EDGE('',*,*,#2136,.F.);
#2792=ORIENTED_EDGE('',*,*,#2128,.T.);
#2793=ORIENTED_EDGE('',*,*,#2037,.T.);
#2794=ORIENTED_EDGE('',*,*,#1919,.T.);
#2795=ORIENTED_EDGE('',*,*,#1950,.T.);
#2796=ORIENTED_EDGE('',*,*,#2134,.T.);
#2797=ORIENTED_EDGE('',*,*,#1948,.T.);
#2798=ORIENTED_EDGE('',*,*,#2138,.T.);
#2799=ORIENTED_EDGE('',*,*,#2039,.T.);
#2800=ORIENTED_EDGE('',*,*,#2138,.F.);
#2801=ORIENTED_EDGE('',*,*,#2139,.T.);
#2802=ORIENTED_EDGE('',*,*,#2140,.T.);
#2803=ORIENTED_EDGE('',*,*,#2141,.F.);
#2804=ORIENTED_EDGE('',*,*,#1947,.T.);
#2805=ORIENTED_EDGE('',*,*,#2142,.T.);
#2806=ORIENTED_EDGE('',*,*,#2143,.T.);
#2807=ORIENTED_EDGE('',*,*,#2139,.F.);
#2808=ORIENTED_EDGE('',*,*,#2144,.F.);
#2809=ORIENTED_EDGE('',*,*,#2145,.T.);
#2810=ORIENTED_EDGE('',*,*,#2146,.T.);
#2811=ORIENTED_EDGE('',*,*,#2142,.F.);
#2812=ORIENTED_EDGE('',*,*,#2040,.T.);
#2813=ORIENTED_EDGE('',*,*,#2141,.T.);
#2814=ORIENTED_EDGE('',*,*,#2147,.T.);
#2815=ORIENTED_EDGE('',*,*,#2145,.F.);
#2816=ORIENTED_EDGE('',*,*,#2147,.F.);
#2817=ORIENTED_EDGE('',*,*,#2140,.F.);
#2818=ORIENTED_EDGE('',*,*,#2143,.F.);
#2819=ORIENTED_EDGE('',*,*,#2146,.F.);
#2820=ORIENTED_EDGE('',*,*,#2144,.T.);
#2821=ORIENTED_EDGE('',*,*,#1946,.T.);
#2822=ORIENTED_EDGE('',*,*,#2148,.T.);
#2823=ORIENTED_EDGE('',*,*,#2041,.T.);
#2824=ORIENTED_EDGE('',*,*,#2148,.F.);
#2825=ORIENTED_EDGE('',*,*,#2149,.T.);
#2826=ORIENTED_EDGE('',*,*,#2150,.T.);
#2827=ORIENTED_EDGE('',*,*,#2151,.F.);
#2828=ORIENTED_EDGE('',*,*,#1945,.T.);
#2829=ORIENTED_EDGE('',*,*,#2152,.T.);
#2830=ORIENTED_EDGE('',*,*,#2153,.T.);
#2831=ORIENTED_EDGE('',*,*,#2149,.F.);
#2832=ORIENTED_EDGE('',*,*,#2154,.F.);
#2833=ORIENTED_EDGE('',*,*,#2155,.T.);
#2834=ORIENTED_EDGE('',*,*,#2156,.T.);
#2835=ORIENTED_EDGE('',*,*,#2152,.F.);
#2836=ORIENTED_EDGE('',*,*,#2042,.T.);
#2837=ORIENTED_EDGE('',*,*,#2151,.T.);
#2838=ORIENTED_EDGE('',*,*,#2157,.T.);
#2839=ORIENTED_EDGE('',*,*,#2155,.F.);
#2840=ORIENTED_EDGE('',*,*,#2157,.F.);
#2841=ORIENTED_EDGE('',*,*,#2150,.F.);
#2842=ORIENTED_EDGE('',*,*,#2153,.F.);
#2843=ORIENTED_EDGE('',*,*,#2156,.F.);
#2844=ORIENTED_EDGE('',*,*,#2154,.T.);
#2845=ORIENTED_EDGE('',*,*,#1944,.T.);
#2846=ORIENTED_EDGE('',*,*,#2158,.T.);
#2847=ORIENTED_EDGE('',*,*,#2043,.T.);
#2848=ORIENTED_EDGE('',*,*,#2158,.F.);
#2849=ORIENTED_EDGE('',*,*,#2159,.T.);
#2850=ORIENTED_EDGE('',*,*,#2160,.T.);
#2851=ORIENTED_EDGE('',*,*,#2161,.F.);
#2852=ORIENTED_EDGE('',*,*,#1943,.T.);
#2853=ORIENTED_EDGE('',*,*,#2162,.T.);
#2854=ORIENTED_EDGE('',*,*,#2163,.T.);
#2855=ORIENTED_EDGE('',*,*,#2159,.F.);
#2856=ORIENTED_EDGE('',*,*,#2164,.F.);
#2857=ORIENTED_EDGE('',*,*,#2165,.T.);
#2858=ORIENTED_EDGE('',*,*,#2166,.T.);
#2859=ORIENTED_EDGE('',*,*,#2162,.F.);
#2860=ORIENTED_EDGE('',*,*,#2044,.T.);
#2861=ORIENTED_EDGE('',*,*,#2161,.T.);
#2862=ORIENTED_EDGE('',*,*,#2167,.T.);
#2863=ORIENTED_EDGE('',*,*,#2165,.F.);
#2864=ORIENTED_EDGE('',*,*,#2167,.F.);
#2865=ORIENTED_EDGE('',*,*,#2160,.F.);
#2866=ORIENTED_EDGE('',*,*,#2163,.F.);
#2867=ORIENTED_EDGE('',*,*,#2166,.F.);
#2868=ORIENTED_EDGE('',*,*,#2164,.T.);
#2869=ORIENTED_EDGE('',*,*,#1942,.T.);
#2870=ORIENTED_EDGE('',*,*,#2168,.T.);
#2871=ORIENTED_EDGE('',*,*,#2045,.T.);
#2872=ORIENTED_EDGE('',*,*,#2168,.F.);
#2873=ORIENTED_EDGE('',*,*,#2169,.T.);
#2874=ORIENTED_EDGE('',*,*,#2170,.T.);
#2875=ORIENTED_EDGE('',*,*,#2171,.F.);
#2876=ORIENTED_EDGE('',*,*,#1941,.T.);
#2877=ORIENTED_EDGE('',*,*,#2172,.T.);
#2878=ORIENTED_EDGE('',*,*,#2173,.T.);
#2879=ORIENTED_EDGE('',*,*,#2169,.F.);
#2880=ORIENTED_EDGE('',*,*,#2174,.F.);
#2881=ORIENTED_EDGE('',*,*,#2175,.T.);
#2882=ORIENTED_EDGE('',*,*,#2176,.T.);
#2883=ORIENTED_EDGE('',*,*,#2172,.F.);
#2884=ORIENTED_EDGE('',*,*,#2046,.T.);
#2885=ORIENTED_EDGE('',*,*,#2171,.T.);
#2886=ORIENTED_EDGE('',*,*,#2177,.T.);
#2887=ORIENTED_EDGE('',*,*,#2175,.F.);
#2888=ORIENTED_EDGE('',*,*,#2177,.F.);
#2889=ORIENTED_EDGE('',*,*,#2170,.F.);
#2890=ORIENTED_EDGE('',*,*,#2173,.F.);
#2891=ORIENTED_EDGE('',*,*,#2176,.F.);
#2892=ORIENTED_EDGE('',*,*,#2174,.T.);
#2893=ORIENTED_EDGE('',*,*,#1940,.T.);
#2894=ORIENTED_EDGE('',*,*,#2178,.T.);
#2895=ORIENTED_EDGE('',*,*,#2047,.T.);
#2896=ORIENTED_EDGE('',*,*,#2178,.F.);
#2897=ORIENTED_EDGE('',*,*,#2179,.T.);
#2898=ORIENTED_EDGE('',*,*,#2180,.T.);
#2899=ORIENTED_EDGE('',*,*,#2181,.F.);
#2900=ORIENTED_EDGE('',*,*,#1939,.T.);
#2901=ORIENTED_EDGE('',*,*,#2182,.T.);
#2902=ORIENTED_EDGE('',*,*,#2183,.T.);
#2903=ORIENTED_EDGE('',*,*,#2179,.F.);
#2904=ORIENTED_EDGE('',*,*,#2184,.F.);
#2905=ORIENTED_EDGE('',*,*,#2185,.T.);
#2906=ORIENTED_EDGE('',*,*,#2186,.T.);
#2907=ORIENTED_EDGE('',*,*,#2182,.F.);
#2908=ORIENTED_EDGE('',*,*,#2048,.T.);
#2909=ORIENTED_EDGE('',*,*,#2181,.T.);
#2910=ORIENTED_EDGE('',*,*,#2187,.T.);
#2911=ORIENTED_EDGE('',*,*,#2185,.F.);
#2912=ORIENTED_EDGE('',*,*,#2187,.F.);
#2913=ORIENTED_EDGE('',*,*,#2180,.F.);
#2914=ORIENTED_EDGE('',*,*,#2183,.F.);
#2915=ORIENTED_EDGE('',*,*,#2186,.F.);
#2916=ORIENTED_EDGE('',*,*,#2184,.T.);
#2917=ORIENTED_EDGE('',*,*,#1938,.T.);
#2918=ORIENTED_EDGE('',*,*,#2188,.T.);
#2919=ORIENTED_EDGE('',*,*,#2049,.T.);
#2920=ORIENTED_EDGE('',*,*,#2188,.F.);
#2921=ORIENTED_EDGE('',*,*,#2189,.T.);
#2922=ORIENTED_EDGE('',*,*,#2190,.T.);
#2923=ORIENTED_EDGE('',*,*,#2191,.F.);
#2924=ORIENTED_EDGE('',*,*,#1937,.T.);
#2925=ORIENTED_EDGE('',*,*,#2192,.T.);
#2926=ORIENTED_EDGE('',*,*,#2193,.T.);
#2927=ORIENTED_EDGE('',*,*,#2189,.F.);
#2928=ORIENTED_EDGE('',*,*,#2194,.F.);
#2929=ORIENTED_EDGE('',*,*,#2195,.T.);
#2930=ORIENTED_EDGE('',*,*,#2196,.T.);
#2931=ORIENTED_EDGE('',*,*,#2192,.F.);
#2932=ORIENTED_EDGE('',*,*,#2050,.T.);
#2933=ORIENTED_EDGE('',*,*,#2191,.T.);
#2934=ORIENTED_EDGE('',*,*,#2197,.T.);
#2935=ORIENTED_EDGE('',*,*,#2195,.F.);
#2936=ORIENTED_EDGE('',*,*,#2197,.F.);
#2937=ORIENTED_EDGE('',*,*,#2190,.F.);
#2938=ORIENTED_EDGE('',*,*,#2193,.F.);
#2939=ORIENTED_EDGE('',*,*,#2196,.F.);
#2940=ORIENTED_EDGE('',*,*,#2194,.T.);
#2941=ORIENTED_EDGE('',*,*,#1936,.T.);
#2942=ORIENTED_EDGE('',*,*,#2198,.T.);
#2943=ORIENTED_EDGE('',*,*,#2051,.T.);
#2944=ORIENTED_EDGE('',*,*,#2198,.F.);
#2945=ORIENTED_EDGE('',*,*,#2199,.T.);
#2946=ORIENTED_EDGE('',*,*,#2200,.T.);
#2947=ORIENTED_EDGE('',*,*,#2201,.F.);
#2948=ORIENTED_EDGE('',*,*,#1935,.T.);
#2949=ORIENTED_EDGE('',*,*,#2202,.T.);
#2950=ORIENTED_EDGE('',*,*,#2203,.T.);
#2951=ORIENTED_EDGE('',*,*,#2199,.F.);
#2952=ORIENTED_EDGE('',*,*,#2204,.F.);
#2953=ORIENTED_EDGE('',*,*,#2205,.T.);
#2954=ORIENTED_EDGE('',*,*,#2206,.T.);
#2955=ORIENTED_EDGE('',*,*,#2202,.F.);
#2956=ORIENTED_EDGE('',*,*,#2052,.T.);
#2957=ORIENTED_EDGE('',*,*,#2201,.T.);
#2958=ORIENTED_EDGE('',*,*,#2207,.T.);
#2959=ORIENTED_EDGE('',*,*,#2205,.F.);
#2960=ORIENTED_EDGE('',*,*,#2207,.F.);
#2961=ORIENTED_EDGE('',*,*,#2200,.F.);
#2962=ORIENTED_EDGE('',*,*,#2203,.F.);
#2963=ORIENTED_EDGE('',*,*,#2206,.F.);
#2964=ORIENTED_EDGE('',*,*,#2204,.T.);
#2965=ORIENTED_EDGE('',*,*,#1934,.T.);
#2966=ORIENTED_EDGE('',*,*,#2208,.T.);
#2967=ORIENTED_EDGE('',*,*,#2053,.T.);
#2968=ORIENTED_EDGE('',*,*,#2208,.F.);
#2969=ORIENTED_EDGE('',*,*,#2209,.T.);
#2970=ORIENTED_EDGE('',*,*,#2210,.T.);
#2971=ORIENTED_EDGE('',*,*,#2211,.F.);
#2972=ORIENTED_EDGE('',*,*,#1933,.T.);
#2973=ORIENTED_EDGE('',*,*,#2212,.T.);
#2974=ORIENTED_EDGE('',*,*,#2213,.T.);
#2975=ORIENTED_EDGE('',*,*,#2209,.F.);
#2976=ORIENTED_EDGE('',*,*,#2214,.F.);
#2977=ORIENTED_EDGE('',*,*,#2215,.T.);
#2978=ORIENTED_EDGE('',*,*,#2216,.T.);
#2979=ORIENTED_EDGE('',*,*,#2212,.F.);
#2980=ORIENTED_EDGE('',*,*,#2054,.T.);
#2981=ORIENTED_EDGE('',*,*,#2211,.T.);
#2982=ORIENTED_EDGE('',*,*,#2217,.T.);
#2983=ORIENTED_EDGE('',*,*,#2215,.F.);
#2984=ORIENTED_EDGE('',*,*,#2217,.F.);
#2985=ORIENTED_EDGE('',*,*,#2210,.F.);
#2986=ORIENTED_EDGE('',*,*,#2213,.F.);
#2987=ORIENTED_EDGE('',*,*,#2216,.F.);
#2988=ORIENTED_EDGE('',*,*,#2214,.T.);
#2989=ORIENTED_EDGE('',*,*,#1932,.T.);
#2990=ORIENTED_EDGE('',*,*,#2218,.T.);
#2991=ORIENTED_EDGE('',*,*,#2055,.T.);
#2992=ORIENTED_EDGE('',*,*,#2218,.F.);
#2993=ORIENTED_EDGE('',*,*,#2219,.T.);
#2994=ORIENTED_EDGE('',*,*,#2220,.T.);
#2995=ORIENTED_EDGE('',*,*,#2221,.F.);
#2996=ORIENTED_EDGE('',*,*,#1931,.T.);
#2997=ORIENTED_EDGE('',*,*,#2222,.T.);
#2998=ORIENTED_EDGE('',*,*,#2223,.T.);
#2999=ORIENTED_EDGE('',*,*,#2219,.F.);
#3000=ORIENTED_EDGE('',*,*,#2224,.F.);
#3001=ORIENTED_EDGE('',*,*,#2225,.T.);
#3002=ORIENTED_EDGE('',*,*,#2226,.T.);
#3003=ORIENTED_EDGE('',*,*,#2222,.F.);
#3004=ORIENTED_EDGE('',*,*,#2056,.T.);
#3005=ORIENTED_EDGE('',*,*,#2221,.T.);
#3006=ORIENTED_EDGE('',*,*,#2227,.T.);
#3007=ORIENTED_EDGE('',*,*,#2225,.F.);
#3008=ORIENTED_EDGE('',*,*,#2227,.F.);
#3009=ORIENTED_EDGE('',*,*,#2220,.F.);
#3010=ORIENTED_EDGE('',*,*,#2223,.F.);
#3011=ORIENTED_EDGE('',*,*,#2226,.F.);
#3012=ORIENTED_EDGE('',*,*,#2224,.T.);
#3013=ORIENTED_EDGE('',*,*,#1930,.T.);
#3014=ORIENTED_EDGE('',*,*,#2228,.T.);
#3015=ORIENTED_EDGE('',*,*,#2057,.T.);
#3016=ORIENTED_EDGE('',*,*,#2228,.F.);
#3017=ORIENTED_EDGE('',*,*,#2229,.T.);
#3018=ORIENTED_EDGE('',*,*,#2230,.T.);
#3019=ORIENTED_EDGE('',*,*,#2231,.F.);
#3020=ORIENTED_EDGE('',*,*,#1929,.T.);
#3021=ORIENTED_EDGE('',*,*,#2232,.T.);
#3022=ORIENTED_EDGE('',*,*,#2233,.T.);
#3023=ORIENTED_EDGE('',*,*,#2229,.F.);
#3024=ORIENTED_EDGE('',*,*,#2234,.F.);
#3025=ORIENTED_EDGE('',*,*,#2235,.T.);
#3026=ORIENTED_EDGE('',*,*,#2236,.T.);
#3027=ORIENTED_EDGE('',*,*,#2232,.F.);
#3028=ORIENTED_EDGE('',*,*,#2058,.T.);
#3029=ORIENTED_EDGE('',*,*,#2231,.T.);
#3030=ORIENTED_EDGE('',*,*,#2237,.T.);
#3031=ORIENTED_EDGE('',*,*,#2235,.F.);
#3032=ORIENTED_EDGE('',*,*,#2237,.F.);
#3033=ORIENTED_EDGE('',*,*,#2230,.F.);
#3034=ORIENTED_EDGE('',*,*,#2233,.F.);
#3035=ORIENTED_EDGE('',*,*,#2236,.F.);
#3036=ORIENTED_EDGE('',*,*,#2234,.T.);
#3037=ORIENTED_EDGE('',*,*,#1928,.T.);
#3038=ORIENTED_EDGE('',*,*,#2238,.T.);
#3039=ORIENTED_EDGE('',*,*,#2059,.T.);
#3040=ORIENTED_EDGE('',*,*,#2238,.F.);
#3041=ORIENTED_EDGE('',*,*,#2239,.T.);
#3042=ORIENTED_EDGE('',*,*,#2240,.T.);
#3043=ORIENTED_EDGE('',*,*,#2241,.F.);
#3044=ORIENTED_EDGE('',*,*,#1927,.T.);
#3045=ORIENTED_EDGE('',*,*,#2242,.T.);
#3046=ORIENTED_EDGE('',*,*,#2243,.T.);
#3047=ORIENTED_EDGE('',*,*,#2239,.F.);
#3048=ORIENTED_EDGE('',*,*,#2244,.F.);
#3049=ORIENTED_EDGE('',*,*,#2245,.T.);
#3050=ORIENTED_EDGE('',*,*,#2246,.T.);
#3051=ORIENTED_EDGE('',*,*,#2242,.F.);
#3052=ORIENTED_EDGE('',*,*,#2060,.T.);
#3053=ORIENTED_EDGE('',*,*,#2241,.T.);
#3054=ORIENTED_EDGE('',*,*,#2247,.T.);
#3055=ORIENTED_EDGE('',*,*,#2245,.F.);
#3056=ORIENTED_EDGE('',*,*,#2247,.F.);
#3057=ORIENTED_EDGE('',*,*,#2240,.F.);
#3058=ORIENTED_EDGE('',*,*,#2243,.F.);
#3059=ORIENTED_EDGE('',*,*,#2246,.F.);
#3060=ORIENTED_EDGE('',*,*,#2244,.T.);
#3061=ORIENTED_EDGE('',*,*,#1926,.T.);
#3062=ORIENTED_EDGE('',*,*,#2248,.T.);
#3063=ORIENTED_EDGE('',*,*,#2061,.T.);
#3064=ORIENTED_EDGE('',*,*,#2248,.F.);
#3065=ORIENTED_EDGE('',*,*,#2249,.T.);
#3066=ORIENTED_EDGE('',*,*,#2250,.T.);
#3067=ORIENTED_EDGE('',*,*,#2251,.F.);
#3068=ORIENTED_EDGE('',*,*,#1925,.T.);
#3069=ORIENTED_EDGE('',*,*,#2252,.T.);
#3070=ORIENTED_EDGE('',*,*,#2253,.T.);
#3071=ORIENTED_EDGE('',*,*,#2249,.F.);
#3072=ORIENTED_EDGE('',*,*,#2254,.F.);
#3073=ORIENTED_EDGE('',*,*,#2255,.T.);
#3074=ORIENTED_EDGE('',*,*,#2256,.T.);
#3075=ORIENTED_EDGE('',*,*,#2252,.F.);
#3076=ORIENTED_EDGE('',*,*,#2062,.T.);
#3077=ORIENTED_EDGE('',*,*,#2251,.T.);
#3078=ORIENTED_EDGE('',*,*,#2257,.T.);
#3079=ORIENTED_EDGE('',*,*,#2255,.F.);
#3080=ORIENTED_EDGE('',*,*,#2257,.F.);
#3081=ORIENTED_EDGE('',*,*,#2250,.F.);
#3082=ORIENTED_EDGE('',*,*,#2253,.F.);
#3083=ORIENTED_EDGE('',*,*,#2256,.F.);
#3084=ORIENTED_EDGE('',*,*,#2254,.T.);
#3085=ORIENTED_EDGE('',*,*,#1924,.T.);
#3086=ORIENTED_EDGE('',*,*,#1976,.T.);
#3087=ORIENTED_EDGE('',*,*,#2063,.T.);
#3088=ORIENTED_EDGE('',*,*,#2258,.F.);
#3089=ORIENTED_EDGE('',*,*,#1987,.F.);
#3090=ORIENTED_EDGE('',*,*,#2259,.F.);
#3091=ORIENTED_EDGE('',*,*,#2260,.T.);
#3092=ORIENTED_EDGE('',*,*,#1956,.T.);
#3093=ORIENTED_EDGE('',*,*,#2261,.F.);
#3094=ORIENTED_EDGE('',*,*,#2259,.T.);
#3095=ORIENTED_EDGE('',*,*,#1986,.T.);
#3096=ORIENTED_EDGE('',*,*,#1962,.T.);
#3097=ORIENTED_EDGE('',*,*,#2262,.T.);
#3098=ORIENTED_EDGE('',*,*,#2263,.T.);
#3099=ORIENTED_EDGE('',*,*,#2264,.T.);
#3100=ORIENTED_EDGE('',*,*,#2265,.T.);
#3101=ORIENTED_EDGE('',*,*,#1967,.T.);
#3102=ORIENTED_EDGE('',*,*,#2263,.F.);
#3103=ORIENTED_EDGE('',*,*,#2266,.T.);
#3104=ORIENTED_EDGE('',*,*,#1972,.T.);
#3105=ORIENTED_EDGE('',*,*,#2267,.T.);
#3106=ORIENTED_EDGE('',*,*,#2267,.F.);
#3107=ORIENTED_EDGE('',*,*,#1971,.F.);
#3108=ORIENTED_EDGE('',*,*,#2268,.F.);
#3109=ORIENTED_EDGE('',*,*,#2264,.F.);
#3110=ORIENTED_EDGE('',*,*,#2265,.F.);
#3111=ORIENTED_EDGE('',*,*,#2268,.T.);
#3112=ORIENTED_EDGE('',*,*,#1970,.T.);
#3113=ORIENTED_EDGE('',*,*,#1968,.T.);
#3114=ORIENTED_EDGE('',*,*,#1966,.T.);
#3115=ORIENTED_EDGE('',*,*,#1973,.F.);
#3116=ORIENTED_EDGE('',*,*,#2266,.F.);
#3117=ORIENTED_EDGE('',*,*,#2262,.F.);
#3118=ORIENTED_EDGE('',*,*,#2269,.T.);
#3119=ORIENTED_EDGE('',*,*,#2270,.T.);
#3120=ORIENTED_EDGE('',*,*,#2271,.T.);
#3121=ORIENTED_EDGE('',*,*,#2272,.T.);
#3122=ORIENTED_EDGE('',*,*,#2273,.T.);
#3123=ORIENTED_EDGE('',*,*,#2270,.F.);
#3124=ORIENTED_EDGE('',*,*,#1977,.F.);
#3125=ORIENTED_EDGE('',*,*,#2274,.T.);
#3126=ORIENTED_EDGE('',*,*,#2275,.F.);
#3127=ORIENTED_EDGE('',*,*,#2272,.F.);
#3128=ORIENTED_EDGE('',*,*,#2276,.F.);
#3129=ORIENTED_EDGE('',*,*,#2274,.F.);
#3130=ORIENTED_EDGE('',*,*,#1960,.T.);
#3131=ORIENTED_EDGE('',*,*,#2015,.F.);
#3132=ORIENTED_EDGE('',*,*,#2277,.T.);
#3133=ORIENTED_EDGE('',*,*,#2278,.T.);
#3134=ORIENTED_EDGE('',*,*,#2108,.T.);
#3135=ORIENTED_EDGE('',*,*,#2279,.T.);
#3136=ORIENTED_EDGE('',*,*,#2080,.T.);
#3137=ORIENTED_EDGE('',*,*,#2280,.T.);
#3138=ORIENTED_EDGE('',*,*,#2030,.T.);
#3139=ORIENTED_EDGE('',*,*,#2281,.T.);
#3140=ORIENTED_EDGE('',*,*,#1894,.T.);
#3141=ORIENTED_EDGE('',*,*,#1964,.T.);
#3142=ORIENTED_EDGE('',*,*,#1988,.T.);
#3143=ORIENTED_EDGE('',*,*,#2258,.T.);
#3144=ORIENTED_EDGE('',*,*,#2282,.T.);
#3145=ORIENTED_EDGE('',*,*,#2283,.T.);
#3146=ORIENTED_EDGE('',*,*,#2093,.T.);
#3147=ORIENTED_EDGE('',*,*,#2284,.T.);
#3148=ORIENTED_EDGE('',*,*,#2087,.T.);
#3149=ORIENTED_EDGE('',*,*,#2275,.T.);
#3150=ORIENTED_EDGE('',*,*,#2276,.T.);
#3151=ORIENTED_EDGE('',*,*,#2271,.F.);
#3152=ORIENTED_EDGE('',*,*,#2273,.F.);
#3153=ORIENTED_EDGE('',*,*,#2285,.F.);
#3154=ORIENTED_EDGE('',*,*,#2286,.T.);
#3155=ORIENTED_EDGE('',*,*,#2287,.T.);
#3156=ORIENTED_EDGE('',*,*,#2288,.F.);
#3157=ORIENTED_EDGE('',*,*,#2289,.F.);
#3158=ORIENTED_EDGE('',*,*,#2290,.T.);
#3159=ORIENTED_EDGE('',*,*,#2291,.T.);
#3160=ORIENTED_EDGE('',*,*,#2292,.F.);
#3161=ORIENTED_EDGE('',*,*,#2293,.F.);
#3162=ORIENTED_EDGE('',*,*,#1863,.T.);
#3163=ORIENTED_EDGE('',*,*,#1891,.T.);
#3164=ORIENTED_EDGE('',*,*,#2294,.T.);
#3165=ORIENTED_EDGE('',*,*,#2024,.F.);
#3166=ORIENTED_EDGE('',*,*,#2070,.F.);
#3167=ORIENTED_EDGE('',*,*,#1887,.F.);
#3168=ORIENTED_EDGE('',*,*,#2017,.F.);
#3169=ORIENTED_EDGE('',*,*,#2025,.F.);
#3170=ORIENTED_EDGE('',*,*,#2294,.F.);
#3171=ORIENTED_EDGE('',*,*,#1890,.F.);
#3172=ORIENTED_EDGE('',*,*,#1881,.T.);
#3173=ORIENTED_EDGE('',*,*,#2032,.T.);
#3174=ORIENTED_EDGE('',*,*,#2295,.T.);
#3175=ORIENTED_EDGE('',*,*,#2076,.T.);
#3176=ORIENTED_EDGE('',*,*,#1851,.T.);
#3177=ORIENTED_EDGE('',*,*,#2064,.T.);
#3178=ORIENTED_EDGE('',*,*,#1974,.T.);
#3179=ORIENTED_EDGE('',*,*,#1911,.T.);
#3180=ORIENTED_EDGE('',*,*,#1917,.T.);
#3181=ORIENTED_EDGE('',*,*,#2073,.T.);
#3182=ORIENTED_EDGE('',*,*,#2296,.F.);
#3183=ORIENTED_EDGE('',*,*,#2297,.F.);
#3184=ORIENTED_EDGE('',*,*,#2075,.T.);
#3185=ORIENTED_EDGE('',*,*,#2298,.T.);
#3186=ORIENTED_EDGE('',*,*,#1895,.F.);
#3187=ORIENTED_EDGE('',*,*,#2281,.F.);
#3188=ORIENTED_EDGE('',*,*,#2029,.F.);
#3189=ORIENTED_EDGE('',*,*,#2034,.F.);
#3190=ORIENTED_EDGE('',*,*,#2036,.T.);
#3191=ORIENTED_EDGE('',*,*,#2299,.T.);
#3192=ORIENTED_EDGE('',*,*,#2110,.T.);
#3193=ORIENTED_EDGE('',*,*,#1985,.F.);
#3194=ORIENTED_EDGE('',*,*,#2115,.T.);
#3195=ORIENTED_EDGE('',*,*,#2124,.T.);
#3196=ORIENTED_EDGE('',*,*,#2300,.T.);
#3197=ORIENTED_EDGE('',*,*,#2286,.F.);
#3198=ORIENTED_EDGE('',*,*,#2301,.T.);
#3199=ORIENTED_EDGE('',*,*,#2287,.F.);
#3200=ORIENTED_EDGE('',*,*,#2300,.F.);
#3201=ORIENTED_EDGE('',*,*,#2123,.T.);
#3202=ORIENTED_EDGE('',*,*,#2116,.T.);
#3203=ORIENTED_EDGE('',*,*,#1981,.F.);
#3204=ORIENTED_EDGE('',*,*,#2121,.T.);
#3205=ORIENTED_EDGE('',*,*,#2127,.T.);
#3206=ORIENTED_EDGE('',*,*,#2302,.T.);
#3207=ORIENTED_EDGE('',*,*,#2290,.F.);
#3208=ORIENTED_EDGE('',*,*,#2303,.T.);
#3209=ORIENTED_EDGE('',*,*,#2291,.F.);
#3210=ORIENTED_EDGE('',*,*,#2302,.F.);
#3211=ORIENTED_EDGE('',*,*,#2126,.T.);
#3212=ORIENTED_EDGE('',*,*,#2304,.T.);
#3213=ORIENTED_EDGE('',*,*,#2305,.T.);
#3214=ORIENTED_EDGE('',*,*,#2306,.T.);
#3215=ORIENTED_EDGE('',*,*,#2306,.F.);
#3216=ORIENTED_EDGE('',*,*,#2307,.T.);
#3217=ORIENTED_EDGE('',*,*,#2304,.F.);
#3218=ORIENTED_EDGE('',*,*,#2307,.F.);
#3219=ORIENTED_EDGE('',*,*,#2308,.T.);
#3220=ORIENTED_EDGE('',*,*,#2309,.T.);
#3221=ORIENTED_EDGE('',*,*,#2310,.T.);
#3222=ORIENTED_EDGE('',*,*,#2310,.F.);
#3223=ORIENTED_EDGE('',*,*,#2311,.T.);
#3224=ORIENTED_EDGE('',*,*,#2308,.F.);
#3225=ORIENTED_EDGE('',*,*,#2311,.F.);
#3226=ORIENTED_EDGE('',*,*,#2312,.T.);
#3227=ORIENTED_EDGE('',*,*,#2313,.T.);
#3228=ORIENTED_EDGE('',*,*,#2314,.T.);
#3229=ORIENTED_EDGE('',*,*,#2314,.F.);
#3230=ORIENTED_EDGE('',*,*,#2315,.T.);
#3231=ORIENTED_EDGE('',*,*,#2312,.F.);
#3232=ORIENTED_EDGE('',*,*,#2315,.F.);
#3233=ORIENTED_EDGE('',*,*,#2316,.T.);
#3234=ORIENTED_EDGE('',*,*,#2317,.T.);
#3235=ORIENTED_EDGE('',*,*,#2318,.T.);
#3236=ORIENTED_EDGE('',*,*,#2318,.F.);
#3237=ORIENTED_EDGE('',*,*,#2319,.T.);
#3238=ORIENTED_EDGE('',*,*,#2316,.F.);
#3239=ORIENTED_EDGE('',*,*,#2319,.F.);
#3240=ORIENTED_EDGE('',*,*,#2317,.F.);
#3241=ORIENTED_EDGE('',*,*,#2320,.T.);
#3242=ORIENTED_EDGE('',*,*,#2321,.F.);
#3243=ORIENTED_EDGE('',*,*,#2320,.F.);
#3244=ORIENTED_EDGE('',*,*,#2321,.T.);
#3245=ORIENTED_EDGE('',*,*,#2322,.T.);
#3246=ORIENTED_EDGE('',*,*,#2293,.T.);
#3247=ORIENTED_EDGE('',*,*,#2322,.F.);
#3248=ORIENTED_EDGE('',*,*,#2313,.F.);
#3249=ORIENTED_EDGE('',*,*,#2323,.T.);
#3250=ORIENTED_EDGE('',*,*,#2269,.F.);
#3251=ORIENTED_EDGE('',*,*,#2323,.F.);
#3252=ORIENTED_EDGE('',*,*,#2309,.F.);
#3253=ORIENTED_EDGE('',*,*,#2324,.T.);
#3254=ORIENTED_EDGE('',*,*,#2325,.F.);
#3255=ORIENTED_EDGE('',*,*,#2324,.F.);
#3256=ORIENTED_EDGE('',*,*,#2325,.T.);
#3257=ORIENTED_EDGE('',*,*,#2326,.T.);
#3258=ORIENTED_EDGE('',*,*,#2288,.T.);
#3259=ORIENTED_EDGE('',*,*,#2301,.F.);
#3260=ORIENTED_EDGE('',*,*,#2285,.T.);
#3261=ORIENTED_EDGE('',*,*,#2326,.F.);
#3262=ORIENTED_EDGE('',*,*,#2305,.F.);
#3263=ORIENTED_EDGE('',*,*,#2327,.T.);
#3264=ORIENTED_EDGE('',*,*,#2328,.F.);
#3265=ORIENTED_EDGE('',*,*,#2327,.F.);
#3266=ORIENTED_EDGE('',*,*,#2328,.T.);
#3267=ORIENTED_EDGE('',*,*,#2329,.T.);
#3268=ORIENTED_EDGE('',*,*,#2292,.T.);
#3269=ORIENTED_EDGE('',*,*,#2303,.F.);
#3270=ORIENTED_EDGE('',*,*,#2289,.T.);
#3271=ORIENTED_EDGE('',*,*,#2329,.F.);
#3272=ORIENTED_EDGE('',*,*,#1961,.T.);
#3273=ORIENTED_EDGE('',*,*,#2282,.F.);
#3274=ORIENTED_EDGE('',*,*,#2260,.F.);
#3275=ORIENTED_EDGE('',*,*,#2261,.T.);
#3276=ORIENTED_EDGE('',*,*,#2330,.F.);
#3277=ORIENTED_EDGE('',*,*,#2331,.T.);
#3278=ORIENTED_EDGE('',*,*,#2332,.T.);
#3279=ORIENTED_EDGE('',*,*,#2085,.F.);
#3280=ORIENTED_EDGE('',*,*,#2333,.T.);
#3281=ORIENTED_EDGE('',*,*,#2097,.T.);
#3282=ORIENTED_EDGE('',*,*,#2334,.T.);
#3283=ORIENTED_EDGE('',*,*,#2330,.T.);
#3284=ORIENTED_EDGE('',*,*,#2084,.F.);
#3285=ORIENTED_EDGE('',*,*,#2284,.F.);
#3286=ORIENTED_EDGE('',*,*,#2092,.F.);
#3287=ORIENTED_EDGE('',*,*,#2088,.F.);
#3288=ORIENTED_EDGE('',*,*,#2096,.T.);
#3289=ORIENTED_EDGE('',*,*,#2335,.T.);
#3290=ORIENTED_EDGE('',*,*,#2331,.F.);
#3291=ORIENTED_EDGE('',*,*,#2334,.F.);
#3292=ORIENTED_EDGE('',*,*,#2095,.T.);
#3293=ORIENTED_EDGE('',*,*,#2090,.F.);
#3294=ORIENTED_EDGE('',*,*,#2094,.T.);
#3295=ORIENTED_EDGE('',*,*,#2283,.F.);
#3296=ORIENTED_EDGE('',*,*,#2086,.F.);
#3297=ORIENTED_EDGE('',*,*,#2332,.F.);
#3298=ORIENTED_EDGE('',*,*,#2335,.F.);
#3299=ORIENTED_EDGE('',*,*,#2333,.F.);
#3300=ORIENTED_EDGE('',*,*,#2336,.T.);
#3301=ORIENTED_EDGE('',*,*,#2098,.T.);
#3302=ORIENTED_EDGE('',*,*,#2336,.F.);
#3303=ORIENTED_EDGE('',*,*,#2337,.F.);
#3304=ORIENTED_EDGE('',*,*,#2338,.T.);
#3305=ORIENTED_EDGE('',*,*,#2339,.F.);
#3306=ORIENTED_EDGE('',*,*,#2082,.F.);
#3307=ORIENTED_EDGE('',*,*,#2340,.T.);
#3308=ORIENTED_EDGE('',*,*,#2105,.F.);
#3309=ORIENTED_EDGE('',*,*,#2341,.F.);
#3310=ORIENTED_EDGE('',*,*,#2337,.T.);
#3311=ORIENTED_EDGE('',*,*,#2081,.F.);
#3312=ORIENTED_EDGE('',*,*,#2279,.F.);
#3313=ORIENTED_EDGE('',*,*,#2107,.F.);
#3314=ORIENTED_EDGE('',*,*,#2101,.F.);
#3315=ORIENTED_EDGE('',*,*,#2109,.T.);
#3316=ORIENTED_EDGE('',*,*,#2278,.F.);
#3317=ORIENTED_EDGE('',*,*,#2342,.F.);
#3318=ORIENTED_EDGE('',*,*,#2083,.F.);
#3319=ORIENTED_EDGE('',*,*,#2339,.T.);
#3320=ORIENTED_EDGE('',*,*,#2343,.T.);
#3321=ORIENTED_EDGE('',*,*,#2103,.F.);
#3322=ORIENTED_EDGE('',*,*,#2099,.F.);
#3323=ORIENTED_EDGE('',*,*,#2338,.F.);
#3324=ORIENTED_EDGE('',*,*,#2341,.T.);
#3325=ORIENTED_EDGE('',*,*,#2104,.F.);
#3326=ORIENTED_EDGE('',*,*,#2343,.F.);
#3327=ORIENTED_EDGE('',*,*,#2106,.F.);
#3328=ORIENTED_EDGE('',*,*,#2344,.T.);
#3329=ORIENTED_EDGE('',*,*,#2340,.F.);
#3330=ORIENTED_EDGE('',*,*,#2344,.F.);
#3331=ORIENTED_EDGE('',*,*,#2342,.T.);
#3332=ORIENTED_EDGE('',*,*,#2277,.F.);
#3333=ORIENTED_EDGE('',*,*,#2014,.F.);
#3334=ORIENTED_EDGE('',*,*,#2345,.T.);
#3335=ORIENTED_EDGE('',*,*,#2018,.T.);
#3336=ORIENTED_EDGE('',*,*,#2346,.F.);
#3337=ORIENTED_EDGE('',*,*,#2347,.F.);
#3338=ORIENTED_EDGE('',*,*,#2020,.T.);
#3339=ORIENTED_EDGE('',*,*,#2348,.T.);
#3340=ORIENTED_EDGE('',*,*,#2077,.T.);
#3341=ORIENTED_EDGE('',*,*,#2295,.F.);
#3342=ORIENTED_EDGE('',*,*,#2031,.F.);
#3343=ORIENTED_EDGE('',*,*,#2280,.F.);
#3344=ORIENTED_EDGE('',*,*,#2079,.T.);
#3345=ORIENTED_EDGE('',*,*,#2345,.F.);
#3346=ORIENTED_EDGE('',*,*,#2013,.F.);
#3347=ORIENTED_EDGE('',*,*,#2078,.T.);
#3348=ORIENTED_EDGE('',*,*,#2348,.F.);
#3349=ORIENTED_EDGE('',*,*,#2019,.T.);
#3350=ORIENTED_EDGE('',*,*,#2299,.F.);
#3351=ORIENTED_EDGE('',*,*,#2035,.T.);
#3352=ORIENTED_EDGE('',*,*,#1896,.F.);
#3353=ORIENTED_EDGE('',*,*,#2298,.F.);
#3354=ORIENTED_EDGE('',*,*,#2074,.T.);
#3355=ORIENTED_EDGE('',*,*,#2349,.F.);
#3356=ORIENTED_EDGE('',*,*,#2071,.F.);
#3357=ORIENTED_EDGE('',*,*,#2068,.F.);
#3358=ORIENTED_EDGE('',*,*,#2350,.F.);
#3359=ORIENTED_EDGE('',*,*,#2296,.T.);
#3360=ORIENTED_EDGE('',*,*,#2072,.T.);
#3361=ORIENTED_EDGE('',*,*,#2349,.T.);
#3362=ORIENTED_EDGE('',*,*,#2351,.F.);
#3363=ORIENTED_EDGE('',*,*,#2297,.T.);
#3364=ORIENTED_EDGE('',*,*,#2351,.T.);
#3365=ORIENTED_EDGE('',*,*,#2350,.T.);
#3366=ORIENTED_EDGE('',*,*,#2067,.F.);
#3367=ORIENTED_EDGE('',*,*,#2352,.F.);
#3368=ORIENTED_EDGE('',*,*,#2026,.F.);
#3369=ORIENTED_EDGE('',*,*,#2022,.F.);
#3370=ORIENTED_EDGE('',*,*,#2353,.F.);
#3371=ORIENTED_EDGE('',*,*,#2347,.T.);
#3372=ORIENTED_EDGE('',*,*,#2354,.T.);
#3373=ORIENTED_EDGE('',*,*,#2353,.T.);
#3374=ORIENTED_EDGE('',*,*,#2021,.F.);
#3375=ORIENTED_EDGE('',*,*,#2346,.T.);
#3376=ORIENTED_EDGE('',*,*,#2027,.T.);
#3377=ORIENTED_EDGE('',*,*,#2352,.T.);
#3378=ORIENTED_EDGE('',*,*,#2354,.F.);
#3379=CYLINDRICAL_SURFACE('',#3625,3.);
#3380=CYLINDRICAL_SURFACE('',#3630,3.);
#3381=CYLINDRICAL_SURFACE('',#3649,2.05);
#3382=CYLINDRICAL_SURFACE('',#3651,2.05);
#3383=CYLINDRICAL_SURFACE('',#3664,3.5);
#3384=CYLINDRICAL_SURFACE('',#3669,3.5);
#3385=CYLINDRICAL_SURFACE('',#3674,3.5);
#3386=CYLINDRICAL_SURFACE('',#3678,2.04999999999998);
#3387=CYLINDRICAL_SURFACE('',#3683,2.04999999999998);
#3388=CYLINDRICAL_SURFACE('',#3686,3.5);
#3389=CYLINDRICAL_SURFACE('',#3692,2.05);
#3390=CYLINDRICAL_SURFACE('',#3701,4.);
#3391=CYLINDRICAL_SURFACE('',#3705,6.);
#3392=CYLINDRICAL_SURFACE('',#3706,4.);
#3393=CYLINDRICAL_SURFACE('',#3707,2.05);
#3394=CYLINDRICAL_SURFACE('',#3714,4.);
#3395=CYLINDRICAL_SURFACE('',#3719,2.043);
#3396=CYLINDRICAL_SURFACE('',#3725,2.);
#3397=CYLINDRICAL_SURFACE('',#3735,3.5);
#3398=CYLINDRICAL_SURFACE('',#3740,3.5);
#3399=CYLINDRICAL_SURFACE('',#3828,2.);
#3400=CYLINDRICAL_SURFACE('',#3830,2.);
#3401=CYLINDRICAL_SURFACE('',#3837,13.5);
#3402=CYLINDRICAL_SURFACE('',#3856,5.49999999999999);
#3403=CYLINDRICAL_SURFACE('',#3857,5.50000000000001);
#3404=CYLINDRICAL_SURFACE('',#3863,2.05);
#3405=CYLINDRICAL_SURFACE('',#3869,2.05);
#3406=CYLINDRICAL_SURFACE('',#3875,2.05);
#3407=CYLINDRICAL_SURFACE('',#3881,2.05);
#3408=CYLINDRICAL_SURFACE('',#3882,3.00000000000001);
#3409=CYLINDRICAL_SURFACE('',#3886,3.00000000000001);
#3410=CYLINDRICAL_SURFACE('',#3887,2.99999999999999);
#3411=CYLINDRICAL_SURFACE('',#3891,2.99999999999999);
#3412=CYLINDRICAL_SURFACE('',#3901,0.999999999999996);
#3413=CYLINDRICAL_SURFACE('',#3907,0.999999999999993);
#3414=ADVANCED_FACE('',(#244),#3379,.F.);
#3415=ADVANCED_FACE('',(#245,#60),#89,.T.);
#3416=ADVANCED_FACE('',(#246),#3380,.F.);
#3417=ADVANCED_FACE('',(#247,#61),#90,.T.);
#3418=ADVANCED_FACE('',(#248,#62),#58,.F.);
#3419=ADVANCED_FACE('',(#249),#59,.F.);
#3420=ADVANCED_FACE('',(#250),#25,.F.);
#3421=ADVANCED_FACE('',(#251),#91,.F.);
#3422=ADVANCED_FACE('',(#252),#92,.F.);
#3423=ADVANCED_FACE('',(#253,#63,#64,#65),#93,.F.);
#3424=ADVANCED_FACE('',(#254),#94,.F.);
#3425=ADVANCED_FACE('',(#255,#66,#67,#68),#95,.T.);
#3426=ADVANCED_FACE('',(#256),#96,.F.);
#3427=ADVANCED_FACE('',(#257),#97,.F.);
#3428=ADVANCED_FACE('',(#258,#69),#98,.T.);
#3429=ADVANCED_FACE('',(#259),#99,.F.);
#3430=ADVANCED_FACE('',(#260),#3381,.F.);
#3431=ADVANCED_FACE('',(#261),#3382,.F.);
#3432=ADVANCED_FACE('',(#262),#100,.F.);
#3433=ADVANCED_FACE('',(#263),#101,.F.);
#3434=ADVANCED_FACE('',(#264),#102,.F.);
#3435=ADVANCED_FACE('',(#265,#70,#71,#72),#103,.T.);
#3436=ADVANCED_FACE('',(#266),#104,.F.);
#3437=ADVANCED_FACE('',(#267),#3383,.F.);
#3438=ADVANCED_FACE('',(#268,#73),#105,.T.);
#3439=ADVANCED_FACE('',(#269),#3384,.F.);
#3440=ADVANCED_FACE('',(#270,#74),#106,.T.);
#3441=ADVANCED_FACE('',(#271),#3385,.T.);
#3442=ADVANCED_FACE('',(#272),#107,.T.);
#3443=ADVANCED_FACE('',(#273),#3386,.F.);
#3444=ADVANCED_FACE('',(#274),#108,.T.);
#3445=ADVANCED_FACE('',(#275),#3387,.F.);
#3446=ADVANCED_FACE('',(#276),#3388,.T.);
#3447=ADVANCED_FACE('',(#277),#109,.F.);
#3448=ADVANCED_FACE('',(#278,#75),#110,.F.);
#3449=ADVANCED_FACE('',(#279),#111,.F.);
#3450=ADVANCED_FACE('',(#280),#112,.F.);
#3451=ADVANCED_FACE('',(#281),#3389,.F.);
#3452=ADVANCED_FACE('',(#282),#113,.F.);
#3453=ADVANCED_FACE('',(#283),#114,.T.);
#3454=ADVANCED_FACE('',(#284),#3390,.T.);
#3455=ADVANCED_FACE('',(#285),#115,.T.);
#3456=ADVANCED_FACE('',(#286),#3391,.F.);
#3457=ADVANCED_FACE('',(#287),#3392,.F.);
#3458=ADVANCED_FACE('',(#288),#3393,.F.);
#3459=ADVANCED_FACE('',(#289),#3394,.T.);
#3460=ADVANCED_FACE('',(#290),#116,.T.);
#3461=ADVANCED_FACE('',(#291),#117,.T.);
#3462=ADVANCED_FACE('',(#292),#3395,.F.);
#3463=ADVANCED_FACE('',(#293),#118,.T.);
#3464=ADVANCED_FACE('',(#294,#76),#119,.F.);
#3465=ADVANCED_FACE('',(#295),#3396,.F.);
#3466=ADVANCED_FACE('',(#296,#77),#120,.F.);
#3467=ADVANCED_FACE('',(#297),#121,.T.);
#3468=ADVANCED_FACE('',(#298),#122,.F.);
#3469=ADVANCED_FACE('',(#299),#123,.F.);
#3470=ADVANCED_FACE('',(#300),#124,.F.);
#3471=ADVANCED_FACE('',(#301),#125,.F.);
#3472=ADVANCED_FACE('',(#302),#3397,.F.);
#3473=ADVANCED_FACE('',(#303),#126,.T.);
#3474=ADVANCED_FACE('',(#304),#3398,.F.);
#3475=ADVANCED_FACE('',(#305),#127,.T.);
#3476=ADVANCED_FACE('',(#306),#128,.F.);
#3477=ADVANCED_FACE('',(#307),#129,.F.);
#3478=ADVANCED_FACE('',(#308),#130,.F.);
#3479=ADVANCED_FACE('',(#309),#131,.F.);
#3480=ADVANCED_FACE('',(#310),#132,.F.);
#3481=ADVANCED_FACE('',(#311),#133,.T.);
#3482=ADVANCED_FACE('',(#312),#134,.T.);
#3483=ADVANCED_FACE('',(#313),#135,.F.);
#3484=ADVANCED_FACE('',(#314),#136,.F.);
#3485=ADVANCED_FACE('',(#315),#137,.F.);
#3486=ADVANCED_FACE('',(#316),#138,.F.);
#3487=ADVANCED_FACE('',(#317),#139,.F.);
#3488=ADVANCED_FACE('',(#318),#140,.T.);
#3489=ADVANCED_FACE('',(#319),#141,.F.);
#3490=ADVANCED_FACE('',(#320),#142,.F.);
#3491=ADVANCED_FACE('',(#321),#143,.F.);
#3492=ADVANCED_FACE('',(#322),#144,.F.);
#3493=ADVANCED_FACE('',(#323),#145,.F.);
#3494=ADVANCED_FACE('',(#324),#146,.T.);
#3495=ADVANCED_FACE('',(#325),#147,.F.);
#3496=ADVANCED_FACE('',(#326),#148,.F.);
#3497=ADVANCED_FACE('',(#327),#149,.F.);
#3498=ADVANCED_FACE('',(#328),#150,.F.);
#3499=ADVANCED_FACE('',(#329),#151,.F.);
#3500=ADVANCED_FACE('',(#330),#152,.T.);
#3501=ADVANCED_FACE('',(#331),#153,.F.);
#3502=ADVANCED_FACE('',(#332),#154,.F.);
#3503=ADVANCED_FACE('',(#333),#155,.F.);
#3504=ADVANCED_FACE('',(#334),#156,.F.);
#3505=ADVANCED_FACE('',(#335),#157,.F.);
#3506=ADVANCED_FACE('',(#336),#158,.T.);
#3507=ADVANCED_FACE('',(#337),#159,.F.);
#3508=ADVANCED_FACE('',(#338),#160,.F.);
#3509=ADVANCED_FACE('',(#339),#161,.F.);
#3510=ADVANCED_FACE('',(#340),#162,.F.);
#3511=ADVANCED_FACE('',(#341),#163,.F.);
#3512=ADVANCED_FACE('',(#342),#164,.T.);
#3513=ADVANCED_FACE('',(#343),#165,.F.);
#3514=ADVANCED_FACE('',(#344),#166,.F.);
#3515=ADVANCED_FACE('',(#345),#167,.F.);
#3516=ADVANCED_FACE('',(#346),#168,.F.);
#3517=ADVANCED_FACE('',(#347),#169,.F.);
#3518=ADVANCED_FACE('',(#348),#170,.T.);
#3519=ADVANCED_FACE('',(#349),#171,.F.);
#3520=ADVANCED_FACE('',(#350),#172,.F.);
#3521=ADVANCED_FACE('',(#351),#173,.F.);
#3522=ADVANCED_FACE('',(#352),#174,.F.);
#3523=ADVANCED_FACE('',(#353),#175,.F.);
#3524=ADVANCED_FACE('',(#354),#176,.T.);
#3525=ADVANCED_FACE('',(#355),#177,.F.);
#3526=ADVANCED_FACE('',(#356),#178,.F.);
#3527=ADVANCED_FACE('',(#357),#179,.F.);
#3528=ADVANCED_FACE('',(#358),#180,.F.);
#3529=ADVANCED_FACE('',(#359),#181,.F.);
#3530=ADVANCED_FACE('',(#360),#182,.T.);
#3531=ADVANCED_FACE('',(#361),#183,.F.);
#3532=ADVANCED_FACE('',(#362),#184,.F.);
#3533=ADVANCED_FACE('',(#363),#185,.F.);
#3534=ADVANCED_FACE('',(#364),#186,.F.);
#3535=ADVANCED_FACE('',(#365),#187,.F.);
#3536=ADVANCED_FACE('',(#366),#188,.T.);
#3537=ADVANCED_FACE('',(#367),#189,.F.);
#3538=ADVANCED_FACE('',(#368),#190,.F.);
#3539=ADVANCED_FACE('',(#369),#191,.F.);
#3540=ADVANCED_FACE('',(#370),#192,.F.);
#3541=ADVANCED_FACE('',(#371),#193,.F.);
#3542=ADVANCED_FACE('',(#372),#194,.T.);
#3543=ADVANCED_FACE('',(#373),#195,.F.);
#3544=ADVANCED_FACE('',(#374),#196,.F.);
#3545=ADVANCED_FACE('',(#375),#197,.F.);
#3546=ADVANCED_FACE('',(#376),#198,.F.);
#3547=ADVANCED_FACE('',(#377),#199,.F.);
#3548=ADVANCED_FACE('',(#378),#200,.T.);
#3549=ADVANCED_FACE('',(#379),#201,.F.);
#3550=ADVANCED_FACE('',(#380),#202,.F.);
#3551=ADVANCED_FACE('',(#381),#203,.F.);
#3552=ADVANCED_FACE('',(#382),#204,.F.);
#3553=ADVANCED_FACE('',(#383),#205,.F.);
#3554=ADVANCED_FACE('',(#384),#206,.T.);
#3555=ADVANCED_FACE('',(#385),#207,.F.);
#3556=ADVANCED_FACE('',(#386),#208,.T.);
#3557=ADVANCED_FACE('',(#387),#3399,.F.);
#3558=ADVANCED_FACE('',(#388),#209,.F.);
#3559=ADVANCED_FACE('',(#389),#3400,.F.);
#3560=ADVANCED_FACE('',(#390),#210,.F.);
#3561=ADVANCED_FACE('',(#391),#15,.F.);
#3562=ADVANCED_FACE('',(#392),#3401,.F.);
#3563=ADVANCED_FACE('',(#393,#78,#79,#80,#81,#82),#211,.F.);
#3564=ADVANCED_FACE('',(#394),#212,.F.);
#3565=ADVANCED_FACE('',(#395),#213,.F.);
#3566=ADVANCED_FACE('',(#396),#214,.F.);
#3567=ADVANCED_FACE('',(#397),#215,.T.);
#3568=ADVANCED_FACE('',(#398),#216,.T.);
#3569=ADVANCED_FACE('',(#399),#217,.F.);
#3570=ADVANCED_FACE('',(#400),#3402,.F.);
#3571=ADVANCED_FACE('',(#401),#3403,.F.);
#3572=ADVANCED_FACE('',(#402),#218,.F.);
#3573=ADVANCED_FACE('',(#403,#83),#219,.T.);
#3574=ADVANCED_FACE('',(#404),#3404,.F.);
#3575=ADVANCED_FACE('',(#405),#220,.F.);
#3576=ADVANCED_FACE('',(#406,#84),#221,.T.);
#3577=ADVANCED_FACE('',(#407),#3405,.F.);
#3578=ADVANCED_FACE('',(#408),#222,.F.);
#3579=ADVANCED_FACE('',(#409,#85),#223,.T.);
#3580=ADVANCED_FACE('',(#410),#3406,.F.);
#3581=ADVANCED_FACE('',(#411),#224,.F.);
#3582=ADVANCED_FACE('',(#412,#86),#225,.T.);
#3583=ADVANCED_FACE('',(#413),#3407,.F.);
#3584=ADVANCED_FACE('',(#414),#3408,.T.);
#3585=ADVANCED_FACE('',(#415),#16,.F.);
#3586=ADVANCED_FACE('',(#416),#3409,.T.);
#3587=ADVANCED_FACE('',(#417),#3410,.T.);
#3588=ADVANCED_FACE('',(#418),#17,.F.);
#3589=ADVANCED_FACE('',(#419),#3411,.T.);
#3590=ADVANCED_FACE('',(#420),#18,.F.);
#3591=ADVANCED_FACE('',(#421),#226,.F.);
#3592=ADVANCED_FACE('',(#422,#87),#227,.T.);
#3593=ADVANCED_FACE('',(#423),#228,.T.);
#3594=ADVANCED_FACE('',(#424),#229,.T.);
#3595=ADVANCED_FACE('',(#425),#230,.T.);
#3596=ADVANCED_FACE('',(#426),#3412,.F.);
#3597=ADVANCED_FACE('',(#427,#88),#231,.T.);
#3598=ADVANCED_FACE('',(#428),#232,.T.);
#3599=ADVANCED_FACE('',(#429),#233,.T.);
#3600=ADVANCED_FACE('',(#430),#234,.T.);
#3601=ADVANCED_FACE('',(#431),#3413,.F.);
#3602=ADVANCED_FACE('',(#432),#235,.F.);
#3603=ADVANCED_FACE('',(#433),#236,.F.);
#3604=ADVANCED_FACE('',(#434),#237,.F.);
#3605=ADVANCED_FACE('',(#435),#238,.T.);
#3606=ADVANCED_FACE('',(#436),#239,.F.);
#3607=ADVANCED_FACE('',(#437),#240,.F.);
#3608=ADVANCED_FACE('',(#438),#241,.T.);
#3609=ADVANCED_FACE('',(#439),#242,.F.);
#3610=ADVANCED_FACE('',(#440),#243,.F.);
#3611=CLOSED_SHELL('',(#3414,#3415,#3416,#3417,#3418,#3419,#3420,#3421,
#3422,#3423,#3424,#3425,#3426,#3427,#3428,#3429,#3430,#3431,#3432,#3433,
#3434,#3435,#3436,#3437,#3438,#3439,#3440,#3441,#3442,#3443,#3444,#3445,
#3446,#3447,#3448,#3449,#3450,#3451,#3452,#3453,#3454,#3455,#3456,#3457,
#3458,#3459,#3460,#3461,#3462,#3463,#3464,#3465,#3466,#3467,#3468,#3469,
#3470,#3471,#3472,#3473,#3474,#3475,#3476,#3477,#3478,#3479,#3480,#3481,
#3482,#3483,#3484,#3485,#3486,#3487,#3488,#3489,#3490,#3491,#3492,#3493,
#3494,#3495,#3496,#3497,#3498,#3499,#3500,#3501,#3502,#3503,#3504,#3505,
#3506,#3507,#3508,#3509,#3510,#3511,#3512,#3513,#3514,#3515,#3516,#3517,
#3518,#3519,#3520,#3521,#3522,#3523,#3524,#3525,#3526,#3527,#3528,#3529,
#3530,#3531,#3532,#3533,#3534,#3535,#3536,#3537,#3538,#3539,#3540,#3541,
#3542,#3543,#3544,#3545,#3546,#3547,#3548,#3549,#3550,#3551,#3552,#3553,
#3554,#3555,#3556,#3557,#3558,#3559,#3560,#3561,#3562,#3563,#3564,#3565,
#3566,#3567,#3568,#3569,#3570,#3571,#3572,#3573,#3574,#3575,#3576,#3577,
#3578,#3579,#3580,#3581,#3582,#3583,#3584,#3585,#3586,#3587,#3588,#3589,
#3590,#3591,#3592,#3593,#3594,#3595,#3596,#3597,#3598,#3599,#3600,#3601,
#3602,#3603,#3604,#3605,#3606,#3607,#3608,#3609,#3610));
#3612=DERIVED_UNIT_ELEMENT(#3614,1.);
#3613=DERIVED_UNIT_ELEMENT(#6572,-3.);
#3614=(
MASS_UNIT()
NAMED_UNIT(*)
SI_UNIT(.KILO.,.GRAM.)
);
#3615=DERIVED_UNIT((#3612,#3613));
#3616=MEASURE_REPRESENTATION_ITEM('density measure',
POSITIVE_RATIO_MEASURE(7850.),#3615);
#3617=PROPERTY_DEFINITION_REPRESENTATION(#3622,#3619);
#3618=PROPERTY_DEFINITION_REPRESENTATION(#3623,#3620);
#3619=REPRESENTATION('material name',(#3621),#6569);
#3620=REPRESENTATION('density',(#3616),#6569);
#3621=DESCRIPTIVE_REPRESENTATION_ITEM('Steel','Steel');
#3622=PROPERTY_DEFINITION('material property','material name',#6579);
#3623=PROPERTY_DEFINITION('material property','density of part',#6579);
#3624=AXIS2_PLACEMENT_3D('',#4885,#3917,#3918);
#3625=AXIS2_PLACEMENT_3D('',#4886,#3919,#3920);
#3626=AXIS2_PLACEMENT_3D('',#4888,#3921,#3922);
#3627=AXIS2_PLACEMENT_3D('',#4891,#3924,#3925);
#3628=AXIS2_PLACEMENT_3D('',#4892,#3926,#3927);
#3629=AXIS2_PLACEMENT_3D('',#4894,#3928,#3929);
#3630=AXIS2_PLACEMENT_3D('',#4895,#3930,#3931);
#3631=AXIS2_PLACEMENT_3D('',#4897,#3932,#3933);
#3632=AXIS2_PLACEMENT_3D('',#4900,#3935,#3936);
#3633=AXIS2_PLACEMENT_3D('',#4901,#3937,#3938);
#3634=AXIS2_PLACEMENT_3D('',#4903,#3939,#3940);
#3635=AXIS2_PLACEMENT_3D('',#5587,#3947,#3948);
#3636=AXIS2_PLACEMENT_3D('',#5593,#3952,#3953);
#3637=AXIS2_PLACEMENT_3D('',#5599,#3957,#3958);
#3638=AXIS2_PLACEMENT_3D('',#5625,#3972,#3973);
#3639=AXIS2_PLACEMENT_3D('',#5627,#3974,#3975);
#3640=AXIS2_PLACEMENT_3D('',#5629,#3976,#3977);
#3641=AXIS2_PLACEMENT_3D('',#5630,#3978,#3979);
#3642=AXIS2_PLACEMENT_3D('',#5634,#3982,#3983);
#3643=AXIS2_PLACEMENT_3D('',#5643,#3988,#3989);
#3644=AXIS2_PLACEMENT_3D('',#5645,#3990,#3991);
#3645=AXIS2_PLACEMENT_3D('',#5646,#3992,#3993);
#3646=AXIS2_PLACEMENT_3D('',#5650,#3996,#3997);
#3647=AXIS2_PLACEMENT_3D('',#5656,#4001,#4002);
#3648=AXIS2_PLACEMENT_3D('',#5716,#4033,#4034);
#3649=AXIS2_PLACEMENT_3D('',#5720,#4037,#4038);
#3650=AXIS2_PLACEMENT_3D('',#5722,#4039,#4040);
#3651=AXIS2_PLACEMENT_3D('',#5724,#4042,#4043);
#3652=AXIS2_PLACEMENT_3D('',#5726,#4045,#4046);
#3653=AXIS2_PLACEMENT_3D('',#5738,#4053,#4054);
#3654=AXIS2_PLACEMENT_3D('',#5748,#4060,#4061);
#3655=AXIS2_PLACEMENT_3D('',#5754,#4065,#4066);
#3656=AXIS2_PLACEMENT_3D('',#5756,#4067,#4068);
#3657=AXIS2_PLACEMENT_3D('',#5760,#4070,#4071);
#3658=AXIS2_PLACEMENT_3D('',#5768,#4076,#4077);
#3659=AXIS2_PLACEMENT_3D('',#5773,#4079,#4080);
#3660=AXIS2_PLACEMENT_3D('',#5776,#4082,#4083);
#3661=AXIS2_PLACEMENT_3D('',#5781,#4085,#4086);
#3662=AXIS2_PLACEMENT_3D('',#5784,#4088,#4089);
#3663=AXIS2_PLACEMENT_3D('',#5785,#4090,#4091);
#3664=AXIS2_PLACEMENT_3D('',#5791,#4095,#4096);
#3665=AXIS2_PLACEMENT_3D('',#5795,#4098,#4099);
#3666=AXIS2_PLACEMENT_3D('',#5797,#4101,#4102);
#3667=AXIS2_PLACEMENT_3D('',#5798,#4103,#4104);
#3668=AXIS2_PLACEMENT_3D('',#5800,#4105,#4106);
#3669=AXIS2_PLACEMENT_3D('',#5801,#4107,#4108);
#3670=AXIS2_PLACEMENT_3D('',#5802,#4109,#4110);
#3671=AXIS2_PLACEMENT_3D('',#5803,#4111,#4112);
#3672=AXIS2_PLACEMENT_3D('',#5804,#4113,#4114);
#3673=AXIS2_PLACEMENT_3D('',#5806,#4115,#4116);
#3674=AXIS2_PLACEMENT_3D('',#5807,#4117,#4118);
#3675=AXIS2_PLACEMENT_3D('',#5808,#4119,#4120);
#3676=AXIS2_PLACEMENT_3D('',#5809,#4121,#4122);
#3677=AXIS2_PLACEMENT_3D('',#5813,#4124,#4125);
#3678=AXIS2_PLACEMENT_3D('',#5814,#4126,#4127);
#3679=AXIS2_PLACEMENT_3D('',#5817,#4129,#4130);
#3680=AXIS2_PLACEMENT_3D('',#5818,#4131,#4132);
#3681=AXIS2_PLACEMENT_3D('',#5819,#4133,#4134);
#3682=AXIS2_PLACEMENT_3D('',#5820,#4135,#4136);
#3683=AXIS2_PLACEMENT_3D('',#5821,#4137,#4138);
#3684=AXIS2_PLACEMENT_3D('',#5824,#4140,#4141);
#3685=AXIS2_PLACEMENT_3D('',#5825,#4142,#4143);
#3686=AXIS2_PLACEMENT_3D('',#5826,#4144,#4145);
#3687=AXIS2_PLACEMENT_3D('',#5830,#4147,#4148);
#3688=AXIS2_PLACEMENT_3D('',#5832,#4150,#4151);
#3689=AXIS2_PLACEMENT_3D('',#5835,#4154,#4155);
#3690=AXIS2_PLACEMENT_3D('',#5843,#4160,#4161);
#3691=AXIS2_PLACEMENT_3D('',#5844,#4162,#4163);
#3692=AXIS2_PLACEMENT_3D('',#5848,#4166,#4167);
#3693=AXIS2_PLACEMENT_3D('',#5851,#4168,#4169);
#3694=AXIS2_PLACEMENT_3D('',#5853,#4170,#4171);
#3695=AXIS2_PLACEMENT_3D('',#5855,#4172,#4173);
#3696=AXIS2_PLACEMENT_3D('',#5859,#4175,#4176);
#3697=AXIS2_PLACEMENT_3D('',#5863,#4179,#4180);
#3698=AXIS2_PLACEMENT_3D('',#5865,#4181,#4182);
#3699=AXIS2_PLACEMENT_3D('',#5867,#4184,#4185);
#3700=AXIS2_PLACEMENT_3D('',#5877,#4191,#4192);
#3701=AXIS2_PLACEMENT_3D('',#5881,#4195,#4196);
#3702=AXIS2_PLACEMENT_3D('',#5883,#4197,#4198);
#3703=AXIS2_PLACEMENT_3D('',#5884,#4199,#4200);
#3704=AXIS2_PLACEMENT_3D('',#5885,#4201,#4202);
#3705=AXIS2_PLACEMENT_3D('',#5940,#4231,#4232);
#3706=AXIS2_PLACEMENT_3D('',#5942,#4234,#4235);
#3707=AXIS2_PLACEMENT_3D('',#5944,#4237,#4238);
#3708=AXIS2_PLACEMENT_3D('',#5949,#4240,#4241);
#3709=AXIS2_PLACEMENT_3D('',#5951,#4243,#4244);
#3710=AXIS2_PLACEMENT_3D('',#5953,#4245,#4246);
#3711=AXIS2_PLACEMENT_3D('',#5957,#4248,#4249);
#3712=AXIS2_PLACEMENT_3D('',#5959,#4250,#4251);
#3713=AXIS2_PLACEMENT_3D('',#5960,#4252,#4253);
#3714=AXIS2_PLACEMENT_3D('',#5961,#4254,#4255);
#3715=AXIS2_PLACEMENT_3D('',#5965,#4257,#4258);
#3716=AXIS2_PLACEMENT_3D('',#5966,#4259,#4260);
#3717=AXIS2_PLACEMENT_3D('',#5967,#4261,#4262);
#3718=AXIS2_PLACEMENT_3D('',#5978,#4268,#4269);
#3719=AXIS2_PLACEMENT_3D('',#5987,#4274,#4275);
#3720=AXIS2_PLACEMENT_3D('',#5990,#4276,#4277);
#3721=AXIS2_PLACEMENT_3D('',#5994,#4279,#4280);
#3722=AXIS2_PLACEMENT_3D('',#5996,#4282,#4283);
#3723=AXIS2_PLACEMENT_3D('',#6002,#4287,#4288);
#3724=AXIS2_PLACEMENT_3D('',#6009,#4292,#4293);
#3725=AXIS2_PLACEMENT_3D('',#6010,#4294,#4295);
#3726=AXIS2_PLACEMENT_3D('',#6013,#4296,#4297);
#3727=AXIS2_PLACEMENT_3D('',#6017,#4299,#4300);
#3728=AXIS2_PLACEMENT_3D('',#6019,#4302,#4303);
#3729=AXIS2_PLACEMENT_3D('',#6026,#4307,#4308);
#3730=AXIS2_PLACEMENT_3D('',#6027,#4309,#4310);
#3731=AXIS2_PLACEMENT_3D('',#6033,#4314,#4315);
#3732=AXIS2_PLACEMENT_3D('',#6039,#4319,#4320);
#3733=AXIS2_PLACEMENT_3D('',#6045,#4324,#4325);
#3734=AXIS2_PLACEMENT_3D('',#6051,#4329,#4330);
#3735=AXIS2_PLACEMENT_3D('',#6057,#4334,#4335);
#3736=AXIS2_PLACEMENT_3D('',#6058,#4336,#4337);
#3737=AXIS2_PLACEMENT_3D('',#6059,#4338,#4339);
#3738=AXIS2_PLACEMENT_3D('',#6061,#4340,#4341);
#3739=AXIS2_PLACEMENT_3D('',#6062,#4342,#4343);
#3740=AXIS2_PLACEMENT_3D('',#6063,#4344,#4345);
#3741=AXIS2_PLACEMENT_3D('',#6064,#4346,#4347);
#3742=AXIS2_PLACEMENT_3D('',#6065,#4348,#4349);
#3743=AXIS2_PLACEMENT_3D('',#6067,#4350,#4351);
#3744=AXIS2_PLACEMENT_3D('',#6068,#4352,#4353);
#3745=AXIS2_PLACEMENT_3D('',#6069,#4354,#4355);
#3746=AXIS2_PLACEMENT_3D('',#6076,#4360,#4361);
#3747=AXIS2_PLACEMENT_3D('',#6080,#4364,#4365);
#3748=AXIS2_PLACEMENT_3D('',#6085,#4369,#4370);
#3749=AXIS2_PLACEMENT_3D('',#6087,#4372,#4373);
#3750=AXIS2_PLACEMENT_3D('',#6088,#4374,#4375);
#3751=AXIS2_PLACEMENT_3D('',#6089,#4376,#4377);
#3752=AXIS2_PLACEMENT_3D('',#6091,#4379,#4380);
#3753=AXIS2_PLACEMENT_3D('',#6097,#4384,#4385);
#3754=AXIS2_PLACEMENT_3D('',#6101,#4388,#4389);
#3755=AXIS2_PLACEMENT_3D('',#6106,#4393,#4394);
#3756=AXIS2_PLACEMENT_3D('',#6108,#4396,#4397);
#3757=AXIS2_PLACEMENT_3D('',#6109,#4398,#4399);
#3758=AXIS2_PLACEMENT_3D('',#6111,#4401,#4402);
#3759=AXIS2_PLACEMENT_3D('',#6117,#4406,#4407);
#3760=AXIS2_PLACEMENT_3D('',#6121,#4410,#4411);
#3761=AXIS2_PLACEMENT_3D('',#6126,#4415,#4416);
#3762=AXIS2_PLACEMENT_3D('',#6128,#4418,#4419);
#3763=AXIS2_PLACEMENT_3D('',#6129,#4420,#4421);
#3764=AXIS2_PLACEMENT_3D('',#6131,#4423,#4424);
#3765=AXIS2_PLACEMENT_3D('',#6137,#4428,#4429);
#3766=AXIS2_PLACEMENT_3D('',#6141,#4432,#4433);
#3767=AXIS2_PLACEMENT_3D('',#6146,#4437,#4438);
#3768=AXIS2_PLACEMENT_3D('',#6148,#4440,#4441);
#3769=AXIS2_PLACEMENT_3D('',#6149,#4442,#4443);
#3770=AXIS2_PLACEMENT_3D('',#6151,#4445,#4446);
#3771=AXIS2_PLACEMENT_3D('',#6157,#4450,#4451);
#3772=AXIS2_PLACEMENT_3D('',#6161,#4454,#4455);
#3773=AXIS2_PLACEMENT_3D('',#6166,#4459,#4460);
#3774=AXIS2_PLACEMENT_3D('',#6168,#4462,#4463);
#3775=AXIS2_PLACEMENT_3D('',#6169,#4464,#4465);
#3776=AXIS2_PLACEMENT_3D('',#6171,#4467,#4468);
#3777=AXIS2_PLACEMENT_3D('',#6177,#4472,#4473);
#3778=AXIS2_PLACEMENT_3D('',#6181,#4476,#4477);
#3779=AXIS2_PLACEMENT_3D('',#6186,#4481,#4482);
#3780=AXIS2_PLACEMENT_3D('',#6188,#4484,#4485);
#3781=AXIS2_PLACEMENT_3D('',#6189,#4486,#4487);
#3782=AXIS2_PLACEMENT_3D('',#6191,#4489,#4490);
#3783=AXIS2_PLACEMENT_3D('',#6197,#4494,#4495);
#3784=AXIS2_PLACEMENT_3D('',#6201,#4498,#4499);
#3785=AXIS2_PLACEMENT_3D('',#6206,#4503,#4504);
#3786=AXIS2_PLACEMENT_3D('',#6208,#4506,#4507);
#3787=AXIS2_PLACEMENT_3D('',#6209,#4508,#4509);
#3788=AXIS2_PLACEMENT_3D('',#6211,#4511,#4512);
#3789=AXIS2_PLACEMENT_3D('',#6217,#4516,#4517);
#3790=AXIS2_PLACEMENT_3D('',#6221,#4520,#4521);
#3791=AXIS2_PLACEMENT_3D('',#6226,#4525,#4526);
#3792=AXIS2_PLACEMENT_3D('',#6228,#4528,#4529);
#3793=AXIS2_PLACEMENT_3D('',#6229,#4530,#4531);
#3794=AXIS2_PLACEMENT_3D('',#6231,#4533,#4534);
#3795=AXIS2_PLACEMENT_3D('',#6237,#4538,#4539);
#3796=AXIS2_PLACEMENT_3D('',#6241,#4542,#4543);
#3797=AXIS2_PLACEMENT_3D('',#6246,#4547,#4548);
#3798=AXIS2_PLACEMENT_3D('',#6248,#4550,#4551);
#3799=AXIS2_PLACEMENT_3D('',#6249,#4552,#4553);
#3800=AXIS2_PLACEMENT_3D('',#6251,#4555,#4556);
#3801=AXIS2_PLACEMENT_3D('',#6257,#4560,#4561);
#3802=AXIS2_PLACEMENT_3D('',#6261,#4564,#4565);
#3803=AXIS2_PLACEMENT_3D('',#6266,#4569,#4570);
#3804=AXIS2_PLACEMENT_3D('',#6268,#4572,#4573);
#3805=AXIS2_PLACEMENT_3D('',#6269,#4574,#4575);
#3806=AXIS2_PLACEMENT_3D('',#6271,#4577,#4578);
#3807=AXIS2_PLACEMENT_3D('',#6277,#4582,#4583);
#3808=AXIS2_PLACEMENT_3D('',#6281,#4586,#4587);
#3809=AXIS2_PLACEMENT_3D('',#6286,#4591,#4592);
#3810=AXIS2_PLACEMENT_3D('',#6288,#4594,#4595);
#3811=AXIS2_PLACEMENT_3D('',#6289,#4596,#4597);
#3812=AXIS2_PLACEMENT_3D('',#6291,#4599,#4600);
#3813=AXIS2_PLACEMENT_3D('',#6297,#4604,#4605);
#3814=AXIS2_PLACEMENT_3D('',#6301,#4608,#4609);
#3815=AXIS2_PLACEMENT_3D('',#6306,#4613,#4614);
#3816=AXIS2_PLACEMENT_3D('',#6308,#4616,#4617);
#3817=AXIS2_PLACEMENT_3D('',#6309,#4618,#4619);
#3818=AXIS2_PLACEMENT_3D('',#6311,#4621,#4622);
#3819=AXIS2_PLACEMENT_3D('',#6317,#4626,#4627);
#3820=AXIS2_PLACEMENT_3D('',#6321,#4630,#4631);
#3821=AXIS2_PLACEMENT_3D('',#6326,#4635,#4636);
#3822=AXIS2_PLACEMENT_3D('',#6328,#4638,#4639);
#3823=AXIS2_PLACEMENT_3D('',#6329,#4640,#4641);
#3824=AXIS2_PLACEMENT_3D('',#6330,#4642,#4643);
#3825=AXIS2_PLACEMENT_3D('',#6336,#4647,#4648);
#3826=AXIS2_PLACEMENT_3D('',#6341,#4651,#4652);
#3827=AXIS2_PLACEMENT_3D('',#6344,#4654,#4655);
#3828=AXIS2_PLACEMENT_3D('',#6345,#4656,#4657);
#3829=AXIS2_PLACEMENT_3D('',#6348,#4660,#4661);
#3830=AXIS2_PLACEMENT_3D('',#6350,#4663,#4664);
#3831=AXIS2_PLACEMENT_3D('',#6351,#4665,#4666);
#3832=AXIS2_PLACEMENT_3D('',#6352,#4667,#4668);
#3833=AXIS2_PLACEMENT_3D('',#6354,#4669,#4670);
#3834=AXIS2_PLACEMENT_3D('',#6356,#4671,#4672);
#3835=AXIS2_PLACEMENT_3D('',#6358,#4673,#4674);
#3836=AXIS2_PLACEMENT_3D('',#6374,#4675,#4676);
#3837=AXIS2_PLACEMENT_3D('',#6375,#4677,#4678);
#3838=AXIS2_PLACEMENT_3D('',#6378,#4680,#4681);
#3839=AXIS2_PLACEMENT_3D('',#6379,#4682,#4683);
#3840=AXIS2_PLACEMENT_3D('',#6380,#4684,#4685);
#3841=AXIS2_PLACEMENT_3D('',#6392,#4694,#4695);
#3842=AXIS2_PLACEMENT_3D('',#6394,#4696,#4697);
#3843=AXIS2_PLACEMENT_3D('',#6396,#4698,#4699);
#3844=AXIS2_PLACEMENT_3D('',#6397,#4700,#4701);
#3845=AXIS2_PLACEMENT_3D('',#6400,#4702,#4703);
#3846=AXIS2_PLACEMENT_3D('',#6402,#4704,#4705);
#3847=AXIS2_PLACEMENT_3D('',#6404,#4706,#4707);
#3848=AXIS2_PLACEMENT_3D('',#6405,#4708,#4709);
#3849=AXIS2_PLACEMENT_3D('',#6407,#4710,#4711);
#3850=AXIS2_PLACEMENT_3D('',#6408,#4712,#4713);
#3851=AXIS2_PLACEMENT_3D('',#6410,#4715,#4716);
#3852=AXIS2_PLACEMENT_3D('',#6411,#4717,#4718);
#3853=AXIS2_PLACEMENT_3D('',#6412,#4719,#4720);
#3854=AXIS2_PLACEMENT_3D('',#6414,#4722,#4723);
#3855=AXIS2_PLACEMENT_3D('',#6415,#4724,#4725);
#3856=AXIS2_PLACEMENT_3D('',#6421,#4730,#4731);
#3857=AXIS2_PLACEMENT_3D('',#6437,#4733,#4734);
#3858=AXIS2_PLACEMENT_3D('',#6453,#4736,#4737);
#3859=AXIS2_PLACEMENT_3D('',#6455,#4738,#4739);
#3860=AXIS2_PLACEMENT_3D('',#6456,#4740,#4741);
#3861=AXIS2_PLACEMENT_3D('',#6458,#4742,#4743);
#3862=AXIS2_PLACEMENT_3D('',#6460,#4744,#4745);
#3863=AXIS2_PLACEMENT_3D('',#6461,#4746,#4747);
#3864=AXIS2_PLACEMENT_3D('',#6463,#4749,#4750);
#3865=AXIS2_PLACEMENT_3D('',#6465,#4751,#4752);
#3866=AXIS2_PLACEMENT_3D('',#6466,#4753,#4754);
#3867=AXIS2_PLACEMENT_3D('',#6468,#4755,#4756);
#3868=AXIS2_PLACEMENT_3D('',#6470,#4757,#4758);
#3869=AXIS2_PLACEMENT_3D('',#6471,#4759,#4760);
#3870=AXIS2_PLACEMENT_3D('',#6473,#4762,#4763);
#3871=AXIS2_PLACEMENT_3D('',#6475,#4764,#4765);
#3872=AXIS2_PLACEMENT_3D('',#6476,#4766,#4767);
#3873=AXIS2_PLACEMENT_3D('',#6478,#4768,#4769);
#3874=AXIS2_PLACEMENT_3D('',#6480,#4770,#4771);
#3875=AXIS2_PLACEMENT_3D('',#6481,#4772,#4773);
#3876=AXIS2_PLACEMENT_3D('',#6483,#4775,#4776);
#3877=AXIS2_PLACEMENT_3D('',#6485,#4777,#4778);
#3878=AXIS2_PLACEMENT_3D('',#6486,#4779,#4780);
#3879=AXIS2_PLACEMENT_3D('',#6488,#4781,#4782);
#3880=AXIS2_PLACEMENT_3D('',#6490,#4783,#4784);
#3881=AXIS2_PLACEMENT_3D('',#6491,#4785,#4786);
#3882=AXIS2_PLACEMENT_3D('',#6493,#4788,#4789);
#3883=AXIS2_PLACEMENT_3D('',#6496,#4791,#4792);
#3884=AXIS2_PLACEMENT_3D('',#6497,#4793,#4794);
#3885=AXIS2_PLACEMENT_3D('',#6498,#4795,#4796);
#3886=AXIS2_PLACEMENT_3D('',#6499,#4797,#4798);
#3887=AXIS2_PLACEMENT_3D('',#6501,#4800,#4801);
#3888=AXIS2_PLACEMENT_3D('',#6504,#4803,#4804);
#3889=AXIS2_PLACEMENT_3D('',#6505,#4805,#4806);
#3890=AXIS2_PLACEMENT_3D('',#6506,#4807,#4808);
#3891=AXIS2_PLACEMENT_3D('',#6507,#4809,#4810);
#3892=AXIS2_PLACEMENT_3D('',#6510,#4812,#4813);
#3893=AXIS2_PLACEMENT_3D('',#6511,#4814,#4815);
#3894=AXIS2_PLACEMENT_3D('',#6512,#4816,#4817);
#3895=AXIS2_PLACEMENT_3D('',#6513,#4818,#4819);
#3896=AXIS2_PLACEMENT_3D('',#6514,#4820,#4821);
#3897=AXIS2_PLACEMENT_3D('',#6521,#4825,#4826);
#3898=AXIS2_PLACEMENT_3D('',#6522,#4827,#4828);
#3899=AXIS2_PLACEMENT_3D('',#6524,#4830,#4831);
#3900=AXIS2_PLACEMENT_3D('',#6526,#4833,#4834);
#3901=AXIS2_PLACEMENT_3D('',#6527,#4835,#4836);
#3902=AXIS2_PLACEMENT_3D('',#6529,#4838,#4839);
#3903=AXIS2_PLACEMENT_3D('',#6536,#4843,#4844);
#3904=AXIS2_PLACEMENT_3D('',#6537,#4845,#4846);
#3905=AXIS2_PLACEMENT_3D('',#6539,#4848,#4849);
#3906=AXIS2_PLACEMENT_3D('',#6542,#4852,#4853);
#3907=AXIS2_PLACEMENT_3D('',#6543,#4854,#4855);
#3908=AXIS2_PLACEMENT_3D('',#6545,#4857,#4858);
#3909=AXIS2_PLACEMENT_3D('',#6551,#4863,#4864);
#3910=AXIS2_PLACEMENT_3D('',#6552,#4865,#4866);
#3911=AXIS2_PLACEMENT_3D('',#6553,#4867,#4868);
#3912=AXIS2_PLACEMENT_3D('',#6557,#4871,#4872);
#3913=AXIS2_PLACEMENT_3D('',#6559,#4874,#4875);
#3914=AXIS2_PLACEMENT_3D('',#6560,#4876,#4877);
#3915=AXIS2_PLACEMENT_3D('',#6564,#4880,#4881);
#3916=AXIS2_PLACEMENT_3D('',#6566,#4883,#4884);
#3917=DIRECTION('axis',(0.,0.,1.));
#3918=DIRECTION('refdir',(1.,0.,0.));
#3919=DIRECTION('center_axis',(0.,1.,0.));
#3920=DIRECTION('ref_axis',(1.,0.,0.));
#3921=DIRECTION('center_axis',(0.,1.,0.));
#3922=DIRECTION('ref_axis',(1.,0.,0.));
#3923=DIRECTION('',(0.,1.,0.));
#3924=DIRECTION('center_axis',(0.,1.,0.));
#3925=DIRECTION('ref_axis',(1.,0.,0.));
#3926=DIRECTION('center_axis',(0.,-1.,0.));
#3927=DIRECTION('ref_axis',(1.,0.,0.));
#3928=DIRECTION('center_axis',(0.,-1.,0.));
#3929=DIRECTION('ref_axis',(-1.,0.,0.));
#3930=DIRECTION('center_axis',(0.,-1.,0.));
#3931=DIRECTION('ref_axis',(-1.,0.,0.));
#3932=DIRECTION('center_axis',(0.,-1.,0.));
#3933=DIRECTION('ref_axis',(-1.,0.,0.));
#3934=DIRECTION('',(0.,-1.,0.));
#3935=DIRECTION('center_axis',(0.,-1.,0.));
#3936=DIRECTION('ref_axis',(-1.,0.,0.));
#3937=DIRECTION('center_axis',(0.,1.,0.));
#3938=DIRECTION('ref_axis',(-1.,0.,0.));
#3939=DIRECTION('center_axis',(0.,1.,0.));
#3940=DIRECTION('ref_axis',(-1.,0.,0.));
#3941=DIRECTION('',(0.,1.,0.));
#3942=DIRECTION('',(0.,-1.,0.));
#3943=DIRECTION('',(0.,-1.,0.));
#3944=DIRECTION('',(0.,1.,0.));
#3945=DIRECTION('',(0.,-1.,0.));
#3946=DIRECTION('',(0.,-1.,0.));
#3947=DIRECTION('center_axis',(-0.447213595499958,0.894427190999916,0.));
#3948=DIRECTION('ref_axis',(-0.894427190999916,-0.447213595499958,0.));
#3949=DIRECTION('',(0.,0.,1.));
#3950=DIRECTION('',(-0.894427190999916,-0.447213595499958,0.));
#3951=DIRECTION('',(0.,0.,1.));
#3952=DIRECTION('center_axis',(-0.554700196225229,-0.832050294337843,0.));
#3953=DIRECTION('ref_axis',(0.832050294337843,-0.554700196225229,0.));
#3954=DIRECTION('',(0.,0.,-1.));
#3955=DIRECTION('',(0.832050294337843,-0.554700196225229,0.));
#3956=DIRECTION('',(0.,0.,1.));
#3957=DIRECTION('center_axis',(0.,1.,0.));
#3958=DIRECTION('ref_axis',(1.,0.,0.));
#3959=DIRECTION('',(-1.,0.,0.));
#3960=DIRECTION('',(0.,0.,1.));
#3961=DIRECTION('',(1.,0.,0.));
#3962=DIRECTION('',(-0.912870929175277,0.,-0.408248290463863));
#3963=DIRECTION('',(1.,0.,0.));
#3964=DIRECTION('',(0.,0.,-1.));
#3965=DIRECTION('',(0.,0.,1.));
#3966=DIRECTION('',(0.,0.,1.));
#3967=DIRECTION('',(1.,0.,2.67117108087397E-17));
#3968=DIRECTION('',(1.,0.,2.67117108087397E-17));
#3969=DIRECTION('',(1.,0.,2.67117108087397E-17));
#3970=DIRECTION('',(0.,0.,-1.));
#3971=DIRECTION('',(0.,0.,-1.));
#3972=DIRECTION('center_axis',(0.,1.,0.));
#3973=DIRECTION('ref_axis',(-1.,0.,0.));
#3974=DIRECTION('center_axis',(0.,1.,0.));
#3975=DIRECTION('ref_axis',(-1.,0.,0.));
#3976=DIRECTION('center_axis',(0.,1.,0.));
#3977=DIRECTION('ref_axis',(-1.,0.,0.));
#3978=DIRECTION('center_axis',(0.,0.,1.));
#3979=DIRECTION('ref_axis',(1.,0.,0.));
#3980=DIRECTION('',(-1.,0.,0.));
#3981=DIRECTION('',(0.,-1.,0.));
#3982=DIRECTION('center_axis',(0.,1.,0.));
#3983=DIRECTION('ref_axis',(1.,0.,0.));
#3984=DIRECTION('',(0.,0.,1.));
#3985=DIRECTION('',(-0.912870929175277,0.,-0.408248290463863));
#3986=DIRECTION('',(1.,0.,0.));
#3987=DIRECTION('',(0.,0.,-1.));
#3988=DIRECTION('center_axis',(0.,-1.,0.));
#3989=DIRECTION('ref_axis',(-1.,0.,0.));
#3990=DIRECTION('center_axis',(0.,-1.,0.));
#3991=DIRECTION('ref_axis',(-1.,0.,0.));
#3992=DIRECTION('center_axis',(0.447213595499958,-0.894427190999916,0.));
#3993=DIRECTION('ref_axis',(-0.894427190999916,-0.447213595499958,0.));
#3994=DIRECTION('',(0.,0.,-1.));
#3995=DIRECTION('',(-0.894427190999916,-0.447213595499958,0.));
#3996=DIRECTION('center_axis',(0.554700196225229,0.832050294337844,0.));
#3997=DIRECTION('ref_axis',(0.832050294337844,-0.554700196225229,0.));
#3998=DIRECTION('',(0.,0.,-1.));
#3999=DIRECTION('',(0.832050294337844,-0.554700196225229,0.));
#4000=DIRECTION('',(0.,0.,1.));
#4001=DIRECTION('center_axis',(0.,-1.,0.));
#4002=DIRECTION('ref_axis',(-1.,0.,0.));
#4003=DIRECTION('',(1.,0.,0.));
#4004=DIRECTION('',(0.,0.,1.));
#4005=DIRECTION('',(1.,0.,0.));
#4006=DIRECTION('',(0.874474632195206,0.,0.485071250072665));
#4007=DIRECTION('',(0.874474632195206,0.,0.485071250072665));
#4008=DIRECTION('',(0.874474632195206,0.,0.485071250072665));
#4009=DIRECTION('',(0.874474632195206,0.,0.485071250072665));
#4010=DIRECTION('',(0.874474632195206,0.,0.485071250072665));
#4011=DIRECTION('',(0.874474632195206,0.,0.485071250072665));
#4012=DIRECTION('',(0.874474632195206,0.,0.485071250072665));
#4013=DIRECTION('',(0.874474632195206,0.,0.485071250072665));
#4014=DIRECTION('',(0.874474632195206,0.,0.485071250072665));
#4015=DIRECTION('',(0.874474632195206,0.,0.485071250072665));
#4016=DIRECTION('',(0.874474632195206,0.,0.485071250072665));
#4017=DIRECTION('',(0.874474632195206,0.,0.485071250072665));
#4018=DIRECTION('',(0.874474632195206,0.,0.485071250072665));
#4019=DIRECTION('',(0.874474632195206,0.,0.485071250072665));
#4020=DIRECTION('',(0.874474632195206,0.,0.485071250072665));
#4021=DIRECTION('',(0.874474632195206,0.,0.485071250072665));
#4022=DIRECTION('',(0.874474632195206,0.,0.485071250072665));
#4023=DIRECTION('',(0.874474632195206,0.,0.485071250072665));
#4024=DIRECTION('',(0.874474632195206,0.,0.485071250072665));
#4025=DIRECTION('',(0.874474632195206,0.,0.485071250072665));
#4026=DIRECTION('',(0.874474632195206,0.,0.485071250072665));
#4027=DIRECTION('',(0.874474632195206,0.,0.485071250072665));
#4028=DIRECTION('',(0.874474632195206,0.,0.485071250072665));
#4029=DIRECTION('',(0.874474632195206,0.,0.485071250072665));
#4030=DIRECTION('',(0.874474632195206,0.,0.485071250072665));
#4031=DIRECTION('',(0.874474632195206,0.,0.485071250072665));
#4032=DIRECTION('',(0.874474632195206,0.,0.485071250072665));
#4033=DIRECTION('center_axis',(0.,0.,1.));
#4034=DIRECTION('ref_axis',(1.,0.,0.));
#4035=DIRECTION('',(1.,0.,0.));
#4036=DIRECTION('',(0.,-1.,0.));
#4037=DIRECTION('center_axis',(0.,-1.,0.));
#4038=DIRECTION('ref_axis',(-1.,0.,0.));
#4039=DIRECTION('center_axis',(0.,-1.,0.));
#4040=DIRECTION('ref_axis',(-1.,0.,0.));
#4041=DIRECTION('',(0.,-1.,0.));
#4042=DIRECTION('center_axis',(0.,-1.,0.));
#4043=DIRECTION('ref_axis',(-1.,0.,0.));
#4044=DIRECTION('',(0.,-1.,0.));
#4045=DIRECTION('center_axis',(-1.,0.,0.));
#4046=DIRECTION('ref_axis',(0.,0.,1.));
#4047=DIRECTION('',(0.,1.,0.));
#4048=DIRECTION('',(0.,0.,-1.));
#4049=DIRECTION('',(0.,1.,0.));
#4050=DIRECTION('',(0.,0.,-1.));
#4051=DIRECTION('',(0.,-1.,0.));
#4052=DIRECTION('',(0.,0.,-1.));
#4053=DIRECTION('center_axis',(-1.,0.,0.));
#4054=DIRECTION('ref_axis',(0.,0.,1.));
#4055=DIRECTION('',(0.,1.,0.));
#4056=DIRECTION('',(0.,0.,1.));
#4057=DIRECTION('',(0.,-1.,0.));
#4058=DIRECTION('',(0.,1.,0.));
#4059=DIRECTION('',(0.,0.,1.));
#4060=DIRECTION('center_axis',(1.31145094783847E-15,-1.,0.));
#4061=DIRECTION('ref_axis',(0.,0.,-1.));
#4062=DIRECTION('',(1.,1.31145094783847E-15,0.));
#4063=DIRECTION('',(0.,0.,-1.));
#4064=DIRECTION('',(-1.,-1.31145094783847E-15,0.));
#4065=DIRECTION('center_axis',(0.,0.,1.));
#4066=DIRECTION('ref_axis',(-1.,0.,0.));
#4067=DIRECTION('center_axis',(0.,0.,1.));
#4068=DIRECTION('ref_axis',(-0.707106781186545,-0.70710678118655,0.));
#4069=DIRECTION('',(-1.31145094783847E-15,1.,0.));
#4070=DIRECTION('center_axis',(0.,0.,1.));
#4071=DIRECTION('ref_axis',(-0.707106781186548,0.707106781186548,0.));
#4072=DIRECTION('',(1.,1.31145094783847E-15,0.));
#4073=DIRECTION('',(0.894427190999916,0.447213595499958,0.));
#4074=DIRECTION('',(0.,1.,0.));
#4075=DIRECTION('',(-0.832050294337844,0.554700196225229,0.));
#4076=DIRECTION('center_axis',(0.,0.,-1.));
#4077=DIRECTION('ref_axis',(-1.,0.,0.));
#4078=DIRECTION('',(0.939692620785902,0.342020143325685,0.));
#4079=DIRECTION('center_axis',(0.,0.,-1.));
#4080=DIRECTION('ref_axis',(-1.,0.,0.));
#4081=DIRECTION('',(-0.939692620785902,-0.342020143325685,0.));
#4082=DIRECTION('center_axis',(0.,0.,-1.));
#4083=DIRECTION('ref_axis',(-1.,0.,0.));
#4084=DIRECTION('',(0.939692620785903,0.342020143325684,0.));
#4085=DIRECTION('center_axis',(0.,0.,-1.));
#4086=DIRECTION('ref_axis',(-1.,0.,0.));
#4087=DIRECTION('',(-0.939692620785903,-0.342020143325684,0.));
#4088=DIRECTION('center_axis',(0.,0.,-1.));
#4089=DIRECTION('ref_axis',(-1.,0.,0.));
#4090=DIRECTION('center_axis',(-1.31145094783847E-15,1.,0.));
#4091=DIRECTION('ref_axis',(0.,0.,1.));
#4092=DIRECTION('',(1.,1.31145094783847E-15,0.));
#4093=DIRECTION('',(0.,0.,1.));
#4094=DIRECTION('',(1.,1.31145094783847E-15,0.));
#4095=DIRECTION('center_axis',(0.,0.,1.));
#4096=DIRECTION('ref_axis',(-1.,0.,0.));
#4097=DIRECTION('',(0.,0.,-1.));
#4098=DIRECTION('center_axis',(2.67117108087397E-17,0.,-1.));
#4099=DIRECTION('ref_axis',(-1.,0.,0.));
#4100=DIRECTION('',(0.,0.,1.));
#4101=DIRECTION('center_axis',(2.67117108087397E-17,0.,-1.));
#4102=DIRECTION('ref_axis',(-1.,0.,-2.67117108087397E-17));
#4103=DIRECTION('center_axis',(2.67117108087397E-17,0.,-1.));
#4104=DIRECTION('ref_axis',(-1.,0.,0.));
#4105=DIRECTION('center_axis',(2.67117108087397E-17,0.,-1.));
#4106=DIRECTION('ref_axis',(-1.,0.,0.));
#4107=DIRECTION('center_axis',(0.,0.,1.));
#4108=DIRECTION('ref_axis',(-1.,0.,0.));
#4109=DIRECTION('center_axis',(2.67117108087397E-17,0.,-1.));
#4110=DIRECTION('ref_axis',(-1.,0.,0.));
#4111=DIRECTION('center_axis',(2.67117108087397E-17,0.,-1.));
#4112=DIRECTION('ref_axis',(-1.,0.,-2.67117108087397E-17));
#4113=DIRECTION('center_axis',(2.67117108087397E-17,0.,-1.));
#4114=DIRECTION('ref_axis',(-1.,0.,0.));
#4115=DIRECTION('center_axis',(2.67117108087397E-17,0.,-1.));
#4116=DIRECTION('ref_axis',(-1.,0.,0.));
#4117=DIRECTION('center_axis',(0.,0.,1.));
#4118=DIRECTION('ref_axis',(-6.12323399573677E-17,-1.,0.));
#4119=DIRECTION('center_axis',(-2.67117108087397E-17,0.,1.));
#4120=DIRECTION('ref_axis',(-1.,0.,-2.67117108087397E-17));
#4121=DIRECTION('center_axis',(2.67117108087397E-17,0.,-1.));
#4122=DIRECTION('ref_axis',(-1.,0.,-2.67117108087397E-17));
#4123=DIRECTION('',(-1.,0.,-2.67117108087397E-17));
#4124=DIRECTION('center_axis',(-2.67117108087397E-17,0.,1.));
#4125=DIRECTION('ref_axis',(-1.,0.,-2.67117108087397E-17));
#4126=DIRECTION('center_axis',(0.,0.,1.));
#4127=DIRECTION('ref_axis',(-1.,0.,0.));
#4128=DIRECTION('',(0.,0.,1.));
#4129=DIRECTION('center_axis',(2.67117108087397E-17,0.,-1.));
#4130=DIRECTION('ref_axis',(-1.,0.,0.));
#4131=DIRECTION('center_axis',(2.67117108087397E-17,0.,-1.));
#4132=DIRECTION('ref_axis',(-1.,0.,0.));
#4133=DIRECTION('center_axis',(2.67117108087397E-17,0.,-1.));
#4134=DIRECTION('ref_axis',(-1.,0.,-2.67117108087397E-17));
#4135=DIRECTION('center_axis',(-2.67117108087397E-17,0.,1.));
#4136=DIRECTION('ref_axis',(-1.,0.,-2.67117108087397E-17));
#4137=DIRECTION('center_axis',(0.,0.,1.));
#4138=DIRECTION('ref_axis',(-1.,0.,0.));
#4139=DIRECTION('',(0.,0.,1.));
#4140=DIRECTION('center_axis',(2.67117108087397E-17,0.,-1.));
#4141=DIRECTION('ref_axis',(-1.,0.,0.));
#4142=DIRECTION('center_axis',(2.67117108087397E-17,0.,-1.));
#4143=DIRECTION('ref_axis',(-1.,0.,0.));
#4144=DIRECTION('center_axis',(0.,0.,1.));
#4145=DIRECTION('ref_axis',(1.83697019872103E-16,1.,0.));
#4146=DIRECTION('',(0.,0.,-1.));
#4147=DIRECTION('center_axis',(-2.67117108087397E-17,0.,1.));
#4148=DIRECTION('ref_axis',(-1.,0.,-2.67117108087397E-17));
#4149=DIRECTION('',(0.,0.,1.));
#4150=DIRECTION('center_axis',(2.67117108087397E-17,0.,-1.));
#4151=DIRECTION('ref_axis',(-1.,0.,-2.67117108087397E-17));
#4152=DIRECTION('',(-1.,0.,-2.67117108087397E-17));
#4153=DIRECTION('',(-1.,0.,-2.67117108087397E-17));
#4154=DIRECTION('center_axis',(0.,-1.,0.));
#4155=DIRECTION('ref_axis',(-1.,0.,0.));
#4156=DIRECTION('',(0.,0.,1.));
#4157=DIRECTION('',(-1.,0.,0.));
#4158=DIRECTION('',(-0.874474632195206,0.,-0.485071250072665));
#4159=DIRECTION('',(-1.,0.,0.));
#4160=DIRECTION('center_axis',(2.67117108087397E-17,0.,-1.));
#4161=DIRECTION('ref_axis',(-1.,0.,-2.67117108087397E-17));
#4162=DIRECTION('center_axis',(-1.51143463197808E-16,1.,0.));
#4163=DIRECTION('ref_axis',(-1.,-1.51143463197808E-16,0.));
#4164=DIRECTION('',(0.,0.,-1.));
#4165=DIRECTION('',(-1.,-1.51143463197808E-16,0.));
#4166=DIRECTION('center_axis',(0.,0.,1.));
#4167=DIRECTION('ref_axis',(1.,0.,0.));
#4168=DIRECTION('center_axis',(0.392232270276368,0.588348405414552,-0.707106781186548));
#4169=DIRECTION('ref_axis',(0.392232270276368,0.588348405414552,0.707106781186547));
#4170=DIRECTION('center_axis',(0.,0.,-1.));
#4171=DIRECTION('ref_axis',(1.,0.,0.));
#4172=DIRECTION('center_axis',(0.392232270276368,0.588348405414552,-0.707106781186548));
#4173=DIRECTION('ref_axis',(0.392232270276368,0.588348405414552,0.707106781186547));
#4174=DIRECTION('',(0.,0.,1.));
#4175=DIRECTION('center_axis',(0.,0.,1.));
#4176=DIRECTION('ref_axis',(1.,0.,0.));
#4177=DIRECTION('',(0.,0.,-1.));
#4178=DIRECTION('',(0.,0.,1.));
#4179=DIRECTION('center_axis',(0.,0.,-1.));
#4180=DIRECTION('ref_axis',(1.,0.,0.));
#4181=DIRECTION('center_axis',(0.,0.,1.));
#4182=DIRECTION('ref_axis',(1.,0.,0.));
#4183=DIRECTION('',(0.,0.,1.));
#4184=DIRECTION('center_axis',(-1.,0.,0.));
#4185=DIRECTION('ref_axis',(0.,1.,0.));
#4186=DIRECTION('',(0.,0.,-1.));
#4187=DIRECTION('',(0.,-0.74535599249993,0.666666666666667));
#4188=DIRECTION('',(0.,-1.,0.));
#4189=DIRECTION('',(0.,-0.768706114785808,-0.639602149066831));
#4190=DIRECTION('',(0.,0.,1.));
#4191=DIRECTION('center_axis',(0.447213595499958,-0.894427190999916,0.));
#4192=DIRECTION('ref_axis',(-0.894427190999916,-0.447213595499958,0.));
#4193=DIRECTION('',(0.,0.,1.));
#4194=DIRECTION('',(0.894427190999916,0.447213595499958,0.));
#4195=DIRECTION('center_axis',(0.,0.,1.));
#4196=DIRECTION('ref_axis',(1.,0.,0.));
#4197=DIRECTION('center_axis',(0.,0.,1.));
#4198=DIRECTION('ref_axis',(1.,0.,0.));
#4199=DIRECTION('center_axis',(-0.316227766016838,0.632455532033676,0.707106781186548));
#4200=DIRECTION('ref_axis',(0.316227766016838,-0.632455532033676,0.707106781186547));
#4201=DIRECTION('center_axis',(-1.,0.,0.));
#4202=DIRECTION('ref_axis',(0.,1.,0.));
#4203=DIRECTION('',(0.,-0.768706114785808,-0.639602149066831));
#4204=DIRECTION('',(0.,-0.768706114785808,-0.639602149066831));
#4205=DIRECTION('',(0.,-0.768706114785808,-0.639602149066831));
#4206=DIRECTION('',(0.,-0.768706114785808,-0.639602149066831));
#4207=DIRECTION('',(0.,-0.768706114785808,-0.639602149066831));
#4208=DIRECTION('',(0.,-0.768706114785808,-0.639602149066831));
#4209=DIRECTION('',(0.,-0.768706114785808,-0.639602149066831));
#4210=DIRECTION('',(0.,-0.768706114785808,-0.639602149066831));
#4211=DIRECTION('',(0.,-0.768706114785808,-0.639602149066831));
#4212=DIRECTION('',(0.,-0.768706114785808,-0.639602149066831));
#4213=DIRECTION('',(0.,-0.768706114785808,-0.639602149066831));
#4214=DIRECTION('',(0.,-0.768706114785808,-0.639602149066831));
#4215=DIRECTION('',(0.,-0.768706114785808,-0.639602149066831));
#4216=DIRECTION('',(0.,-0.768706114785808,-0.639602149066831));
#4217=DIRECTION('',(0.,-0.768706114785808,-0.639602149066831));
#4218=DIRECTION('',(0.,-0.768706114785808,-0.639602149066831));
#4219=DIRECTION('',(0.,-0.768706114785808,-0.639602149066831));
#4220=DIRECTION('',(0.,-0.768706114785808,-0.639602149066831));
#4221=DIRECTION('',(0.,-0.768706114785808,-0.639602149066831));
#4222=DIRECTION('',(0.,-0.768706114785808,-0.639602149066831));
#4223=DIRECTION('',(0.,-0.768706114785808,-0.639602149066831));
#4224=DIRECTION('',(0.,-0.768706114785808,-0.639602149066831));
#4225=DIRECTION('',(0.,-0.768706114785808,-0.639602149066831));
#4226=DIRECTION('',(0.,-0.768706114785808,-0.639602149066831));
#4227=DIRECTION('',(0.,-0.768706114785808,-0.639602149066831));
#4228=DIRECTION('',(0.,-0.768706114785808,-0.639602149066831));
#4229=DIRECTION('',(0.,-0.768706114785808,-0.639602149066831));
#4230=DIRECTION('',(0.,-0.74535599249993,0.666666666666667));
#4231=DIRECTION('center_axis',(0.,-1.,0.));
#4232=DIRECTION('ref_axis',(-1.,0.,0.));
#4233=DIRECTION('',(0.,-1.,0.));
#4234=DIRECTION('center_axis',(0.,-1.,0.));
#4235=DIRECTION('ref_axis',(-1.,0.,0.));
#4236=DIRECTION('',(0.,-1.,0.));
#4237=DIRECTION('center_axis',(0.,0.,1.));
#4238=DIRECTION('ref_axis',(1.,0.,0.));
#4239=DIRECTION('',(0.,0.,1.));
#4240=DIRECTION('center_axis',(0.,0.,1.));
#4241=DIRECTION('ref_axis',(1.,0.,0.));
#4242=DIRECTION('',(0.,0.,-1.));
#4243=DIRECTION('center_axis',(0.,0.,-1.));
#4244=DIRECTION('ref_axis',(1.,0.,0.));
#4245=DIRECTION('center_axis',(0.,0.,1.));
#4246=DIRECTION('ref_axis',(1.,0.,0.));
#4247=DIRECTION('',(0.,0.,1.));
#4248=DIRECTION('center_axis',(0.316227766016838,-0.632455532033676,-0.707106781186548));
#4249=DIRECTION('ref_axis',(0.316227766016838,-0.632455532033676,0.707106781186547));
#4250=DIRECTION('center_axis',(0.,0.,-1.));
#4251=DIRECTION('ref_axis',(1.,0.,0.));
#4252=DIRECTION('center_axis',(0.316227766016838,-0.632455532033676,-0.707106781186548));
#4253=DIRECTION('ref_axis',(0.316227766016838,-0.632455532033676,0.707106781186547));
#4254=DIRECTION('center_axis',(0.,0.,1.));
#4255=DIRECTION('ref_axis',(1.,0.,0.));
#4256=DIRECTION('',(0.,0.,-1.));
#4257=DIRECTION('center_axis',(-0.392232270276368,-0.588348405414552,0.707106781186548));
#4258=DIRECTION('ref_axis',(0.392232270276368,0.588348405414553,0.707106781186547));
#4259=DIRECTION('center_axis',(0.,0.,1.));
#4260=DIRECTION('ref_axis',(1.,0.,0.));
#4261=DIRECTION('center_axis',(-1.,0.,0.));
#4262=DIRECTION('ref_axis',(0.,0.,1.));
#4263=DIRECTION('',(0.,-0.768706114785808,-0.639602149066831));
#4264=DIRECTION('',(0.,-1.,0.));
#4265=DIRECTION('',(0.,0.,-1.));
#4266=DIRECTION('',(0.,-1.,0.));
#4267=DIRECTION('',(0.,0.,1.));
#4268=DIRECTION('center_axis',(-1.,0.,0.));
#4269=DIRECTION('ref_axis',(0.,0.,1.));
#4270=DIRECTION('',(0.,0.,-1.));
#4271=DIRECTION('',(0.,-1.,0.));
#4272=DIRECTION('',(0.,0.,1.));
#4273=DIRECTION('',(0.,-1.,0.));
#4274=DIRECTION('center_axis',(0.,-1.,0.));
#4275=DIRECTION('ref_axis',(-0.707106781186547,0.,-0.707106781186548));
#4276=DIRECTION('center_axis',(0.,1.,0.));
#4277=DIRECTION('ref_axis',(-0.707106781186547,0.,-0.707106781186548));
#4278=DIRECTION('',(0.,-1.,0.));
#4279=DIRECTION('center_axis',(8.88178419700125E-16,-1.,0.));
#4280=DIRECTION('ref_axis',(-0.707106781186547,0.,-0.707106781186548));
#4281=DIRECTION('',(0.,1.,0.));
#4282=DIRECTION('center_axis',(1.,0.,0.));
#4283=DIRECTION('ref_axis',(0.,1.,0.));
#4284=DIRECTION('',(0.,0.,1.));
#4285=DIRECTION('',(0.,-1.,0.));
#4286=DIRECTION('',(0.,0.,-1.));
#4287=DIRECTION('center_axis',(0.,0.,-1.));
#4288=DIRECTION('ref_axis',(1.,0.,0.));
#4289=DIRECTION('',(-1.,-8.88178419700125E-16,0.));
#4290=DIRECTION('',(0.,-1.,0.));
#4291=DIRECTION('',(1.,0.,0.));
#4292=DIRECTION('center_axis',(0.,0.,1.));
#4293=DIRECTION('ref_axis',(1.,0.,0.));
#4294=DIRECTION('center_axis',(0.,1.,0.));
#4295=DIRECTION('ref_axis',(-0.707106781186553,0.,-0.707106781186542));
#4296=DIRECTION('center_axis',(0.,-1.,0.));
#4297=DIRECTION('ref_axis',(-0.707106781186553,0.,-0.707106781186542));
#4298=DIRECTION('',(0.,1.,0.));
#4299=DIRECTION('center_axis',(0.,1.,0.));
#4300=DIRECTION('ref_axis',(-0.707106781186553,0.,-0.707106781186542));
#4301=DIRECTION('',(0.,-1.,0.));
#4302=DIRECTION('center_axis',(0.,0.,-1.));
#4303=DIRECTION('ref_axis',(1.,0.,0.));
#4304=DIRECTION('',(1.,0.,0.));
#4305=DIRECTION('',(0.,1.,0.));
#4306=DIRECTION('',(-1.,0.,0.));
#4307=DIRECTION('center_axis',(0.,0.,-1.));
#4308=DIRECTION('ref_axis',(1.,0.,0.));
#4309=DIRECTION('center_axis',(1.,0.,0.));
#4310=DIRECTION('ref_axis',(0.,1.,0.));
#4311=DIRECTION('',(0.,0.,1.));
#4312=DIRECTION('',(0.,-1.,0.));
#4313=DIRECTION('',(0.,0.,-1.));
#4314=DIRECTION('center_axis',(-0.342020143325684,0.939692620785903,0.));
#4315=DIRECTION('ref_axis',(0.939692620785903,0.342020143325684,0.));
#4316=DIRECTION('',(0.,0.,1.));
#4317=DIRECTION('',(-0.939692620785903,-0.342020143325684,0.));
#4318=DIRECTION('',(0.,0.,1.));
#4319=DIRECTION('center_axis',(0.342020143325684,-0.939692620785903,0.));
#4320=DIRECTION('ref_axis',(-0.939692620785903,-0.342020143325684,0.));
#4321=DIRECTION('',(0.,0.,1.));
#4322=DIRECTION('',(0.939692620785903,0.342020143325684,0.));
#4323=DIRECTION('',(0.,0.,-1.));
#4324=DIRECTION('center_axis',(-0.342020143325685,0.939692620785903,0.));
#4325=DIRECTION('ref_axis',(0.939692620785902,0.342020143325685,0.));
#4326=DIRECTION('',(0.,0.,1.));
#4327=DIRECTION('',(-0.939692620785902,-0.342020143325685,0.));
#4328=DIRECTION('',(0.,0.,1.));
#4329=DIRECTION('center_axis',(0.342020143325685,-0.939692620785903,0.));
#4330=DIRECTION('ref_axis',(-0.939692620785902,-0.342020143325685,0.));
#4331=DIRECTION('',(0.,0.,1.));
#4332=DIRECTION('',(0.939692620785902,0.342020143325685,0.));
#4333=DIRECTION('',(0.,0.,-1.));
#4334=DIRECTION('center_axis',(0.,0.,-1.));
#4335=DIRECTION('ref_axis',(0.939692620785902,0.342020143325687,0.));
#4336=DIRECTION('center_axis',(0.,0.,1.));
#4337=DIRECTION('ref_axis',(-1.,0.,0.));
#4338=DIRECTION('center_axis',(0.,0.,1.));
#4339=DIRECTION('ref_axis',(-1.,0.,0.));
#4340=DIRECTION('center_axis',(0.,0.,1.));
#4341=DIRECTION('ref_axis',(-1.,0.,0.));
#4342=DIRECTION('center_axis',(0.,0.,1.));
#4343=DIRECTION('ref_axis',(-1.,0.,0.));
#4344=DIRECTION('center_axis',(0.,0.,-1.));
#4345=DIRECTION('ref_axis',(0.939692620785902,0.342020143325687,0.));
#4346=DIRECTION('center_axis',(0.,0.,1.));
#4347=DIRECTION('ref_axis',(-1.,0.,0.));
#4348=DIRECTION('center_axis',(0.,0.,1.));
#4349=DIRECTION('ref_axis',(-1.,0.,0.));
#4350=DIRECTION('center_axis',(0.,0.,1.));
#4351=DIRECTION('ref_axis',(-1.,0.,0.));
#4352=DIRECTION('center_axis',(0.,0.,1.));
#4353=DIRECTION('ref_axis',(-1.,0.,0.));
#4354=DIRECTION('center_axis',(-0.392232270276368,-0.588348405414551,-0.707106781186548));
#4355=DIRECTION('ref_axis',(-0.832050294337844,0.554700196225229,-1.71717776366588E-17));
#4356=DIRECTION('',(-0.832050294337844,0.554700196225229,0.));
#4357=DIRECTION('',(0.392232270276373,0.58834840541455,-0.707106781186547));
#4358=DIRECTION('',(-0.832050294337844,0.554700196225229,4.44123153246754E-17));
#4359=DIRECTION('',(0.392232270276373,0.58834840541455,-0.707106781186547));
#4360=DIRECTION('center_axis',(0.285390896492695,-0.808607540062641,-0.514495755427525));
#4361=DIRECTION('ref_axis',(-0.874474632195207,2.48448566950415E-16,-0.485071250072665));
#4362=DIRECTION('',(0.392232270276373,0.58834840541455,-0.707106781186547));
#4363=DIRECTION('',(-0.874474632195207,2.99646977248977E-16,-0.485071250072665));
#4364=DIRECTION('center_axis',(0.392232270276368,0.588348405414551,0.707106781186548));
#4365=DIRECTION('ref_axis',(0.832050294337844,-0.554700196225229,1.71717776366588E-17));
#4366=DIRECTION('',(0.832050294337844,-0.554700196225229,0.));
#4367=DIRECTION('',(0.392232270276373,0.58834840541455,-0.707106781186547));
#4368=DIRECTION('',(0.832050294337844,-0.554700196225229,-4.44123153246754E-17));
#4369=DIRECTION('center_axis',(-0.919866211007798,0.25087260300213,-0.301511344577767));
#4370=DIRECTION('ref_axis',(1.75623848241597E-16,0.768706114785808,0.639602149066831));
#4371=DIRECTION('',(8.32778642970902E-17,0.768706114785808,0.639602149066831));
#4372=DIRECTION('center_axis',(0.392232270276373,0.58834840541455,-0.707106781186547));
#4373=DIRECTION('ref_axis',(-0.874474632195204,0.,-0.485071250072671));
#4374=DIRECTION('center_axis',(-0.392232270276368,-0.588348405414552,0.707106781186548));
#4375=DIRECTION('ref_axis',(0.874474632195206,0.,0.485071250072665));
#4376=DIRECTION('center_axis',(-0.392232270276368,-0.588348405414552,0.707106781186548));
#4377=DIRECTION('ref_axis',(0.874474632195206,0.,0.485071250072665));
#4378=DIRECTION('',(-0.832050294337844,0.554700196225229,0.));
#4379=DIRECTION('center_axis',(-0.392232270276368,-0.588348405414551,-0.707106781186548));
#4380=DIRECTION('ref_axis',(-0.832050294337844,0.554700196225229,-1.71717776366588E-17));
#4381=DIRECTION('',(0.392232270276373,0.58834840541455,-0.707106781186547));
#4382=DIRECTION('',(-0.832050294337844,0.554700196225229,4.44123153246754E-17));
#4383=DIRECTION('',(0.392232270276373,0.58834840541455,-0.707106781186547));
#4384=DIRECTION('center_axis',(0.285390896492695,-0.808607540062641,-0.514495755427525));
#4385=DIRECTION('ref_axis',(-0.874474632195207,2.48448566950415E-16,-0.485071250072665));
#4386=DIRECTION('',(0.392232270276373,0.58834840541455,-0.707106781186547));
#4387=DIRECTION('',(-0.874474632195207,2.99646977248977E-16,-0.485071250072665));
#4388=DIRECTION('center_axis',(0.392232270276368,0.588348405414551,0.707106781186548));
#4389=DIRECTION('ref_axis',(0.832050294337844,-0.554700196225229,1.71717776366588E-17));
#4390=DIRECTION('',(0.832050294337844,-0.554700196225229,0.));
#4391=DIRECTION('',(0.392232270276373,0.58834840541455,-0.707106781186547));
#4392=DIRECTION('',(0.832050294337844,-0.554700196225229,-4.44123153246754E-17));
#4393=DIRECTION('center_axis',(-0.919866211007798,0.25087260300213,-0.301511344577767));
#4394=DIRECTION('ref_axis',(1.75623848241597E-16,0.768706114785808,0.639602149066831));
#4395=DIRECTION('',(8.32778642970902E-17,0.768706114785808,0.639602149066831));
#4396=DIRECTION('center_axis',(0.392232270276373,0.58834840541455,-0.707106781186547));
#4397=DIRECTION('ref_axis',(-0.874474632195204,0.,-0.485071250072671));
#4398=DIRECTION('center_axis',(-0.392232270276368,-0.588348405414552,0.707106781186548));
#4399=DIRECTION('ref_axis',(0.874474632195206,0.,0.485071250072665));
#4400=DIRECTION('',(-0.832050294337844,0.554700196225229,0.));
#4401=DIRECTION('center_axis',(-0.392232270276368,-0.588348405414551,-0.707106781186548));
#4402=DIRECTION('ref_axis',(-0.832050294337844,0.554700196225229,-1.71717776366588E-17));
#4403=DIRECTION('',(0.392232270276373,0.58834840541455,-0.707106781186547));
#4404=DIRECTION('',(-0.832050294337844,0.554700196225229,-3.25678008769923E-17));
#4405=DIRECTION('',(0.392232270276373,0.58834840541455,-0.707106781186547));
#4406=DIRECTION('center_axis',(0.285390896492695,-0.808607540062641,-0.514495755427525));
#4407=DIRECTION('ref_axis',(-0.874474632195207,2.48448566950415E-16,-0.485071250072665));
#4408=DIRECTION('',(0.392232270276373,0.58834840541455,-0.707106781186547));
#4409=DIRECTION('',(-0.874474632195207,3.26573840769696E-16,-0.485071250072665));
#4410=DIRECTION('center_axis',(0.392232270276368,0.588348405414551,0.707106781186548));
#4411=DIRECTION('ref_axis',(0.832050294337844,-0.554700196225229,1.71717776366588E-17));
#4412=DIRECTION('',(0.832050294337844,-0.554700196225229,0.));
#4413=DIRECTION('',(0.392232270276373,0.58834840541455,-0.707106781186547));
#4414=DIRECTION('',(0.832050294337844,-0.554700196225229,3.25678008769923E-17));
#4415=DIRECTION('center_axis',(-0.919866211007798,0.25087260300213,-0.301511344577767));
#4416=DIRECTION('ref_axis',(1.75623848241597E-16,0.768706114785808,0.639602149066831));
#4417=DIRECTION('',(1.18782915921777E-16,0.768706114785808,0.639602149066831));
#4418=DIRECTION('center_axis',(0.392232270276373,0.58834840541455,-0.707106781186547));
#4419=DIRECTION('ref_axis',(-0.874474632195204,0.,-0.485071250072671));
#4420=DIRECTION('center_axis',(-0.392232270276368,-0.588348405414552,0.707106781186548));
#4421=DIRECTION('ref_axis',(0.874474632195206,0.,0.485071250072665));
#4422=DIRECTION('',(-0.832050294337844,0.554700196225229,2.77555756156289E-17));
#4423=DIRECTION('center_axis',(-0.392232270276367,-0.588348405414551,-0.707106781186549));
#4424=DIRECTION('ref_axis',(-0.832050294337844,0.554700196225229,-1.71717776366588E-17));
#4425=DIRECTION('',(0.392232270276373,0.58834840541455,-0.707106781186546));
#4426=DIRECTION('',(-0.832050294337844,0.554700196225229,-1.71717776366588E-17));
#4427=DIRECTION('',(0.392232270276373,0.58834840541455,-0.707106781186546));
#4428=DIRECTION('center_axis',(0.285390896492695,-0.808607540062641,-0.514495755427525));
#4429=DIRECTION('ref_axis',(-0.874474632195207,2.48448566950415E-16,-0.485071250072665));
#4430=DIRECTION('',(0.392232270276373,0.58834840541455,-0.707106781186546));
#4431=DIRECTION('',(-0.874474632195207,1.99905473394728E-16,-0.485071250072665));
#4432=DIRECTION('center_axis',(0.392232270276367,0.588348405414551,0.707106781186549));
#4433=DIRECTION('ref_axis',(0.832050294337844,-0.554700196225229,1.71717776366588E-17));
#4434=DIRECTION('',(0.832050294337844,-0.554700196225229,-2.77555756156289E-17));
#4435=DIRECTION('',(0.392232270276373,0.58834840541455,-0.707106781186546));
#4436=DIRECTION('',(0.832050294337844,-0.554700196225229,1.71717776366588E-17));
#4437=DIRECTION('center_axis',(-0.919866211007798,0.25087260300213,-0.301511344577767));
#4438=DIRECTION('ref_axis',(1.75623848241597E-16,0.768706114785808,0.639602149066831));
#4439=DIRECTION('',(2.18295609631864E-16,0.768706114785808,0.639602149066831));
#4440=DIRECTION('center_axis',(0.392232270276373,0.58834840541455,-0.707106781186546));
#4441=DIRECTION('ref_axis',(-0.874474632195203,0.,-0.485071250072671));
#4442=DIRECTION('center_axis',(-0.392232270276368,-0.588348405414552,0.707106781186548));
#4443=DIRECTION('ref_axis',(0.874474632195206,0.,0.485071250072665));
#4444=DIRECTION('',(-0.832050294337844,0.554700196225229,2.77555756156289E-17));
#4445=DIRECTION('center_axis',(-0.392232270276367,-0.588348405414551,-0.707106781186549));
#4446=DIRECTION('ref_axis',(-0.832050294337844,0.554700196225229,-1.71717776366588E-17));
#4447=DIRECTION('',(0.392232270276373,0.58834840541455,-0.707106781186546));
#4448=DIRECTION('',(-0.832050294337844,0.554700196225229,-3.25678008769923E-17));
#4449=DIRECTION('',(0.392232270276373,0.58834840541455,-0.707106781186546));
#4450=DIRECTION('center_axis',(0.285390896492695,-0.808607540062641,-0.514495755427525));
#4451=DIRECTION('ref_axis',(-0.874474632195207,2.48448566950415E-16,-0.485071250072665));
#4452=DIRECTION('',(0.392232270276373,0.58834840541455,-0.707106781186546));
#4453=DIRECTION('',(-0.874474632195207,2.29487653658323E-16,-0.485071250072665));
#4454=DIRECTION('center_axis',(0.392232270276367,0.588348405414551,0.707106781186549));
#4455=DIRECTION('ref_axis',(0.832050294337844,-0.554700196225229,1.71717776366588E-17));
#4456=DIRECTION('',(0.832050294337844,-0.554700196225229,-2.77555756156289E-17));
#4457=DIRECTION('',(0.392232270276373,0.58834840541455,-0.707106781186546));
#4458=DIRECTION('',(0.832050294337844,-0.554700196225229,3.25678008769923E-17));
#4459=DIRECTION('center_axis',(-0.919866211007798,0.25087260300213,-0.301511344577767));
#4460=DIRECTION('ref_axis',(1.75623848241597E-16,0.768706114785808,0.639602149066831));
#4461=DIRECTION('',(2.04126438702312E-16,0.768706114785808,0.639602149066831));
#4462=DIRECTION('center_axis',(0.392232270276373,0.58834840541455,-0.707106781186546));
#4463=DIRECTION('ref_axis',(-0.874474632195203,0.,-0.485071250072671));
#4464=DIRECTION('center_axis',(-0.392232270276368,-0.588348405414552,0.707106781186548));
#4465=DIRECTION('ref_axis',(0.874474632195206,0.,0.485071250072665));
#4466=DIRECTION('',(-0.832050294337844,0.554700196225229,0.));
#4467=DIRECTION('center_axis',(-0.392232270276367,-0.588348405414551,-0.707106781186549));
#4468=DIRECTION('ref_axis',(-0.832050294337844,0.554700196225229,-1.71717776366588E-17));
#4469=DIRECTION('',(0.392232270276373,0.58834840541455,-0.707106781186546));
#4470=DIRECTION('',(-0.832050294337844,0.554700196225229,2.90162920843419E-17));
#4471=DIRECTION('',(0.392232270276373,0.58834840541455,-0.707106781186546));
#4472=DIRECTION('center_axis',(0.285390896492695,-0.808607540062641,-0.514495755427525));
#4473=DIRECTION('ref_axis',(-0.874474632195207,2.48448566950415E-16,-0.485071250072665));
#4474=DIRECTION('',(0.392232270276373,0.58834840541455,-0.707106781186546));
#4475=DIRECTION('',(-0.874474632195207,2.72720113728258E-16,-0.485071250072665));
#4476=DIRECTION('center_axis',(0.392232270276367,0.588348405414551,0.707106781186549));
#4477=DIRECTION('ref_axis',(0.832050294337844,-0.554700196225229,1.71717776366588E-17));
#4478=DIRECTION('',(0.832050294337844,-0.554700196225229,0.));
#4479=DIRECTION('',(0.392232270276373,0.58834840541455,-0.707106781186546));
#4480=DIRECTION('',(0.832050294337844,-0.554700196225229,-2.90162920843419E-17));
#4481=DIRECTION('center_axis',(-0.919866211007798,0.25087260300213,-0.301511344577767));
#4482=DIRECTION('ref_axis',(1.75623848241597E-16,0.768706114785808,0.639602149066831));
#4483=DIRECTION('',(1.18782915921777E-16,0.768706114785808,0.639602149066831));
#4484=DIRECTION('center_axis',(0.392232270276373,0.58834840541455,-0.707106781186546));
#4485=DIRECTION('ref_axis',(-0.874474632195203,0.,-0.485071250072671));
#4486=DIRECTION('center_axis',(-0.392232270276368,-0.588348405414552,0.707106781186548));
#4487=DIRECTION('ref_axis',(0.874474632195206,0.,0.485071250072665));
#4488=DIRECTION('',(-0.832050294337844,0.554700196225229,2.77555756156289E-17));
#4489=DIRECTION('center_axis',(-0.392232270276367,-0.588348405414551,-0.707106781186549));
#4490=DIRECTION('ref_axis',(-0.832050294337844,0.554700196225229,-1.71717776366588E-17));
#4491=DIRECTION('',(0.392232270276373,0.58834840541455,-0.707106781186546));
#4492=DIRECTION('',(-0.832050294337844,0.554700196225229,-3.25678008769923E-17));
#4493=DIRECTION('',(0.392232270276373,0.58834840541455,-0.707106781186546));
#4494=DIRECTION('center_axis',(0.285390896492695,-0.808607540062641,-0.514495755427525));
#4495=DIRECTION('ref_axis',(-0.874474632195207,2.48448566950415E-16,-0.485071250072665));
#4496=DIRECTION('',(0.392232270276373,0.58834840541455,-0.707106781186546));
#4497=DIRECTION('',(-0.874474632195207,2.29487653658323E-16,-0.485071250072665));
#4498=DIRECTION('center_axis',(0.392232270276367,0.588348405414551,0.707106781186549));
#4499=DIRECTION('ref_axis',(0.832050294337844,-0.554700196225229,1.71717776366588E-17));
#4500=DIRECTION('',(0.832050294337844,-0.554700196225229,-2.77555756156289E-17));
#4501=DIRECTION('',(0.392232270276373,0.58834840541455,-0.707106781186546));
#4502=DIRECTION('',(0.832050294337844,-0.554700196225229,3.25678008769923E-17));
#4503=DIRECTION('center_axis',(-0.919866211007798,0.25087260300213,-0.301511344577767));
#4504=DIRECTION('ref_axis',(1.75623848241597E-16,0.768706114785808,0.639602149066831));
#4505=DIRECTION('',(2.04126438702312E-16,0.768706114785808,0.639602149066831));
#4506=DIRECTION('center_axis',(0.392232270276373,0.58834840541455,-0.707106781186546));
#4507=DIRECTION('ref_axis',(-0.874474632195203,0.,-0.485071250072671));
#4508=DIRECTION('center_axis',(-0.392232270276368,-0.588348405414552,0.707106781186548));
#4509=DIRECTION('ref_axis',(0.874474632195206,0.,0.485071250072665));
#4510=DIRECTION('',(-0.832050294337844,0.554700196225229,2.77555756156289E-17));
#4511=DIRECTION('center_axis',(-0.392232270276367,-0.588348405414551,-0.707106781186549));
#4512=DIRECTION('ref_axis',(-0.832050294337844,0.554700196225229,-1.71717776366588E-17));
#4513=DIRECTION('',(0.392232270276373,0.58834840541455,-0.707106781186546));
#4514=DIRECTION('',(-0.832050294337844,0.554700196225229,-3.25678008769923E-17));
#4515=DIRECTION('',(0.392232270276373,0.58834840541455,-0.707106781186546));
#4516=DIRECTION('center_axis',(0.285390896492695,-0.808607540062641,-0.514495755427525));
#4517=DIRECTION('ref_axis',(-0.874474632195207,2.48448566950415E-16,-0.485071250072665));
#4518=DIRECTION('',(0.392232270276373,0.58834840541455,-0.707106781186546));
#4519=DIRECTION('',(-0.874474632195207,2.29487653658323E-16,-0.485071250072665));
#4520=DIRECTION('center_axis',(0.392232270276367,0.588348405414551,0.707106781186549));
#4521=DIRECTION('ref_axis',(0.832050294337844,-0.554700196225229,1.71717776366588E-17));
#4522=DIRECTION('',(0.832050294337844,-0.554700196225229,-2.77555756156289E-17));
#4523=DIRECTION('',(0.392232270276373,0.58834840541455,-0.707106781186546));
#4524=DIRECTION('',(0.832050294337844,-0.554700196225229,3.25678008769923E-17));
#4525=DIRECTION('center_axis',(-0.919866211007798,0.25087260300213,-0.301511344577767));
#4526=DIRECTION('ref_axis',(1.75623848241597E-16,0.768706114785808,0.639602149066831));
#4527=DIRECTION('',(2.04126438702312E-16,0.768706114785808,0.639602149066831));
#4528=DIRECTION('center_axis',(0.392232270276373,0.58834840541455,-0.707106781186546));
#4529=DIRECTION('ref_axis',(-0.874474632195203,0.,-0.485071250072671));
#4530=DIRECTION('center_axis',(-0.392232270276368,-0.588348405414552,0.707106781186548));
#4531=DIRECTION('ref_axis',(0.874474632195206,0.,0.485071250072665));
#4532=DIRECTION('',(-0.832050294337844,0.554700196225229,0.));
#4533=DIRECTION('center_axis',(-0.392232270276368,-0.588348405414551,-0.707106781186548));
#4534=DIRECTION('ref_axis',(-0.832050294337844,0.554700196225229,-1.71717776366588E-17));
#4535=DIRECTION('',(0.392232270276373,0.58834840541455,-0.707106781186547));
#4536=DIRECTION('',(-0.832050294337844,0.554700196225229,-3.25678008769923E-17));
#4537=DIRECTION('',(0.392232270276373,0.58834840541455,-0.707106781186547));
#4538=DIRECTION('center_axis',(0.285390896492695,-0.808607540062641,-0.514495755427525));
#4539=DIRECTION('ref_axis',(-0.874474632195207,2.48448566950415E-16,-0.485071250072665));
#4540=DIRECTION('',(0.392232270276373,0.58834840541455,-0.707106781186547));
#4541=DIRECTION('',(-0.874474632195206,2.21521703429696E-16,-0.485071250072665));
#4542=DIRECTION('center_axis',(0.392232270276368,0.588348405414551,0.707106781186548));
#4543=DIRECTION('ref_axis',(0.832050294337844,-0.554700196225229,1.71717776366588E-17));
#4544=DIRECTION('',(0.832050294337844,-0.554700196225229,0.));
#4545=DIRECTION('',(0.392232270276373,0.58834840541455,-0.707106781186547));
#4546=DIRECTION('',(0.832050294337844,-0.554700196225229,3.25678008769923E-17));
#4547=DIRECTION('center_axis',(-0.919866211007798,0.25087260300213,-0.301511344577767));
#4548=DIRECTION('ref_axis',(1.75623848241597E-16,0.768706114785808,0.639602149066831));
#4549=DIRECTION('',(2.11128899866283E-16,0.768706114785808,0.639602149066831));
#4550=DIRECTION('center_axis',(0.392232270276373,0.58834840541455,-0.707106781186547));
#4551=DIRECTION('ref_axis',(-0.874474632195204,0.,-0.485071250072671));
#4552=DIRECTION('center_axis',(-0.392232270276368,-0.588348405414552,0.707106781186548));
#4553=DIRECTION('ref_axis',(0.874474632195206,0.,0.485071250072665));
#4554=DIRECTION('',(-0.832050294337844,0.554700196225229,0.));
#4555=DIRECTION('center_axis',(-0.392232270276368,-0.588348405414551,-0.707106781186548));
#4556=DIRECTION('ref_axis',(-0.832050294337844,0.554700196225229,-1.71717776366588E-17));
#4557=DIRECTION('',(0.392232270276373,0.58834840541455,-0.707106781186547));
#4558=DIRECTION('',(-0.832050294337844,0.554700196225229,-3.25678008769923E-17));
#4559=DIRECTION('',(0.392232270276373,0.58834840541455,-0.707106781186547));
#4560=DIRECTION('center_axis',(0.285390896492695,-0.808607540062641,-0.514495755427525));
#4561=DIRECTION('ref_axis',(-0.874474632195207,2.48448566950415E-16,-0.485071250072665));
#4562=DIRECTION('',(0.392232270276373,0.58834840541455,-0.707106781186547));
#4563=DIRECTION('',(-0.874474632195206,2.21521703429696E-16,-0.485071250072665));
#4564=DIRECTION('center_axis',(0.392232270276368,0.588348405414551,0.707106781186548));
#4565=DIRECTION('ref_axis',(0.832050294337844,-0.554700196225229,1.71717776366588E-17));
#4566=DIRECTION('',(0.832050294337844,-0.554700196225229,0.));
#4567=DIRECTION('',(0.392232270276373,0.58834840541455,-0.707106781186547));
#4568=DIRECTION('',(0.832050294337844,-0.554700196225229,3.25678008769923E-17));
#4569=DIRECTION('center_axis',(-0.919866211007798,0.25087260300213,-0.301511344577767));
#4570=DIRECTION('ref_axis',(1.75623848241597E-16,0.768706114785808,0.639602149066831));
#4571=DIRECTION('',(2.11128899866283E-16,0.768706114785808,0.639602149066831));
#4572=DIRECTION('center_axis',(0.392232270276373,0.58834840541455,-0.707106781186547));
#4573=DIRECTION('ref_axis',(-0.874474632195204,0.,-0.485071250072671));
#4574=DIRECTION('center_axis',(-0.392232270276368,-0.588348405414552,0.707106781186548));
#4575=DIRECTION('ref_axis',(0.874474632195206,0.,0.485071250072665));
#4576=DIRECTION('',(-0.832050294337844,0.554700196225229,0.));
#4577=DIRECTION('center_axis',(-0.392232270276368,-0.588348405414551,-0.707106781186548));
#4578=DIRECTION('ref_axis',(-0.832050294337844,0.554700196225229,-1.71717776366588E-17));
#4579=DIRECTION('',(0.392232270276373,0.58834840541455,-0.707106781186547));
#4580=DIRECTION('',(-0.832050294337844,0.554700196225229,-3.25678008769923E-17));
#4581=DIRECTION('',(0.392232270276373,0.58834840541455,-0.707106781186547));
#4582=DIRECTION('center_axis',(0.285390896492695,-0.808607540062641,-0.514495755427525));
#4583=DIRECTION('ref_axis',(-0.874474632195207,2.48448566950415E-16,-0.485071250072665));
#4584=DIRECTION('',(0.392232270276373,0.58834840541455,-0.707106781186547));
#4585=DIRECTION('',(-0.874474632195206,2.21521703429696E-16,-0.485071250072665));
#4586=DIRECTION('center_axis',(0.392232270276368,0.588348405414551,0.707106781186548));
#4587=DIRECTION('ref_axis',(0.832050294337844,-0.554700196225229,1.71717776366588E-17));
#4588=DIRECTION('',(0.832050294337844,-0.554700196225229,0.));
#4589=DIRECTION('',(0.392232270276373,0.58834840541455,-0.707106781186547));
#4590=DIRECTION('',(0.832050294337844,-0.554700196225229,3.25678008769923E-17));
#4591=DIRECTION('center_axis',(-0.919866211007798,0.25087260300213,-0.301511344577767));
#4592=DIRECTION('ref_axis',(1.75623848241597E-16,0.768706114785808,0.639602149066831));
#4593=DIRECTION('',(2.11128899866283E-16,0.768706114785808,0.639602149066831));
#4594=DIRECTION('center_axis',(0.392232270276373,0.58834840541455,-0.707106781186547));
#4595=DIRECTION('ref_axis',(-0.874474632195204,0.,-0.485071250072671));
#4596=DIRECTION('center_axis',(-0.392232270276368,-0.588348405414552,0.707106781186548));
#4597=DIRECTION('ref_axis',(0.874474632195206,0.,0.485071250072665));
#4598=DIRECTION('',(-0.832050294337844,0.554700196225229,0.));
#4599=DIRECTION('center_axis',(-0.392232270276368,-0.588348405414551,-0.707106781186548));
#4600=DIRECTION('ref_axis',(-0.832050294337844,0.554700196225229,-1.71717776366588E-17));
#4601=DIRECTION('',(0.392232270276373,0.58834840541455,-0.707106781186547));
#4602=DIRECTION('',(-0.832050294337844,0.554700196225229,-3.25678008769923E-17));
#4603=DIRECTION('',(0.392232270276373,0.58834840541455,-0.707106781186547));
#4604=DIRECTION('center_axis',(0.285390896492695,-0.808607540062641,-0.514495755427525));
#4605=DIRECTION('ref_axis',(-0.874474632195207,2.48448566950415E-16,-0.485071250072665));
#4606=DIRECTION('',(0.392232270276373,0.58834840541455,-0.707106781186547));
#4607=DIRECTION('',(-0.874474632195206,2.21521703429696E-16,-0.485071250072665));
#4608=DIRECTION('center_axis',(0.392232270276368,0.588348405414551,0.707106781186548));
#4609=DIRECTION('ref_axis',(0.832050294337844,-0.554700196225229,1.71717776366588E-17));
#4610=DIRECTION('',(0.832050294337844,-0.554700196225229,0.));
#4611=DIRECTION('',(0.392232270276373,0.58834840541455,-0.707106781186547));
#4612=DIRECTION('',(0.832050294337844,-0.554700196225229,3.25678008769923E-17));
#4613=DIRECTION('center_axis',(-0.919866211007798,0.25087260300213,-0.301511344577767));
#4614=DIRECTION('ref_axis',(1.75623848241597E-16,0.768706114785808,0.639602149066831));
#4615=DIRECTION('',(2.11128899866283E-16,0.768706114785808,0.639602149066831));
#4616=DIRECTION('center_axis',(0.392232270276373,0.58834840541455,-0.707106781186547));
#4617=DIRECTION('ref_axis',(-0.874474632195204,0.,-0.485071250072671));
#4618=DIRECTION('center_axis',(-0.392232270276368,-0.588348405414552,0.707106781186548));
#4619=DIRECTION('ref_axis',(0.874474632195206,0.,0.485071250072665));
#4620=DIRECTION('',(-0.832050294337844,0.554700196225229,0.));
#4621=DIRECTION('center_axis',(-0.392232270276368,-0.588348405414551,-0.707106781186548));
#4622=DIRECTION('ref_axis',(-0.832050294337844,0.554700196225229,-1.71717776366588E-17));
#4623=DIRECTION('',(0.392232270276373,0.58834840541455,-0.707106781186547));
#4624=DIRECTION('',(-0.832050294337844,0.554700196225229,-3.25678008769923E-17));
#4625=DIRECTION('',(0.392232270276373,0.58834840541455,-0.707106781186547));
#4626=DIRECTION('center_axis',(0.285390896492695,-0.808607540062641,-0.514495755427525));
#4627=DIRECTION('ref_axis',(-0.874474632195207,2.48448566950415E-16,-0.485071250072665));
#4628=DIRECTION('',(0.392232270276373,0.58834840541455,-0.707106781186547));
#4629=DIRECTION('',(-0.874474632195206,2.21521703429696E-16,-0.485071250072665));
#4630=DIRECTION('center_axis',(0.392232270276368,0.588348405414551,0.707106781186548));
#4631=DIRECTION('ref_axis',(0.832050294337844,-0.554700196225229,1.71717776366588E-17));
#4632=DIRECTION('',(0.832050294337844,-0.554700196225229,0.));
#4633=DIRECTION('',(0.392232270276373,0.58834840541455,-0.707106781186547));
#4634=DIRECTION('',(0.832050294337844,-0.554700196225229,3.25678008769923E-17));
#4635=DIRECTION('center_axis',(-0.919866211007798,0.25087260300213,-0.301511344577767));
#4636=DIRECTION('ref_axis',(1.75623848241597E-16,0.768706114785808,0.639602149066831));
#4637=DIRECTION('',(2.11128899866283E-16,0.768706114785808,0.639602149066831));
#4638=DIRECTION('center_axis',(0.392232270276373,0.58834840541455,-0.707106781186547));
#4639=DIRECTION('ref_axis',(-0.874474632195204,0.,-0.485071250072671));
#4640=DIRECTION('center_axis',(-0.392232270276368,-0.588348405414552,0.707106781186548));
#4641=DIRECTION('ref_axis',(0.874474632195206,0.,0.485071250072665));
#4642=DIRECTION('center_axis',(-1.,-1.34346315584893E-15,0.));
#4643=DIRECTION('ref_axis',(-1.34346315584893E-15,1.,0.));
#4644=DIRECTION('',(1.34346315584893E-15,-1.,0.));
#4645=DIRECTION('',(-1.34346315584893E-15,1.,0.));
#4646=DIRECTION('',(0.,0.,-1.));
#4647=DIRECTION('center_axis',(0.,0.,1.));
#4648=DIRECTION('ref_axis',(1.31145094783847E-15,-1.,0.));
#4649=DIRECTION('',(-1.,-1.31145094783847E-15,0.));
#4650=DIRECTION('',(-1.,-1.31145094783847E-15,0.));
#4651=DIRECTION('center_axis',(0.,0.,1.));
#4652=DIRECTION('ref_axis',(-0.707106781186548,0.707106781186548,0.));
#4653=DIRECTION('',(-1.31145094783847E-15,1.,0.));
#4654=DIRECTION('center_axis',(0.,0.,1.));
#4655=DIRECTION('ref_axis',(-0.707106781186545,-0.70710678118655,0.));
#4656=DIRECTION('center_axis',(0.,0.,-1.));
#4657=DIRECTION('ref_axis',(-0.707106781186548,0.707106781186548,0.));
#4658=DIRECTION('',(0.,0.,1.));
#4659=DIRECTION('',(0.,0.,-1.));
#4660=DIRECTION('center_axis',(-1.,-1.31145094783847E-15,0.));
#4661=DIRECTION('ref_axis',(0.,0.,-1.));
#4662=DIRECTION('',(0.,0.,1.));
#4663=DIRECTION('center_axis',(0.,0.,-1.));
#4664=DIRECTION('ref_axis',(-0.707106781186545,-0.70710678118655,0.));
#4665=DIRECTION('center_axis',(-1.31145094783847E-15,1.,0.));
#4666=DIRECTION('ref_axis',(0.,0.,1.));
#4667=DIRECTION('center_axis',(0.,0.,1.));
#4668=DIRECTION('ref_axis',(1.,0.,0.));
#4669=DIRECTION('center_axis',(0.,0.,1.));
#4670=DIRECTION('ref_axis',(1.,0.,0.));
#4671=DIRECTION('center_axis',(0.,-1.,0.));
#4672=DIRECTION('ref_axis',(-1.,0.,0.));
#4673=DIRECTION('center_axis',(0.,0.,-1.));
#4674=DIRECTION('ref_axis',(1.,0.,0.));
#4675=DIRECTION('center_axis',(0.,0.,-1.));
#4676=DIRECTION('ref_axis',(1.,0.,0.));
#4677=DIRECTION('center_axis',(0.,0.,-1.));
#4678=DIRECTION('ref_axis',(-1.,0.,0.));
#4679=DIRECTION('',(0.,0.,-1.));
#4680=DIRECTION('center_axis',(0.,0.,1.));
#4681=DIRECTION('ref_axis',(-1.,0.,0.));
#4682=DIRECTION('center_axis',(0.,0.,1.));
#4683=DIRECTION('ref_axis',(-1.,0.,0.));
#4684=DIRECTION('center_axis',(0.,0.,1.));
#4685=DIRECTION('ref_axis',(-1.,0.,0.));
#4686=DIRECTION('',(-0.832050294337844,0.554700196225229,0.));
#4687=DIRECTION('',(1.,0.,0.));
#4688=DIRECTION('',(-1.,0.,0.));
#4689=DIRECTION('',(-0.832050294337844,0.554700196225229,0.));
#4690=DIRECTION('',(0.894427190999916,0.447213595499958,0.));
#4691=DIRECTION('',(-1.,-1.31145094783847E-15,0.));
#4692=DIRECTION('',(1.,0.,0.));
#4693=DIRECTION('',(-1.,0.,0.));
#4694=DIRECTION('center_axis',(0.,0.,-1.));
#4695=DIRECTION('ref_axis',(1.,0.,0.));
#4696=DIRECTION('center_axis',(0.,0.,1.));
#4697=DIRECTION('ref_axis',(-1.,0.,0.));
#4698=DIRECTION('center_axis',(0.,0.,1.));
#4699=DIRECTION('ref_axis',(-1.,0.,0.));
#4700=DIRECTION('center_axis',(0.,0.,-1.));
#4701=DIRECTION('ref_axis',(1.,0.,0.));
#4702=DIRECTION('center_axis',(0.,0.,-1.));
#4703=DIRECTION('ref_axis',(1.,0.,0.));
#4704=DIRECTION('center_axis',(0.,0.,1.));
#4705=DIRECTION('ref_axis',(-1.,0.,0.));
#4706=DIRECTION('center_axis',(0.,0.,1.));
#4707=DIRECTION('ref_axis',(-1.,0.,0.));
#4708=DIRECTION('center_axis',(0.,0.,-1.));
#4709=DIRECTION('ref_axis',(1.,0.,0.));
#4710=DIRECTION('center_axis',(0.,0.,-1.));
#4711=DIRECTION('ref_axis',(1.,0.,0.));
#4712=DIRECTION('center_axis',(9.87791690091534E-18,-1.,0.));
#4713=DIRECTION('ref_axis',(1.,9.87791690091534E-18,0.));
#4714=DIRECTION('',(1.,9.87791690091534E-18,0.));
#4715=DIRECTION('center_axis',(0.,0.,1.));
#4716=DIRECTION('ref_axis',(1.,0.,0.));
#4717=DIRECTION('center_axis',(0.,0.,1.));
#4718=DIRECTION('ref_axis',(1.,0.,0.));
#4719=DIRECTION('center_axis',(0.554700196225229,0.832050294337844,0.));
#4720=DIRECTION('ref_axis',(0.832050294337844,-0.554700196225229,0.));
#4721=DIRECTION('',(-0.832050294337844,0.554700196225229,7.85046229341887E-17));
#4722=DIRECTION('center_axis',(-0.316227766016838,0.632455532033676,0.707106781186548));
#4723=DIRECTION('ref_axis',(0.912870929175277,0.,0.408248290463863));
#4724=DIRECTION('center_axis',(-0.316227766016838,0.632455532033676,0.707106781186548));
#4725=DIRECTION('ref_axis',(0.912870929175277,0.,0.408248290463863));
#4726=DIRECTION('',(0.894427190999916,0.447213595499958,0.));
#4727=DIRECTION('',(-0.912870929175277,0.,-0.408248290463863));
#4728=DIRECTION('',(0.894427190999916,0.447213595499958,0.));
#4729=DIRECTION('',(0.894427190999916,0.447213595499958,0.));
#4730=DIRECTION('center_axis',(0.,0.,-1.));
#4731=DIRECTION('ref_axis',(-1.,0.,0.));
#4732=DIRECTION('',(0.,0.,-1.));
#4733=DIRECTION('center_axis',(0.,0.,-1.));
#4734=DIRECTION('ref_axis',(-1.,0.,0.));
#4735=DIRECTION('',(0.,0.,-1.));
#4736=DIRECTION('center_axis',(0.,0.,1.));
#4737=DIRECTION('ref_axis',(-1.,0.,0.));
#4738=DIRECTION('center_axis',(0.,0.,-1.));
#4739=DIRECTION('ref_axis',(1.,0.,0.));
#4740=DIRECTION('center_axis',(0.,0.,-1.));
#4741=DIRECTION('ref_axis',(1.,0.,0.));
#4742=DIRECTION('center_axis',(0.,0.,-1.));
#4743=DIRECTION('ref_axis',(1.,0.,0.));
#4744=DIRECTION('center_axis',(0.,0.,1.));
#4745=DIRECTION('ref_axis',(1.,0.,0.));
#4746=DIRECTION('center_axis',(0.,0.,-1.));
#4747=DIRECTION('ref_axis',(1.,0.,0.));
#4748=DIRECTION('',(0.,0.,1.));
#4749=DIRECTION('center_axis',(0.,0.,1.));
#4750=DIRECTION('ref_axis',(-1.,0.,0.));
#4751=DIRECTION('center_axis',(0.,0.,-1.));
#4752=DIRECTION('ref_axis',(1.,0.,0.));
#4753=DIRECTION('center_axis',(0.,0.,-1.));
#4754=DIRECTION('ref_axis',(1.,0.,0.));
#4755=DIRECTION('center_axis',(0.,0.,-1.));
#4756=DIRECTION('ref_axis',(1.,0.,0.));
#4757=DIRECTION('center_axis',(0.,0.,1.));
#4758=DIRECTION('ref_axis',(1.,0.,0.));
#4759=DIRECTION('center_axis',(0.,0.,-1.));
#4760=DIRECTION('ref_axis',(1.,0.,0.));
#4761=DIRECTION('',(0.,0.,1.));
#4762=DIRECTION('center_axis',(0.,0.,1.));
#4763=DIRECTION('ref_axis',(-1.,0.,0.));
#4764=DIRECTION('center_axis',(0.,0.,-1.));
#4765=DIRECTION('ref_axis',(1.,0.,0.));
#4766=DIRECTION('center_axis',(0.,0.,-1.));
#4767=DIRECTION('ref_axis',(1.,0.,0.));
#4768=DIRECTION('center_axis',(0.,0.,-1.));
#4769=DIRECTION('ref_axis',(1.,0.,0.));
#4770=DIRECTION('center_axis',(0.,0.,1.));
#4771=DIRECTION('ref_axis',(1.,0.,0.));
#4772=DIRECTION('center_axis',(0.,0.,-1.));
#4773=DIRECTION('ref_axis',(1.,0.,0.));
#4774=DIRECTION('',(0.,0.,1.));
#4775=DIRECTION('center_axis',(0.,0.,1.));
#4776=DIRECTION('ref_axis',(-1.,0.,0.));
#4777=DIRECTION('center_axis',(0.,0.,-1.));
#4778=DIRECTION('ref_axis',(1.,0.,0.));
#4779=DIRECTION('center_axis',(0.,0.,-1.));
#4780=DIRECTION('ref_axis',(1.,0.,0.));
#4781=DIRECTION('center_axis',(0.,0.,-1.));
#4782=DIRECTION('ref_axis',(1.,0.,0.));
#4783=DIRECTION('center_axis',(0.,0.,1.));
#4784=DIRECTION('ref_axis',(1.,0.,0.));
#4785=DIRECTION('center_axis',(0.,0.,-1.));
#4786=DIRECTION('ref_axis',(1.,0.,0.));
#4787=DIRECTION('',(0.,0.,1.));
#4788=DIRECTION('center_axis',(0.,0.,-1.));
#4789=DIRECTION('ref_axis',(1.,0.,0.));
#4790=DIRECTION('',(0.,0.,1.));
#4791=DIRECTION('center_axis',(0.,0.,1.));
#4792=DIRECTION('ref_axis',(1.,0.,0.));
#4793=DIRECTION('center_axis',(0.,0.,1.));
#4794=DIRECTION('ref_axis',(1.,0.,0.));
#4795=DIRECTION('center_axis',(0.,-1.,0.));
#4796=DIRECTION('ref_axis',(-1.,0.,0.));
#4797=DIRECTION('center_axis',(0.,0.,-1.));
#4798=DIRECTION('ref_axis',(1.,0.,0.));
#4799=DIRECTION('',(0.,0.,1.));
#4800=DIRECTION('center_axis',(0.,0.,-1.));
#4801=DIRECTION('ref_axis',(1.,0.,0.));
#4802=DIRECTION('',(0.,0.,1.));
#4803=DIRECTION('center_axis',(0.,0.,1.));
#4804=DIRECTION('ref_axis',(1.,0.,0.));
#4805=DIRECTION('center_axis',(0.,0.,1.));
#4806=DIRECTION('ref_axis',(1.,0.,0.));
#4807=DIRECTION('center_axis',(0.,-1.,0.));
#4808=DIRECTION('ref_axis',(-1.,0.,0.));
#4809=DIRECTION('center_axis',(0.,0.,-1.));
#4810=DIRECTION('ref_axis',(1.,0.,0.));
#4811=DIRECTION('',(0.,0.,1.));
#4812=DIRECTION('center_axis',(0.,0.,1.));
#4813=DIRECTION('ref_axis',(1.,0.,0.));
#4814=DIRECTION('center_axis',(0.,0.,1.));
#4815=DIRECTION('ref_axis',(1.,0.,0.));
#4816=DIRECTION('center_axis',(0.,-1.,0.));
#4817=DIRECTION('ref_axis',(-1.,0.,0.));
#4818=DIRECTION('center_axis',(1.31145094783847E-15,-1.,0.));
#4819=DIRECTION('ref_axis',(0.,0.,-1.));
#4820=DIRECTION('center_axis',(0.,0.,-1.));
#4821=DIRECTION('ref_axis',(1.,0.,0.));
#4822=DIRECTION('',(-1.,0.,0.));
#4823=DIRECTION('',(0.,-1.,0.));
#4824=DIRECTION('',(-1.,-8.88178419700125E-16,0.));
#4825=DIRECTION('center_axis',(0.,0.,1.));
#4826=DIRECTION('ref_axis',(1.,0.,0.));
#4827=DIRECTION('center_axis',(0.,1.,0.));
#4828=DIRECTION('ref_axis',(1.,0.,0.));
#4829=DIRECTION('',(0.,0.,-1.));
#4830=DIRECTION('center_axis',(1.,0.,0.));
#4831=DIRECTION('ref_axis',(0.,-1.,0.));
#4832=DIRECTION('',(0.,0.,-1.));
#4833=DIRECTION('center_axis',(8.88178419700125E-16,-1.,0.));
#4834=DIRECTION('ref_axis',(-1.,-8.88178419700125E-16,0.));
#4835=DIRECTION('center_axis',(0.,0.,-1.));
#4836=DIRECTION('ref_axis',(1.,0.,0.));
#4837=DIRECTION('',(0.,0.,1.));
#4838=DIRECTION('center_axis',(0.,0.,-1.));
#4839=DIRECTION('ref_axis',(1.,0.,0.));
#4840=DIRECTION('',(-1.,0.,0.));
#4841=DIRECTION('',(0.,-1.,0.));
#4842=DIRECTION('',(1.,0.,0.));
#4843=DIRECTION('center_axis',(0.,0.,-1.));
#4844=DIRECTION('ref_axis',(1.,0.,0.));
#4845=DIRECTION('center_axis',(0.,1.,0.));
#4846=DIRECTION('ref_axis',(-1.,0.,0.));
#4847=DIRECTION('',(0.,0.,1.));
#4848=DIRECTION('center_axis',(0.,-1.,0.));
#4849=DIRECTION('ref_axis',(1.,0.,0.));
#4850=DIRECTION('',(0.874474632195206,0.,0.485071250072665));
#4851=DIRECTION('',(0.,0.,1.));
#4852=DIRECTION('center_axis',(1.,0.,0.));
#4853=DIRECTION('ref_axis',(0.,1.,0.));
#4854=DIRECTION('center_axis',(0.,0.,1.));
#4855=DIRECTION('ref_axis',(1.,0.,0.));
#4856=DIRECTION('',(0.,0.,-1.));
#4857=DIRECTION('center_axis',(-0.392232270276368,-0.588348405414552,0.707106781186548));
#4858=DIRECTION('ref_axis',(0.874474632195206,0.,0.485071250072665));
#4859=DIRECTION('',(-0.832050294337844,0.554700196225229,0.));
#4860=DIRECTION('',(-0.874474632195206,0.,-0.485071250072665));
#4861=DIRECTION('',(-0.832050294337844,0.554700196225229,7.85046229341887E-17));
#4862=DIRECTION('',(-0.832050294337844,0.554700196225229,0.));
#4863=DIRECTION('center_axis',(0.,0.,-1.));
#4864=DIRECTION('ref_axis',(1.,0.,0.));
#4865=DIRECTION('center_axis',(0.,0.,-1.));
#4866=DIRECTION('ref_axis',(1.,0.,0.));
#4867=DIRECTION('center_axis',(0.,0.,-1.));
#4868=DIRECTION('ref_axis',(1.,0.,0.));
#4869=DIRECTION('',(0.894427190999916,0.447213595499958,0.));
#4870=DIRECTION('',(1.,0.,0.));
#4871=DIRECTION('center_axis',(0.447213595499958,-0.894427190999916,0.));
#4872=DIRECTION('ref_axis',(0.894427190999916,0.447213595499958,0.));
#4873=DIRECTION('',(0.,0.,1.));
#4874=DIRECTION('center_axis',(0.,-1.,0.));
#4875=DIRECTION('ref_axis',(1.,0.,0.));
#4876=DIRECTION('center_axis',(0.,0.,-1.));
#4877=DIRECTION('ref_axis',(1.,0.,0.));
#4878=DIRECTION('',(-1.,4.89342486226515E-18,0.));
#4879=DIRECTION('',(-0.832050294337844,0.554700196225229,0.));
#4880=DIRECTION('center_axis',(0.554700196225229,0.832050294337843,0.));
#4881=DIRECTION('ref_axis',(-0.832050294337844,0.554700196225229,0.));
#4882=DIRECTION('',(0.,0.,1.));
#4883=DIRECTION('center_axis',(4.89342486226515E-18,1.,0.));
#4884=DIRECTION('ref_axis',(-1.,4.89342486226515E-18,0.));
#4885=CARTESIAN_POINT('',(0.,0.,0.));
#4886=CARTESIAN_POINT('Origin',(-16.8246700780198,-7.72825607854905,-16.64));
#4887=CARTESIAN_POINT('',(-19.8246700780198,-7.72825607854905,-16.64));
#4888=CARTESIAN_POINT('Origin',(-16.8246700780198,-7.72825607854905,-16.64));
#4889=CARTESIAN_POINT('',(-19.8246700780198,-6.22825607854905,-16.64));
#4890=CARTESIAN_POINT('',(-19.8246700780198,-7.72825607854905,-16.64));
#4891=CARTESIAN_POINT('Origin',(-16.8246700780198,-6.22825607854905,-16.64));
#4892=CARTESIAN_POINT('Origin',(-16.8246700780198,-6.22825607854905,-16.64));
#4893=CARTESIAN_POINT('',(-14.7746700780198,-6.22825607854905,-16.64));
#4894=CARTESIAN_POINT('Origin',(-16.8246700780198,-6.22825607854905,-16.64));
#4895=CARTESIAN_POINT('Origin',(-16.8246700780198,121.271743921451,-16.64));
#4896=CARTESIAN_POINT('',(-13.8246700780198,121.271743921451,-16.64));
#4897=CARTESIAN_POINT('Origin',(-16.8246700780198,121.271743921451,-16.64));
#4898=CARTESIAN_POINT('',(-13.8246700780198,119.771743921451,-16.64));
#4899=CARTESIAN_POINT('',(-13.8246700780198,121.271743921451,-16.64));
#4900=CARTESIAN_POINT('Origin',(-16.8246700780198,119.771743921451,-16.64));
#4901=CARTESIAN_POINT('Origin',(-16.8246700780198,119.771743921451,-16.64));
#4902=CARTESIAN_POINT('',(-14.7746700780198,119.771743921451,-16.64));
#4903=CARTESIAN_POINT('Origin',(-16.8246700780198,119.771743921451,-16.64));
#4904=CARTESIAN_POINT('Ctrl Pts',(-88.6014302967962,121.271743921451,-36.89));
#4905=CARTESIAN_POINT('Ctrl Pts',(-88.6014302967962,-7.72825607854918,-36.89));
#4906=CARTESIAN_POINT('Ctrl Pts',(-89.7196564850976,121.271743921451,-36.6930561265433));
#4907=CARTESIAN_POINT('Ctrl Pts',(-89.7196564850976,-7.72825607854918,-36.6930561265433));
#4908=CARTESIAN_POINT('Ctrl Pts',(-91.9122835224352,121.271743921451,-36.2881860638728));
#4909=CARTESIAN_POINT('Ctrl Pts',(-91.9122835224352,-7.72825607854918,-36.2881860638728));
#4910=CARTESIAN_POINT('Ctrl Pts',(-95.069751687291,121.271743921451,-35.6479344061733));
#4911=CARTESIAN_POINT('Ctrl Pts',(-95.069751687291,-7.72825607854918,-35.6479344061733));
#4912=CARTESIAN_POINT('Ctrl Pts',(-99.0148211983079,121.271743921451,-34.7278900323595));
#4913=CARTESIAN_POINT('Ctrl Pts',(-99.0148211983079,-7.72825607854918,-34.7278900323595));
#4914=CARTESIAN_POINT('Ctrl Pts',(-103.499693616599,121.271743921451,-33.4652995947771));
#4915=CARTESIAN_POINT('Ctrl Pts',(-103.499693616599,-7.72825607854918,-33.4652995947771));
#4916=CARTESIAN_POINT('Ctrl Pts',(-107.542941203807,121.271743921451,-32.0894776878775));
#4917=CARTESIAN_POINT('Ctrl Pts',(-107.542941203807,-7.72825607854918,-32.0894776878775));
#4918=CARTESIAN_POINT('Ctrl Pts',(-111.171827520862,121.271743921451,-30.6032490736015));
#4919=CARTESIAN_POINT('Ctrl Pts',(-111.171827520862,-7.72825607854918,-30.6032490736015));
#4920=CARTESIAN_POINT('Ctrl Pts',(-114.447257288917,121.271743921451,-29.015431784296));
#4921=CARTESIAN_POINT('Ctrl Pts',(-114.447257288917,-7.72825607854918,-29.015431784296));
#4922=CARTESIAN_POINT('Ctrl Pts',(-117.484037282609,121.271743921451,-27.3441762588083));
#4923=CARTESIAN_POINT('Ctrl Pts',(-117.484037282609,-7.72825607854918,-27.3441762588083));
#4924=CARTESIAN_POINT('Ctrl Pts',(-120.170968828187,121.271743921451,-25.7755485057421));
#4925=CARTESIAN_POINT('Ctrl Pts',(-120.170968828187,-7.72825607854918,-25.7755485057421));
#4926=CARTESIAN_POINT('Ctrl Pts',(-122.322925423763,121.271743921451,-24.5444863125544));
#4927=CARTESIAN_POINT('Ctrl Pts',(-122.322925423763,-7.72825607854918,-24.5444863125544));
#4928=CARTESIAN_POINT('Ctrl Pts',(-123.941809882607,121.271743921451,-23.6722968229048));
#4929=CARTESIAN_POINT('Ctrl Pts',(-123.941809882607,-7.72825607854918,-23.6722968229048));
#4930=CARTESIAN_POINT('Ctrl Pts',(-124.960311503887,121.271743921451,-23.1513709653044));
#4931=CARTESIAN_POINT('Ctrl Pts',(-124.960311503887,-7.72825607854918,-23.1513709653044));
#4932=CARTESIAN_POINT('Ctrl Pts',(-125.32467007802,121.271743921451,-22.9687348053144));
#4933=CARTESIAN_POINT('Ctrl Pts',(-125.32467007802,-7.72825607854918,-22.9687348053144));
#4934=CARTESIAN_POINT('',(-122.693014860878,-1.94288306860192,-24.3575678521104));
#4935=CARTESIAN_POINT('',(-125.32467007802,-0.188446257174402,-22.9687348053144));
#4936=CARTESIAN_POINT('Ctrl Pts',(-122.693014860882,-1.94288306860193,-24.3575678521083));
#4937=CARTESIAN_POINT('Ctrl Pts',(-123.088653549023,-1.67912123173339,-24.1395659746996));
#4938=CARTESIAN_POINT('Ctrl Pts',(-123.482165649418,-1.41678403243633,-23.9262083215921));
#4939=CARTESIAN_POINT('Ctrl Pts',(-123.876800224088,-1.153698287636,-23.7166389382585));
#4940=CARTESIAN_POINT('Ctrl Pts',(-124.189908552687,-0.944962553059948,
-23.550363797779));
#4941=CARTESIAN_POINT('Ctrl Pts',(-124.50371892184,-0.735755605572584,-23.3864723323449));
#4942=CARTESIAN_POINT('Ctrl Pts',(-124.819858588302,-0.524992032776041,
-23.2245521714292));
#4943=CARTESIAN_POINT('Ctrl Pts',(-124.987391970227,-0.413301100308025,
-23.1387450581881));
#4944=CARTESIAN_POINT('Ctrl Pts',(-125.155579934506,-0.301173019516825,
-23.0534919009229));
#4945=CARTESIAN_POINT('Ctrl Pts',(-125.32467007802,-0.188446257174405,-22.9687348053144));
#4946=CARTESIAN_POINT('',(-115.144940560495,-4.22825607854905,-28.6000906320267));
#4947=CARTESIAN_POINT('Ctrl Pts',(-115.144940560495,-4.22825607854907,-28.6000906320267));
#4948=CARTESIAN_POINT('Ctrl Pts',(-115.134114385246,-4.14232715158154,-28.6058118073608));
#4949=CARTESIAN_POINT('Ctrl Pts',(-115.126068292862,-4.05595866539626,-28.610060777175));
#4950=CARTESIAN_POINT('Ctrl Pts',(-115.120836197291,-3.96928829221882,-28.6128233767838));
#4951=CARTESIAN_POINT('Ctrl Pts',(-115.113305162998,-3.84453568712074,-28.6167998393903));
#4952=CARTESIAN_POINT('Ctrl Pts',(-115.111623382409,-3.71946373448998,-28.617687209938));
#4953=CARTESIAN_POINT('Ctrl Pts',(-115.115804599098,-3.59449669922026,-28.6154798763343));
#4954=CARTESIAN_POINT('Ctrl Pts',(-115.120497577875,-3.45423426176288,-28.6130023750406));
#4955=CARTESIAN_POINT('Ctrl Pts',(-115.132564203489,-3.31447543121309,-28.6066330577883));
#4956=CARTESIAN_POINT('Ctrl Pts',(-115.151900732094,-3.17581042019049,-28.5964120270673));
#4957=CARTESIAN_POINT('Ctrl Pts',(-115.178058568097,-2.98822883862607,-28.5825853443756));
#4958=CARTESIAN_POINT('Ctrl Pts',(-115.217392079888,-2.80355270036764,-28.5617791672579));
#4959=CARTESIAN_POINT('Ctrl Pts',(-115.269266214341,-2.62310919767928,-28.5342472576687));
#4960=CARTESIAN_POINT('Ctrl Pts',(-115.27936322718,-2.58798686971194,-28.5288883240205));
#4961=CARTESIAN_POINT('Ctrl Pts',(-115.289935212345,-2.55302490134581,-28.5232745157061));
#4962=CARTESIAN_POINT('Ctrl Pts',(-115.300977286516,-2.51823307981502,-28.5174076202861));
#4963=CARTESIAN_POINT('Ctrl Pts',(-115.376843190734,-2.27919166794204,-28.4770984067177));
#4964=CARTESIAN_POINT('Ctrl Pts',(-115.474305216033,-2.05005504979781,-28.4251630797238));
#4965=CARTESIAN_POINT('Ctrl Pts',(-115.590914273149,-1.83328530327512,-28.3626042511431));
#4966=CARTESIAN_POINT('Ctrl Pts',(-115.599336932791,-1.81762804782069,-28.3580856336897));
#4967=CARTESIAN_POINT('Ctrl Pts',(-115.607859469327,-1.80203531228142,-28.3535115801304));
#4968=CARTESIAN_POINT('Ctrl Pts',(-115.616480954755,-1.78650802445371,-28.3488824635826));
#4969=CARTESIAN_POINT('Ctrl Pts',(-115.717004320545,-1.60546552928047,-28.2949086582689));
#4970=CARTESIAN_POINT('Ctrl Pts',(-115.830256177044,-1.4345952763761,-28.2338358315599));
#4971=CARTESIAN_POINT('Ctrl Pts',(-115.954443712717,-1.27469936700921,-28.1664481156757));
#4972=CARTESIAN_POINT('Ctrl Pts',(-116.075389876547,-1.11897684022476,-28.1008192610461));
#4973=CARTESIAN_POINT('Ctrl Pts',(-116.206706635723,-0.973663258796321,
-28.0292002453305));
#4974=CARTESIAN_POINT('Ctrl Pts',(-116.34678497723,-0.839499542982253,-27.9523249015922));
#4975=CARTESIAN_POINT('Ctrl Pts',(-116.472856847215,-0.718750893655348,
-27.8831363444132));
#4976=CARTESIAN_POINT('Ctrl Pts',(-116.605419333904,-0.607598219280976,
-27.8100227370568));
#4977=CARTESIAN_POINT('Ctrl Pts',(-116.743298985756,-0.506171989948399,
-27.7335683773705));
#4978=CARTESIAN_POINT('Ctrl Pts',(-116.880872346896,-0.404971072411732,
-27.6572838560899));
#4979=CARTESIAN_POINT('Ctrl Pts',(-117.023739193765,-0.313453434579851,
-27.5776732643523));
#4980=CARTESIAN_POINT('Ctrl Pts',(-117.170784091601,-0.231748678979542,
-27.4953327242012));
#4981=CARTESIAN_POINT('Ctrl Pts',(-117.2729021827,-0.175007276874408,-27.4381497895735));
#4982=CARTESIAN_POINT('Ctrl Pts',(-117.377036390842,-0.122998499214549,
-27.3796505756824));
#4983=CARTESIAN_POINT('Ctrl Pts',(-117.482827072438,-0.0757657541874153,
-27.3200396082997));
#4984=CARTESIAN_POINT('Ctrl Pts',(-117.648317007854,-0.00187886919786023,
-27.2267892861218));
#4985=CARTESIAN_POINT('Ctrl Pts',(-117.817556096419,0.0602013641789069,
-27.1309876080366));
#4986=CARTESIAN_POINT('Ctrl Pts',(-117.989288173201,0.11049825866337,-27.0334005052881));
#4987=CARTESIAN_POINT('Ctrl Pts',(-118.176697817985,0.165386799614677,-26.9269045925597));
#4988=CARTESIAN_POINT('Ctrl Pts',(-118.367077304412,0.206242376942421,-26.8182822439461));
#4989=CARTESIAN_POINT('Ctrl Pts',(-118.558851416018,0.233095288684581,-26.708557751122));
#4990=CARTESIAN_POINT('Ctrl Pts',(-118.718344291171,0.255428063761036,-26.6173031251005));
#4991=CARTESIAN_POINT('Ctrl Pts',(-118.87880357839,0.268075533158813,-26.5252868666792));
#4992=CARTESIAN_POINT('Ctrl Pts',(-119.039338884083,0.271055125715634,-26.4331112387819));
#4993=CARTESIAN_POINT('Ctrl Pts',(-119.2584555563,0.275122009338498,-26.3072995566897));
#4994=CARTESIAN_POINT('Ctrl Pts',(-119.477778844778,0.261179315410844,-26.1811552553734));
#4995=CARTESIAN_POINT('Ctrl Pts',(-119.69508807609,0.229247918705155,-26.0562039061882));
#4996=CARTESIAN_POINT('Ctrl Pts',(-119.88054951874,0.201996232878976,-25.9495648216865));
#4997=CARTESIAN_POINT('Ctrl Pts',(-120.064545359583,0.161642149809334,-25.8437955765991));
#4998=CARTESIAN_POINT('Ctrl Pts',(-120.245656226744,0.108198645714026,-25.739851002721));
#4999=CARTESIAN_POINT('Ctrl Pts',(-120.411294894202,0.0593207901694107,
-25.6447863554329));
#5000=CARTESIAN_POINT('Ctrl Pts',(-120.574520861611,-0.000505571689981568,
-25.5512483196554));
#5001=CARTESIAN_POINT('Ctrl Pts',(-120.73420225534,-0.0712705132810783,
-25.4599651577466));
#5002=CARTESIAN_POINT('Ctrl Pts',(-120.749117989996,-0.0778806202388256,
-25.4514384572351));
#5003=CARTESIAN_POINT('Ctrl Pts',(-120.764002759312,-0.0845861696523155,
-25.4429314272919));
#5004=CARTESIAN_POINT('Ctrl Pts',(-120.778855616736,-0.091387153431171,
-25.4344446587681));
#5005=CARTESIAN_POINT('Ctrl Pts',(-120.929363473386,-0.160303286026834,
-25.3484460321119));
#5006=CARTESIAN_POINT('Ctrl Pts',(-121.076366552747,-0.238926180196923,
-25.2646612144196));
#5007=CARTESIAN_POINT('Ctrl Pts',(-121.218814591368,-0.327099214535849,
-25.1837206606362));
#5008=CARTESIAN_POINT('Ctrl Pts',(-121.366209596034,-0.418334340927487,
-25.0999691859365));
#5009=CARTESIAN_POINT('Ctrl Pts',(-121.508728076186,-0.519794444057134,
-25.0192631976583));
#5010=CARTESIAN_POINT('Ctrl Pts',(-121.645148311371,-0.631306011734736,
-24.9422901788991));
#5011=CARTESIAN_POINT('Ctrl Pts',(-121.781568546557,-0.742817579412338,
-24.8653171601398));
#5012=CARTESIAN_POINT('Ctrl Pts',(-121.911890132699,-0.864380611637889,
-24.7920771778568));
#5013=CARTESIAN_POINT('Ctrl Pts',(-122.034834683616,-0.99582159622139,-24.7232446519047));
#5014=CARTESIAN_POINT('Ctrl Pts',(-122.170807745534,-1.14119146419929,-24.6471179001008));
#5015=CARTESIAN_POINT('Ctrl Pts',(-122.296828099666,-1.29767763148578,-24.5769022361908));
#5016=CARTESIAN_POINT('Ctrl Pts',(-122.411238837233,-1.46432179273184,-24.5134019775807));
#5017=CARTESIAN_POINT('Ctrl Pts',(-122.515168333341,-1.61569957488712,-24.4557190186171));
#5018=CARTESIAN_POINT('Ctrl Pts',(-122.609515769566,-1.77545944131435,-24.403576898277));
#5019=CARTESIAN_POINT('Ctrl Pts',(-122.693014860879,-1.9428830686019,-24.3575678521102));
#5020=CARTESIAN_POINT('',(-113.678772044271,-4.22825607854905,-29.3539581734583));
#5021=CARTESIAN_POINT('Ctrl Pts',(-113.678772044271,-4.22825607854906,-29.3539581734583));
#5022=CARTESIAN_POINT('Ctrl Pts',(-114.184788915995,-4.22825607854906,-29.1012924375488));
#5023=CARTESIAN_POINT('Ctrl Pts',(-114.672352795791,-4.22825607854905,-28.8498332604657));
#5024=CARTESIAN_POINT('Ctrl Pts',(-115.144940560495,-4.22825607854905,-28.6000906320267));
#5025=CARTESIAN_POINT('',(-107.070981434884,-4.51802745887982,-32.1980736659358));
#5026=CARTESIAN_POINT('Ctrl Pts',(-107.070981434884,-4.51802745887982,-32.1980736659358));
#5027=CARTESIAN_POINT('Ctrl Pts',(-107.172361788649,-4.77377829248834,-32.1609591450245));
#5028=CARTESIAN_POINT('Ctrl Pts',(-107.303079405903,-5.01550505903557,-32.1128519322542));
#5029=CARTESIAN_POINT('Ctrl Pts',(-107.678441270711,-5.55045789160734,-31.9728732901903));
#5030=CARTESIAN_POINT('Ctrl Pts',(-107.94404950565,-5.82079082585904,-31.87254683357));
#5031=CARTESIAN_POINT('Ctrl Pts',(-108.581073301639,-6.29196697969833,-31.6259062602338));
#5032=CARTESIAN_POINT('Ctrl Pts',(-108.956558532277,-6.47576003298025,-31.4772494906872));
#5033=CARTESIAN_POINT('Ctrl Pts',(-109.796099316051,-6.71911591181181,-31.1343635465819));
#5034=CARTESIAN_POINT('Ctrl Pts',(-110.259799720862,-6.75745649626448,-30.9388417611367));
#5035=CARTESIAN_POINT('Ctrl Pts',(-111.20947068107,-6.65098608241629,-30.5245918898954));
#5036=CARTESIAN_POINT('Ctrl Pts',(-111.689544331115,-6.49023931215707,-30.3071566291546));
#5037=CARTESIAN_POINT('Ctrl Pts',(-112.508386943857,-6.00036513846838,-29.9254735602511));
#5038=CARTESIAN_POINT('Ctrl Pts',(-112.853344887228,-5.69249037758316,-29.759751090719));
#5039=CARTESIAN_POINT('Ctrl Pts',(-113.372755703234,-4.99527733014655,-29.5063957100257));
#5040=CARTESIAN_POINT('Ctrl Pts',(-113.559865753565,-4.62707990200307,-29.4133307895194));
#5041=CARTESIAN_POINT('Ctrl Pts',(-113.678772044271,-4.22825607854905,-29.3539581734583));
#5042=CARTESIAN_POINT('',(-106.970568111771,-4.22825607854905,-32.2347468759954));
#5043=CARTESIAN_POINT('Ctrl Pts',(-106.97056811177,-4.22825607854906,-32.2347468759959));
#5044=CARTESIAN_POINT('Ctrl Pts',(-106.999893161145,-4.32661529774684,-32.224062145514));
#5045=CARTESIAN_POINT('Ctrl Pts',(-107.033425189376,-4.42328388885437,-32.2118227012023));
#5046=CARTESIAN_POINT('Ctrl Pts',(-107.070981434882,-4.51802745887981,-32.1980736659363));
#5047=CARTESIAN_POINT('',(-88.6014302967962,-4.22825607854906,-36.89));
#5048=CARTESIAN_POINT('Ctrl Pts',(-88.6014302967962,-4.22825607854907,-36.89));
#5049=CARTESIAN_POINT('Ctrl Pts',(-89.4387395816018,-4.22825607854907,-36.7425316831639));
#5050=CARTESIAN_POINT('Ctrl Pts',(-90.2613103152751,-4.22825607854907,-36.5913700438465));
#5051=CARTESIAN_POINT('Ctrl Pts',(-91.0691142336763,-4.22825607854907,-36.4365077109479));
#5052=CARTESIAN_POINT('Ctrl Pts',(-92.1415422917439,-4.22825607854907,-36.23091485957));
#5053=CARTESIAN_POINT('Ctrl Pts',(-93.1879424783816,-4.22825607854907,-36.0187998325143));
#5054=CARTESIAN_POINT('Ctrl Pts',(-94.2081558190131,-4.22825607854907,-35.8001163038753));
#5055=CARTESIAN_POINT('Ctrl Pts',(-95.1211905217015,-4.22825607854907,-35.6044066002262));
#5056=CARTESIAN_POINT('Ctrl Pts',(-96.0132459227935,-4.22825607854907,-35.403434787768));
#5057=CARTESIAN_POINT('Ctrl Pts',(-96.8842103970426,-4.22825607854907,-35.197158532384));
#5058=CARTESIAN_POINT('Ctrl Pts',(-97.5971956058916,-4.22825607854907,-35.0282975473797));
#5059=CARTESIAN_POINT('Ctrl Pts',(-98.2960460360182,-4.22825607854907,-34.8558815098508));
#5060=CARTESIAN_POINT('Ctrl Pts',(-98.9807365673582,-4.22825607854907,-34.6798895676819));
#5061=CARTESIAN_POINT('Ctrl Pts',(-99.5968263592488,-4.22825607854907,-34.5215306682051));
#5062=CARTESIAN_POINT('Ctrl Pts',(-100.201450928871,-4.22825607854907,-34.3602763609401));
#5063=CARTESIAN_POINT('Ctrl Pts',(-100.794634137356,-4.22825607854907,-34.1961166860539));
#5064=CARTESIAN_POINT('Ctrl Pts',(-101.348684268316,-4.22825607854907,-34.0427868411288));
#5065=CARTESIAN_POINT('Ctrl Pts',(-101.892752358447,-4.22825607854908,-33.8869222145841));
#5066=CARTESIAN_POINT('Ctrl Pts',(-102.42690457803,-4.22825607854908,-33.728521408589));
#5067=CARTESIAN_POINT('Ctrl Pts',(-102.922200953297,-4.22825607854908,-33.5816431552141));
#5068=CARTESIAN_POINT('Ctrl Pts',(-103.408971484081,-4.22825607854907,-33.4325842398045));
#5069=CARTESIAN_POINT('Ctrl Pts',(-103.88731436651,-4.22825607854907,-33.2813505068408));
#5070=CARTESIAN_POINT('Ctrl Pts',(-104.351508727274,-4.22825607854907,-33.1345899955467));
#5071=CARTESIAN_POINT('Ctrl Pts',(-104.807766335717,-4.22825607854907,-32.9857813452176));
#5072=CARTESIAN_POINT('Ctrl Pts',(-105.256224733978,-4.22825607854907,-32.8349375767266));
#5073=CARTESIAN_POINT('Ctrl Pts',(-105.688766624305,-4.22825607854907,-32.6894474955501));
#5074=CARTESIAN_POINT('Ctrl Pts',(-106.11405295453,-4.22825607854907,-32.5420641460853));
#5075=CARTESIAN_POINT('Ctrl Pts',(-106.532255146725,-4.22825607854907,-32.3928073037662));
#5076=CARTESIAN_POINT('Ctrl Pts',(-106.679231019841,-4.22825607854907,-32.3403514459828));
#5077=CARTESIAN_POINT('Ctrl Pts',(-106.825332351067,-4.22825607854907,-32.2876642620703));
#5078=CARTESIAN_POINT('Ctrl Pts',(-106.970568111771,-4.22825607854907,-32.2347468759954));
#5079=CARTESIAN_POINT('',(-88.6014302967962,-7.72825607854918,-36.89));
#5080=CARTESIAN_POINT('',(-88.6014302967962,121.271743921451,-36.89));
#5081=CARTESIAN_POINT('',(-120.32467007802,-7.72825607854918,-25.6945137337347));
#5082=CARTESIAN_POINT('Ctrl Pts',(-120.32467007802,-7.72825607854918,-25.6945137337347));
#5083=CARTESIAN_POINT('Ctrl Pts',(-119.750034874453,-7.72825607854918,-26.0241500359788));
#5084=CARTESIAN_POINT('Ctrl Pts',(-118.580873589203,-7.72825607854918,-26.6980384035845));
#5085=CARTESIAN_POINT('Ctrl Pts',(-116.821381972383,-7.72825607854918,-27.7088384419437));
#5086=CARTESIAN_POINT('Ctrl Pts',(-114.417448069544,-7.72825607854918,-29.0298822830864));
#5087=CARTESIAN_POINT('Ctrl Pts',(-111.171827520862,-7.72825607854918,-30.6032490736015));
#5088=CARTESIAN_POINT('Ctrl Pts',(-107.542941203807,-7.72825607854918,-32.0894776878775));
#5089=CARTESIAN_POINT('Ctrl Pts',(-103.499693616599,-7.72825607854918,-33.4652995947771));
#5090=CARTESIAN_POINT('Ctrl Pts',(-99.0148211983079,-7.72825607854918,-34.7278900323595));
#5091=CARTESIAN_POINT('Ctrl Pts',(-95.069751687291,-7.72825607854918,-35.6479344061733));
#5092=CARTESIAN_POINT('Ctrl Pts',(-91.9122835224352,-7.72825607854918,-36.2881860638728));
#5093=CARTESIAN_POINT('Ctrl Pts',(-89.7196564850976,-7.72825607854918,-36.6930561265433));
#5094=CARTESIAN_POINT('Ctrl Pts',(-88.6014302967962,-7.72825607854918,-36.89));
#5095=CARTESIAN_POINT('',(-125.32467007802,-4.39492274521575,-22.9687348053144));
#5096=CARTESIAN_POINT('Ctrl Pts',(-125.32467007802,-4.39492274521573,-22.9687348053144));
#5097=CARTESIAN_POINT('Ctrl Pts',(-123.607886193685,-5.53944533477245,-23.8292794402648));
#5098=CARTESIAN_POINT('Ctrl Pts',(-122.111557377659,-6.53699787878946,-24.6694757299301));
#5099=CARTESIAN_POINT('Ctrl Pts',(-120.32467007802,-7.72825607854918,-25.6945137337347));
#5100=CARTESIAN_POINT('',(-125.32467007802,121.271743921451,-22.9687348053144));
#5101=CARTESIAN_POINT('',(-119.84854528709,-5.64197175552612,-25.9679759177087));
#5102=CARTESIAN_POINT('',(-121.163567527092,-3.72825607854905,-25.2151251981128));
#5103=CARTESIAN_POINT('Ctrl Pts',(-119.848545287094,-5.64197175552613,-25.9679759177066));
#5104=CARTESIAN_POINT('Ctrl Pts',(-119.979888172049,-5.59153661671856,-25.8924725600246));
#5105=CARTESIAN_POINT('Ctrl Pts',(-120.107087972934,-5.52717703100548,-25.8193869177904));
#5106=CARTESIAN_POINT('Ctrl Pts',(-120.227769753711,-5.44902921414385,-25.7501170838699));
#5107=CARTESIAN_POINT('Ctrl Pts',(-120.248786691702,-5.43541963852648,-25.7380536241265));
#5108=CARTESIAN_POINT('Ctrl Pts',(-120.269605817714,-5.42139188217454,-25.7261058868734));
#5109=CARTESIAN_POINT('Ctrl Pts',(-120.290214422493,-5.40694666455445,-25.7142812454981));
#5110=CARTESIAN_POINT('Ctrl Pts',(-120.409089353867,-5.32362349582465,-25.6460741326389));
#5111=CARTESIAN_POINT('Ctrl Pts',(-120.520371473717,-5.22678917340962,-25.582303602859));
#5112=CARTESIAN_POINT('Ctrl Pts',(-120.621265761065,-5.1172759662614,-25.5245626203036));
#5113=CARTESIAN_POINT('Ctrl Pts',(-120.687718799221,-5.04514616065556,-25.4865320853968));
#5114=CARTESIAN_POINT('Ctrl Pts',(-120.749664166358,-4.96751616644811,-25.4511170487368));
#5115=CARTESIAN_POINT('Ctrl Pts',(-120.806291289224,-4.8846237817968,-25.4187705231896));
#5116=CARTESIAN_POINT('Ctrl Pts',(-120.934567993166,-4.69684871312181,-25.3454963487094));
#5117=CARTESIAN_POINT('Ctrl Pts',(-121.033208935713,-4.4853749191073,-25.2893076602174));
#5118=CARTESIAN_POINT('Ctrl Pts',(-121.094138736838,-4.25725294349772,-25.2546258646792));
#5119=CARTESIAN_POINT('Ctrl Pts',(-121.119937429412,-4.16066229968233,-25.2399410148275));
#5120=CARTESIAN_POINT('Ctrl Pts',(-121.138748141004,-4.06189170319149,-25.2292409960952));
#5121=CARTESIAN_POINT('Ctrl Pts',(-121.150231857763,-3.96170501123234,-25.22270940863));
#5122=CARTESIAN_POINT('Ctrl Pts',(-121.157853259752,-3.895214077215,-25.21837458788));
#5123=CARTESIAN_POINT('Ctrl Pts',(-121.162222232434,-3.82831750069501,-25.2158902195777));
#5124=CARTESIAN_POINT('Ctrl Pts',(-121.163301898914,-3.76125615384341,-25.2152762512297));
#5125=CARTESIAN_POINT('Ctrl Pts',(-121.163479007174,-3.7502554247785,-25.2151755359925));
#5126=CARTESIAN_POINT('Ctrl Pts',(-121.163567531158,-3.73925504197436,-25.2151251958005));
#5127=CARTESIAN_POINT('Ctrl Pts',(-121.163567535599,-3.72825607854905,-25.2151251932753));
#5128=CARTESIAN_POINT('',(-119.719118802556,-5.72825607854906,-26.0423865516816));
#5129=CARTESIAN_POINT('Ctrl Pts',(-119.719118802556,-5.72825607854906,-26.0423865516816));
#5130=CARTESIAN_POINT('Ctrl Pts',(-119.762259714036,-5.69949543114278,-26.0175813844888));
#5131=CARTESIAN_POINT('Ctrl Pts',(-119.805401122887,-5.67073451963021,-25.9927776362246));
#5132=CARTESIAN_POINT('Ctrl Pts',(-119.848545287094,-5.64197175552613,-25.9679759177067));
#5133=CARTESIAN_POINT('',(-119.563567527092,-5.72825607854906,-26.131829518989));
#5134=CARTESIAN_POINT('Ctrl Pts',(-119.563567527092,-5.72825607854906,-26.131829518989));
#5135=CARTESIAN_POINT('Ctrl Pts',(-119.615399625878,-5.72825607854906,-26.1020254814226));
#5136=CARTESIAN_POINT('Ctrl Pts',(-119.667248743549,-5.72825607854906,-26.0722108053148));
#5137=CARTESIAN_POINT('Ctrl Pts',(-119.719118802556,-5.72825607854906,-26.0423865516815));
#5138=CARTESIAN_POINT('Ctrl Pts',(-121.163567535599,-3.72825607854905,-25.2151251932753));
#5139=CARTESIAN_POINT('Ctrl Pts',(-121.163567556711,-3.67596280610105,-25.2151251812695));
#5140=CARTESIAN_POINT('Ctrl Pts',(-121.161566591003,-3.62370161750081,-25.2162630079389));
#5141=CARTESIAN_POINT('Ctrl Pts',(-121.157572190208,-3.57158783940062,-25.2185346668115));
#5142=CARTESIAN_POINT('Ctrl Pts',(-121.151213406127,-3.4886266445621,-25.2221509759949));
#5143=CARTESIAN_POINT('Ctrl Pts',(-121.13982610224,-3.40634273570955,-25.2286272730437));
#5144=CARTESIAN_POINT('Ctrl Pts',(-121.123550373425,-3.32518169649009,-25.2378878452982));
#5145=CARTESIAN_POINT('Ctrl Pts',(-121.090304275152,-3.15939570211469,-25.2568042267845));
#5146=CARTESIAN_POINT('Ctrl Pts',(-121.037057867853,-3.00022288904488,-25.2871112060337));
#5147=CARTESIAN_POINT('Ctrl Pts',(-120.9662721612,-2.85076787990883,-25.3274699016979));
#5148=CARTESIAN_POINT('Ctrl Pts',(-120.942969821213,-2.80156795522879,-25.3407558049162));
#5149=CARTESIAN_POINT('Ctrl Pts',(-120.917832123263,-2.75355888421071,-25.3550939103847));
#5150=CARTESIAN_POINT('Ctrl Pts',(-120.890975281958,-2.70682489116646,-25.3704203338987));
#5151=CARTESIAN_POINT('Ctrl Pts',(-120.809604013913,-2.56522952514083,-25.4168565659854));
#5152=CARTESIAN_POINT('Ctrl Pts',(-120.713037144769,-2.43630678575258,-25.4720338417905));
#5153=CARTESIAN_POINT('Ctrl Pts',(-120.604685988102,-2.32146296070376,-25.5340518177679));
#5154=CARTESIAN_POINT('Ctrl Pts',(-120.572717397539,-2.28757873339471,-25.5523499822045));
#5155=CARTESIAN_POINT('Ctrl Pts',(-120.539722642418,-2.25492010690252,-25.5712435651741));
#5156=CARTESIAN_POINT('Ctrl Pts',(-120.505788402876,-2.22352320091531,-25.5906835566089));
#5157=CARTESIAN_POINT('Ctrl Pts',(-120.399835729688,-2.12549282911343,-25.6513809256095));
#5158=CARTESIAN_POINT('Ctrl Pts',(-120.285372376005,-2.04032657844181,-25.7170365067715));
#5159=CARTESIAN_POINT('Ctrl Pts',(-120.164847739144,-1.96833534990017,-25.7862398243277));
#5160=CARTESIAN_POINT('Ctrl Pts',(-120.080298828108,-1.91783297846974,-25.8347864558861));
#5161=CARTESIAN_POINT('Ctrl Pts',(-119.99276593965,-1.87381419977302,-25.8850787879142));
#5162=CARTESIAN_POINT('Ctrl Pts',(-119.903079341118,-1.8363863432045,-25.9366287100898));
#5163=CARTESIAN_POINT('Ctrl Pts',(-119.760333727789,-1.77681599012011,-26.0186758094168));
#5164=CARTESIAN_POINT('Ctrl Pts',(-119.612426831699,-1.73404384062114,-26.1037401554577));
#5165=CARTESIAN_POINT('Ctrl Pts',(-119.462256523141,-1.70812530088133,-26.1900824821468));
#5166=CARTESIAN_POINT('Ctrl Pts',(-119.337052947044,-1.68651587692932,-26.2620698688268));
#5167=CARTESIAN_POINT('Ctrl Pts',(-119.21027411826,-1.67662188354383,-26.3349454065075));
#5168=CARTESIAN_POINT('Ctrl Pts',(-119.083579207087,-1.67847543189566,-26.4077066495497));
#5169=CARTESIAN_POINT('Ctrl Pts',(-118.922981861354,-1.68082497334714,-26.4999381559033));
#5170=CARTESIAN_POINT('Ctrl Pts',(-118.762595645418,-1.70204927569483,-26.5919393940009));
#5171=CARTESIAN_POINT('Ctrl Pts',(-118.605863002903,-1.742110871695,-26.6816539222506));
#5172=CARTESIAN_POINT('Ctrl Pts',(-118.467931804911,-1.77736673059665,-26.7606064120463));
#5173=CARTESIAN_POINT('Ctrl Pts',(-118.332828892956,-1.82721155887879,-26.8377881070562));
#5174=CARTESIAN_POINT('Ctrl Pts',(-118.202926404565,-1.8916198200691,-26.9118198916415));
#5175=CARTESIAN_POINT('Ctrl Pts',(-118.076715666726,-1.95419763723375,-26.9837477374572));
#5176=CARTESIAN_POINT('Ctrl Pts',(-117.95584120995,-2.03033899968985,-27.0524580459708));
#5177=CARTESIAN_POINT('Ctrl Pts',(-117.84286739437,-2.11957314722218,-27.1165135915056));
#5178=CARTESIAN_POINT('Ctrl Pts',(-117.747888446807,-2.19459376483838,-27.1703661437028));
#5179=CARTESIAN_POINT('Ctrl Pts',(-117.658494597614,-2.27886841773714,-27.2209292374924));
#5180=CARTESIAN_POINT('Ctrl Pts',(-117.576236137037,-2.37211736987949,-27.2673599114976));
#5181=CARTESIAN_POINT('Ctrl Pts',(-117.456621568558,-2.50771355163827,-27.3348761888064));
#5182=CARTESIAN_POINT('Ctrl Pts',(-117.353558773879,-2.6607084934184,-27.3928279016377));
#5183=CARTESIAN_POINT('Ctrl Pts',(-117.271730193221,-2.82816731636346,-27.4387460533744));
#5184=CARTESIAN_POINT('Ctrl Pts',(-117.246140097933,-2.88053639329914,-27.4531059490117));
#5185=CARTESIAN_POINT('Ctrl Pts',(-117.222627064794,-2.93432002124943,-27.4662890263957));
#5186=CARTESIAN_POINT('Ctrl Pts',(-117.201334874303,-2.98942843856291,-27.4782196990921));
#5187=CARTESIAN_POINT('Ctrl Pts',(-117.152062225853,-3.11695583758861,-27.5058286875509));
#5188=CARTESIAN_POINT('Ctrl Pts',(-117.115278894157,-3.25010801702751,-27.5263986788202));
#5189=CARTESIAN_POINT('Ctrl Pts',(-117.092165132997,-3.38703421355929,-27.5393197019352));
#5190=CARTESIAN_POINT('Ctrl Pts',(-117.0795664666,-3.46166886341321,-27.5463625911731));
#5191=CARTESIAN_POINT('Ctrl Pts',(-117.071086140777,-3.53709191371608,-27.5511006366709));
#5192=CARTESIAN_POINT('Ctrl Pts',(-117.066812439341,-3.61295815676266,-27.5534883827141));
#5193=CARTESIAN_POINT('Ctrl Pts',(-117.063323514727,-3.67489313438188,-27.5554376686127));
#5194=CARTESIAN_POINT('Ctrl Pts',(-117.062646918008,-3.7369682105748,-27.5558156089295));
#5195=CARTESIAN_POINT('Ctrl Pts',(-117.064788193052,-3.79898966613533,-27.5546193175638));
#5196=CARTESIAN_POINT('Ctrl Pts',(-117.067212586966,-3.86921158357708,-27.5532648528425));
#5197=CARTESIAN_POINT('Ctrl Pts',(-117.073242585921,-3.93917157289643,-27.54989612573));
#5198=CARTESIAN_POINT('Ctrl Pts',(-117.082826019446,-4.00859324899632,-27.5445399057337));
#5199=CARTESIAN_POINT('Ctrl Pts',(-117.098572657124,-4.12266071528239,-27.5357390458558));
#5200=CARTESIAN_POINT('Ctrl Pts',(-117.123816520184,-4.23458287067082,-27.5216268932204));
#5201=CARTESIAN_POINT('Ctrl Pts',(-117.157989595413,-4.3432479103098,-27.5024962644347));
#5202=CARTESIAN_POINT('Ctrl Pts',(-117.22594927121,-4.55934906055035,-27.4644513615004));
#5203=CARTESIAN_POINT('Ctrl Pts',(-117.327917713265,-4.75860121745517,-27.4072882173586));
#5204=CARTESIAN_POINT('Ctrl Pts',(-117.456430539448,-4.93506882466252,-27.3349098377061));
#5205=CARTESIAN_POINT('Ctrl Pts',(-117.546104432445,-5.05820468429742,-27.2844055319101));
#5206=CARTESIAN_POINT('Ctrl Pts',(-117.647726013217,-5.16894803428926,-27.2270400626517));
#5207=CARTESIAN_POINT('Ctrl Pts',(-117.758437265781,-5.26647809794369,-27.1643527141923));
#5208=CARTESIAN_POINT('Ctrl Pts',(-117.810079317896,-5.31197169063053,-27.1351117541173));
#5209=CARTESIAN_POINT('Ctrl Pts',(-117.863699774256,-5.35459030680467,-27.1047130626407));
#5210=CARTESIAN_POINT('Ctrl Pts',(-117.919012333983,-5.39425064355117,-27.0733142699009));
#5211=CARTESIAN_POINT('Ctrl Pts',(-118.040319947724,-5.48123090327254,-27.0044526471442));
#5212=CARTESIAN_POINT('Ctrl Pts',(-118.169160205856,-5.55358342171833,-26.9311212086205));
#5213=CARTESIAN_POINT('Ctrl Pts',(-118.302871873694,-5.61115023626164,-26.8548255078238));
#5214=CARTESIAN_POINT('Ctrl Pts',(-118.401433681492,-5.65358399991389,-26.79858627067));
#5215=CARTESIAN_POINT('Ctrl Pts',(-118.50264369411,-5.68798396914777,-26.7407369372428));
#5216=CARTESIAN_POINT('Ctrl Pts',(-118.605451728326,-5.71428687766681,-26.6818893373829));
#5217=CARTESIAN_POINT('Ctrl Pts',(-118.782278836734,-5.75952718686657,-26.5806730170891));
#5218=CARTESIAN_POINT('Ctrl Pts',(-118.96359660003,-5.78076211412992,-26.4766365590385));
#5219=CARTESIAN_POINT('Ctrl Pts',(-119.144606445931,-5.77802078617358,-26.3726536387347));
#5220=CARTESIAN_POINT('Ctrl Pts',(-119.258128952116,-5.77630152931036,-26.3074394971806));
#5221=CARTESIAN_POINT('Ctrl Pts',(-119.371531419672,-5.76515163832126,-26.2422475235758));
#5222=CARTESIAN_POINT('Ctrl Pts',(-119.483627936004,-5.74457829827372,-26.1777945550044));
#5223=CARTESIAN_POINT('Ctrl Pts',(-119.510358083872,-5.7396724507095,-26.1624253228747));
#5224=CARTESIAN_POINT('Ctrl Pts',(-119.537010801376,-5.73423149350039,-26.1470999338367));
#5225=CARTESIAN_POINT('Ctrl Pts',(-119.563567527092,-5.72825607854905,-26.131829518989));
#5226=CARTESIAN_POINT('Ctrl Pts',(-88.6014302967962,121.271743921451,-36.89));
#5227=CARTESIAN_POINT('Ctrl Pts',(-88.6014302967962,-7.72825607854918,-36.89));
#5228=CARTESIAN_POINT('Ctrl Pts',(-89.7196564850976,121.271743921451,-36.6930561265433));
#5229=CARTESIAN_POINT('Ctrl Pts',(-89.7196564850976,-7.72825607854918,-36.6930561265433));
#5230=CARTESIAN_POINT('Ctrl Pts',(-91.9122835224352,121.271743921451,-36.2881860638728));
#5231=CARTESIAN_POINT('Ctrl Pts',(-91.9122835224352,-7.72825607854918,-36.2881860638728));
#5232=CARTESIAN_POINT('Ctrl Pts',(-95.069751687291,121.271743921451,-35.6479344061733));
#5233=CARTESIAN_POINT('Ctrl Pts',(-95.069751687291,-7.72825607854918,-35.6479344061733));
#5234=CARTESIAN_POINT('Ctrl Pts',(-99.0148211983079,121.271743921451,-34.7278900323595));
#5235=CARTESIAN_POINT('Ctrl Pts',(-99.0148211983079,-7.72825607854918,-34.7278900323595));
#5236=CARTESIAN_POINT('Ctrl Pts',(-103.499693616599,121.271743921451,-33.4652995947771));
#5237=CARTESIAN_POINT('Ctrl Pts',(-103.499693616599,-7.72825607854918,-33.4652995947771));
#5238=CARTESIAN_POINT('Ctrl Pts',(-107.542941203807,121.271743921451,-32.0894776878775));
#5239=CARTESIAN_POINT('Ctrl Pts',(-107.542941203807,-7.72825607854918,-32.0894776878775));
#5240=CARTESIAN_POINT('Ctrl Pts',(-111.171827520862,121.271743921451,-30.6032490736015));
#5241=CARTESIAN_POINT('Ctrl Pts',(-111.171827520862,-7.72825607854918,-30.6032490736015));
#5242=CARTESIAN_POINT('Ctrl Pts',(-114.447257288917,121.271743921451,-29.015431784296));
#5243=CARTESIAN_POINT('Ctrl Pts',(-114.447257288917,-7.72825607854918,-29.015431784296));
#5244=CARTESIAN_POINT('Ctrl Pts',(-117.484037282609,121.271743921451,-27.3441762588083));
#5245=CARTESIAN_POINT('Ctrl Pts',(-117.484037282609,-7.72825607854918,-27.3441762588083));
#5246=CARTESIAN_POINT('Ctrl Pts',(-120.170968828187,121.271743921451,-25.7755485057421));
#5247=CARTESIAN_POINT('Ctrl Pts',(-120.170968828187,-7.72825607854918,-25.7755485057421));
#5248=CARTESIAN_POINT('Ctrl Pts',(-122.322925423763,121.271743921451,-24.5444863125544));
#5249=CARTESIAN_POINT('Ctrl Pts',(-122.322925423763,-7.72825607854918,-24.5444863125544));
#5250=CARTESIAN_POINT('Ctrl Pts',(-123.941809882607,121.271743921451,-23.6722968229048));
#5251=CARTESIAN_POINT('Ctrl Pts',(-123.941809882607,-7.72825607854918,-23.6722968229048));
#5252=CARTESIAN_POINT('Ctrl Pts',(-124.960311503887,121.271743921451,-23.1513709653044));
#5253=CARTESIAN_POINT('Ctrl Pts',(-124.960311503887,-7.72825607854918,-23.1513709653044));
#5254=CARTESIAN_POINT('Ctrl Pts',(-125.32467007802,121.271743921451,-22.9687348053144));
#5255=CARTESIAN_POINT('Ctrl Pts',(-125.32467007802,-7.72825607854918,-22.9687348053144));
#5256=CARTESIAN_POINT('',(-125.32467007802,119.091318201327,-22.9687348053144));
#5257=CARTESIAN_POINT('',(-124.87233312307,119.261844421426,-23.1977049518077));
#5258=CARTESIAN_POINT('Ctrl Pts',(-125.32467007802,119.091318201327,-22.9687348053144));
#5259=CARTESIAN_POINT('Ctrl Pts',(-125.218959326393,119.146177018826,-23.0217227329152));
#5260=CARTESIAN_POINT('Ctrl Pts',(-125.109575157237,119.191258628601,-23.0769260860779));
#5261=CARTESIAN_POINT('Ctrl Pts',(-124.997866983114,119.226543044864,-23.1337167628781));
#5262=CARTESIAN_POINT('Ctrl Pts',(-124.956321756273,119.239665621516,-23.1548377020452));
#5263=CARTESIAN_POINT('Ctrl Pts',(-124.914454591138,119.251433089732,-23.1761780435647));
#5264=CARTESIAN_POINT('Ctrl Pts',(-124.872333123072,119.261844421426,-23.197704951807));
#5265=CARTESIAN_POINT('',(-125.32467007802,121.271743921451,-22.9687348053144));
#5266=CARTESIAN_POINT('',(-125.32467007802,121.271743921451,-22.9687348053144));
#5267=CARTESIAN_POINT('',(-88.6014302967962,121.271743921451,-36.89));
#5268=CARTESIAN_POINT('Ctrl Pts',(-88.6014302967962,121.271743921451,-36.89));
#5269=CARTESIAN_POINT('Ctrl Pts',(-89.7196564850976,121.271743921451,-36.6930561265433));
#5270=CARTESIAN_POINT('Ctrl Pts',(-91.9122835224352,121.271743921451,-36.2881860638728));
#5271=CARTESIAN_POINT('Ctrl Pts',(-95.069751687291,121.271743921451,-35.6479344061733));
#5272=CARTESIAN_POINT('Ctrl Pts',(-99.0148211983079,121.271743921451,-34.7278900323595));
#5273=CARTESIAN_POINT('Ctrl Pts',(-103.499693616599,121.271743921451,-33.4652995947771));
#5274=CARTESIAN_POINT('Ctrl Pts',(-107.542941203807,121.271743921451,-32.0894776878775));
#5275=CARTESIAN_POINT('Ctrl Pts',(-111.171827520862,121.271743921451,-30.6032490736015));
#5276=CARTESIAN_POINT('Ctrl Pts',(-114.447257288917,121.271743921451,-29.015431784296));
#5277=CARTESIAN_POINT('Ctrl Pts',(-117.484037282609,121.271743921451,-27.3441762588083));
#5278=CARTESIAN_POINT('Ctrl Pts',(-120.170968828187,121.271743921451,-25.7755485057421));
#5279=CARTESIAN_POINT('Ctrl Pts',(-122.322925423763,121.271743921451,-24.5444863125544));
#5280=CARTESIAN_POINT('Ctrl Pts',(-123.941809882607,121.271743921451,-23.6722968229048));
#5281=CARTESIAN_POINT('Ctrl Pts',(-124.960311503887,121.271743921451,-23.1513709653044));
#5282=CARTESIAN_POINT('Ctrl Pts',(-125.32467007802,121.271743921451,-22.9687348053144));
#5283=CARTESIAN_POINT('',(-88.6014302967962,117.771743921451,-36.89));
#5284=CARTESIAN_POINT('',(-88.6014302967962,121.271743921451,-36.89));
#5285=CARTESIAN_POINT('',(-106.970568111771,117.771743921451,-32.2347468759953));
#5286=CARTESIAN_POINT('Ctrl Pts',(-106.970568111767,117.771743921451,-32.2347468759969));
#5287=CARTESIAN_POINT('Ctrl Pts',(-106.556252672953,117.771743921451,-32.3857048076125));
#5288=CARTESIAN_POINT('Ctrl Pts',(-106.13488936147,117.771743921451,-32.5347886857668));
#5289=CARTESIAN_POINT('Ctrl Pts',(-105.706287301707,117.771743921451,-32.6819754495478));
#5290=CARTESIAN_POINT('Ctrl Pts',(-105.264445535332,117.771743921451,-32.8337088773618));
#5291=CARTESIAN_POINT('Ctrl Pts',(-104.814911082434,117.771743921451,-32.9834262297046));
#5292=CARTESIAN_POINT('Ctrl Pts',(-104.357530239333,117.771743921451,-33.1311117073602));
#5293=CARTESIAN_POINT('Ctrl Pts',(-103.883312139329,117.771743921451,-33.284233832321));
#5294=CARTESIAN_POINT('Ctrl Pts',(-103.400659548989,117.771743921451,-33.4351718001001));
#5295=CARTESIAN_POINT('Ctrl Pts',(-102.909456759446,117.771743921451,-33.5839170914129));
#5296=CARTESIAN_POINT('Ctrl Pts',(-102.376977521781,117.771743921451,-33.7451616547801));
#5297=CARTESIAN_POINT('Ctrl Pts',(-101.834450778769,117.771743921451,-33.9038295852237));
#5298=CARTESIAN_POINT('Ctrl Pts',(-101.281792020441,117.771743921451,-34.0599197999929));
#5299=CARTESIAN_POINT('Ctrl Pts',(-100.688193414299,117.771743921451,-34.2275728635216));
#5300=CARTESIAN_POINT('Ctrl Pts',(-100.082906576084,117.771743921451,-34.392252281171));
#5301=CARTESIAN_POINT('Ctrl Pts',(-99.4658921710159,117.771743921451,-34.5539663269377));
#5302=CARTESIAN_POINT('Ctrl Pts',(-98.7853359300888,117.771743921451,-34.7323341287072));
#5303=CARTESIAN_POINT('Ctrl Pts',(-98.0905131243893,117.771743921451,-34.9070945584163));
#5304=CARTESIAN_POINT('Ctrl Pts',(-97.3814371003649,117.771743921451,-35.0782673679934));
#5305=CARTESIAN_POINT('Ctrl Pts',(-96.5092582885609,117.771743921451,-35.2888136177774));
#5306=CARTESIAN_POINT('Ctrl Pts',(-95.6155162599232,117.771743921451,-35.4939324748646));
#5307=CARTESIAN_POINT('Ctrl Pts',(-94.7003172117169,117.771743921451,-35.6936676703948));
#5308=CARTESIAN_POINT('Ctrl Pts',(-93.731707172837,117.771743921451,-35.9050594063099));
#5309=CARTESIAN_POINT('Ctrl Pts',(-92.7390685122881,117.771743921451,-36.1104219938358));
#5310=CARTESIAN_POINT('Ctrl Pts',(-91.7225478430873,117.771743921451,-36.3097996484997));
#5311=CARTESIAN_POINT('Ctrl Pts',(-90.9123440492256,117.771743921451,-36.4687108611432));
#5312=CARTESIAN_POINT('Ctrl Pts',(-90.0869704671062,117.771743921451,-36.6238201067598));
#5313=CARTESIAN_POINT('Ctrl Pts',(-89.2464696090476,117.771743921451,-36.7751386511564));
#5314=CARTESIAN_POINT('Ctrl Pts',(-89.0324376431789,117.771743921451,-36.8136716344593));
#5315=CARTESIAN_POINT('Ctrl Pts',(-88.81742449486,117.771743921451,-36.8519587392462));
#5316=CARTESIAN_POINT('Ctrl Pts',(-88.6014302967962,117.771743921451,-36.89));
#5317=CARTESIAN_POINT('',(-113.67877206117,117.771743893109,-29.3539581650199));
#5318=CARTESIAN_POINT('Ctrl Pts',(-113.67877206117,117.771743893109,-29.3539581650199));
#5319=CARTESIAN_POINT('Ctrl Pts',(-113.627159650279,117.944857180144,-29.3797294159759));
#5320=CARTESIAN_POINT('Ctrl Pts',(-113.56267192871,118.112231118501,-29.4118496950258));
#5321=CARTESIAN_POINT('Ctrl Pts',(-113.486471681641,118.272740105509,-29.4495910233972));
#5322=CARTESIAN_POINT('Ctrl Pts',(-113.400972353501,118.452836772877,-29.4919381068123));
#5323=CARTESIAN_POINT('Ctrl Pts',(-113.30072681691,118.624290726902,-29.5413615206777));
#5324=CARTESIAN_POINT('Ctrl Pts',(-113.187315208927,118.785511942112,-29.5968156329014));
#5325=CARTESIAN_POINT('Ctrl Pts',(-113.178587780296,118.797918490916,-29.6010830250607));
#5326=CARTESIAN_POINT('Ctrl Pts',(-113.169782360161,118.810264442949,-29.6053861244042));
#5327=CARTESIAN_POINT('Ctrl Pts',(-113.160899657554,118.822549073624,-29.6097244519176));
#5328=CARTESIAN_POINT('Ctrl Pts',(-113.02872406524,119.005345729961,-29.6742792427418));
#5329=CARTESIAN_POINT('Ctrl Pts',(-112.880565687614,119.173075594307,-29.7460813614477));
#5330=CARTESIAN_POINT('Ctrl Pts',(-112.719267897087,119.324381206378,-29.823337561612));
#5331=CARTESIAN_POINT('Ctrl Pts',(-112.602405802115,119.434003853717,-29.8793105626755));
#5332=CARTESIAN_POINT('Ctrl Pts',(-112.478645946927,119.5350051346,-29.9381464771574));
#5333=CARTESIAN_POINT('Ctrl Pts',(-112.349086525434,119.62686879568,-29.9991710491282));
#5334=CARTESIAN_POINT('Ctrl Pts',(-112.210165231031,119.725370460467,-30.0646052138604));
#5335=CARTESIAN_POINT('Ctrl Pts',(-112.065027238784,119.813075298675,-30.1323422089051));
#5336=CARTESIAN_POINT('Ctrl Pts',(-111.91490977208,119.889643782416,-30.2016495609849));
#5337=CARTESIAN_POINT('Ctrl Pts',(-111.77640237505,119.960290467378,-30.2655966894724));
#5338=CARTESIAN_POINT('Ctrl Pts',(-111.633655646794,120.021456755268,-30.330880644971));
#5339=CARTESIAN_POINT('Ctrl Pts',(-111.487682940983,120.072875959805,-30.396939729428));
#5340=CARTESIAN_POINT('Ctrl Pts',(-111.377569007783,120.111663833347,-30.4467711384762));
#5341=CARTESIAN_POINT('Ctrl Pts',(-111.265620137908,120.144905246516,-30.4970438844162));
#5342=CARTESIAN_POINT('Ctrl Pts',(-111.152290276926,120.172485723817,-30.5475226948621));
#5343=CARTESIAN_POINT('Ctrl Pts',(-111.005768039987,120.208144050714,-30.6127858846383));
#5344=CARTESIAN_POINT('Ctrl Pts',(-110.857283589165,120.23425891037,-30.6782382391567));
#5345=CARTESIAN_POINT('Ctrl Pts',(-110.707721218354,120.250726714773,-30.7434563032136));
#5346=CARTESIAN_POINT('Ctrl Pts',(-110.559933316334,120.266999138447,-30.8079005936354));
#5347=CARTESIAN_POINT('Ctrl Pts',(-110.411092779974,120.273852062082,-30.8721161099429));
#5348=CARTESIAN_POINT('Ctrl Pts',(-110.262101551737,120.271185541126,-30.9357080566577));
#5349=CARTESIAN_POINT('Ctrl Pts',(-110.113949344913,120.268534036276,-30.9989418950084));
#5350=CARTESIAN_POINT('Ctrl Pts',(-109.965648091725,120.256469999558,-31.0615591776648));
#5351=CARTESIAN_POINT('Ctrl Pts',(-109.81813453873,120.234895165397,-31.1231854495998));
#5352=CARTESIAN_POINT('Ctrl Pts',(-109.77073106472,120.227962093352,-31.1429890494772));
#5353=CARTESIAN_POINT('Ctrl Pts',(-109.723409322102,120.220046881246,-31.1626904171438));
#5354=CARTESIAN_POINT('Ctrl Pts',(-109.676201499756,120.211146268187,-31.1822774235943));
#5355=CARTESIAN_POINT('Ctrl Pts',(-109.522397706187,120.182147937288,-31.2460921845175));
#5356=CARTESIAN_POINT('Ctrl Pts',(-109.370363931489,120.142797556147,-31.3084577727274));
#5357=CARTESIAN_POINT('Ctrl Pts',(-109.221151725335,120.093223170707,-31.369019880545));
#5358=CARTESIAN_POINT('Ctrl Pts',(-109.065994282997,120.041673535132,-31.4319950351509));
#5359=CARTESIAN_POINT('Ctrl Pts',(-108.913887795426,119.979068930175,-31.4930201631396));
#5360=CARTESIAN_POINT('Ctrl Pts',(-108.76607047229,119.905553325367,-31.5517112665632));
#5361=CARTESIAN_POINT('Ctrl Pts',(-108.66879872262,119.857176103023,-31.5903331695914));
#5362=CARTESIAN_POINT('Ctrl Pts',(-108.573385505221,119.80407403815,-31.6279446598842));
#5363=CARTESIAN_POINT('Ctrl Pts',(-108.480195465905,119.746288156331,-31.6644392968188));
#5364=CARTESIAN_POINT('Ctrl Pts',(-108.303301701363,119.63659872764,-31.7337135857916));
#5365=CARTESIAN_POINT('Ctrl Pts',(-108.135780232237,119.510870187924,-31.7984289767292));
#5366=CARTESIAN_POINT('Ctrl Pts',(-107.979962608878,119.370278933387,-31.8579996599505));
#5367=CARTESIAN_POINT('Ctrl Pts',(-107.803830570318,119.211358371439,-31.9253367534581));
#5368=CARTESIAN_POINT('Ctrl Pts',(-107.642656804153,119.033447076994,-31.9861012518409));
#5369=CARTESIAN_POINT('Ctrl Pts',(-107.49985560541,118.838244150178,-32.0394564331614));
#5370=CARTESIAN_POINT('Ctrl Pts',(-107.389656429069,118.687606746962,-32.0806304365091));
#5371=CARTESIAN_POINT('Ctrl Pts',(-107.291388006508,118.528009629599,-32.1170247982305));
#5372=CARTESIAN_POINT('Ctrl Pts',(-107.206234313823,118.360921094774,-32.148399544209));
#5373=CARTESIAN_POINT('Ctrl Pts',(-107.128709936588,118.208802799056,-32.1769632807445));
#5374=CARTESIAN_POINT('Ctrl Pts',(-107.06205590972,118.050475332637,-32.2013666419147));
#5375=CARTESIAN_POINT('Ctrl Pts',(-107.007122382049,117.887046640561,-32.221416613903));
#5376=CARTESIAN_POINT('Ctrl Pts',(-106.994295333231,117.848885832392,-32.2260983079502));
#5377=CARTESIAN_POINT('Ctrl Pts',(-106.982107106051,117.810446890882,-32.2305425849015));
#5378=CARTESIAN_POINT('Ctrl Pts',(-106.97056811177,117.771743921451,-32.2347468759959));
#5379=CARTESIAN_POINT('',(-120.411771201424,117.771743921451,-25.6445636155788));
#5380=CARTESIAN_POINT('Ctrl Pts',(-120.411771201424,117.771743921451,-25.6445636155788));
#5381=CARTESIAN_POINT('Ctrl Pts',(-118.232545881493,117.771743921451,-26.8939013152722));
#5382=CARTESIAN_POINT('Ctrl Pts',(-116.122748172802,117.771743921451,-28.1336252912905));
#5383=CARTESIAN_POINT('Ctrl Pts',(-113.67877206117,117.771743921451,-29.3539581650199));
#5384=CARTESIAN_POINT('',(-125.32467007802,113.384797747398,-22.9687348053144));
#5385=CARTESIAN_POINT('Ctrl Pts',(-125.32467007802,113.384797747398,-22.9687348053144));
#5386=CARTESIAN_POINT('Ctrl Pts',(-124.788914569802,113.254644445967,-23.2372843487071));
#5387=CARTESIAN_POINT('Ctrl Pts',(-124.236544073891,113.237654517397,-23.5241495783137));
#5388=CARTESIAN_POINT('Ctrl Pts',(-123.135673964058,113.427200980364,-24.1123313549644));
#5389=CARTESIAN_POINT('Ctrl Pts',(-122.589980254284,113.646674829373,-24.4128871125708));
#5390=CARTESIAN_POINT('Ctrl Pts',(-121.71124186317,114.254211399322,-24.904102491083));
#5391=CARTESIAN_POINT('Ctrl Pts',(-121.359785778286,114.601989252881,-25.1033809734596));
#5392=CARTESIAN_POINT('Ctrl Pts',(-120.825175143386,115.38502626273,-25.4077567355188));
#5393=CARTESIAN_POINT('Ctrl Pts',(-120.632125880529,115.800290842109,-25.5183128146181));
#5394=CARTESIAN_POINT('Ctrl Pts',(-120.463969829402,116.43559310445,-25.6146385784736));
#5395=CARTESIAN_POINT('Ctrl Pts',(-120.427850819196,116.627094989491,-25.635344782946));
#5396=CARTESIAN_POINT('Ctrl Pts',(-120.391266759359,116.949904853412,-25.6563191376703));
#5397=CARTESIAN_POINT('Ctrl Pts',(-120.382927800693,117.079263517154,-25.6611011125875));
#5398=CARTESIAN_POINT('Ctrl Pts',(-120.378967881698,117.331408401515,-25.6633718213023));
#5399=CARTESIAN_POINT('Ctrl Pts',(-120.38267208404,117.453851479012,-25.661247574256));
#5400=CARTESIAN_POINT('Ctrl Pts',(-120.396973765989,117.641404180631,-25.6530473127539));
#5401=CARTESIAN_POINT('Ctrl Pts',(-120.40357792616,117.706711815136,-25.6492607745085));
#5402=CARTESIAN_POINT('Ctrl Pts',(-120.411771201424,117.771743921451,-25.6445636155788));
#5403=CARTESIAN_POINT('',(-125.32467007802,115.452169641575,-22.9687348053144));
#5404=CARTESIAN_POINT('',(-125.32467007802,121.271743921451,-22.9687348053144));
#5405=CARTESIAN_POINT('',(-124.830398168021,119.271743921451,-23.219155192049));
#5406=CARTESIAN_POINT('Ctrl Pts',(-124.830398168021,119.271743921451,-23.219155192049));
#5407=CARTESIAN_POINT('Ctrl Pts',(-124.745898078033,119.290756441698,-23.2624155504025));
#5408=CARTESIAN_POINT('Ctrl Pts',(-124.660468778198,119.304351254534,-23.3063792318701));
#5409=CARTESIAN_POINT('Ctrl Pts',(-124.277292335488,119.340823434054,-23.5045943474569));
#5410=CARTESIAN_POINT('Ctrl Pts',(-123.976725745141,119.303862738507,-23.662928931146));
#5411=CARTESIAN_POINT('Ctrl Pts',(-123.433372740465,119.110820678144,-23.9533109535572));
#5412=CARTESIAN_POINT('Ctrl Pts',(-123.18901200638,118.964548580461,-24.0858072306306));
#5413=CARTESIAN_POINT('Ctrl Pts',(-122.805459388572,118.605463348599,-24.2954674657695));
#5414=CARTESIAN_POINT('Ctrl Pts',(-122.657396839855,118.409976579367,-24.3771146789342));
#5415=CARTESIAN_POINT('Ctrl Pts',(-122.470169493212,118.035021864626,-24.4806772358755));
#5416=CARTESIAN_POINT('Ctrl Pts',(-122.412458428354,117.87184306633,-24.5127160337678));
#5417=CARTESIAN_POINT('Ctrl Pts',(-122.357929191655,117.617412777549,-24.5430070258478));
#5418=CARTESIAN_POINT('Ctrl Pts',(-122.345180380234,117.53220328206,-24.5500949943081));
#5419=CARTESIAN_POINT('Ctrl Pts',(-122.332301751285,117.381417960629,-24.5572556629058));
#5420=CARTESIAN_POINT('Ctrl Pts',(-122.329850750947,117.316374948863,-24.5586188704159));
#5421=CARTESIAN_POINT('Ctrl Pts',(-122.331172917884,117.183875249981,-24.5578836007106));
#5422=CARTESIAN_POINT('Ctrl Pts',(-122.335169936818,117.116597951281,-24.5556606104399));
#5423=CARTESIAN_POINT('Ctrl Pts',(-122.353157100667,116.951511933989,-24.5456606485016));
#5424=CARTESIAN_POINT('Ctrl Pts',(-122.370894302446,116.85461020247,-24.5358010132211));
#5425=CARTESIAN_POINT('Ctrl Pts',(-122.451446619401,116.542332814128,-24.4910754454145));
#5426=CARTESIAN_POINT('Ctrl Pts',(-122.541845812632,116.339307744799,-24.4409293042927));
#5427=CARTESIAN_POINT('Ctrl Pts',(-122.779512192182,115.972528213728,-24.3098567260254));
#5428=CARTESIAN_POINT('Ctrl Pts',(-122.925520424169,115.812098423455,-24.2296450585203));
#5429=CARTESIAN_POINT('Ctrl Pts',(-123.288211293702,115.518232182107,-24.0320314568974));
#5430=CARTESIAN_POINT('Ctrl Pts',(-123.511608931651,115.398517261523,-23.9112970043439));
#5431=CARTESIAN_POINT('Ctrl Pts',(-123.999029174027,115.240177617527,-23.6512791490066));
#5432=CARTESIAN_POINT('Ctrl Pts',(-124.264017514618,115.208091236402,-23.5117399438267));
#5433=CARTESIAN_POINT('Ctrl Pts',(-124.801964588669,115.246755121524,-23.2329406165369));
#5434=CARTESIAN_POINT('Ctrl Pts',(-125.073600708237,115.321876662624,-23.0945843086432));
#5435=CARTESIAN_POINT('Ctrl Pts',(-125.32467007802,115.452169641575,-22.9687348053144));
#5436=CARTESIAN_POINT('',(-124.85253412302,119.271743921451,-23.2078277358347));
#5437=CARTESIAN_POINT('Ctrl Pts',(-124.85253412302,119.271743921451,-23.2078277358347));
#5438=CARTESIAN_POINT('Ctrl Pts',(-124.845153199482,119.271743921451,-23.2116029864248));
#5439=CARTESIAN_POINT('Ctrl Pts',(-124.837774550005,119.271743921451,-23.2153788063903));
#5440=CARTESIAN_POINT('Ctrl Pts',(-124.830398168021,119.271743921451,-23.2191551920489));
#5441=CARTESIAN_POINT('Ctrl Pts',(-124.87233312307,119.261844421426,-23.1977049518077));
#5442=CARTESIAN_POINT('Ctrl Pts',(-124.865732989823,119.265144486499,-23.2010780646006));
#5443=CARTESIAN_POINT('Ctrl Pts',(-124.859133329107,119.26844431835,-23.2044523239983));
#5444=CARTESIAN_POINT('Ctrl Pts',(-124.85253412302,119.271743921451,-23.2078277358347));
#5445=CARTESIAN_POINT('Ctrl Pts',(-125.32467007802,121.271743921451,-22.9687348053144));
#5446=CARTESIAN_POINT('Ctrl Pts',(-125.32467007802,-7.72825607854918,-22.9687348053144));
#5447=CARTESIAN_POINT('Ctrl Pts',(-128.275354761415,121.271743921451,-21.4896925700647));
#5448=CARTESIAN_POINT('Ctrl Pts',(-128.275354761415,-7.72825607854918,-21.4896925700647));
#5449=CARTESIAN_POINT('Ctrl Pts',(-131.756658125663,121.271743921451,-20.0329536017775));
#5450=CARTESIAN_POINT('Ctrl Pts',(-131.756658125663,-7.72825607854918,-20.0329536017775));
#5451=CARTESIAN_POINT('Ctrl Pts',(-140.756249719852,121.271743921451,-17.8304359077628));
#5452=CARTESIAN_POINT('Ctrl Pts',(-140.756249719852,-7.72825607854918,-17.8304359077628));
#5453=CARTESIAN_POINT('Ctrl Pts',(-145.519465831756,121.271743921451,-17.39));
#5454=CARTESIAN_POINT('Ctrl Pts',(-145.519465831756,-7.72825607854918,-17.39));
#5455=CARTESIAN_POINT('Ctrl Pts',(-150.32467007802,121.271743921451,-17.39));
#5456=CARTESIAN_POINT('Ctrl Pts',(-150.32467007802,-7.72825607854918,-17.39));
#5457=CARTESIAN_POINT('',(-126.430398168021,117.271743921451,-22.4283683116307));
#5458=CARTESIAN_POINT('Ctrl Pts',(-125.32467007802,115.452169641575,-22.9687348053144));
#5459=CARTESIAN_POINT('Ctrl Pts',(-125.436563306198,115.510236868319,-22.9126478871677));
#5460=CARTESIAN_POINT('Ctrl Pts',(-125.543822011852,115.579002021094,-22.8593024042691));
#5461=CARTESIAN_POINT('Ctrl Pts',(-125.644714330979,115.658049129669,-22.8094516790161));
#5462=CARTESIAN_POINT('Ctrl Pts',(-125.721700473087,115.718366228002,-22.7714129556359));
#5463=CARTESIAN_POINT('Ctrl Pts',(-125.794978136379,115.784669986926,-22.7354087205233));
#5464=CARTESIAN_POINT('Ctrl Pts',(-125.863758667502,115.85677559638,-22.7017679028578));
#5465=CARTESIAN_POINT('Ctrl Pts',(-125.978422971842,115.976983152386,-22.6456851583355));
#5466=CARTESIAN_POINT('Ctrl Pts',(-126.07938106342,116.112074548377,-22.5967604565035));
#5467=CARTESIAN_POINT('Ctrl Pts',(-126.16321605671,116.259782630991,-22.5563383105813));
#5468=CARTESIAN_POINT('Ctrl Pts',(-126.190868736913,116.30850362698,-22.5430052067019));
#5469=CARTESIAN_POINT('Ctrl Pts',(-126.21665870646,116.358597302351,-22.5305970005739));
#5470=CARTESIAN_POINT('Ctrl Pts',(-126.240464909827,116.409982296045,-22.5191616061003));
#5471=CARTESIAN_POINT('Ctrl Pts',(-126.289222179181,116.515223435911,-22.4957408783216));
#5472=CARTESIAN_POINT('Ctrl Pts',(-126.329192168887,116.624907025728,-22.4766227300865));
#5473=CARTESIAN_POINT('Ctrl Pts',(-126.359667356577,116.737905905193,-22.4620693979987));
#5474=CARTESIAN_POINT('Ctrl Pts',(-126.374606495296,116.793298703839,-22.4549352582816));
#5475=CARTESIAN_POINT('Ctrl Pts',(-126.387264725061,116.849488174974,-22.448898102046));
#5476=CARTESIAN_POINT('Ctrl Pts',(-126.397563391628,116.90634154149,-22.4439892304923));
#5477=CARTESIAN_POINT('Ctrl Pts',(-126.409944515527,116.974691028321,-22.4380877531977));
#5478=CARTESIAN_POINT('Ctrl Pts',(-126.418862082432,117.043727701033,-22.4338422085293));
#5479=CARTESIAN_POINT('Ctrl Pts',(-126.424250332379,117.113183225959,-22.4312772969864));
#5480=CARTESIAN_POINT('Ctrl Pts',(-126.427800836847,117.158949876368,-22.4295871879557));
#5481=CARTESIAN_POINT('Ctrl Pts',(-126.429814327955,117.204838816033,-22.4286290912014));
#5482=CARTESIAN_POINT('Ctrl Pts',(-126.430284265465,117.250771093134,-22.428405459006));
#5483=CARTESIAN_POINT('Ctrl Pts',(-126.430355792211,117.257762206317,-22.4283714211118));
#5484=CARTESIAN_POINT('Ctrl Pts',(-126.430391549178,117.264753242176,-22.4283544053494));
#5485=CARTESIAN_POINT('Ctrl Pts',(-126.430391550162,117.271743921451,-22.4283544048816));
#5486=CARTESIAN_POINT('',(-128.15365283563,115.944133582021,-21.6442864666724));
#5487=CARTESIAN_POINT('Ctrl Pts',(-128.153634028181,115.944133582021,-21.6442431149226));
#5488=CARTESIAN_POINT('Ctrl Pts',(-128.094349111607,115.775628563853,-21.6699629092406));
#5489=CARTESIAN_POINT('Ctrl Pts',(-128.024164316869,115.612185331285,-21.7005398073143));
#5490=CARTESIAN_POINT('Ctrl Pts',(-127.943876480947,115.454731643877,-21.7357896013594));
#5491=CARTESIAN_POINT('Ctrl Pts',(-127.895229249782,115.359328824246,-21.7571478165823));
#5492=CARTESIAN_POINT('Ctrl Pts',(-127.842874107412,115.266124930507,-21.7802217508346));
#5493=CARTESIAN_POINT('Ctrl Pts',(-127.786997348492,115.17532633931,-21.8049711053372));
#5494=CARTESIAN_POINT('Ctrl Pts',(-127.655380158918,114.961451096333,-21.8632679812909));
#5495=CARTESIAN_POINT('Ctrl Pts',(-127.505385208741,114.762780129563,-21.9303482652556));
#5496=CARTESIAN_POINT('Ctrl Pts',(-127.339988020938,114.5808713329,-22.005426998448));
#5497=CARTESIAN_POINT('Ctrl Pts',(-127.234548611217,114.464905902061,-22.0532891018824));
#5498=CARTESIAN_POINT('Ctrl Pts',(-127.122851369595,114.355752554262,-22.1044012117441));
#5499=CARTESIAN_POINT('Ctrl Pts',(-127.005668469513,114.25381489996,-22.1585486839885));
#5500=CARTESIAN_POINT('Ctrl Pts',(-126.871510401032,114.137110510523,-22.2205399837803));
#5501=CARTESIAN_POINT('Ctrl Pts',(-126.730845429197,114.030454899865,-22.2861958982598));
#5502=CARTESIAN_POINT('Ctrl Pts',(-126.584884306924,113.934049887025,-22.3551187801026));
#5503=CARTESIAN_POINT('Ctrl Pts',(-126.445351941012,113.841890966088,-22.4210060014336));
#5504=CARTESIAN_POINT('Ctrl Pts',(-126.300980163127,113.759099567174,-22.4898786858687));
#5505=CARTESIAN_POINT('Ctrl Pts',(-126.152787500313,113.685851999664,-22.5613678473195));
#5506=CARTESIAN_POINT('Ctrl Pts',(-126.010457928368,113.615502397114,-22.6300286133442));
#5507=CARTESIAN_POINT('Ctrl Pts',(-125.864967120892,113.554133680779,-22.7009276717361));
#5508=CARTESIAN_POINT('Ctrl Pts',(-125.717189226088,113.501733427117,-22.7737014898821));
#5509=CARTESIAN_POINT('Ctrl Pts',(-125.587915593735,113.455894561054,-22.8373628096241));
#5510=CARTESIAN_POINT('Ctrl Pts',(-125.456891207999,113.416918773354,-22.9024584469041));
#5511=CARTESIAN_POINT('Ctrl Pts',(-125.32467007802,113.384797747398,-22.9687348053144));
#5512=CARTESIAN_POINT('',(-146.82467007802,106.608624960826,-17.472110770501));
#5513=CARTESIAN_POINT('Ctrl Pts',(-146.82467007802,106.608624960826,-17.472110770501));
#5514=CARTESIAN_POINT('Ctrl Pts',(-139.096736771581,110.472591614046,-17.8441250124203));
#5515=CARTESIAN_POINT('Ctrl Pts',(-133.215594942508,113.413162528582,-19.4483200780623));
#5516=CARTESIAN_POINT('Ctrl Pts',(-128.15365283563,115.944133582021,-21.6442864666724));
#5517=CARTESIAN_POINT('',(-146.82467007802,14.1448870761589,-17.472110770501));
#5518=CARTESIAN_POINT('Ctrl Pts',(-146.82467007802,14.1448870761589,-17.472110770501));
#5519=CARTESIAN_POINT('Ctrl Pts',(-146.82467007802,44.9661330377147,-17.472110770501));
#5520=CARTESIAN_POINT('Ctrl Pts',(-146.82467007802,75.7873789992704,-17.472110770501));
#5521=CARTESIAN_POINT('Ctrl Pts',(-146.82467007802,106.608624960826,-17.472110770501));
#5522=CARTESIAN_POINT('Ctrl Pts',(-125.32467007802,-0.188446257174402,-22.9687348053144));
#5523=CARTESIAN_POINT('Ctrl Pts',(-130.777328744196,3.4466595202764,-20.2355683280356));
#5524=CARTESIAN_POINT('Ctrl Pts',(-137.348713692564,7.82758281918837,-17.9282729281452));
#5525=CARTESIAN_POINT('Ctrl Pts',(-146.82467007802,14.1448870761589,-17.472110770501));
#5526=CARTESIAN_POINT('',(-150.32467007802,12.2717439214509,-17.39));
#5527=CARTESIAN_POINT('Ctrl Pts',(-150.32467007802,12.271743921451,-17.39));
#5528=CARTESIAN_POINT('Ctrl Pts',(-145.83171627836,9.27644138834423,-17.39));
#5529=CARTESIAN_POINT('Ctrl Pts',(-141.362091444059,6.29669149881025,-17.7750551356282));
#5530=CARTESIAN_POINT('Ctrl Pts',(-132.218490276298,0.200957386969531,-19.8382745155743));
#5531=CARTESIAN_POINT('Ctrl Pts',(-128.463953705713,-2.30206699342043,-21.3951566117801));
#5532=CARTESIAN_POINT('Ctrl Pts',(-125.32467007802,-4.39492274521575,-22.9687348053144));
#5533=CARTESIAN_POINT('',(-150.32467007802,108.771743921451,-17.39));
#5534=CARTESIAN_POINT('',(-150.32467007802,121.271743921451,-17.39));
#5535=CARTESIAN_POINT('Ctrl Pts',(-125.32467007802,121.271743921451,-22.9687348053144));
#5536=CARTESIAN_POINT('Ctrl Pts',(-125.730361016455,121.068898452233,-22.7653806361005));
#5537=CARTESIAN_POINT('Ctrl Pts',(-126.145446936706,120.860993229118,-22.5627656174297));
#5538=CARTESIAN_POINT('Ctrl Pts',(-126.570885964948,120.647653026792,-22.3617311382626));
#5539=CARTESIAN_POINT('Ctrl Pts',(-126.978971877904,120.443014699189,-22.1688965990673));
#5540=CARTESIAN_POINT('Ctrl Pts',(-127.396583279904,120.233375721829,-21.9775154749959));
#5541=CARTESIAN_POINT('Ctrl Pts',(-127.824611437937,120.018404936937,-21.7883282870974));
#5542=CARTESIAN_POINT('Ctrl Pts',(-128.235396765082,119.812094107752,-21.606762379776));
#5543=CARTESIAN_POINT('Ctrl Pts',(-128.655776325497,119.6008723951,-21.4272166117561));
#5544=CARTESIAN_POINT('Ctrl Pts',(-129.086583897971,119.384447072035,-21.2503536042146));
#5545=CARTESIAN_POINT('Ctrl Pts',(-129.501501651203,119.176004336748,-21.0800139760195));
#5546=CARTESIAN_POINT('Ctrl Pts',(-129.926092235803,118.962734769806,-20.9121624134803));
#5547=CARTESIAN_POINT('Ctrl Pts',(-130.361146053177,118.744376854903,-20.7474058657567));
#5548=CARTESIAN_POINT('Ctrl Pts',(-130.790399167899,118.528930371381,-20.584846066355));
#5549=CARTESIAN_POINT('Ctrl Pts',(-131.229838086652,118.308530324237,-20.4252988542747));
#5550=CARTESIAN_POINT('Ctrl Pts',(-131.680270269861,118.082925518939,-20.269368634097));
#5551=CARTESIAN_POINT('Ctrl Pts',(-132.102788359582,117.871301849673,-20.1231016904479));
#5552=CARTESIAN_POINT('Ctrl Pts',(-132.534979552517,117.655098529827,-19.9800171835011));
#5553=CARTESIAN_POINT('Ctrl Pts',(-132.977553096763,117.434108231445,-19.8406367373634));
#5554=CARTESIAN_POINT('Ctrl Pts',(-133.410190529073,117.218079332971,-19.7043854880171));
#5555=CARTESIAN_POINT('Ctrl Pts',(-133.852749256659,116.997475985749,-19.5716736073169));
#5556=CARTESIAN_POINT('Ctrl Pts',(-134.305934074405,116.772104514677,-19.4430138043166));
#5557=CARTESIAN_POINT('Ctrl Pts',(-134.745863079725,116.553325236966,-19.3181173449866));
#5558=CARTESIAN_POINT('Ctrl Pts',(-135.195805597266,116.330052694419,-19.1970392133687));
#5559=CARTESIAN_POINT('Ctrl Pts',(-135.656447580562,116.102109714855,-19.0802755773507));
#5560=CARTESIAN_POINT('Ctrl Pts',(-135.788332914597,116.036847890941,-19.0468452525043));
#5561=CARTESIAN_POINT('Ctrl Pts',(-135.921095573136,115.971203221576,-19.0137687790352));
#5562=CARTESIAN_POINT('Ctrl Pts',(-136.054752310254,115.905171548663,-18.9810582581914));
#5563=CARTESIAN_POINT('Ctrl Pts',(-136.225788474051,115.820672972178,-18.9391996723726));
#5564=CARTESIAN_POINT('Ctrl Pts',(-136.397077048657,115.735540658594,-18.8982391670036));
#5565=CARTESIAN_POINT('Ctrl Pts',(-136.568627231656,115.64976589455,-18.8581671614452));
#5566=CARTESIAN_POINT('Ctrl Pts',(-138.412464082169,114.727850988811,-18.4274696289165));
#5567=CARTESIAN_POINT('Ctrl Pts',(-140.265588382238,113.801288597693,-18.1043104173225));
#5568=CARTESIAN_POINT('Ctrl Pts',(-142.126640526911,112.87076179263,-17.8724460839804));
#5569=CARTESIAN_POINT('Ctrl Pts',(-144.517437851942,111.675362188819,-17.5745819808647));
#5570=CARTESIAN_POINT('Ctrl Pts',(-146.921318657686,110.473420029226,-17.4273822937387));
#5571=CARTESIAN_POINT('Ctrl Pts',(-149.335391094956,109.2663834813,-17.3963175431888));
#5572=CARTESIAN_POINT('Ctrl Pts',(-149.664963269245,109.101597349201,-17.3920765447729));
#5573=CARTESIAN_POINT('Ctrl Pts',(-149.994725385651,108.936716267635,-17.39));
#5574=CARTESIAN_POINT('Ctrl Pts',(-150.32467007802,108.771743921451,-17.39));
#5575=CARTESIAN_POINT('Ctrl Pts',(-126.430398168021,117.271743921451,-22.4283683116307));
#5576=CARTESIAN_POINT('Ctrl Pts',(-126.430398168021,117.308240744129,-22.4283683116307));
#5577=CARTESIAN_POINT('Ctrl Pts',(-126.429423507715,117.344727848161,-22.4288320710797));
#5578=CARTESIAN_POINT('Ctrl Pts',(-126.424385591421,117.438978046301,-22.4312297177528));
#5579=CARTESIAN_POINT('Ctrl Pts',(-126.41885035188,117.496582480742,-22.4338641833203));
#5580=CARTESIAN_POINT('Ctrl Pts',(-126.393932320568,117.675951014142,-22.4457329645142));
#5581=CARTESIAN_POINT('Ctrl Pts',(-126.366056151914,117.795767110236,-22.459017347646));
#5582=CARTESIAN_POINT('Ctrl Pts',(-126.245976347061,118.161089274056,-22.5164484495537));
#5583=CARTESIAN_POINT('Ctrl Pts',(-126.118509837519,118.387890122212,-22.5776225627));
#5584=CARTESIAN_POINT('Ctrl Pts',(-125.777995917928,118.797180970469,-22.7434368606622));
#5585=CARTESIAN_POINT('Ctrl Pts',(-125.561920615929,118.968196534321,-22.8498120454959));
#5586=CARTESIAN_POINT('Ctrl Pts',(-125.32467007802,119.091318201327,-22.9687348053144));
#5587=CARTESIAN_POINT('Origin',(-124.85253412302,119.271743921451,-17.89));
#5588=CARTESIAN_POINT('',(-124.85253412302,119.271743921451,-14.89));
#5589=CARTESIAN_POINT('',(-124.85253412302,119.271743921451,-17.89));
#5590=CARTESIAN_POINT('',(-124.87233312307,119.261844421426,-14.89));
#5591=CARTESIAN_POINT('',(-148.32467007802,107.535675943951,-14.89));
#5592=CARTESIAN_POINT('',(-124.87233312307,119.261844421426,-17.89));
#5593=CARTESIAN_POINT('Origin',(-148.32467007802,13.3421114384269,-17.89));
#5594=CARTESIAN_POINT('',(-119.84854528709,-5.64197175552612,-14.89));
#5595=CARTESIAN_POINT('',(-119.84854528709,-5.64197175552612,-17.89));
#5596=CARTESIAN_POINT('',(-119.719118802556,-5.72825607854906,-14.89));
#5597=CARTESIAN_POINT('',(-119.719118802556,-5.72825607854906,-14.89));
#5598=CARTESIAN_POINT('',(-119.719118802556,-5.72825607854906,-17.89));
#5599=CARTESIAN_POINT('Origin',(-150.32467007802,117.771743921451,7.11));
#5600=CARTESIAN_POINT('',(-5.82467007801982,117.771743921451,-36.89));
#5601=CARTESIAN_POINT('',(-78.0746700780197,117.771743921451,-36.89));
#5602=CARTESIAN_POINT('',(-5.82467007801982,117.771743921451,3.61));
#5603=CARTESIAN_POINT('',(-5.82467007801982,117.771743921451,-3.89247922160541));
#5604=CARTESIAN_POINT('',(-102.250120458682,117.771743921451,3.61));
#5605=CARTESIAN_POINT('',(-78.0746700780198,117.771743921451,3.61));
#5606=CARTESIAN_POINT('',(-121.25669826743,117.771743921451,-4.89));
#5607=CARTESIAN_POINT('',(-116.049538821255,117.771743921451,-2.56128750173446));
#5608=CARTESIAN_POINT('',(-120.411771201424,117.771743921451,-4.89));
#5609=CARTESIAN_POINT('',(-137.295847789923,117.771743921451,-4.89));
#5610=CARTESIAN_POINT('',(-120.411771201424,117.771743921451,-17.89));
#5611=CARTESIAN_POINT('',(-113.678772044271,117.771743921451,-28.89));
#5612=CARTESIAN_POINT('',(-113.678772044271,117.771743921451,-38.89));
#5613=CARTESIAN_POINT('',(-113.678772044271,117.771743921451,-18.89));
#5614=CARTESIAN_POINT('',(-113.678772044271,117.771743921451,-38.89));
#5615=CARTESIAN_POINT('',(-112.114223094838,117.771743921451,-18.89));
#5616=CARTESIAN_POINT('',(-130.32467007802,117.771743921451,-18.89));
#5617=CARTESIAN_POINT('',(-108.535117061204,117.771743921451,-18.89));
#5618=CARTESIAN_POINT('',(-130.32467007802,117.771743921451,-18.89));
#5619=CARTESIAN_POINT('',(-106.970568111771,117.771743921451,-18.89));
#5620=CARTESIAN_POINT('',(-130.32467007802,117.771743921451,-18.89));
#5621=CARTESIAN_POINT('',(-106.970568111771,117.771743921451,-28.89));
#5622=CARTESIAN_POINT('',(-106.970568111771,117.771743921451,-38.89));
#5623=CARTESIAN_POINT('',(-106.970568111771,117.771743921451,-38.89));
#5624=CARTESIAN_POINT('',(-63.4391750914336,117.771743921451,-21.39));
#5625=CARTESIAN_POINT('Origin',(-67.4391750914336,117.771743921451,-21.39));
#5626=CARTESIAN_POINT('',(-81.4391750914336,117.771743921451,-21.39));
#5627=CARTESIAN_POINT('Origin',(-87.4391750914336,117.771743921451,-21.39));
#5628=CARTESIAN_POINT('',(-14.7746700780198,117.771743921451,-16.64));
#5629=CARTESIAN_POINT('Origin',(-16.8246700780198,117.771743921451,-16.64));
#5630=CARTESIAN_POINT('Origin',(-5.82467007801971,56.7717439214509,-36.89));
#5631=CARTESIAN_POINT('',(-5.82467007801982,121.271743921451,-36.89));
#5632=CARTESIAN_POINT('',(-78.0746700780197,121.271743921451,-36.89));
#5633=CARTESIAN_POINT('',(-5.82467007801982,56.7717439214508,-36.89));
#5634=CARTESIAN_POINT('Origin',(-150.32467007802,121.271743921451,7.11));
#5635=CARTESIAN_POINT('',(-125.32467007802,121.271743921451,-4.89));
#5636=CARTESIAN_POINT('',(-125.32467007802,121.271743921451,7.11));
#5637=CARTESIAN_POINT('',(-98.4918543480222,121.271743921451,7.11));
#5638=CARTESIAN_POINT('',(-116.72753412302,121.271743921451,-1.04524391856268));
#5639=CARTESIAN_POINT('',(-5.82467007801982,121.271743921451,7.11));
#5640=CARTESIAN_POINT('',(-150.32467007802,121.271743921451,7.11));
#5641=CARTESIAN_POINT('',(-5.82467007801982,121.271743921451,-3.89247922160541));
#5642=CARTESIAN_POINT('',(-63.4391750914336,121.271743921451,-21.39));
#5643=CARTESIAN_POINT('Origin',(-67.4391750914336,121.271743921451,-21.39));
#5644=CARTESIAN_POINT('',(-81.4391750914336,121.271743921451,-21.39));
#5645=CARTESIAN_POINT('Origin',(-87.4391750914336,121.271743921451,-21.39));
#5646=CARTESIAN_POINT('Origin',(-125.32467007802,121.271743921451,7.11));
#5647=CARTESIAN_POINT('',(-150.32467007802,108.771743921451,-4.89));
#5648=CARTESIAN_POINT('',(-150.32467007802,108.771743921451,7.11));
#5649=CARTESIAN_POINT('',(-90.4246700780197,138.721743921451,-4.89));
#5650=CARTESIAN_POINT('Origin',(-150.32467007802,12.2717439214509,7.11));
#5651=CARTESIAN_POINT('',(-120.32467007802,-7.72825607854905,-4.89));
#5652=CARTESIAN_POINT('',(-120.32467007802,-7.72825607854905,7.11));
#5653=CARTESIAN_POINT('',(-150.32467007802,12.2717439214509,-4.89));
#5654=CARTESIAN_POINT('',(-110.57467007802,-14.228256078549,-4.89));
#5655=CARTESIAN_POINT('',(-150.32467007802,12.2717439214509,7.11));
#5656=CARTESIAN_POINT('Origin',(138.67532992198,-7.72825607854905,7.11));
#5657=CARTESIAN_POINT('',(-5.82467007801982,-7.72825607854905,-36.89));
#5658=CARTESIAN_POINT('',(66.4253299219802,-7.72825607854905,-36.89));
#5659=CARTESIAN_POINT('',(-5.82467007801982,-7.72825607854905,7.11));
#5660=CARTESIAN_POINT('',(-5.82467007801982,-7.72825607854906,-3.89247922160541));
#5661=CARTESIAN_POINT('',(-98.6913624252357,-7.72825607854905,7.11));
#5662=CARTESIAN_POINT('',(-150.32467007802,-7.72825607854905,7.11));
#5663=CARTESIAN_POINT('',(-99.3813634976324,-7.72825607854906,6.72725626974594));
#5664=CARTESIAN_POINT('',(-12.4771271008941,-7.72825607854905,54.9330532518203));
#5665=CARTESIAN_POINT('',(-100.018740936832,-7.72825607854906,6.37370287915266));
#5666=CARTESIAN_POINT('',(-12.4771271008941,-7.72825607854905,54.9330532518203));
#5667=CARTESIAN_POINT('',(-101.016024170032,-7.72825607854906,5.82050967400439));
#5668=CARTESIAN_POINT('',(-12.4771271008941,-7.72825607854905,54.9330532518203));
#5669=CARTESIAN_POINT('',(-101.653401609231,-7.72825607854906,5.46695628341111));
#5670=CARTESIAN_POINT('',(-12.4771271008941,-7.72825607854905,54.9330532518203));
#5671=CARTESIAN_POINT('',(-102.650684842431,-7.72825607854905,4.91376307826284));
#5672=CARTESIAN_POINT('',(-12.4771271008941,-7.72825607854905,54.9330532518203));
#5673=CARTESIAN_POINT('',(-103.28806228163,-7.72825607854905,4.56020968766956));
#5674=CARTESIAN_POINT('',(-12.4771271008941,-7.72825607854905,54.9330532518203));
#5675=CARTESIAN_POINT('',(-104.28534551483,-7.72825607854905,4.00701648252129));
#5676=CARTESIAN_POINT('',(-12.4771271008941,-7.72825607854905,54.9330532518203));
#5677=CARTESIAN_POINT('',(-104.922722954029,-7.72825607854905,3.65346309192801));
#5678=CARTESIAN_POINT('',(-12.4771271008941,-7.72825607854905,54.9330532518203));
#5679=CARTESIAN_POINT('',(-105.92000618723,-7.72825607854905,3.10026988677974));
#5680=CARTESIAN_POINT('',(-12.4771271008941,-7.72825607854905,54.9330532518203));
#5681=CARTESIAN_POINT('',(-106.557383626429,-7.72825607854905,2.74671649618646));
#5682=CARTESIAN_POINT('',(-12.4771271008941,-7.72825607854905,54.9330532518203));
#5683=CARTESIAN_POINT('',(-107.554666859629,-7.72825607854905,2.19352329103819));
#5684=CARTESIAN_POINT('',(-12.4771271008941,-7.72825607854905,54.9330532518203));
#5685=CARTESIAN_POINT('',(-108.192044298828,-7.72825607854905,1.83996990044491));
#5686=CARTESIAN_POINT('',(-12.4771271008941,-7.72825607854905,54.9330532518203));
#5687=CARTESIAN_POINT('',(-109.189327532028,-7.72825607854906,1.28677669529664));
#5688=CARTESIAN_POINT('',(-12.4771271008941,-7.72825607854905,54.9330532518203));
#5689=CARTESIAN_POINT('',(-109.826704971227,-7.72825607854906,0.933223304703366));
#5690=CARTESIAN_POINT('',(-12.4771271008941,-7.72825607854905,54.9330532518203));
#5691=CARTESIAN_POINT('',(-110.823988204427,-7.72825607854906,0.380030099555095));
#5692=CARTESIAN_POINT('',(-12.4771271008941,-7.72825607854905,54.9330532518203));
#5693=CARTESIAN_POINT('',(-111.461365643627,-7.72825607854906,0.0264767089618179));
#5694=CARTESIAN_POINT('',(-12.4771271008941,-7.72825607854905,54.9330532518203));
#5695=CARTESIAN_POINT('',(-112.458648876827,-7.72825607854905,-0.526716496186452));
#5696=CARTESIAN_POINT('',(-12.4771271008941,-7.72825607854905,54.9330532518203));
#5697=CARTESIAN_POINT('',(-113.096026316026,-7.72825607854905,-0.88026988677973));
#5698=CARTESIAN_POINT('',(-12.4771271008941,-7.72825607854905,54.9330532518203));
#5699=CARTESIAN_POINT('',(-114.093309549226,-7.72825607854906,-1.43346309192801));
#5700=CARTESIAN_POINT('',(-12.4771271008941,-7.72825607854905,54.9330532518203));
#5701=CARTESIAN_POINT('',(-114.730686988425,-7.72825607854906,-1.78701648252129));
#5702=CARTESIAN_POINT('',(-12.4771271008941,-7.72825607854905,54.9330532518203));
#5703=CARTESIAN_POINT('',(-115.727970221625,-7.72825607854905,-2.34020968766956));
#5704=CARTESIAN_POINT('',(-12.4771271008941,-7.72825607854905,54.9330532518203));
#5705=CARTESIAN_POINT('',(-116.365347660824,-7.72825607854905,-2.69376307826283));
#5706=CARTESIAN_POINT('',(-12.4771271008941,-7.72825607854905,54.9330532518203));
#5707=CARTESIAN_POINT('',(-117.362630894025,-7.72825607854905,-3.2469562834111));
#5708=CARTESIAN_POINT('',(-12.4771271008941,-7.72825607854905,54.9330532518203));
#5709=CARTESIAN_POINT('',(-118.000008333224,-7.72825607854905,-3.60050967400438));
#5710=CARTESIAN_POINT('',(-12.4771271008941,-7.72825607854905,54.9330532518203));
#5711=CARTESIAN_POINT('',(-118.997291566424,-7.72825607854905,-4.15370287915265));
#5712=CARTESIAN_POINT('',(-12.4771271008941,-7.72825607854905,54.9330532518203));
#5713=CARTESIAN_POINT('',(-119.634669005623,-7.72825607854904,-4.50725626974593));
#5714=CARTESIAN_POINT('',(-12.4771271008941,-7.72825607854905,54.9330532518203));
#5715=CARTESIAN_POINT('',(-12.4771271008941,-7.72825607854905,54.9330532518203));
#5716=CARTESIAN_POINT('Origin',(-5.82467007801971,56.7717439214509,-36.89));
#5717=CARTESIAN_POINT('',(-5.82467007801982,-4.22825607854906,-36.89));
#5718=CARTESIAN_POINT('',(66.4253299219802,-4.22825607854906,-36.89));
#5719=CARTESIAN_POINT('',(-5.82467007801982,56.7717439214508,-36.89));
#5720=CARTESIAN_POINT('Origin',(-16.8246700780198,121.271743921451,-16.64));
#5721=CARTESIAN_POINT('',(-14.7746700780198,-4.22825607854906,-16.64));
#5722=CARTESIAN_POINT('Origin',(-16.8246700780198,-4.22825607854906,-16.64));
#5723=CARTESIAN_POINT('',(-14.7746700780198,121.271743921451,-16.64));
#5724=CARTESIAN_POINT('Origin',(-16.8246700780198,121.271743921451,-16.64));
#5725=CARTESIAN_POINT('',(-14.7746700780198,121.271743921451,-16.64));
#5726=CARTESIAN_POINT('Origin',(-5.82467007801982,56.7717439214508,-14.8949584432108));
#5727=CARTESIAN_POINT('',(-5.82467007801982,-2.72825607854911,6.06));
#5728=CARTESIAN_POINT('',(-5.82467007801982,-1.35825607854911,6.06));
#5729=CARTESIAN_POINT('',(-5.82467007801982,56.7717439214508,6.06));
#5730=CARTESIAN_POINT('',(-5.82467007801982,-2.72825607854911,7.11));
#5731=CARTESIAN_POINT('',(-5.82467007801982,-2.72825607854911,-4.41747922160541));
#5732=CARTESIAN_POINT('',(-5.82467007801982,56.7717439214508,7.11));
#5733=CARTESIAN_POINT('',(-5.82467007801982,-4.22825607854906,3.61));
#5734=CARTESIAN_POINT('',(-5.82467007801982,-4.22825607854906,-3.89247922160541));
#5735=CARTESIAN_POINT('',(-5.82467007801982,-1.35825607854911,3.61));
#5736=CARTESIAN_POINT('',(-5.82467007801982,56.7717439214508,3.61));
#5737=CARTESIAN_POINT('',(-5.82467007801982,-1.35825607854911,-4.96747922160541));
#5738=CARTESIAN_POINT('Origin',(-5.82467007801982,56.7717439214508,-14.8949584432108));
#5739=CARTESIAN_POINT('',(-5.82467007801982,114.901743921451,6.06));
#5740=CARTESIAN_POINT('',(-5.82467007801982,116.271743921451,6.06));
#5741=CARTESIAN_POINT('',(-5.82467007801982,56.7717439214508,6.06));
#5742=CARTESIAN_POINT('',(-5.82467007801983,114.901743921451,3.61));
#5743=CARTESIAN_POINT('',(-5.82467007801982,114.901743921451,-4.96747922160541));
#5744=CARTESIAN_POINT('',(-5.82467007801982,56.7717439214508,3.61));
#5745=CARTESIAN_POINT('',(-5.82467007801982,116.271743921451,7.11));
#5746=CARTESIAN_POINT('',(-5.82467007801982,56.7717439214508,7.11));
#5747=CARTESIAN_POINT('',(-5.82467007801982,116.271743921451,-4.41747922160541));
#5748=CARTESIAN_POINT('Origin',(-100.82467007802,-2.72825607854923,6.06));
#5749=CARTESIAN_POINT('',(-101.07467007802,-2.72825607854923,6.06));
#5750=CARTESIAN_POINT('',(-100.82467007802,-2.72825607854923,6.06));
#5751=CARTESIAN_POINT('',(-101.07467007802,-2.72825607854923,7.11));
#5752=CARTESIAN_POINT('',(-101.07467007802,-2.72825607854923,6.06));
#5753=CARTESIAN_POINT('',(-53.3246700780197,-2.72825607854917,7.11));
#5754=CARTESIAN_POINT('Origin',(-5.82467007801979,56.7717439214509,7.11));
#5755=CARTESIAN_POINT('',(-103.07467007802,-0.728256078549236,7.11));
#5756=CARTESIAN_POINT('Origin',(-101.07467007802,-0.728256078549228,7.11));
#5757=CARTESIAN_POINT('',(-103.07467007802,114.271743921451,7.11));
#5758=CARTESIAN_POINT('',(-103.07467007802,85.5217439214508,7.11));
#5759=CARTESIAN_POINT('',(-101.07467007802,116.271743921451,7.11));
#5760=CARTESIAN_POINT('Origin',(-101.07467007802,114.271743921451,7.11));
#5761=CARTESIAN_POINT('',(41.6753299219801,116.271743921451,7.11));
#5762=CARTESIAN_POINT('',(-150.32467007802,95.3553360564521,7.11));
#5763=CARTESIAN_POINT('',(-85.0581069320202,127.988617629452,7.11));
#5764=CARTESIAN_POINT('',(-150.32467007802,26.6939490233069,7.11));
#5765=CARTESIAN_POINT('',(-150.32467007802,-7.72825607854905,7.11));
#5766=CARTESIAN_POINT('',(-103.918267723317,-4.2436525464949,7.11));
#5767=CARTESIAN_POINT('',(-112.979432697136,85.9009112569532,7.11));
#5768=CARTESIAN_POINT('Origin',(-126.479432697136,85.9009112569532,7.11));
#5769=CARTESIAN_POINT('',(-123.756609123971,36.3029733801072,7.11));
#5770=CARTESIAN_POINT('',(-117.743387270303,38.4916071468815,7.11));
#5771=CARTESIAN_POINT('',(-68.3990796970112,56.451466334037,7.11));
#5772=CARTESIAN_POINT('',(-115.349246267023,31.9137588013802,7.11));
#5773=CARTESIAN_POINT('Origin',(-116.546316768663,35.2026829741308,7.11));
#5774=CARTESIAN_POINT('',(-121.362468120691,29.7251250346059,7.11));
#5775=CARTESIAN_POINT('',(-62.9983277668975,50.9679348719228,7.11));
#5776=CARTESIAN_POINT('Origin',(-126.546316768663,31.5629806314686,7.11));
#5777=CARTESIAN_POINT('',(-123.756609123971,56.3029771948056,7.11));
#5778=CARTESIAN_POINT('',(-117.743387270303,58.4916109615799,7.11));
#5779=CARTESIAN_POINT('',(-71.6130183584545,75.2816921412127,7.11));
#5780=CARTESIAN_POINT('',(-115.349246267023,51.9137626160786,7.11));
#5781=CARTESIAN_POINT('Origin',(-116.546316768663,55.2026867888292,7.11));
#5782=CARTESIAN_POINT('',(-121.362468120691,49.7251288493043,7.11));
#5783=CARTESIAN_POINT('',(-66.2122664283407,69.7981606790985,7.11));
#5784=CARTESIAN_POINT('Origin',(-126.546316768663,51.562984446167,7.11));
#5785=CARTESIAN_POINT('Origin',(83.4553299219801,114.901743921451,4.96));
#5786=CARTESIAN_POINT('',(-101.15467007802,114.901743921451,6.06));
#5787=CARTESIAN_POINT('',(38.8153299219801,114.901743921451,6.06));
#5788=CARTESIAN_POINT('',(-101.15467007802,114.901743921451,3.61));
#5789=CARTESIAN_POINT('',(-101.15467007802,114.901743921451,5.51));
#5790=CARTESIAN_POINT('',(38.8153299219801,114.901743921451,3.61));
#5791=CARTESIAN_POINT('Origin',(-110.324670078021,-3.22825607854918,-38.89));
#5792=CARTESIAN_POINT('',(-113.678772044271,-4.22825607854905,-28.89));
#5793=CARTESIAN_POINT('',(-113.678772044271,-4.22825607854905,-38.89));
#5794=CARTESIAN_POINT('',(-106.970568111771,-4.22825607854905,-28.89));
#5795=CARTESIAN_POINT('Origin',(-110.324670078021,-3.22825607854918,-28.89));
#5796=CARTESIAN_POINT('',(-106.970568111771,-4.22825607854905,-38.89));
#5797=CARTESIAN_POINT('Origin',(-110.324670078021,-3.22825607854918,-28.89));
#5798=CARTESIAN_POINT('Origin',(-110.324670078021,-3.22825607854918,-28.89));
#5799=CARTESIAN_POINT('',(-108.274670078021,-3.22825607854918,-28.89));
#5800=CARTESIAN_POINT('Origin',(-110.324670078021,-3.22825607854918,-28.89));
#5801=CARTESIAN_POINT('Origin',(-110.324670078021,116.771743921451,-38.89));
#5802=CARTESIAN_POINT('Origin',(-110.324670078021,116.771743921451,-28.89));
#5803=CARTESIAN_POINT('Origin',(-110.324670078021,116.771743921451,-28.89));
#5804=CARTESIAN_POINT('Origin',(-110.324670078021,116.771743921451,-28.89));
#5805=CARTESIAN_POINT('',(-108.274670078021,116.771743921451,-28.89));
#5806=CARTESIAN_POINT('Origin',(-110.324670078021,116.771743921451,-28.89));
#5807=CARTESIAN_POINT('Origin',(-110.324670078021,116.771743921451,-38.89));
#5808=CARTESIAN_POINT('Origin',(-110.324670078021,116.771743921451,-18.89));
#5809=CARTESIAN_POINT('Origin',(-110.324670078021,-3.22825607854918,-18.89));
#5810=CARTESIAN_POINT('',(-108.535117061203,-4.22825607854905,-18.89));
#5811=CARTESIAN_POINT('',(-112.114223094838,-4.22825607854905,-18.89));
#5812=CARTESIAN_POINT('',(14.1753299219796,-4.22825607854905,-18.89));
#5813=CARTESIAN_POINT('Origin',(-110.324670078021,-3.22825607854918,-18.89));
#5814=CARTESIAN_POINT('Origin',(-110.324670078021,-3.22825607854918,-38.89));
#5815=CARTESIAN_POINT('',(-108.274670078021,-3.22825607854918,-18.89));
#5816=CARTESIAN_POINT('',(-108.274670078021,-3.22825607854918,-38.89));
#5817=CARTESIAN_POINT('Origin',(-110.324670078021,-3.22825607854918,-18.89));
#5818=CARTESIAN_POINT('Origin',(-110.324670078021,-3.22825607854918,-18.89));
#5819=CARTESIAN_POINT('Origin',(-110.324670078021,116.771743921451,-18.89));
#5820=CARTESIAN_POINT('Origin',(-110.324670078021,116.771743921451,-18.89));
#5821=CARTESIAN_POINT('Origin',(-110.324670078021,116.771743921451,-38.89));
#5822=CARTESIAN_POINT('',(-108.274670078021,116.771743921451,-18.89));
#5823=CARTESIAN_POINT('',(-108.274670078021,116.771743921451,-38.89));
#5824=CARTESIAN_POINT('Origin',(-110.324670078021,116.771743921451,-18.89));
#5825=CARTESIAN_POINT('Origin',(-110.324670078021,116.771743921451,-18.89));
#5826=CARTESIAN_POINT('Origin',(-110.324670078021,-3.22825607854918,-38.89));
#5827=CARTESIAN_POINT('',(-113.678772044271,-4.22825607854905,-18.89));
#5828=CARTESIAN_POINT('',(-113.678772044271,-4.22825607854905,-38.89));
#5829=CARTESIAN_POINT('',(-106.970568111771,-4.22825607854905,-18.89));
#5830=CARTESIAN_POINT('Origin',(-110.324670078021,-3.22825607854918,-18.89));
#5831=CARTESIAN_POINT('',(-106.970568111771,-4.22825607854905,-38.89));
#5832=CARTESIAN_POINT('Origin',(-110.324670078021,-3.22825607854918,-18.89));
#5833=CARTESIAN_POINT('',(14.1753299219796,-4.22825607854905,-18.89));
#5834=CARTESIAN_POINT('',(14.1753299219796,-4.22825607854905,-18.89));
#5835=CARTESIAN_POINT('Origin',(138.67532992198,-4.22825607854905,7.11));
#5836=CARTESIAN_POINT('',(-115.144940560495,-4.22825607854905,-4.89));
#5837=CARTESIAN_POINT('',(-115.144940560495,-4.22825607854905,-17.89));
#5838=CARTESIAN_POINT('',(-116.651385929232,-4.22825607854905,-4.89));
#5839=CARTESIAN_POINT('',(9.88601936399752,-4.22825607854905,-4.89));
#5840=CARTESIAN_POINT('',(-101.32779300851,-4.22825607854905,3.61));
#5841=CARTESIAN_POINT('',(-11.6128249482382,-4.22825607854905,53.3749103873731));
#5842=CARTESIAN_POINT('',(66.4253299219802,-4.22825607854906,3.61));
#5843=CARTESIAN_POINT('Origin',(-110.324670078021,116.771743921451,-18.89));
#5844=CARTESIAN_POINT('Origin',(-25.8246700780199,119.271743921451,-17.89));
#5845=CARTESIAN_POINT('',(-124.830398168021,119.271743921451,-14.89));
#5846=CARTESIAN_POINT('',(-124.830398168021,119.271743921451,-17.89));
#5847=CARTESIAN_POINT('',(-124.85253412302,119.271743921451,-14.89));
#5848=CARTESIAN_POINT('Origin',(-119.113567527092,-3.72825607854905,-17.89));
#5849=CARTESIAN_POINT('',(-117.075138134284,-3.94575460851464,-4.89));
#5850=CARTESIAN_POINT('',(-117.125477991885,-4.22825607854905,-5.15297896018206));
#5851=CARTESIAN_POINT('Origin',(-119.113567527092,-3.72825607854905,-5.83974746830585));
#5852=CARTESIAN_POINT('',(-120.098346705832,-1.93028222748245,-4.89));
#5853=CARTESIAN_POINT('Origin',(-119.113567527092,-3.72825607854905,-4.89));
#5854=CARTESIAN_POINT('',(-121.045108108143,-3.04148757042525,-6.33974746830583));
#5855=CARTESIAN_POINT('Origin',(-119.113567527092,-3.72825607854905,-5.83974746830585));
#5856=CARTESIAN_POINT('',(-121.045108108143,-3.04148757042525,-5.1290689901));
#5857=CARTESIAN_POINT('',(-121.045108108143,-3.04148757042525,-17.89));
#5858=CARTESIAN_POINT('',(-121.163567527092,-3.72825607854905,-5.1290689901));
#5859=CARTESIAN_POINT('Origin',(-119.113567527092,-3.72825607854905,-5.1290689901));
#5860=CARTESIAN_POINT('',(-121.163567527092,-3.72825607854905,-17.89));
#5861=CARTESIAN_POINT('',(-119.563567527092,-5.72825607854906,-14.89));
#5862=CARTESIAN_POINT('',(-119.563567527092,-5.72825607854906,-17.89));
#5863=CARTESIAN_POINT('Origin',(-119.113567527092,-3.72825607854905,-14.89));
#5864=CARTESIAN_POINT('',(-117.125477991885,-4.22825607854905,-5.1290689901));
#5865=CARTESIAN_POINT('Origin',(-119.113567527092,-3.72825607854905,-5.1290689901));
#5866=CARTESIAN_POINT('',(-117.125477991885,-4.22825607854905,-17.89));
#5867=CARTESIAN_POINT('Origin',(-146.82467007802,-7.72825607854905,7.11));
#5868=CARTESIAN_POINT('',(-146.82467007802,106.608624960826,-6.33974746830585));
#5869=CARTESIAN_POINT('',(-146.82467007802,106.608624960826,-14.89));
#5870=CARTESIAN_POINT('',(-146.82467007802,95.484469111782,3.61));
#5871=CARTESIAN_POINT('',(-146.82467007802,77.0854578013204,20.0665760035918));
#5872=CARTESIAN_POINT('',(-146.82467007802,26.1029953011238,3.61));
#5873=CARTESIAN_POINT('',(-146.82467007802,24.5217439214509,3.61));
#5874=CARTESIAN_POINT('',(-146.82467007802,14.1448870761589,-6.33974746830583));
#5875=CARTESIAN_POINT('',(-146.82467007802,5.9121780491522,-13.1897754374246));
#5876=CARTESIAN_POINT('',(-146.82467007802,14.1448870761589,7.11));
#5877=CARTESIAN_POINT('Origin',(-123.75942249377,118.141248752951,7.11));
#5878=CARTESIAN_POINT('',(-128.15365283563,115.944133582021,-6.33974746830583));
#5879=CARTESIAN_POINT('',(-128.15365283563,115.944133582021,-17.89));
#5880=CARTESIAN_POINT('',(-106.30942249377,126.866248752951,-6.33974746830584));
#5881=CARTESIAN_POINT('Origin',(-124.380398168021,117.271743921451,-17.89));
#5882=CARTESIAN_POINT('',(-127.431055114465,114.684565497934,-4.89));
#5883=CARTESIAN_POINT('Origin',(-124.380398168021,117.271743921451,-4.89));
#5884=CARTESIAN_POINT('Origin',(-124.380398168021,117.271743921451,-5.83974746830586));
#5885=CARTESIAN_POINT('Origin',(-150.32467007802,-7.72825607854905,7.11));
#5886=CARTESIAN_POINT('',(-150.32467007802,12.7317446363821,-4.50725626974593));
#5887=CARTESIAN_POINT('',(-150.32467007802,4.43310055402838,-11.4121455210733));
#5888=CARTESIAN_POINT('',(-150.32467007802,13.1566629291815,-4.15370287915266));
#5889=CARTESIAN_POINT('',(-150.32467007802,4.43310055402838,-11.4121455210733));
#5890=CARTESIAN_POINT('',(-150.32467007802,13.8215184179816,-3.60050967400439));
#5891=CARTESIAN_POINT('',(-150.32467007802,4.43310055402838,-11.4121455210733));
#5892=CARTESIAN_POINT('',(-150.32467007802,14.246436710781,-3.24695628341111));
#5893=CARTESIAN_POINT('',(-150.32467007802,4.43310055402838,-11.4121455210733));
#5894=CARTESIAN_POINT('',(-150.32467007802,14.9112921995811,-2.69376307826284));
#5895=CARTESIAN_POINT('',(-150.32467007802,4.43310055402838,-11.4121455210733));
#5896=CARTESIAN_POINT('',(-150.32467007802,15.3362104923805,-2.34020968766956));
#5897=CARTESIAN_POINT('',(-150.32467007802,4.43310055402838,-11.4121455210733));
#5898=CARTESIAN_POINT('',(-150.32467007802,16.0010659811806,-1.78701648252129));
#5899=CARTESIAN_POINT('',(-150.32467007802,4.43310055402838,-11.4121455210733));
#5900=CARTESIAN_POINT('',(-150.32467007802,16.4259842739801,-1.43346309192801));
#5901=CARTESIAN_POINT('',(-150.32467007802,4.43310055402838,-11.4121455210733));
#5902=CARTESIAN_POINT('',(-150.32467007802,17.0908397627802,-0.880269886779734));
#5903=CARTESIAN_POINT('',(-150.32467007802,4.43310055402838,-11.4121455210733));
#5904=CARTESIAN_POINT('',(-150.32467007802,17.5157580555796,-0.526716496186457));
#5905=CARTESIAN_POINT('',(-150.32467007802,4.43310055402838,-11.4121455210733));
#5906=CARTESIAN_POINT('',(-150.32467007802,18.1806135443797,0.0264767089618134));
#5907=CARTESIAN_POINT('',(-150.32467007802,4.43310055402838,-11.4121455210733));
#5908=CARTESIAN_POINT('',(-150.32467007802,18.6055318371791,0.380030099555091));
#5909=CARTESIAN_POINT('',(-150.32467007802,4.43310055402838,-11.4121455210733));
#5910=CARTESIAN_POINT('',(-150.32467007802,19.2703873259792,0.933223304703361));
#5911=CARTESIAN_POINT('',(-150.32467007802,4.43310055402838,-11.4121455210733));
#5912=CARTESIAN_POINT('',(-150.32467007802,19.6953056187786,1.28677669529664));
#5913=CARTESIAN_POINT('',(-150.32467007802,4.43310055402838,-11.4121455210733));
#5914=CARTESIAN_POINT('',(-150.32467007802,20.3601611075787,1.83996990044491));
#5915=CARTESIAN_POINT('',(-150.32467007802,4.43310055402838,-11.4121455210733));
#5916=CARTESIAN_POINT('',(-150.32467007802,20.7850794003782,2.19352329103819));
#5917=CARTESIAN_POINT('',(-150.32467007802,4.43310055402838,-11.4121455210733));
#5918=CARTESIAN_POINT('',(-150.32467007802,21.4499348891783,2.74671649618646));
#5919=CARTESIAN_POINT('',(-150.32467007802,4.43310055402838,-11.4121455210733));
#5920=CARTESIAN_POINT('',(-150.32467007802,21.8748531819777,3.10026988677973));
#5921=CARTESIAN_POINT('',(-150.32467007802,4.43310055402838,-11.4121455210733));
#5922=CARTESIAN_POINT('',(-150.32467007802,22.5397086707778,3.65346309192801));
#5923=CARTESIAN_POINT('',(-150.32467007802,4.43310055402838,-11.4121455210733));
#5924=CARTESIAN_POINT('',(-150.32467007802,22.9646269635772,4.00701648252129));
#5925=CARTESIAN_POINT('',(-150.32467007802,4.43310055402838,-11.4121455210733));
#5926=CARTESIAN_POINT('',(-150.32467007802,23.6294824523773,4.56020968766956));
#5927=CARTESIAN_POINT('',(-150.32467007802,4.43310055402838,-11.4121455210733));
#5928=CARTESIAN_POINT('',(-150.32467007802,24.0544007451767,4.91376307826284));
#5929=CARTESIAN_POINT('',(-150.32467007802,4.43310055402838,-11.4121455210733));
#5930=CARTESIAN_POINT('',(-150.32467007802,24.7192562339769,5.4669562834111));
#5931=CARTESIAN_POINT('',(-150.32467007802,4.43310055402838,-11.4121455210733));
#5932=CARTESIAN_POINT('',(-150.32467007802,25.1441745267763,5.82050967400439));
#5933=CARTESIAN_POINT('',(-150.32467007802,4.43310055402838,-11.4121455210733));
#5934=CARTESIAN_POINT('',(-150.32467007802,25.8090300155764,6.37370287915265));
#5935=CARTESIAN_POINT('',(-150.32467007802,4.43310055402838,-11.4121455210733));
#5936=CARTESIAN_POINT('',(-150.32467007802,26.2339483083758,6.72725626974593));
#5937=CARTESIAN_POINT('',(-150.32467007802,4.43310055402838,-11.4121455210733));
#5938=CARTESIAN_POINT('',(-150.32467007802,4.43310055402838,-11.4121455210733));
#5939=CARTESIAN_POINT('',(-150.32467007802,78.7672293147847,21.9468537169563));
#5940=CARTESIAN_POINT('Origin',(-87.4391750914336,121.271743921451,-21.39));
#5941=CARTESIAN_POINT('',(-81.4391750914336,121.271743921451,-21.39));
#5942=CARTESIAN_POINT('Origin',(-67.4391750914336,121.271743921451,-21.39));
#5943=CARTESIAN_POINT('',(-63.4391750914336,121.271743921451,-21.39));
#5944=CARTESIAN_POINT('Origin',(-124.380398168021,117.271743921451,-17.89));
#5945=CARTESIAN_POINT('',(-122.392308632813,117.771743921451,-5.39786039459));
#5946=CARTESIAN_POINT('',(-122.392308632813,117.771743921451,-5.1290689901));
#5947=CARTESIAN_POINT('',(-122.392308632813,117.771743921451,-17.89));
#5948=CARTESIAN_POINT('',(-126.430398168021,117.271743921451,-5.1290689901));
#5949=CARTESIAN_POINT('Origin',(-124.380398168021,117.271743921451,-5.1290689901));
#5950=CARTESIAN_POINT('',(-126.430398168021,117.271743921451,-17.89));
#5951=CARTESIAN_POINT('Origin',(-124.380398168021,117.271743921451,-14.89));
#5952=CARTESIAN_POINT('',(-126.382206304202,116.829856847735,-5.1290689901));
#5953=CARTESIAN_POINT('Origin',(-124.380398168021,117.271743921451,-5.1290689901));
#5954=CARTESIAN_POINT('',(-126.382206304202,116.829856847735,-6.33974746830583));
#5955=CARTESIAN_POINT('',(-126.382206304202,116.829856847735,-17.89));
#5956=CARTESIAN_POINT('',(-125.580583969948,115.609801070192,-4.89));
#5957=CARTESIAN_POINT('Origin',(-124.380398168021,117.271743921451,-5.83974746830586));
#5958=CARTESIAN_POINT('',(-122.330732405857,117.234726852238,-4.89));
#5959=CARTESIAN_POINT('Origin',(-124.380398168021,117.271743921451,-4.89));
#5960=CARTESIAN_POINT('Origin',(-124.380398168021,117.271743921451,-5.83974746830586));
#5961=CARTESIAN_POINT('Origin',(-119.113567527092,-3.72825607854905,-17.89));
#5962=CARTESIAN_POINT('',(-122.693014860878,-1.94288306860193,-6.33974746830583));
#5963=CARTESIAN_POINT('',(-122.693014860878,-1.94288306860192,-17.89));
#5964=CARTESIAN_POINT('',(-121.819766935395,-0.782668741107138,-4.89));
#5965=CARTESIAN_POINT('Origin',(-119.113567527092,-3.72825607854905,-5.83974746830585));
#5966=CARTESIAN_POINT('Origin',(-119.113567527092,-3.72825607854905,-4.89));
#5967=CARTESIAN_POINT('Origin',(-112.208369242144,8.27174392145081,-8.6));
#5968=CARTESIAN_POINT('',(-112.208369242144,3.02546141053987,3.61));
#5969=CARTESIAN_POINT('',(-112.208369242144,0.27174392145081,1.31876855268018));
#5970=CARTESIAN_POINT('',(-112.208369242144,-2.6633956245553,-1.12341517049685));
#5971=CARTESIAN_POINT('',(-112.208369242144,8.27174392145081,3.61));
#5972=CARTESIAN_POINT('',(-112.208369242144,32.5217439214508,3.61));
#5973=CARTESIAN_POINT('',(-112.208369242144,8.27174392145081,-8.6));
#5974=CARTESIAN_POINT('',(-112.208369242144,8.27174392145081,-8.6));
#5975=CARTESIAN_POINT('',(-112.208369242144,0.27174392145081,-8.6));
#5976=CARTESIAN_POINT('',(-112.208369242144,8.27174392145081,-8.6));
#5977=CARTESIAN_POINT('',(-112.208369242144,0.27174392145081,-8.6));
#5978=CARTESIAN_POINT('Origin',(-109.38467007802,105.271743921451,-5.1));
#5979=CARTESIAN_POINT('',(-109.38467007802,113.271743921451,3.61));
#5980=CARTESIAN_POINT('',(-109.38467007802,113.271743921451,-8.6));
#5981=CARTESIAN_POINT('',(-109.38467007802,113.271743921451,-5.1));
#5982=CARTESIAN_POINT('',(-109.38467007802,105.271743921451,-8.6));
#5983=CARTESIAN_POINT('',(-109.38467007802,107.271743921451,-8.6));
#5984=CARTESIAN_POINT('',(-109.38467007802,105.271743921451,3.61));
#5985=CARTESIAN_POINT('',(-109.38467007802,105.271743921451,-5.1));
#5986=CARTESIAN_POINT('',(-109.38467007802,81.0217439214508,3.61));
#5987=CARTESIAN_POINT('Origin',(-103.34167007802,107.271743921451,-3.057));
#5988=CARTESIAN_POINT('',(-103.34167007802,113.271743921451,-5.1));
#5989=CARTESIAN_POINT('',(-105.38467007802,113.271743921451,-3.057));
#5990=CARTESIAN_POINT('Origin',(-103.34167007802,113.271743921451,-3.057));
#5991=CARTESIAN_POINT('',(-105.38467007802,105.271743921451,-3.057));
#5992=CARTESIAN_POINT('',(-105.38467007802,107.271743921451,-3.057));
#5993=CARTESIAN_POINT('',(-103.34167007802,105.271743921451,-5.1));
#5994=CARTESIAN_POINT('Origin',(-103.34167007802,105.271743921451,-3.057));
#5995=CARTESIAN_POINT('',(-103.34167007802,107.271743921451,-5.1));
#5996=CARTESIAN_POINT('Origin',(-105.38467007802,105.271743921451,-5.1));
#5997=CARTESIAN_POINT('',(-105.38467007802,113.271743921451,3.61));
#5998=CARTESIAN_POINT('',(-105.38467007802,113.271743921451,-5.1));
#5999=CARTESIAN_POINT('',(-105.38467007802,105.271743921451,3.61));
#6000=CARTESIAN_POINT('',(-105.38467007802,81.0217439214508,3.61));
#6001=CARTESIAN_POINT('',(-105.38467007802,105.271743921451,-5.1));
#6002=CARTESIAN_POINT('Origin',(-99.3846700780198,109.271743921451,-5.1));
#6003=CARTESIAN_POINT('',(-89.3846700780198,105.271743921451,-5.1));
#6004=CARTESIAN_POINT('',(-89.3846700780198,105.271743921451,-5.1));
#6005=CARTESIAN_POINT('',(-89.3846700780198,113.271743921451,-5.1));
#6006=CARTESIAN_POINT('',(-89.3846700780198,113.271743921451,-5.1));
#6007=CARTESIAN_POINT('',(-109.38467007802,113.271743921451,-5.1));
#6008=CARTESIAN_POINT('',(-94.3846700780198,109.271743921451,-5.1));
#6009=CARTESIAN_POINT('Origin',(-93.3846700780198,109.271743921451,-5.1));
#6010=CARTESIAN_POINT('Origin',(-103.208369242144,2.27174392145081,-3.1));
#6011=CARTESIAN_POINT('',(-105.208369242144,0.27174392145081,-3.1));
#6012=CARTESIAN_POINT('',(-103.208369242144,0.27174392145081,-5.1));
#6013=CARTESIAN_POINT('Origin',(-103.208369242144,0.27174392145081,-3.1));
#6014=CARTESIAN_POINT('',(-103.208369242144,8.27174392145081,-5.1));
#6015=CARTESIAN_POINT('',(-103.208369242144,2.27174392145081,-5.1));
#6016=CARTESIAN_POINT('',(-105.208369242144,8.27174392145081,-3.1));
#6017=CARTESIAN_POINT('Origin',(-103.208369242144,8.27174392145081,-3.1));
#6018=CARTESIAN_POINT('',(-105.208369242144,2.27174392145081,-3.1));
#6019=CARTESIAN_POINT('Origin',(-99.2965196600818,4.27174392145081,-5.1));
#6020=CARTESIAN_POINT('',(-89.3846700780198,0.27174392145081,-5.1));
#6021=CARTESIAN_POINT('',(-89.3846700780198,0.27174392145081,-5.1));
#6022=CARTESIAN_POINT('',(-89.3846700780198,8.27174392145081,-5.1));
#6023=CARTESIAN_POINT('',(-89.3846700780198,8.27174392145081,-5.1));
#6024=CARTESIAN_POINT('',(-109.208369242144,8.27174392145081,-5.1));
#6025=CARTESIAN_POINT('',(-94.3846700780196,4.27174392145082,-5.1));
#6026=CARTESIAN_POINT('Origin',(-93.3846700780197,4.27174392145082,-5.1));
#6027=CARTESIAN_POINT('Origin',(-105.208369242144,0.27174392145081,-8.6));
#6028=CARTESIAN_POINT('',(-105.208369242144,8.27174392145081,3.61));
#6029=CARTESIAN_POINT('',(-105.208369242144,8.27174392145081,-8.6));
#6030=CARTESIAN_POINT('',(-105.208369242144,0.271743921450813,3.61));
#6031=CARTESIAN_POINT('',(-105.208369242144,28.5217439214508,3.61));
#6032=CARTESIAN_POINT('',(-105.208369242144,0.27174392145081,-8.6));
#6033=CARTESIAN_POINT('Origin',(-123.756609123971,56.3029771948056,7.11));
#6034=CARTESIAN_POINT('',(-123.756609123971,56.3029771948056,5.51));
#6035=CARTESIAN_POINT('',(-123.756609123971,56.3029771948056,7.11));
#6036=CARTESIAN_POINT('',(-117.743387270303,58.4916109615799,5.51));
#6037=CARTESIAN_POINT('',(-120.749998197137,57.3972940781928,5.51));
#6038=CARTESIAN_POINT('',(-117.743387270303,58.4916109615799,7.11));
#6039=CARTESIAN_POINT('Origin',(-115.349246267023,51.9137626160786,7.11));
#6040=CARTESIAN_POINT('',(-115.349246267023,51.9137626160786,5.51));
#6041=CARTESIAN_POINT('',(-115.349246267023,51.9137626160786,7.11));
#6042=CARTESIAN_POINT('',(-121.362468120691,49.7251288493043,5.51));
#6043=CARTESIAN_POINT('',(-115.349246267023,51.9137626160786,5.51));
#6044=CARTESIAN_POINT('',(-121.362468120691,49.7251288493043,7.11));
#6045=CARTESIAN_POINT('Origin',(-123.756609123971,36.3029733801072,7.11));
#6046=CARTESIAN_POINT('',(-123.756609123971,36.3029733801072,5.51));
#6047=CARTESIAN_POINT('',(-123.756609123971,36.3029733801072,7.11));
#6048=CARTESIAN_POINT('',(-117.743387270303,38.4916071468815,5.51));
#6049=CARTESIAN_POINT('',(-120.749998197137,37.3972902634943,5.51));
#6050=CARTESIAN_POINT('',(-117.743387270303,38.4916071468815,7.11));
#6051=CARTESIAN_POINT('Origin',(-115.349246267023,31.9137588013802,7.11));
#6052=CARTESIAN_POINT('',(-115.349246267023,31.9137588013802,5.51));
#6053=CARTESIAN_POINT('',(-115.349246267023,31.9137588013802,7.11));
#6054=CARTESIAN_POINT('',(-121.362468120691,29.7251250346059,5.51));
#6055=CARTESIAN_POINT('',(-115.349246267023,31.9137588013802,5.51));
#6056=CARTESIAN_POINT('',(-121.362468120691,29.7251250346059,7.11));
#6057=CARTESIAN_POINT('Origin',(-116.546316768663,55.2026867888292,7.11));
#6058=CARTESIAN_POINT('Origin',(-116.546316768663,55.2026867888292,5.51));
#6059=CARTESIAN_POINT('Origin',(-116.546316768663,55.2026867888292,5.51));
#6060=CARTESIAN_POINT('',(-121.046316768663,51.562984446167,5.51));
#6061=CARTESIAN_POINT('Origin',(-126.546316768663,51.562984446167,5.51));
#6062=CARTESIAN_POINT('Origin',(-126.546316768663,51.562984446167,5.51));
#6063=CARTESIAN_POINT('Origin',(-116.546316768663,35.2026829741308,7.11));
#6064=CARTESIAN_POINT('Origin',(-116.546316768663,35.2026829741308,5.51));
#6065=CARTESIAN_POINT('Origin',(-116.546316768663,35.2026829741308,5.51));
#6066=CARTESIAN_POINT('',(-121.046316768663,31.5629806314686,5.51));
#6067=CARTESIAN_POINT('Origin',(-126.546316768663,31.5629806314686,5.51));
#6068=CARTESIAN_POINT('Origin',(-126.546316768663,31.5629806314686,5.51));
#6069=CARTESIAN_POINT('Origin',(-119.634669005623,-7.72825607854904,-4.50725626974593));
#6070=CARTESIAN_POINT('',(-114.998515530683,-10.8190250618421,-4.50725626974592));
#6071=CARTESIAN_POINT('',(-119.438552870485,-7.43408187584177,-4.86080966033921));
#6072=CARTESIAN_POINT('',(-119.634669005623,-7.72825607854904,-4.50725626974593));
#6073=CARTESIAN_POINT('',(-150.128553942881,13.0259188390894,-4.86080966033921));
#6074=CARTESIAN_POINT('',(-160.347208004116,19.8383548799127,-4.8608096603392));
#6075=CARTESIAN_POINT('',(-150.32467007802,12.7317446363821,-4.50725626974593));
#6076=CARTESIAN_POINT('Origin',(-118.997291566424,-7.72825607854905,-4.15370287915265));
#6077=CARTESIAN_POINT('',(-118.801175431286,-7.43408187584178,-4.50725626974593));
#6078=CARTESIAN_POINT('',(-118.997291566424,-7.72825607854905,-4.15370287915265));
#6079=CARTESIAN_POINT('',(-120.128553942882,-7.43408187584177,-5.24355339059327));
#6080=CARTESIAN_POINT('Origin',(-150.32467007802,13.1566629291815,-4.15370287915266));
#6081=CARTESIAN_POINT('',(-130.245457999313,-0.22947845662321,-4.15370287915265));
#6082=CARTESIAN_POINT('',(-150.128553942881,13.4508371318888,-4.50725626974593));
#6083=CARTESIAN_POINT('',(-150.32467007802,13.1566629291815,-4.15370287915266));
#6084=CARTESIAN_POINT('',(-160.151091868978,20.1325290826199,-4.50725626974592));
#6085=CARTESIAN_POINT('Origin',(-150.32467007802,12.7317446363821,-4.50725626974593));
#6086=CARTESIAN_POINT('',(-150.128553942882,26.9881232260142,6.75644660940674));
#6087=CARTESIAN_POINT('Origin',(-134.562922754653,2.8612905266698,-4.6840329650425));
#6088=CARTESIAN_POINT('Origin',(-107.246468900668,-9.23595431252197,1.11));
#6089=CARTESIAN_POINT('Origin',(-107.246468900668,-9.23595431252197,1.11));
#6090=CARTESIAN_POINT('',(-113.929698937192,-10.4417956759038,-3.60050967400438));
#6091=CARTESIAN_POINT('Origin',(-118.000008333224,-7.72825607854905,-3.60050967400439));
#6092=CARTESIAN_POINT('',(-117.803892198086,-7.43408187584178,-3.95406306459766));
#6093=CARTESIAN_POINT('',(-118.000008333224,-7.72825607854905,-3.60050967400438));
#6094=CARTESIAN_POINT('',(-150.128553942881,14.1156926206889,-3.95406306459766));
#6095=CARTESIAN_POINT('',(-159.844235489532,20.5928136517892,-3.95406306459766));
#6096=CARTESIAN_POINT('',(-150.32467007802,13.8215184179816,-3.60050967400439));
#6097=CARTESIAN_POINT('Origin',(-117.362630894025,-7.72825607854905,-3.2469562834111));
#6098=CARTESIAN_POINT('',(-117.166514758886,-7.43408187584178,-3.60050967400438));
#6099=CARTESIAN_POINT('',(-117.362630894025,-7.72825607854905,-3.2469562834111));
#6100=CARTESIAN_POINT('',(-120.128553942882,-7.43408187584178,-5.24355339059328));
#6101=CARTESIAN_POINT('Origin',(-150.32467007802,14.246436710781,-3.24695628341111));
#6102=CARTESIAN_POINT('',(-129.99397174202,0.692637820114847,-3.2469562834111));
#6103=CARTESIAN_POINT('',(-150.128553942881,14.5406109134883,-3.60050967400438));
#6104=CARTESIAN_POINT('',(-150.32467007802,14.246436710781,-3.24695628341111));
#6105=CARTESIAN_POINT('',(-159.648119354394,20.8869878544965,-3.60050967400438));
#6106=CARTESIAN_POINT('Origin',(-150.32467007802,13.8215184179816,-3.60050967400439));
#6107=CARTESIAN_POINT('',(-150.128553942881,26.9881232260142,6.75644660940673));
#6108=CARTESIAN_POINT('Origin',(-133.745592418453,3.40617741746955,-3.77728636930095));
#6109=CARTESIAN_POINT('Origin',(-107.246468900668,-9.23595431252197,1.11));
#6110=CARTESIAN_POINT('',(-112.8608823437,-10.0645662899655,-2.69376307826283));
#6111=CARTESIAN_POINT('Origin',(-116.365347660824,-7.72825607854905,-2.69376307826284));
#6112=CARTESIAN_POINT('',(-116.169231525686,-7.43408187584178,-3.04731646885611));
#6113=CARTESIAN_POINT('',(-116.365347660824,-7.72825607854905,-2.69376307826283));
#6114=CARTESIAN_POINT('',(-150.128553942881,15.2054664022884,-3.04731646885611));
#6115=CARTESIAN_POINT('',(-159.341262974948,21.3472724236658,-3.04731646885611));
#6116=CARTESIAN_POINT('',(-150.32467007802,14.9112921995811,-2.69376307826284));
#6117=CARTESIAN_POINT('Origin',(-115.727970221625,-7.72825607854905,-2.34020968766955));
#6118=CARTESIAN_POINT('',(-115.531854086487,-7.43408187584178,-2.69376307826283));
#6119=CARTESIAN_POINT('',(-115.727970221625,-7.72825607854905,-2.34020968766956));
#6120=CARTESIAN_POINT('',(-120.128553942882,-7.43408187584176,-5.24355339059327));
#6121=CARTESIAN_POINT('Origin',(-150.32467007802,15.3362104923805,-2.34020968766956));
#6122=CARTESIAN_POINT('',(-129.742485484728,1.61475409685291,-2.34020968766955));
#6123=CARTESIAN_POINT('',(-150.128553942881,15.6303846950878,-2.69376307826284));
#6124=CARTESIAN_POINT('',(-150.32467007802,15.3362104923805,-2.34020968766956));
#6125=CARTESIAN_POINT('',(-159.145146839809,21.6414466263731,-2.69376307826283));
#6126=CARTESIAN_POINT('Origin',(-150.32467007802,14.9112921995811,-2.69376307826284));
#6127=CARTESIAN_POINT('',(-150.128553942881,26.9881232260142,6.75644660940673));
#6128=CARTESIAN_POINT('Origin',(-132.928262082253,3.95106430826932,-2.8705397735594));
#6129=CARTESIAN_POINT('Origin',(-107.246468900668,-9.23595431252197,1.11));
#6130=CARTESIAN_POINT('',(-111.792065750208,-9.68733690402722,-1.78701648252129));
#6131=CARTESIAN_POINT('Origin',(-114.730686988425,-7.72825607854905,-1.78701648252129));
#6132=CARTESIAN_POINT('',(-114.534570853287,-7.43408187584178,-2.14056987311456));
#6133=CARTESIAN_POINT('',(-114.730686988425,-7.72825607854906,-1.78701648252129));
#6134=CARTESIAN_POINT('',(-150.128553942881,16.2952401838879,-2.14056987311456));
#6135=CARTESIAN_POINT('',(-158.838290460363,22.1017311955424,-2.14056987311456));
#6136=CARTESIAN_POINT('',(-150.32467007802,16.0010659811806,-1.78701648252129));
#6137=CARTESIAN_POINT('Origin',(-114.093309549226,-7.72825607854905,-1.43346309192801));
#6138=CARTESIAN_POINT('',(-113.897193414088,-7.43408187584178,-1.78701648252128));
#6139=CARTESIAN_POINT('',(-114.093309549226,-7.72825607854906,-1.43346309192801));
#6140=CARTESIAN_POINT('',(-120.128553942882,-7.43408187584178,-5.24355339059327));
#6141=CARTESIAN_POINT('Origin',(-150.32467007802,16.42598427398,-1.43346309192801));
#6142=CARTESIAN_POINT('',(-129.490999227436,2.53687037359097,-1.43346309192801));
#6143=CARTESIAN_POINT('',(-150.128553942882,16.7201584766873,-1.78701648252129));
#6144=CARTESIAN_POINT('',(-150.32467007802,16.4259842739801,-1.43346309192801));
#6145=CARTESIAN_POINT('',(-158.642174325225,22.3959053982497,-1.78701648252128));
#6146=CARTESIAN_POINT('Origin',(-150.32467007802,16.0010659811807,-1.78701648252129));
#6147=CARTESIAN_POINT('',(-150.128553942882,26.9881232260142,6.75644660940674));
#6148=CARTESIAN_POINT('Origin',(-132.110931746054,4.49595119906908,-1.96379317781785));
#6149=CARTESIAN_POINT('Origin',(-107.246468900668,-9.23595431252197,1.11));
#6150=CARTESIAN_POINT('',(-110.723249156716,-9.31010751808892,-0.880269886779737));
#6151=CARTESIAN_POINT('Origin',(-113.096026316026,-7.72825607854905,-0.880269886779733));
#6152=CARTESIAN_POINT('',(-112.899910180888,-7.43408187584178,-1.233823277373));
#6153=CARTESIAN_POINT('',(-113.096026316026,-7.72825607854905,-0.88026988677973));
#6154=CARTESIAN_POINT('',(-150.128553942882,17.3850139654875,-1.23382327737301));
#6155=CARTESIAN_POINT('',(-158.335317945779,22.856189967419,-1.23382327737301));
#6156=CARTESIAN_POINT('',(-150.32467007802,17.0908397627802,-0.880269886779734));
#6157=CARTESIAN_POINT('Origin',(-112.458648876827,-7.72825607854905,-0.526716496186452));
#6158=CARTESIAN_POINT('',(-112.262532741689,-7.43408187584178,-0.880269886779727));
#6159=CARTESIAN_POINT('',(-112.458648876827,-7.72825607854905,-0.526716496186452));
#6160=CARTESIAN_POINT('',(-120.128553942882,-7.43408187584177,-5.24355339059327));
#6161=CARTESIAN_POINT('Origin',(-150.32467007802,17.5157580555796,-0.526716496186457));
#6162=CARTESIAN_POINT('',(-129.239512970144,3.45898665032903,-0.52671649618645));
#6163=CARTESIAN_POINT('',(-150.128553942881,17.8099322582869,-0.880269886779731));
#6164=CARTESIAN_POINT('',(-150.32467007802,17.5157580555796,-0.526716496186457));
#6165=CARTESIAN_POINT('',(-158.139201810641,23.1503641701263,-0.880269886779729));
#6166=CARTESIAN_POINT('Origin',(-150.32467007802,17.0908397627802,-0.880269886779734));
#6167=CARTESIAN_POINT('',(-150.128553942882,26.9881232260142,6.75644660940674));
#6168=CARTESIAN_POINT('Origin',(-131.293601409854,5.04083808986884,-1.05704658207629));
#6169=CARTESIAN_POINT('Origin',(-107.246468900668,-9.23595431252197,1.11));
#6170=CARTESIAN_POINT('',(-109.654432563224,-8.93287813215063,0.0264767089618193));
#6171=CARTESIAN_POINT('Origin',(-111.461365643627,-7.72825607854905,0.0264767089618144));
#6172=CARTESIAN_POINT('',(-111.265249508488,-7.43408187584177,-0.327076681631455));
#6173=CARTESIAN_POINT('',(-111.461365643627,-7.72825607854906,0.0264767089618179));
#6174=CARTESIAN_POINT('',(-150.128553942881,18.474787747087,-0.327076681631461));
#6175=CARTESIAN_POINT('',(-157.832345431194,23.6106487392956,-0.327076681631465));
#6176=CARTESIAN_POINT('',(-150.32467007802,18.1806135443797,0.0264767089618134));
#6177=CARTESIAN_POINT('Origin',(-110.823988204427,-7.72825607854905,0.380030099555096));
#6178=CARTESIAN_POINT('',(-110.627872069289,-7.43408187584178,0.0264767089618232));
#6179=CARTESIAN_POINT('',(-110.823988204427,-7.72825607854906,0.380030099555095));
#6180=CARTESIAN_POINT('',(-120.128553942882,-7.43408187584179,-5.24355339059328));
#6181=CARTESIAN_POINT('Origin',(-150.32467007802,18.6055318371791,0.380030099555091));
#6182=CARTESIAN_POINT('',(-128.988026712852,4.38110292706709,0.380030099555096));
#6183=CARTESIAN_POINT('',(-150.128553942881,18.8997060398864,0.0264767089618169));
#6184=CARTESIAN_POINT('',(-150.32467007802,18.6055318371791,0.380030099555091));
#6185=CARTESIAN_POINT('',(-157.636229296056,23.9048229420029,0.0264767089618123));
#6186=CARTESIAN_POINT('Origin',(-150.32467007802,18.1806135443797,0.0264767089618145));
#6187=CARTESIAN_POINT('',(-150.128553942881,26.9881232260142,6.75644660940673));
#6188=CARTESIAN_POINT('Origin',(-130.476271073655,5.58572498066859,-0.150299986334748));
#6189=CARTESIAN_POINT('Origin',(-107.246468900668,-9.23595431252197,1.11));
#6190=CARTESIAN_POINT('',(-108.585615969732,-8.55564874621233,0.933223304703362));
#6191=CARTESIAN_POINT('Origin',(-109.826704971227,-7.72825607854905,0.933223304703362));
#6192=CARTESIAN_POINT('',(-109.630588836089,-7.43408187584179,0.579669914110091));
#6193=CARTESIAN_POINT('',(-109.826704971227,-7.72825607854906,0.933223304703366));
#6194=CARTESIAN_POINT('',(-150.128553942881,19.5645615286865,0.579669914110087));
#6195=CARTESIAN_POINT('',(-157.32937291661,24.3651075111722,0.579669914110085));
#6196=CARTESIAN_POINT('',(-150.32467007802,19.2703873259792,0.933223304703361));
#6197=CARTESIAN_POINT('Origin',(-109.189327532028,-7.72825607854905,1.28677669529664));
#6198=CARTESIAN_POINT('',(-108.99321139689,-7.43408187584178,0.933223304703369));
#6199=CARTESIAN_POINT('',(-109.189327532028,-7.72825607854906,1.28677669529664));
#6200=CARTESIAN_POINT('',(-120.128553942882,-7.43408187584177,-5.24355339059328));
#6201=CARTESIAN_POINT('Origin',(-150.32467007802,19.6953056187786,1.28677669529664));
#6202=CARTESIAN_POINT('',(-128.736540455559,5.30321920380515,1.28677669529664));
#6203=CARTESIAN_POINT('',(-150.128553942882,19.9894798214859,0.933223304703365));
#6204=CARTESIAN_POINT('',(-150.32467007802,19.6953056187786,1.28677669529664));
#6205=CARTESIAN_POINT('',(-157.133256781472,24.6592817138795,0.933223304703362));
#6206=CARTESIAN_POINT('Origin',(-150.32467007802,19.2703873259792,0.933223304703361));
#6207=CARTESIAN_POINT('',(-150.128553942881,26.9881232260142,6.75644660940673));
#6208=CARTESIAN_POINT('Origin',(-129.658940737455,6.13061187146835,0.756446609406812));
#6209=CARTESIAN_POINT('Origin',(-107.246468900668,-9.23595431252197,1.11));
#6210=CARTESIAN_POINT('',(-107.516799376241,-8.17841936027403,1.83996990044492));
#6211=CARTESIAN_POINT('Origin',(-108.192044298828,-7.72825607854904,1.83996990044491));
#6212=CARTESIAN_POINT('',(-107.99592816369,-7.43408187584178,1.48641650985164));
#6213=CARTESIAN_POINT('',(-108.192044298828,-7.72825607854905,1.83996990044491));
#6214=CARTESIAN_POINT('',(-150.128553942881,20.654335310286,1.48641650985163));
#6215=CARTESIAN_POINT('',(-156.826400402026,25.1195662830488,1.48641650985164));
#6216=CARTESIAN_POINT('',(-150.32467007802,20.3601611075787,1.83996990044491));
#6217=CARTESIAN_POINT('Origin',(-107.554666859629,-7.72825607854905,2.19352329103819));
#6218=CARTESIAN_POINT('',(-107.358550724491,-7.43408187584178,1.83996990044492));
#6219=CARTESIAN_POINT('',(-107.554666859629,-7.72825607854905,2.19352329103819));
#6220=CARTESIAN_POINT('',(-120.128553942882,-7.43408187584177,-5.24355339059327));
#6221=CARTESIAN_POINT('Origin',(-150.32467007802,20.7850794003781,2.19352329103819));
#6222=CARTESIAN_POINT('',(-128.485054198267,6.2253354805432,2.19352329103819));
#6223=CARTESIAN_POINT('',(-150.128553942881,21.0792536030854,1.83996990044491));
#6224=CARTESIAN_POINT('',(-150.32467007802,20.7850794003782,2.19352329103819));
#6225=CARTESIAN_POINT('',(-156.630284266888,25.4137404857561,1.83996990044491));
#6226=CARTESIAN_POINT('Origin',(-150.32467007802,20.3601611075788,1.83996990044491));
#6227=CARTESIAN_POINT('',(-150.128553942882,26.9881232260142,6.75644660940674));
#6228=CARTESIAN_POINT('Origin',(-128.841610401255,6.67549876226811,1.66319320514836));
#6229=CARTESIAN_POINT('Origin',(-107.246468900668,-9.23595431252197,1.11));
#6230=CARTESIAN_POINT('',(-106.447982782749,-7.80118997433573,2.74671649618646));
#6231=CARTESIAN_POINT('Origin',(-106.557383626429,-7.72825607854904,2.74671649618646));
#6232=CARTESIAN_POINT('',(-106.361267491291,-7.43408187584178,2.39316310559319));
#6233=CARTESIAN_POINT('',(-106.557383626429,-7.72825607854905,2.74671649618646));
#6234=CARTESIAN_POINT('',(-150.128553942881,21.7441090918856,2.39316310559318));
#6235=CARTESIAN_POINT('',(-156.323427887441,25.8740250549254,2.39316310559318));
#6236=CARTESIAN_POINT('',(-150.32467007802,21.4499348891783,2.74671649618646));
#6237=CARTESIAN_POINT('Origin',(-105.92000618723,-7.72825607854905,3.10026988677974));
#6238=CARTESIAN_POINT('',(-105.723890052091,-7.43408187584178,2.74671649618646));
#6239=CARTESIAN_POINT('',(-105.92000618723,-7.72825607854905,3.10026988677974));
#6240=CARTESIAN_POINT('',(-120.128553942882,-7.43408187584178,-5.24355339059328));
#6241=CARTESIAN_POINT('Origin',(-150.32467007802,21.8748531819777,3.10026988677973));
#6242=CARTESIAN_POINT('',(-128.233567940975,7.14745175728126,3.10026988677974));
#6243=CARTESIAN_POINT('',(-150.128553942881,22.169027384685,2.74671649618646));
#6244=CARTESIAN_POINT('',(-150.32467007802,21.8748531819777,3.10026988677973));
#6245=CARTESIAN_POINT('',(-156.127311752303,26.1681992576327,2.74671649618646));
#6246=CARTESIAN_POINT('Origin',(-150.32467007802,21.4499348891783,2.74671649618646));
#6247=CARTESIAN_POINT('',(-150.128553942881,26.9881232260142,6.75644660940673));
#6248=CARTESIAN_POINT('Origin',(-128.024280065056,7.22038565306787,2.56993980088991));
#6249=CARTESIAN_POINT('Origin',(-107.246468900668,-9.23595431252197,1.11));
#6250=CARTESIAN_POINT('',(-105.379166189257,-7.42396058839743,3.65346309192802));
#6251=CARTESIAN_POINT('Origin',(-104.922722954029,-7.72825607854904,3.65346309192801));
#6252=CARTESIAN_POINT('',(-104.726606818891,-7.43408187584178,3.29990970133474));
#6253=CARTESIAN_POINT('',(-104.922722954029,-7.72825607854905,3.65346309192801));
#6254=CARTESIAN_POINT('',(-150.128553942881,22.8338828734851,3.29990970133473));
#6255=CARTESIAN_POINT('',(-155.820455372857,26.628483826802,3.29990970133473));
#6256=CARTESIAN_POINT('',(-150.32467007802,22.5397086707778,3.65346309192801));
#6257=CARTESIAN_POINT('Origin',(-104.28534551483,-7.72825607854905,4.00701648252129));
#6258=CARTESIAN_POINT('',(-104.089229379692,-7.43408187584178,3.65346309192802));
#6259=CARTESIAN_POINT('',(-104.28534551483,-7.72825607854905,4.00701648252129));
#6260=CARTESIAN_POINT('',(-120.128553942882,-7.43408187584178,-5.24355339059328));
#6261=CARTESIAN_POINT('Origin',(-150.32467007802,22.9646269635772,4.00701648252129));
#6262=CARTESIAN_POINT('',(-127.982081683683,8.06956803401933,4.00701648252129));
#6263=CARTESIAN_POINT('',(-150.128553942881,23.2588011662845,3.65346309192801));
#6264=CARTESIAN_POINT('',(-150.32467007802,22.9646269635772,4.00701648252129));
#6265=CARTESIAN_POINT('',(-155.624339237719,26.9226580295093,3.65346309192801));
#6266=CARTESIAN_POINT('Origin',(-150.32467007802,22.5397086707778,3.65346309192801));
#6267=CARTESIAN_POINT('',(-150.128553942881,26.9881232260142,6.75644660940673));
#6268=CARTESIAN_POINT('Origin',(-127.206949728856,7.76527254386764,3.47668639663147));
#6269=CARTESIAN_POINT('Origin',(-107.246468900668,-9.23595431252197,1.11));
#6270=CARTESIAN_POINT('',(-104.310349595765,-7.04673120245914,4.56020968766957));
#6271=CARTESIAN_POINT('Origin',(-103.28806228163,-7.72825607854904,4.56020968766956));
#6272=CARTESIAN_POINT('',(-103.091946146492,-7.43408187584178,4.20665629707629));
#6273=CARTESIAN_POINT('',(-103.28806228163,-7.72825607854905,4.56020968766956));
#6274=CARTESIAN_POINT('',(-150.128553942881,23.9236566550846,4.20665629707628));
#6275=CARTESIAN_POINT('',(-155.317482858272,27.3829425986786,4.20665629707628));
#6276=CARTESIAN_POINT('',(-150.32467007802,23.6294824523773,4.56020968766956));
#6277=CARTESIAN_POINT('Origin',(-102.650684842431,-7.72825607854905,4.91376307826284));
#6278=CARTESIAN_POINT('',(-102.454568707293,-7.43408187584177,4.56020968766957));
#6279=CARTESIAN_POINT('',(-102.650684842431,-7.72825607854905,4.91376307826284));
#6280=CARTESIAN_POINT('',(-120.128553942882,-7.43408187584178,-5.24355339059328));
#6281=CARTESIAN_POINT('Origin',(-150.32467007802,24.0544007451767,4.91376307826284));
#6282=CARTESIAN_POINT('',(-127.730595426391,8.99168431075739,4.91376307826285));
#6283=CARTESIAN_POINT('',(-150.128553942881,24.348574947884,4.56020968766956));
#6284=CARTESIAN_POINT('',(-150.32467007802,24.0544007451767,4.91376307826284));
#6285=CARTESIAN_POINT('',(-155.121366723134,27.6771168013859,4.56020968766956));
#6286=CARTESIAN_POINT('Origin',(-150.32467007802,23.6294824523773,4.56020968766956));
#6287=CARTESIAN_POINT('',(-150.128553942881,26.9881232260142,6.75644660940673));
#6288=CARTESIAN_POINT('Origin',(-126.389619392656,8.3101594346674,4.38343299237302));
#6289=CARTESIAN_POINT('Origin',(-107.246468900668,-9.23595431252197,1.11));
#6290=CARTESIAN_POINT('',(-103.241533002273,-6.66950181652084,5.46695628341111));
#6291=CARTESIAN_POINT('Origin',(-101.653401609231,-7.72825607854905,5.4669562834111));
#6292=CARTESIAN_POINT('',(-101.457285474093,-7.43408187584178,5.11340289281783));
#6293=CARTESIAN_POINT('',(-101.653401609231,-7.72825607854906,5.46695628341111));
#6294=CARTESIAN_POINT('',(-150.128553942881,25.0134304366841,5.11340289281783));
#6295=CARTESIAN_POINT('',(-154.814510343688,28.1374013705552,5.11340289281783));
#6296=CARTESIAN_POINT('',(-150.32467007802,24.7192562339769,5.4669562834111));
#6297=CARTESIAN_POINT('Origin',(-101.016024170032,-7.72825607854905,5.82050967400439));
#6298=CARTESIAN_POINT('',(-100.819908034894,-7.43408187584178,5.46695628341112));
#6299=CARTESIAN_POINT('',(-101.016024170032,-7.72825607854906,5.82050967400439));
#6300=CARTESIAN_POINT('',(-120.128553942882,-7.43408187584178,-5.24355339059328));
#6301=CARTESIAN_POINT('Origin',(-150.32467007802,25.1441745267763,5.82050967400439));
#6302=CARTESIAN_POINT('',(-127.479109169098,9.91380058749545,5.82050967400439));
#6303=CARTESIAN_POINT('',(-150.128553942882,25.4383487294835,5.46695628341111));
#6304=CARTESIAN_POINT('',(-150.32467007802,25.1441745267763,5.82050967400439));
#6305=CARTESIAN_POINT('',(-154.61839420855,28.4315755732625,5.46695628341111));
#6306=CARTESIAN_POINT('Origin',(-150.32467007802,24.7192562339769,5.46695628341111));
#6307=CARTESIAN_POINT('',(-150.128553942881,26.9881232260142,6.75644660940673));
#6308=CARTESIAN_POINT('Origin',(-125.572289056457,8.85504632546715,5.29017958811458));
#6309=CARTESIAN_POINT('Origin',(-107.246468900668,-9.23595431252197,1.11));
#6310=CARTESIAN_POINT('',(-102.172716408781,-6.29227243058255,6.37370287915266));
#6311=CARTESIAN_POINT('Origin',(-100.018740936832,-7.72825607854905,6.37370287915265));
#6312=CARTESIAN_POINT('',(-99.8226248016934,-7.43408187584178,6.02014948855938));
#6313=CARTESIAN_POINT('',(-100.018740936832,-7.72825607854906,6.37370287915266));
#6314=CARTESIAN_POINT('',(-150.128553942881,26.1032042182837,6.02014948855938));
#6315=CARTESIAN_POINT('',(-154.311537829104,28.8918601424318,6.02014948855937));
#6316=CARTESIAN_POINT('',(-150.32467007802,25.8090300155764,6.37370287915265));
#6317=CARTESIAN_POINT('Origin',(-99.3813634976324,-7.72825607854905,6.72725626974594));
#6318=CARTESIAN_POINT('',(-99.1852473624943,-7.43408187584178,6.37370287915266));
#6319=CARTESIAN_POINT('',(-99.3813634976324,-7.72825607854906,6.72725626974594));
#6320=CARTESIAN_POINT('',(-120.128553942882,-7.43408187584176,-5.24355339059328));
#6321=CARTESIAN_POINT('Origin',(-150.32467007802,26.2339483083758,6.72725626974593));
#6322=CARTESIAN_POINT('',(-127.227622911806,10.8359168642335,6.72725626974594));
#6323=CARTESIAN_POINT('',(-150.128553942881,26.5281225110831,6.37370287915266));
#6324=CARTESIAN_POINT('',(-150.32467007802,26.2339483083758,6.72725626974593));
#6325=CARTESIAN_POINT('',(-154.115421693965,29.1860343451391,6.37370287915265));
#6326=CARTESIAN_POINT('Origin',(-150.32467007802,25.8090300155764,6.37370287915266));
#6327=CARTESIAN_POINT('',(-150.128553942881,26.9881232260142,6.75644660940673));
#6328=CARTESIAN_POINT('Origin',(-124.754958720257,9.39993321626691,6.19692618385612));
#6329=CARTESIAN_POINT('Origin',(-107.246468900668,-9.23595431252197,1.11));
#6330=CARTESIAN_POINT('Origin',(-101.15467007802,-0.358256078549246,6.06));
#6331=CARTESIAN_POINT('',(-101.15467007802,-1.35825607854924,3.61));
#6332=CARTESIAN_POINT('',(-101.15467007802,28.2067439214508,3.61));
#6333=CARTESIAN_POINT('',(-101.15467007802,-1.35825607854924,6.06));
#6334=CARTESIAN_POINT('',(-101.15467007802,28.2067439214508,6.06));
#6335=CARTESIAN_POINT('',(-101.15467007802,-1.35825607854924,5.51));
#6336=CARTESIAN_POINT('Origin',(-5.8246700780198,56.7717439214509,6.06));
#6337=CARTESIAN_POINT('',(-52.8646700780197,-1.35825607854917,6.06));
#6338=CARTESIAN_POINT('',(-101.07467007802,116.271743921451,6.06));
#6339=CARTESIAN_POINT('',(89.1753299219801,116.271743921451,6.06));
#6340=CARTESIAN_POINT('',(-103.07467007802,114.271743921451,6.06));
#6341=CARTESIAN_POINT('Origin',(-101.07467007802,114.271743921451,6.06));
#6342=CARTESIAN_POINT('',(-103.07467007802,-0.728256078549236,6.06));
#6343=CARTESIAN_POINT('',(-103.07467007802,85.5217439214508,6.06));
#6344=CARTESIAN_POINT('Origin',(-101.07467007802,-0.728256078549228,6.06));
#6345=CARTESIAN_POINT('Origin',(-101.07467007802,114.271743921451,6.06));
#6346=CARTESIAN_POINT('',(-101.07467007802,116.271743921451,6.06));
#6347=CARTESIAN_POINT('',(-103.07467007802,114.271743921451,6.06));
#6348=CARTESIAN_POINT('Origin',(-103.07467007802,114.271743921451,6.06));
#6349=CARTESIAN_POINT('',(-103.07467007802,-0.72825607854923,6.06));
#6350=CARTESIAN_POINT('Origin',(-101.07467007802,-0.728256078549228,6.06));
#6351=CARTESIAN_POINT('Origin',(89.1753299219801,116.271743921451,6.06));
#6352=CARTESIAN_POINT('Origin',(-134.947190859122,71.2363648348212,1.61));
#6353=CARTESIAN_POINT('',(-137.947190859122,71.2363648348212,1.61));
#6354=CARTESIAN_POINT('Origin',(-134.947190859122,71.2363648348212,1.61));
#6355=CARTESIAN_POINT('',(-139.947190859122,71.2363648348212,3.61));
#6356=CARTESIAN_POINT('Origin',(-139.947190859122,71.2363648348212,1.61));
#6357=CARTESIAN_POINT('',(-135.824992126259,76.1587082742221,3.61));
#6358=CARTESIAN_POINT('Origin',(-134.947190859122,71.2363648348212,3.61));
#6359=CARTESIAN_POINT('',(-130.245210785141,72.936771663756,3.61));
#6360=CARTESIAN_POINT('Ctrl Pts',(-135.824992126259,76.1587082742221,3.61));
#6361=CARTESIAN_POINT('Ctrl Pts',(-135.541669438431,75.886920771805,3.61));
#6362=CARTESIAN_POINT('Ctrl Pts',(-135.262438816424,75.6436794224936,3.53467519055157));
#6363=CARTESIAN_POINT('Ctrl Pts',(-134.642175248268,75.1374914615806,3.3114047523712));
#6364=CARTESIAN_POINT('Ctrl Pts',(-134.28885549237,74.8813717898789,3.12559589426205));
#6365=CARTESIAN_POINT('Ctrl Pts',(-133.705035677498,74.4936418455308,2.90991421224486));
#6366=CARTESIAN_POINT('Ctrl Pts',(-133.481410106925,74.355413366213,2.85558585068158));
#6367=CARTESIAN_POINT('Ctrl Pts',(-133.00620266649,74.0803439330691,2.85198215568455));
#6368=CARTESIAN_POINT('Ctrl Pts',(-132.778043200954,73.956875822359,2.90174148944252));
#6369=CARTESIAN_POINT('Ctrl Pts',(-132.160895344486,73.648020363506,3.10824407427326));
#6370=CARTESIAN_POINT('Ctrl Pts',(-131.768734062353,73.4712119941472,3.29152246783511));
#6371=CARTESIAN_POINT('Ctrl Pts',(-131.013832647094,73.1807807122694,3.52575520863986));
#6372=CARTESIAN_POINT('Ctrl Pts',(-130.643948312147,73.0525955509698,3.61));
#6373=CARTESIAN_POINT('Ctrl Pts',(-130.245210785141,72.936771663756,3.61));
#6374=CARTESIAN_POINT('Origin',(-134.947190859122,71.2363648348212,3.61));
#6375=CARTESIAN_POINT('Origin',(-126.479432697136,85.9009112569532,7.11));
#6376=CARTESIAN_POINT('',(-112.979432697136,85.9009112569532,3.61));
#6377=CARTESIAN_POINT('',(-112.979432697136,85.9009112569532,7.11));
#6378=CARTESIAN_POINT('Origin',(-126.479432697136,85.9009112569532,3.61));
#6379=CARTESIAN_POINT('Origin',(-126.479432697136,85.9009112569532,3.61));
#6380=CARTESIAN_POINT('Origin',(-5.82467007801979,56.7717439214509,3.61));
#6381=CARTESIAN_POINT('',(-108.07779300851,0.271743921450811,3.61));
#6382=CARTESIAN_POINT('',(-83.2390925181707,-16.2873897387755,3.61));
#6383=CARTESIAN_POINT('',(-57.5165196600818,0.271743921450813,3.61));
#6384=CARTESIAN_POINT('',(-57.5165196600818,8.27174392145081,3.61));
#6385=CARTESIAN_POINT('',(-83.2390925181707,-16.2873897387755,3.61));
#6386=CARTESIAN_POINT('',(-66.9597601541522,135.416924073716,3.60999999999999));
#6387=CARTESIAN_POINT('',(-52.8646700780197,-1.35825607854917,3.61));
#6388=CARTESIAN_POINT('',(-57.6046700780198,105.271743921451,3.61));
#6389=CARTESIAN_POINT('',(-56.1046700780198,113.271743921451,3.61));
#6390=CARTESIAN_POINT('',(-131.715580168959,53.4414721087192,3.61));
#6391=CARTESIAN_POINT('',(-139.546246719005,57.563040606567,3.61));
#6392=CARTESIAN_POINT('Origin',(-134.546246719005,57.563040606567,3.61));
#6393=CARTESIAN_POINT('',(-121.046316768663,51.562984446167,3.61));
#6394=CARTESIAN_POINT('Origin',(-126.546316768663,51.562984446167,3.61));
#6395=CARTESIAN_POINT('',(-129.796981517913,55.9995573000695,3.61));
#6396=CARTESIAN_POINT('Origin',(-126.546316768663,51.562984446167,3.61));
#6397=CARTESIAN_POINT('Origin',(-134.546246719005,57.563040606567,3.61));
#6398=CARTESIAN_POINT('',(-121.377043725427,29.6845195047826,3.61));
#6399=CARTESIAN_POINT('',(-123.546246719005,25.5630406065674,3.61));
#6400=CARTESIAN_POINT('Origin',(-118.546246719005,25.5630406065674,3.61));
#6401=CARTESIAN_POINT('',(-121.046316768663,31.5629806314686,3.61));
#6402=CARTESIAN_POINT('Origin',(-126.546316768663,31.5629806314686,3.61));
#6403=CARTESIAN_POINT('',(-123.29551776927,27.1265061453992,3.61));
#6404=CARTESIAN_POINT('Origin',(-126.546316768663,31.5629806314686,3.61));
#6405=CARTESIAN_POINT('Origin',(-118.546246719005,25.5630406065674,3.61));
#6406=CARTESIAN_POINT('',(-123.947190859121,103.236364834821,3.61));
#6407=CARTESIAN_POINT('Origin',(-118.947190859121,103.236364834821,3.61));
#6408=CARTESIAN_POINT('Origin',(-119.719118802556,-5.72825607854906,-17.89));
#6409=CARTESIAN_POINT('',(-7.32467007801977,-5.72825607854906,-14.89));
#6410=CARTESIAN_POINT('Origin',(-87.0746700780198,56.7717439214509,-14.89));
#6411=CARTESIAN_POINT('Origin',(-87.0746700780198,56.7717439214509,-14.89));
#6412=CARTESIAN_POINT('Origin',(-148.383219391231,15.1839199516334,7.11));
#6413=CARTESIAN_POINT('',(-128.508219391231,1.93391995163341,-6.33974746830583));
#6414=CARTESIAN_POINT('Origin',(-87.74138850502,133.355180775451,1.11));
#6415=CARTESIAN_POINT('Origin',(-86.634591323961,131.141586413333,-1.36487373415292));
#6416=CARTESIAN_POINT('',(-124.49843215677,117.771743921451,-6.33974746830584));
#6417=CARTESIAN_POINT('',(-106.30942249377,126.866248752951,-6.33974746830584));
#6418=CARTESIAN_POINT('',(-116.049538821255,117.771743921451,-2.56128750173446));
#6419=CARTESIAN_POINT('',(-106.388017885424,125.206084112454,-4.89));
#6420=CARTESIAN_POINT('',(-106.388017885424,125.206084112454,-4.89));
#6421=CARTESIAN_POINT('Origin',(-126.546316768663,51.562984446167,7.11));
#6422=CARTESIAN_POINT('',(-121.046316768663,51.562984446167,7.11));
#6423=CARTESIAN_POINT('Ctrl Pts',(-129.796981517915,55.9995573000685,3.61));
#6424=CARTESIAN_POINT('Ctrl Pts',(-129.954219832343,55.8843492187916,3.60999999999994));
#6425=CARTESIAN_POINT('Ctrl Pts',(-130.105658558506,55.7605343174577,3.60040511754678));
#6426=CARTESIAN_POINT('Ctrl Pts',(-130.394685707232,55.4972131098395,3.57772985655647));
#6427=CARTESIAN_POINT('Ctrl Pts',(-130.533061540852,55.3570407049373,3.56474687541327));
#6428=CARTESIAN_POINT('Ctrl Pts',(-130.762555536439,55.0978735772276,3.55012728135829));
#6429=CARTESIAN_POINT('Ctrl Pts',(-130.85618183974,54.983123138658,3.54649934353022));
#6430=CARTESIAN_POINT('Ctrl Pts',(-131.035218755036,54.7444893615751,3.54647256308276));
#6431=CARTESIAN_POINT('Ctrl Pts',(-131.119169945241,54.6225834945169,3.55006327033446));
#6432=CARTESIAN_POINT('Ctrl Pts',(-131.303574261332,54.3301645275488,3.5646119197821));
#6433=CARTESIAN_POINT('Ctrl Pts',(-131.399328931387,54.1584271255971,3.57754692286272));
#6434=CARTESIAN_POINT('Ctrl Pts',(-131.571757038346,53.806568576287,3.60030700936828));
#6435=CARTESIAN_POINT('Ctrl Pts',(-131.648657147451,53.6256323417708,3.60999999999988));
#6436=CARTESIAN_POINT('Ctrl Pts',(-131.715580168958,53.4414721087226,3.61));
#6437=CARTESIAN_POINT('Origin',(-126.546316768663,31.5629806314686,7.11));
#6438=CARTESIAN_POINT('',(-121.046316768663,31.5629806314686,7.11));
#6439=CARTESIAN_POINT('Ctrl Pts',(-123.295517769268,27.1265061454002,3.61));
#6440=CARTESIAN_POINT('Ctrl Pts',(-123.138295710879,27.2417096277376,3.60999999999994));
#6441=CARTESIAN_POINT('Ctrl Pts',(-122.986872631487,27.3655183052193,3.60040740611681));
#6442=CARTESIAN_POINT('Ctrl Pts',(-122.697864795492,27.6288333028698,3.5777363803956));
#6443=CARTESIAN_POINT('Ctrl Pts',(-122.559493718122,27.7690067830645,3.56475510993335));
#6444=CARTESIAN_POINT('Ctrl Pts',(-122.330007044404,28.0281761442158,3.55013748661521));
#6445=CARTESIAN_POINT('Ctrl Pts',(-122.236383281535,28.1429281855719,3.5465101012776));
#6446=CARTESIAN_POINT('Ctrl Pts',(-122.057350984716,28.3815656894523,3.54648369712317));
#6447=CARTESIAN_POINT('Ctrl Pts',(-121.97340180031,28.5034739162822,3.5500743034239));
#6448=CARTESIAN_POINT('Ctrl Pts',(-121.789001946354,28.7958989488985,3.56462195730272));
#6449=CARTESIAN_POINT('Ctrl Pts',(-121.693249817126,28.9676402686258,3.57755589235625));
#6450=CARTESIAN_POINT('Ctrl Pts',(-121.520841516539,29.3194774602613,3.60031069347889));
#6451=CARTESIAN_POINT('Ctrl Pts',(-121.44395553397,29.5003871832454,3.60999999999988));
#6452=CARTESIAN_POINT('Ctrl Pts',(-121.377043725428,29.6845195047792,3.61));
#6453=CARTESIAN_POINT('Origin',(-5.82467007801979,56.7717439214509,3.61));
#6454=CARTESIAN_POINT('',(-120.596246719005,25.5630406065674,3.61));
#6455=CARTESIAN_POINT('Origin',(-118.546246719005,25.5630406065674,3.61));
#6456=CARTESIAN_POINT('Origin',(-118.546246719005,25.5630406065674,-3.));
#6457=CARTESIAN_POINT('',(-121.546246719005,25.5630406065674,-3.));
#6458=CARTESIAN_POINT('Origin',(-118.546246719005,25.5630406065674,-3.));
#6459=CARTESIAN_POINT('',(-120.596246719005,25.5630406065674,-3.));
#6460=CARTESIAN_POINT('Origin',(-118.546246719005,25.5630406065674,-3.));
#6461=CARTESIAN_POINT('Origin',(-118.546246719005,25.5630406065674,3.61));
#6462=CARTESIAN_POINT('',(-120.596246719005,25.5630406065674,3.61));
#6463=CARTESIAN_POINT('Origin',(-5.82467007801979,56.7717439214509,3.61));
#6464=CARTESIAN_POINT('',(-136.596246719005,57.563040606567,3.61));
#6465=CARTESIAN_POINT('Origin',(-134.546246719005,57.563040606567,3.61));
#6466=CARTESIAN_POINT('Origin',(-134.546246719005,57.563040606567,-3.));
#6467=CARTESIAN_POINT('',(-137.546246719005,57.563040606567,-3.));
#6468=CARTESIAN_POINT('Origin',(-134.546246719005,57.563040606567,-3.));
#6469=CARTESIAN_POINT('',(-136.596246719005,57.563040606567,-3.));
#6470=CARTESIAN_POINT('Origin',(-134.546246719005,57.563040606567,-3.));
#6471=CARTESIAN_POINT('Origin',(-134.546246719005,57.563040606567,3.61));
#6472=CARTESIAN_POINT('',(-136.596246719005,57.563040606567,3.61));
#6473=CARTESIAN_POINT('Origin',(-5.82467007801979,56.7717439214509,3.61));
#6474=CARTESIAN_POINT('',(-136.997190859122,71.2363648348212,3.61));
#6475=CARTESIAN_POINT('Origin',(-134.947190859122,71.2363648348212,3.61));
#6476=CARTESIAN_POINT('Origin',(-134.947190859122,71.2363648348212,-9.15));
#6477=CARTESIAN_POINT('',(-137.947190859122,71.2363648348212,-9.15));
#6478=CARTESIAN_POINT('Origin',(-134.947190859122,71.2363648348212,-9.15));
#6479=CARTESIAN_POINT('',(-136.997190859122,71.2363648348212,-9.15));
#6480=CARTESIAN_POINT('Origin',(-134.947190859122,71.2363648348212,-9.15));
#6481=CARTESIAN_POINT('Origin',(-134.947190859122,71.2363648348212,3.61));
#6482=CARTESIAN_POINT('',(-136.997190859122,71.2363648348212,3.61));
#6483=CARTESIAN_POINT('Origin',(-5.82467007801979,56.7717439214509,3.61));
#6484=CARTESIAN_POINT('',(-120.997190859121,103.236364834821,3.61));
#6485=CARTESIAN_POINT('Origin',(-118.947190859121,103.236364834821,3.61));
#6486=CARTESIAN_POINT('Origin',(-118.947190859121,103.236364834821,-9.15));
#6487=CARTESIAN_POINT('',(-121.947190859121,103.236364834821,-9.15));
#6488=CARTESIAN_POINT('Origin',(-118.947190859121,103.236364834821,-9.15));
#6489=CARTESIAN_POINT('',(-120.997190859121,103.236364834821,-9.15));
#6490=CARTESIAN_POINT('Origin',(-118.947190859121,103.236364834821,-9.15));
#6491=CARTESIAN_POINT('Origin',(-118.947190859121,103.236364834821,3.61));
#6492=CARTESIAN_POINT('',(-120.997190859121,103.236364834821,3.61));
#6493=CARTESIAN_POINT('Origin',(-118.947190859121,103.236364834821,3.61));
#6494=CARTESIAN_POINT('',(-121.947190859121,103.236364834821,1.61));
#6495=CARTESIAN_POINT('',(-121.947190859121,103.236364834821,3.61));
#6496=CARTESIAN_POINT('Origin',(-118.947190859121,103.236364834821,1.61));
#6497=CARTESIAN_POINT('Origin',(-118.947190859121,103.236364834821,1.61));
#6498=CARTESIAN_POINT('Origin',(-123.947190859121,103.236364834821,1.61));
#6499=CARTESIAN_POINT('Origin',(-134.947190859122,71.2363648348212,3.61));
#6500=CARTESIAN_POINT('',(-137.947190859122,71.2363648348212,3.61));
#6501=CARTESIAN_POINT('Origin',(-134.546246719005,57.563040606567,3.61));
#6502=CARTESIAN_POINT('',(-137.546246719005,57.563040606567,1.61));
#6503=CARTESIAN_POINT('',(-137.546246719005,57.563040606567,3.61));
#6504=CARTESIAN_POINT('Origin',(-134.546246719005,57.563040606567,1.61));
#6505=CARTESIAN_POINT('Origin',(-134.546246719005,57.563040606567,1.61));
#6506=CARTESIAN_POINT('Origin',(-139.546246719005,57.563040606567,1.61));
#6507=CARTESIAN_POINT('Origin',(-118.546246719005,25.5630406065674,3.61));
#6508=CARTESIAN_POINT('',(-121.546246719005,25.5630406065674,1.61));
#6509=CARTESIAN_POINT('',(-121.546246719005,25.5630406065674,3.61));
#6510=CARTESIAN_POINT('Origin',(-118.546246719005,25.5630406065674,1.61));
#6511=CARTESIAN_POINT('Origin',(-118.546246719005,25.5630406065674,1.61));
#6512=CARTESIAN_POINT('Origin',(-123.546246719005,25.5630406065674,1.61));
#6513=CARTESIAN_POINT('Origin',(-99.9046700780197,-1.35825607854924,4.96));
#6514=CARTESIAN_POINT('Origin',(-99.3846700780198,109.271743921451,-8.6));
#6515=CARTESIAN_POINT('',(-89.3846700780198,113.271743921451,-8.6));
#6516=CARTESIAN_POINT('',(-106.38467007802,113.271743921451,-8.6));
#6517=CARTESIAN_POINT('',(-89.3846700780198,105.271743921451,-8.6));
#6518=CARTESIAN_POINT('',(-89.3846700780198,113.271743921451,-8.6));
#6519=CARTESIAN_POINT('',(-89.3846700780198,105.271743921451,-8.6));
#6520=CARTESIAN_POINT('',(-94.3846700780198,109.271743921451,-8.6));
#6521=CARTESIAN_POINT('Origin',(-93.3846700780198,109.271743921451,-8.6));
#6522=CARTESIAN_POINT('Origin',(-109.38467007802,113.271743921451,-5.1));
#6523=CARTESIAN_POINT('',(-89.3846700780198,113.271743921451,-5.1));
#6524=CARTESIAN_POINT('Origin',(-89.3846700780198,113.271743921451,-5.1));
#6525=CARTESIAN_POINT('',(-89.3846700780198,105.271743921451,-5.1));
#6526=CARTESIAN_POINT('Origin',(-89.3846700780198,105.271743921451,-5.1));
#6527=CARTESIAN_POINT('Origin',(-93.3846700780198,109.271743921451,-5.1));
#6528=CARTESIAN_POINT('',(-94.3846700780198,109.271743921451,-5.1));
#6529=CARTESIAN_POINT('Origin',(-105.208369242144,4.27174392145081,-8.6));
#6530=CARTESIAN_POINT('',(-89.3846700780198,8.27174392145081,-8.6));
#6531=CARTESIAN_POINT('',(-101.208369242144,8.27174392145081,-8.6));
#6532=CARTESIAN_POINT('',(-89.3846700780198,0.27174392145081,-8.6));
#6533=CARTESIAN_POINT('',(-89.3846700780198,8.27174392145081,-8.6));
#6534=CARTESIAN_POINT('',(-109.208369242144,0.27174392145081,-8.6));
#6535=CARTESIAN_POINT('',(-94.3846700780196,4.27174392145082,-8.6));
#6536=CARTESIAN_POINT('Origin',(-93.3846700780197,4.27174392145082,-8.6));
#6537=CARTESIAN_POINT('Origin',(-101.208369242144,8.27174392145081,-8.6));
#6538=CARTESIAN_POINT('',(-89.3846700780198,8.27174392145081,-8.6));
#6539=CARTESIAN_POINT('Origin',(-109.208369242144,0.27174392145081,-8.6));
#6540=CARTESIAN_POINT('',(-111.312075248494,0.27174392145081,1.81594300683331));
#6541=CARTESIAN_POINT('',(-89.3846700780198,0.27174392145081,-8.6));
#6542=CARTESIAN_POINT('Origin',(-89.3846700780198,0.27174392145081,-8.6));
#6543=CARTESIAN_POINT('Origin',(-93.3846700780197,4.27174392145082,-8.6));
#6544=CARTESIAN_POINT('',(-94.3846700780196,4.27174392145082,-8.6));
#6545=CARTESIAN_POINT('Origin',(-105.873655954701,-7.17673489357104,-1.36487373415292));
#6546=CARTESIAN_POINT('',(-113.538951495458,-6.30321236773209,-4.89));
#6547=CARTESIAN_POINT('',(-119.264955345958,-4.22825607854905,-6.33974746830583));
#6548=CARTESIAN_POINT('',(-11.6128249482382,-4.22825607854905,53.3749103873731));
#6549=CARTESIAN_POINT('',(-128.508219391231,1.93391995163341,-6.33974746830583));
#6550=CARTESIAN_POINT('',(-113.538951495458,-6.30321236773209,-4.89));
#6551=CARTESIAN_POINT('Origin',(-118.903291193985,-1.97825607854905,-4.89));
#6552=CARTESIAN_POINT('Origin',(-124.267025501825,115.521743921451,-4.89));
#6553=CARTESIAN_POINT('Origin',(-124.411353400417,118.075800384593,-5.1290689901));
#6554=CARTESIAN_POINT('',(-124.49843215677,117.771743921451,-5.1290689901));
#6555=CARTESIAN_POINT('',(-124.49843215677,117.771743921451,-5.1290689901));
#6556=CARTESIAN_POINT('',(112.849092000731,117.771743921451,-5.1290689901));
#6557=CARTESIAN_POINT('Origin',(-126.382206304202,116.829856847735,-17.89));
#6558=CARTESIAN_POINT('',(-124.49843215677,117.771743921451,-17.89));
#6559=CARTESIAN_POINT('Origin',(-124.49843215677,117.771743921451,-17.89));
#6560=CARTESIAN_POINT('Origin',(-119.144522759488,-4.40987182448715,-5.1290689901));
#6561=CARTESIAN_POINT('',(-119.264955345958,-4.22825607854905,-5.1290689901));
#6562=CARTESIAN_POINT('',(-119.264955345958,-4.22825607854905,-5.1290689901));
#6563=CARTESIAN_POINT('',(-146.82467007802,14.1448870761589,-5.1290689901));
#6564=CARTESIAN_POINT('Origin',(-119.264955345958,-4.22825607854906,-17.89));
#6565=CARTESIAN_POINT('',(-119.264955345958,-4.22825607854905,-17.89));
#6566=CARTESIAN_POINT('Origin',(-117.125477991885,-4.22825607854905,-17.89));
#6567=UNCERTAINTY_MEASURE_WITH_UNIT(LENGTH_MEASURE(0.01),#6571,
'DISTANCE_ACCURACY_VALUE',
'Maximum model space distance between geometric entities at asserted c
onnectivities');
#6568=UNCERTAINTY_MEASURE_WITH_UNIT(LENGTH_MEASURE(0.01),#6571,
'DISTANCE_ACCURACY_VALUE',
'Maximum model space distance between geometric entities at asserted c
onnectivities');
#6569=(
GEOMETRIC_REPRESENTATION_CONTEXT(3)
GLOBAL_UNCERTAINTY_ASSIGNED_CONTEXT((#6567))
GLOBAL_UNIT_ASSIGNED_CONTEXT((#6571,#6573,#6574))
REPRESENTATION_CONTEXT('','3D')
);
#6570=(
GEOMETRIC_REPRESENTATION_CONTEXT(3)
GLOBAL_UNCERTAINTY_ASSIGNED_CONTEXT((#6568))
GLOBAL_UNIT_ASSIGNED_CONTEXT((#6571,#6573,#6574))
REPRESENTATION_CONTEXT('','3D')
);
#6571=(
LENGTH_UNIT()
NAMED_UNIT(*)
SI_UNIT(.MILLI.,.METRE.)
);
#6572=(
LENGTH_UNIT()
NAMED_UNIT(*)
SI_UNIT($,.METRE.)
);
#6573=(
NAMED_UNIT(*)
PLANE_ANGLE_UNIT()
SI_UNIT($,.RADIAN.)
);
#6574=(
NAMED_UNIT(*)
SI_UNIT($,.STERADIAN.)
SOLID_ANGLE_UNIT()
);
#6575=SHAPE_DEFINITION_REPRESENTATION(#6576,#6577);
#6576=PRODUCT_DEFINITION_SHAPE('',$,#6579);
#6577=SHAPE_REPRESENTATION('',(#3624),#6569);
#6578=PRODUCT_DEFINITION_CONTEXT('part definition',#6583,'design');
#6579=PRODUCT_DEFINITION('top_left (1)','top_left (1)',#6580,#6578);
#6580=PRODUCT_DEFINITION_FORMATION('',$,#6585);
#6581=PRODUCT_RELATED_PRODUCT_CATEGORY('top_left (1)','top_left (1)',(#6585));
#6582=APPLICATION_PROTOCOL_DEFINITION('international standard',
'automotive_design',2009,#6583);
#6583=APPLICATION_CONTEXT(
'Core Data for Automotive Mechanical Design Process');
#6584=PRODUCT_CONTEXT('part definition',#6583,'mechanical');
#6585=PRODUCT('top_left (1)','top_left (1)',$,(#6584));
#6586=PRESENTATION_STYLE_ASSIGNMENT((#6588));
#6587=PRESENTATION_STYLE_ASSIGNMENT((#6589));
#6588=SURFACE_STYLE_USAGE(.BOTH.,#6590);
#6589=SURFACE_STYLE_USAGE(.BOTH.,#6591);
#6590=SURFACE_SIDE_STYLE('',(#6592));
#6591=SURFACE_SIDE_STYLE('',(#6593));
#6592=SURFACE_STYLE_FILL_AREA(#6594);
#6593=SURFACE_STYLE_FILL_AREA(#6595);
#6594=FILL_AREA_STYLE('Steel - Satin',(#6596));
#6595=FILL_AREA_STYLE('Opaque(152,141,65)',(#6597));
#6596=FILL_AREA_STYLE_COLOUR('Steel - Satin',#6598);
#6597=FILL_AREA_STYLE_COLOUR('Opaque(152,141,65)',#6599);
#6598=COLOUR_RGB('Steel - Satin',0.627450980392157,0.627450980392157,0.627450980392157);
#6599=COLOUR_RGB('Opaque(152,141,65)',0.596078431372549,0.552941176470588,
0.254901960784314);
ENDSEC;
END-ISO-10303-21;
