ISO-10303-21;
HEADER;
/* Generated by software containing ST-Developer
 * from STEP Tools, Inc. (www.steptools.com) 
 */

FILE_DESCRIPTION(
/* description */ (''),
/* implementation_level */ '2;1');

FILE_NAME(
/* name */ 'console_right.step',
/* time_stamp */ '2026-07-08T10:55:01+03:00',
/* author */ (''),
/* organization */ (''),
/* preprocessor_version */ 'ST-DEVELOPER v20.1',
/* originating_system */ 'Autodesk Translation Framework v15.8.0.0',
/* authorisation */ '');

FILE_SCHEMA (('AUTOMOTIVE_DESIGN { 1 0 10303 214 3 1 1 }'));
ENDSEC;

DATA;
#10=MECHANICAL_DESIGN_GEOMETRIC_PRESENTATION_REPRESENTATION('',(#13),#2622);
#11=SHAPE_REPRESENTATION_RELATIONSHIP('SRR','None',#2629,#12);
#12=ADVANCED_BREP_SHAPE_REPRESENTATION('',(#14),#2621);
#13=STYLED_ITEM('',(#2638),#14);
#14=MANIFOLD_SOLID_BREP('LID (2)',#1172);
#15=(
BOUNDED_SURFACE()
B_SPLINE_SURFACE(5,1,((#2566,#2567),(#2568,#2569),(#2570,#2571),(#2572,
#2573),(#2574,#2575),(#2576,#2577),(#2578,#2579),(#2580,#2581),(#2582,#2583),
(#2584,#2585),(#2586,#2587),(#2588,#2589),(#2590,#2591),(#2592,#2593),(#2594,
#2595),(#2596,#2597),(#2598,#2599),(#2600,#2601),(#2602,#2603),(#2604,#2605)),
 .UNSPECIFIED.,.F.,.F.,.F.)
B_SPLINE_SURFACE_WITH_KNOTS((6,1,1,1,1,1,1,1,1,1,5,6),(2,2),(-0.636382781946473,
-0.6,-0.533333333333333,-0.466666666666667,-0.4,-0.333333333333333,-0.266666666666667,
-0.2,-0.133333333333333,-0.0666666666666667,0.,0.0745227881488965),(0.,
12.9),.UNSPECIFIED.)
GEOMETRIC_REPRESENTATION_ITEM()
RATIONAL_B_SPLINE_SURFACE(((1.,1.),(1.,1.),(1.,1.),(1.,1.),(1.,1.),(1.,
1.),(1.,1.),(1.,1.),(1.,1.),(1.,1.),(1.,1.),(1.,1.),(1.,1.),(1.,1.),(1.,
1.),(1.,1.),(1.,1.),(1.,1.),(1.,1.),(1.,1.)))
REPRESENTATION_ITEM('')
SURFACE()
);
#16=(
BOUNDED_CURVE()
B_SPLINE_CURVE(5,(#1843,#1844,#1845,#1846,#1847,#1848,#1849,#1850,#1851,
#1852,#1853,#1854,#1855),.UNSPECIFIED.,.F.,.F.)
B_SPLINE_CURVE_WITH_KNOTS((6,1,1,1,1,1,1,1,6),(-0.530299714186728,-0.466666666666667,
-0.4,-0.333333333333333,-0.266666666666667,-0.2,-0.133333333333333,-0.0666666666666667,
0.),.UNSPECIFIED.)
CURVE()
GEOMETRIC_REPRESENTATION_ITEM()
RATIONAL_B_SPLINE_CURVE((1.,1.,1.,1.,1.,1.,1.,1.,1.,1.,1.,1.,1.))
REPRESENTATION_ITEM('')
);
#17=(
BOUNDED_CURVE()
B_SPLINE_CURVE(5,(#1866,#1867,#1868,#1869,#1870,#1871,#1872,#1873,#1874,
#1875,#1876,#1877,#1878,#1879,#1880),.UNSPECIFIED.,.F.,.F.)
B_SPLINE_CURVE_WITH_KNOTS((6,1,1,1,1,1,1,1,1,1,6),(-0.636382781946473,-0.6,
-0.533333333333333,-0.466666666666667,-0.4,-0.333333333333333,-0.266666666666667,
-0.2,-0.133333333333333,-0.0666666666666667,0.),.UNSPECIFIED.)
CURVE()
GEOMETRIC_REPRESENTATION_ITEM()
RATIONAL_B_SPLINE_CURVE((1.,1.,1.,1.,1.,1.,1.,1.,1.,1.,1.,1.,1.,1.,1.))
REPRESENTATION_ITEM('')
);
#18=FACE_BOUND('',#381,.T.);
#19=FACE_BOUND('',#383,.T.);
#20=FACE_BOUND('',#385,.T.);
#21=FACE_BOUND('',#387,.T.);
#22=FACE_BOUND('',#399,.T.);
#23=FACE_BOUND('',#400,.T.);
#24=FACE_BOUND('',#406,.T.);
#25=FACE_BOUND('',#407,.T.);
#26=FACE_BOUND('',#414,.T.);
#27=FACE_BOUND('',#415,.T.);
#28=FACE_BOUND('',#416,.T.);
#29=FACE_BOUND('',#417,.T.);
#30=FACE_BOUND('',#424,.T.);
#31=FACE_BOUND('',#427,.T.);
#32=FACE_BOUND('',#431,.T.);
#33=FACE_BOUND('',#433,.T.);
#34=FACE_BOUND('',#436,.T.);
#35=FACE_BOUND('',#439,.T.);
#36=FACE_BOUND('',#456,.T.);
#37=FACE_BOUND('',#457,.T.);
#38=FACE_BOUND('',#459,.T.);
#39=FACE_BOUND('',#460,.T.);
#40=FACE_BOUND('',#462,.T.);
#41=CIRCLE('',#1189,3.);
#42=CIRCLE('',#1190,3.);
#43=CIRCLE('',#1192,2.05);
#44=CIRCLE('',#1194,3.);
#45=CIRCLE('',#1195,2.05);
#46=CIRCLE('',#1197,3.);
#47=CIRCLE('',#1198,2.05);
#48=CIRCLE('',#1200,3.);
#49=CIRCLE('',#1201,2.05);
#50=CIRCLE('',#1203,3.);
#51=CIRCLE('',#1205,3.);
#52=CIRCLE('',#1207,3.);
#53=CIRCLE('',#1209,2.05);
#54=CIRCLE('',#1211,2.05);
#55=CIRCLE('',#1213,2.05);
#56=CIRCLE('',#1215,2.05);
#57=CIRCLE('',#1226,2.);
#58=CIRCLE('',#1227,2.);
#59=CIRCLE('',#1229,2.);
#60=CIRCLE('',#1232,2.);
#61=CIRCLE('',#1237,2.);
#62=CIRCLE('',#1239,2.);
#63=CIRCLE('',#1241,2.);
#64=CIRCLE('',#1243,2.75);
#65=CIRCLE('',#1245,2.04999999999998);
#66=CIRCLE('',#1247,2.74999999999999);
#67=CIRCLE('',#1249,2.04999999999998);
#68=CIRCLE('',#1251,2.04999999999998);
#69=CIRCLE('',#1253,2.04999999999998);
#70=CIRCLE('',#1255,3.5);
#71=CIRCLE('',#1258,3.5);
#72=CIRCLE('',#1261,2.);
#73=CIRCLE('',#1262,2.);
#74=CIRCLE('',#1267,2.);
#75=CIRCLE('',#1269,2.);
#76=CIRCLE('',#1272,2.);
#77=CYLINDRICAL_SURFACE('',#1188,3.);
#78=CYLINDRICAL_SURFACE('',#1202,3.);
#79=CYLINDRICAL_SURFACE('',#1204,3.);
#80=CYLINDRICAL_SURFACE('',#1206,3.);
#81=CYLINDRICAL_SURFACE('',#1208,2.05);
#82=CYLINDRICAL_SURFACE('',#1210,2.05);
#83=CYLINDRICAL_SURFACE('',#1212,2.05);
#84=CYLINDRICAL_SURFACE('',#1214,2.05);
#85=CYLINDRICAL_SURFACE('',#1238,2.);
#86=CYLINDRICAL_SURFACE('',#1240,2.);
#87=CYLINDRICAL_SURFACE('',#1242,2.75);
#88=CYLINDRICAL_SURFACE('',#1246,2.74999999999999);
#89=CYLINDRICAL_SURFACE('',#1250,2.04999999999998);
#90=CYLINDRICAL_SURFACE('',#1252,2.04999999999998);
#91=CYLINDRICAL_SURFACE('',#1254,3.5);
#92=CYLINDRICAL_SURFACE('',#1257,3.5);
#93=CYLINDRICAL_SURFACE('',#1266,2.);
#94=CYLINDRICAL_SURFACE('',#1268,2.);
#95=CYLINDRICAL_SURFACE('',#1271,2.);
#96=CYLINDRICAL_SURFACE('',#1273,2.);
#97=LINE('',#1624,#185);
#98=LINE('',#1632,#186);
#99=LINE('',#1660,#187);
#100=LINE('',#1663,#188);
#101=LINE('',#1664,#189);
#102=LINE('',#1669,#190);
#103=LINE('',#1692,#191);
#104=LINE('',#1696,#192);
#105=LINE('',#1700,#193);
#106=LINE('',#1704,#194);
#107=LINE('',#1708,#195);
#108=LINE('',#1712,#196);
#109=LINE('',#1716,#197);
#110=LINE('',#1720,#198);
#111=LINE('',#1722,#199);
#112=LINE('',#1724,#200);
#113=LINE('',#1725,#201);
#114=LINE('',#1729,#202);
#115=LINE('',#1731,#203);
#116=LINE('',#1733,#204);
#117=LINE('',#1734,#205);
#118=LINE('',#1736,#206);
#119=LINE('',#1737,#207);
#120=LINE('',#1739,#208);
#121=LINE('',#1742,#209);
#122=LINE('',#1744,#210);
#123=LINE('',#1746,#211);
#124=LINE('',#1748,#212);
#125=LINE('',#1750,#213);
#126=LINE('',#1752,#214);
#127=LINE('',#1754,#215);
#128=LINE('',#1756,#216);
#129=LINE('',#1758,#217);
#130=LINE('',#1760,#218);
#131=LINE('',#1762,#219);
#132=LINE('',#1764,#220);
#133=LINE('',#1766,#221);
#134=LINE('',#1768,#222);
#135=LINE('',#1770,#223);
#136=LINE('',#1772,#224);
#137=LINE('',#1773,#225);
#138=LINE('',#1776,#226);
#139=LINE('',#1778,#227);
#140=LINE('',#1779,#228);
#141=LINE('',#1782,#229);
#142=LINE('',#1783,#230);
#143=LINE('',#1786,#231);
#144=LINE('',#1787,#232);
#145=LINE('',#1789,#233);
#146=LINE('',#1794,#234);
#147=LINE('',#1796,#235);
#148=LINE('',#1797,#236);
#149=LINE('',#1799,#237);
#150=LINE('',#1801,#238);
#151=LINE('',#1802,#239);
#152=LINE('',#1804,#240);
#153=LINE('',#1806,#241);
#154=LINE('',#1808,#242);
#155=LINE('',#1812,#243);
#156=LINE('',#1815,#244);
#157=LINE('',#1818,#245);
#158=LINE('',#1819,#246);
#159=LINE('',#1822,#247);
#160=LINE('',#1826,#248);
#161=LINE('',#1842,#249);
#162=LINE('',#1858,#250);
#163=LINE('',#1896,#251);
#164=LINE('',#1899,#252);
#165=LINE('',#1966,#253);
#166=LINE('',#2015,#254);
#167=LINE('',#2022,#255);
#168=LINE('',#2026,#256);
#169=LINE('',#2094,#257);
#170=LINE('',#2240,#258);
#171=LINE('',#2457,#259);
#172=LINE('',#2460,#260);
#173=LINE('',#2463,#261);
#174=LINE('',#2464,#262);
#175=LINE('',#2467,#263);
#176=LINE('',#2468,#264);
#177=LINE('',#2475,#265);
#178=LINE('',#2476,#266);
#179=LINE('',#2479,#267);
#180=LINE('',#2480,#268);
#181=LINE('',#2483,#269);
#182=LINE('',#2497,#270);
#183=LINE('',#2506,#271);
#184=LINE('',#2606,#272);
#185=VECTOR('',#1283,10.);
#186=VECTOR('',#1284,10.);
#187=VECTOR('',#1285,10.);
#188=VECTOR('',#1288,10.);
#189=VECTOR('',#1289,10.);
#190=VECTOR('',#1294,3.);
#191=VECTOR('',#1323,3.);
#192=VECTOR('',#1328,3.);
#193=VECTOR('',#1333,3.);
#194=VECTOR('',#1338,2.05);
#195=VECTOR('',#1343,2.05);
#196=VECTOR('',#1348,2.05);
#197=VECTOR('',#1353,2.05);
#198=VECTOR('',#1356,10.);
#199=VECTOR('',#1357,10.);
#200=VECTOR('',#1358,10.);
#201=VECTOR('',#1359,10.);
#202=VECTOR('',#1362,10.);
#203=VECTOR('',#1363,10.);
#204=VECTOR('',#1364,10.);
#205=VECTOR('',#1365,10.);
#206=VECTOR('',#1368,10.);
#207=VECTOR('',#1369,10.);
#208=VECTOR('',#1372,10.);
#209=VECTOR('',#1375,10.);
#210=VECTOR('',#1376,10.);
#211=VECTOR('',#1377,10.);
#212=VECTOR('',#1378,10.);
#213=VECTOR('',#1379,10.);
#214=VECTOR('',#1380,10.);
#215=VECTOR('',#1381,10.);
#216=VECTOR('',#1382,10.);
#217=VECTOR('',#1383,10.);
#218=VECTOR('',#1384,10.);
#219=VECTOR('',#1385,10.);
#220=VECTOR('',#1386,10.);
#221=VECTOR('',#1387,10.);
#222=VECTOR('',#1388,10.);
#223=VECTOR('',#1389,10.);
#224=VECTOR('',#1390,10.);
#225=VECTOR('',#1391,10.);
#226=VECTOR('',#1394,10.);
#227=VECTOR('',#1395,10.);
#228=VECTOR('',#1396,10.);
#229=VECTOR('',#1399,10.);
#230=VECTOR('',#1400,10.);
#231=VECTOR('',#1403,10.);
#232=VECTOR('',#1404,10.);
#233=VECTOR('',#1407,10.);
#234=VECTOR('',#1412,10.);
#235=VECTOR('',#1413,10.);
#236=VECTOR('',#1414,10.);
#237=VECTOR('',#1415,10.);
#238=VECTOR('',#1416,10.);
#239=VECTOR('',#1417,10.);
#240=VECTOR('',#1418,10.);
#241=VECTOR('',#1419,10.);
#242=VECTOR('',#1420,10.);
#243=VECTOR('',#1425,10.);
#244=VECTOR('',#1428,10.);
#245=VECTOR('',#1431,10.);
#246=VECTOR('',#1432,10.);
#247=VECTOR('',#1435,10.);
#248=VECTOR('',#1440,10.);
#249=VECTOR('',#1441,10.);
#250=VECTOR('',#1444,10.);
#251=VECTOR('',#1449,10.);
#252=VECTOR('',#1452,10.);
#253=VECTOR('',#1463,2.75);
#254=VECTOR('',#1472,2.74999999999999);
#255=VECTOR('',#1481,2.04999999999998);
#256=VECTOR('',#1486,2.04999999999998);
#257=VECTOR('',#1493,3.5);
#258=VECTOR('',#1500,3.5);
#259=VECTOR('',#1507,10.);
#260=VECTOR('',#1512,10.);
#261=VECTOR('',#1515,10.);
#262=VECTOR('',#1516,10.);
#263=VECTOR('',#1519,10.);
#264=VECTOR('',#1520,10.);
#265=VECTOR('',#1529,10.);
#266=VECTOR('',#1530,10.);
#267=VECTOR('',#1533,10.);
#268=VECTOR('',#1534,10.);
#269=VECTOR('',#1537,10.);
#270=VECTOR('',#1544,10.);
#271=VECTOR('',#1547,10.);
#272=VECTOR('',#1554,10.);
#273=PLANE('',#1186);
#274=PLANE('',#1187);
#275=PLANE('',#1191);
#276=PLANE('',#1193);
#277=PLANE('',#1196);
#278=PLANE('',#1199);
#279=PLANE('',#1216);
#280=PLANE('',#1217);
#281=PLANE('',#1218);
#282=PLANE('',#1219);
#283=PLANE('',#1220);
#284=PLANE('',#1221);
#285=PLANE('',#1222);
#286=PLANE('',#1223);
#287=PLANE('',#1224);
#288=PLANE('',#1225);
#289=PLANE('',#1228);
#290=PLANE('',#1230);
#291=PLANE('',#1231);
#292=PLANE('',#1233);
#293=PLANE('',#1234);
#294=PLANE('',#1235);
#295=PLANE('',#1236);
#296=PLANE('',#1244);
#297=PLANE('',#1248);
#298=PLANE('',#1256);
#299=PLANE('',#1259);
#300=PLANE('',#1260);
#301=PLANE('',#1263);
#302=PLANE('',#1264);
#303=PLANE('',#1265);
#304=PLANE('',#1270);
#305=PLANE('',#1274);
#306=PLANE('',#1275);
#307=PLANE('',#1276);
#308=PLANE('',#1277);
#309=PLANE('',#1278);
#310=FACE_OUTER_BOUND('',#375,.T.);
#311=FACE_OUTER_BOUND('',#376,.T.);
#312=FACE_OUTER_BOUND('',#377,.T.);
#313=FACE_OUTER_BOUND('',#378,.T.);
#314=FACE_OUTER_BOUND('',#379,.T.);
#315=FACE_OUTER_BOUND('',#380,.T.);
#316=FACE_OUTER_BOUND('',#382,.T.);
#317=FACE_OUTER_BOUND('',#384,.T.);
#318=FACE_OUTER_BOUND('',#386,.T.);
#319=FACE_OUTER_BOUND('',#388,.T.);
#320=FACE_OUTER_BOUND('',#389,.T.);
#321=FACE_OUTER_BOUND('',#390,.T.);
#322=FACE_OUTER_BOUND('',#391,.T.);
#323=FACE_OUTER_BOUND('',#392,.T.);
#324=FACE_OUTER_BOUND('',#393,.T.);
#325=FACE_OUTER_BOUND('',#394,.T.);
#326=FACE_OUTER_BOUND('',#395,.T.);
#327=FACE_OUTER_BOUND('',#396,.T.);
#328=FACE_OUTER_BOUND('',#397,.T.);
#329=FACE_OUTER_BOUND('',#398,.T.);
#330=FACE_OUTER_BOUND('',#401,.T.);
#331=FACE_OUTER_BOUND('',#402,.T.);
#332=FACE_OUTER_BOUND('',#403,.T.);
#333=FACE_OUTER_BOUND('',#404,.T.);
#334=FACE_OUTER_BOUND('',#405,.T.);
#335=FACE_OUTER_BOUND('',#408,.T.);
#336=FACE_OUTER_BOUND('',#409,.T.);
#337=FACE_OUTER_BOUND('',#410,.T.);
#338=FACE_OUTER_BOUND('',#411,.T.);
#339=FACE_OUTER_BOUND('',#412,.T.);
#340=FACE_OUTER_BOUND('',#413,.T.);
#341=FACE_OUTER_BOUND('',#418,.T.);
#342=FACE_OUTER_BOUND('',#419,.T.);
#343=FACE_OUTER_BOUND('',#420,.T.);
#344=FACE_OUTER_BOUND('',#421,.T.);
#345=FACE_OUTER_BOUND('',#422,.T.);
#346=FACE_OUTER_BOUND('',#423,.T.);
#347=FACE_OUTER_BOUND('',#425,.T.);
#348=FACE_OUTER_BOUND('',#426,.T.);
#349=FACE_OUTER_BOUND('',#428,.T.);
#350=FACE_OUTER_BOUND('',#429,.T.);
#351=FACE_OUTER_BOUND('',#430,.T.);
#352=FACE_OUTER_BOUND('',#432,.T.);
#353=FACE_OUTER_BOUND('',#434,.T.);
#354=FACE_OUTER_BOUND('',#435,.T.);
#355=FACE_OUTER_BOUND('',#437,.T.);
#356=FACE_OUTER_BOUND('',#438,.T.);
#357=FACE_OUTER_BOUND('',#440,.T.);
#358=FACE_OUTER_BOUND('',#441,.T.);
#359=FACE_OUTER_BOUND('',#442,.T.);
#360=FACE_OUTER_BOUND('',#443,.T.);
#361=FACE_OUTER_BOUND('',#444,.T.);
#362=FACE_OUTER_BOUND('',#445,.T.);
#363=FACE_OUTER_BOUND('',#446,.T.);
#364=FACE_OUTER_BOUND('',#447,.T.);
#365=FACE_OUTER_BOUND('',#448,.T.);
#366=FACE_OUTER_BOUND('',#449,.T.);
#367=FACE_OUTER_BOUND('',#450,.T.);
#368=FACE_OUTER_BOUND('',#451,.T.);
#369=FACE_OUTER_BOUND('',#452,.T.);
#370=FACE_OUTER_BOUND('',#453,.T.);
#371=FACE_OUTER_BOUND('',#454,.T.);
#372=FACE_OUTER_BOUND('',#455,.T.);
#373=FACE_OUTER_BOUND('',#458,.T.);
#374=FACE_OUTER_BOUND('',#461,.T.);
#375=EDGE_LOOP('',(#774,#775,#776,#777));
#376=EDGE_LOOP('',(#778,#779,#780,#781,#782,#783));
#377=EDGE_LOOP('',(#784,#785,#786,#787));
#378=EDGE_LOOP('',(#788,#789,#790,#791));
#379=EDGE_LOOP('',(#792,#793,#794,#795));
#380=EDGE_LOOP('',(#796));
#381=EDGE_LOOP('',(#797));
#382=EDGE_LOOP('',(#798));
#383=EDGE_LOOP('',(#799));
#384=EDGE_LOOP('',(#800));
#385=EDGE_LOOP('',(#801));
#386=EDGE_LOOP('',(#802));
#387=EDGE_LOOP('',(#803));
#388=EDGE_LOOP('',(#804,#805,#806,#807));
#389=EDGE_LOOP('',(#808,#809,#810,#811));
#390=EDGE_LOOP('',(#812,#813,#814,#815));
#391=EDGE_LOOP('',(#816,#817,#818,#819));
#392=EDGE_LOOP('',(#820,#821,#822,#823));
#393=EDGE_LOOP('',(#824,#825,#826,#827));
#394=EDGE_LOOP('',(#828,#829,#830,#831));
#395=EDGE_LOOP('',(#832,#833,#834,#835));
#396=EDGE_LOOP('',(#836,#837,#838,#839));
#397=EDGE_LOOP('',(#840,#841,#842,#843));
#398=EDGE_LOOP('',(#844,#845,#846,#847));
#399=EDGE_LOOP('',(#848));
#400=EDGE_LOOP('',(#849));
#401=EDGE_LOOP('',(#850,#851,#852,#853,#854,#855,#856,#857,#858,#859,#860,
#861,#862,#863,#864,#865,#866,#867,#868,#869));
#402=EDGE_LOOP('',(#870,#871,#872,#873));
#403=EDGE_LOOP('',(#874,#875,#876,#877));
#404=EDGE_LOOP('',(#878,#879,#880,#881));
#405=EDGE_LOOP('',(#882,#883,#884,#885));
#406=EDGE_LOOP('',(#886));
#407=EDGE_LOOP('',(#887));
#408=EDGE_LOOP('',(#888,#889,#890,#891,#892,#893,#894,#895,#896,#897,#898,
#899,#900,#901,#902,#903,#904,#905,#906,#907,#908,#909));
#409=EDGE_LOOP('',(#910,#911,#912,#913));
#410=EDGE_LOOP('',(#914,#915,#916,#917));
#411=EDGE_LOOP('',(#918,#919,#920,#921,#922));
#412=EDGE_LOOP('',(#923,#924,#925,#926,#927,#928));
#413=EDGE_LOOP('',(#929,#930,#931,#932));
#414=EDGE_LOOP('',(#933));
#415=EDGE_LOOP('',(#934));
#416=EDGE_LOOP('',(#935));
#417=EDGE_LOOP('',(#936));
#418=EDGE_LOOP('',(#937,#938,#939,#940,#941,#942));
#419=EDGE_LOOP('',(#943,#944,#945,#946));
#420=EDGE_LOOP('',(#947,#948,#949,#950,#951));
#421=EDGE_LOOP('',(#952,#953,#954,#955,#956));
#422=EDGE_LOOP('',(#957,#958,#959,#960,#961));
#423=EDGE_LOOP('',(#962));
#424=EDGE_LOOP('',(#963));
#425=EDGE_LOOP('',(#964,#965,#966,#967,#968));
#426=EDGE_LOOP('',(#969));
#427=EDGE_LOOP('',(#970));
#428=EDGE_LOOP('',(#971,#972,#973,#974));
#429=EDGE_LOOP('',(#975,#976,#977,#978));
#430=EDGE_LOOP('',(#979));
#431=EDGE_LOOP('',(#980,#981));
#432=EDGE_LOOP('',(#982));
#433=EDGE_LOOP('',(#983,#984));
#434=EDGE_LOOP('',(#985,#986,#987,#988,#989));
#435=EDGE_LOOP('',(#990));
#436=EDGE_LOOP('',(#991));
#437=EDGE_LOOP('',(#992,#993,#994,#995,#996));
#438=EDGE_LOOP('',(#997));
#439=EDGE_LOOP('',(#998));
#440=EDGE_LOOP('',(#999,#1000,#1001,#1002,#1003,#1004));
#441=EDGE_LOOP('',(#1005,#1006,#1007,#1008));
#442=EDGE_LOOP('',(#1009,#1010,#1011,#1012));
#443=EDGE_LOOP('',(#1013,#1014,#1015,#1016));
#444=EDGE_LOOP('',(#1017,#1018,#1019,#1020));
#445=EDGE_LOOP('',(#1021,#1022,#1023,#1024,#1025));
#446=EDGE_LOOP('',(#1026,#1027,#1028,#1029,#1030));
#447=EDGE_LOOP('',(#1031,#1032,#1033,#1034));
#448=EDGE_LOOP('',(#1035,#1036,#1037,#1038,#1039));
#449=EDGE_LOOP('',(#1040,#1041,#1042,#1043,#1044));
#450=EDGE_LOOP('',(#1045,#1046,#1047,#1048,#1049));
#451=EDGE_LOOP('',(#1050,#1051,#1052,#1053,#1054,#1055));
#452=EDGE_LOOP('',(#1056,#1057,#1058,#1059,#1060));
#453=EDGE_LOOP('',(#1061,#1062,#1063,#1064,#1065));
#454=EDGE_LOOP('',(#1066,#1067,#1068,#1069,#1070,#1071,#1072));
#455=EDGE_LOOP('',(#1073,#1074,#1075,#1076,#1077,#1078));
#456=EDGE_LOOP('',(#1079));
#457=EDGE_LOOP('',(#1080));
#458=EDGE_LOOP('',(#1081,#1082,#1083,#1084,#1085));
#459=EDGE_LOOP('',(#1086,#1087));
#460=EDGE_LOOP('',(#1088,#1089));
#461=EDGE_LOOP('',(#1090,#1091,#1092,#1093));
#462=EDGE_LOOP('',(#1094,#1095,#1096,#1097,#1098,#1099));
#463=B_SPLINE_CURVE_WITH_KNOTS('',3,(#1578,#1579,#1580,#1581,#1582,#1583,
#1584,#1585,#1586,#1587,#1588,#1589),.UNSPECIFIED.,.F.,.F.,(4,2,2,2,2,4),
(0.,0.0492332512343662,0.102656575254979,0.165998383309141,0.210490702241858,
0.255887501359905),.UNSPECIFIED.);
#464=B_SPLINE_CURVE_WITH_KNOTS('',3,(#1591,#1592,#1593,#1594),
 .UNSPECIFIED.,.F.,.F.,(4,4),(-10.8634648228013,-1.04214355647894),
 .UNSPECIFIED.);
#465=B_SPLINE_CURVE_WITH_KNOTS('',3,(#1596,#1597,#1598,#1599,#1600,#1601,
#1602,#1603,#1604,#1605),.UNSPECIFIED.,.F.,.F.,(4,2,2,2,4),(0.,0.0726170500473714,
0.138737835727947,0.193763225249649,0.247478688369084),.UNSPECIFIED.);
#466=B_SPLINE_CURVE_WITH_KNOTS('',3,(#1606,#1607,#1608,#1609),
 .UNSPECIFIED.,.F.,.F.,(4,4),(1.11556695633139,10.7655669563314),
 .UNSPECIFIED.);
#467=B_SPLINE_CURVE_WITH_KNOTS('',3,(#1612,#1613,#1614,#1615,#1616,#1617),
 .UNSPECIFIED.,.F.,.F.,(4,2,4),(0.16422345889746,1.3718852072032,2.75998468707935),
 .UNSPECIFIED.);
#468=B_SPLINE_CURVE_WITH_KNOTS('',3,(#1619,#1620,#1621,#1622),
 .UNSPECIFIED.,.F.,.F.,(4,4),(0.,0.334157987943906),.UNSPECIFIED.);
#469=B_SPLINE_CURVE_WITH_KNOTS('',3,(#1626,#1627,#1628,#1629,#1630,#1631),
 .UNSPECIFIED.,.F.,.F.,(4,2,4),(-2.25087653491458,-1.12606768860609,0.),
 .UNSPECIFIED.);
#470=B_SPLINE_CURVE_WITH_KNOTS('',3,(#1654,#1655,#1656,#1657,#1658,#1659),
 .UNSPECIFIED.,.F.,.F.,(4,2,4),(0.,1.07143797483101,2.05177505366548),
 .UNSPECIFIED.);
#471=B_SPLINE_CURVE_WITH_KNOTS('',3,(#1828,#1829,#1830,#1831,#1832,#1833,
#1834,#1835,#1836,#1837,#1838,#1839,#1840),.UNSPECIFIED.,.F.,.F.,(4,3,3,
3,4),(-0.00615716130750842,-1.01568059518442E-15,0.241418154326402,0.442334174288108,
0.464887673513745),.UNSPECIFIED.);
#472=B_SPLINE_CURVE_WITH_KNOTS('',3,(#1859,#1860,#1861,#1862,#1863,#1864),
 .UNSPECIFIED.,.F.,.F.,(4,2,4),(-12.9,-6.45,0.),.UNSPECIFIED.);
#473=B_SPLINE_CURVE_WITH_KNOTS('',3,(#1881,#1882,#1883,#1884,#1885,#1886,
#1887,#1888,#1889,#1890,#1891,#1892,#1893),.UNSPECIFIED.,.F.,.F.,(4,3,3,
3,4),(-0.00615716130750566,-3.52148865623292E-16,0.241418154326401,0.442334174288104,
0.575938281147757),.UNSPECIFIED.);
#474=B_SPLINE_CURVE_WITH_KNOTS('',3,(#1903,#1904,#1905,#1906,#1907,#1908,
#1909,#1910),.UNSPECIFIED.,.F.,.F.,(4,2,2,4),(0.715873411819549,0.766147565134304,
0.81642171844906,0.820406808518046),.UNSPECIFIED.);
#475=B_SPLINE_CURVE_WITH_KNOTS('',3,(#1913,#1914,#1915,#1916,#1917,#1918,
#1919,#1920),.UNSPECIFIED.,.F.,.F.,(4,2,2,4),(1.21498697956838,1.21897206963728,
1.26924622295204,1.31952037626679),.UNSPECIFIED.);
#476=B_SPLINE_CURVE_WITH_KNOTS('',3,(#1925,#1926,#1927,#1928,#1929,#1930),
 .UNSPECIFIED.,.F.,.F.,(4,2,4),(0.,0.102431499504788,0.118336103165554),
 .UNSPECIFIED.);
#477=B_SPLINE_CURVE_WITH_KNOTS('',3,(#1931,#1932,#1933,#1934,#1935,#1936,
#1937,#1938,#1939,#1940,#1941,#1942,#1943,#1944,#1945,#1946,#1947,#1948,
#1949,#1950,#1951,#1952,#1953,#1954,#1955,#1956,#1957,#1958,#1959,#1960,
#1961,#1962,#1963,#1964),.UNSPECIFIED.,.F.,.F.,(4,2,2,2,2,2,2,2,2,2,2,2,
2,2,2,2,4),(0.118336103165554,0.201881398208541,0.304692239939578,0.416955596829124,
0.534530530990013,0.64659355197338,0.755857343375274,0.86712805119806,0.971732708570967,
1.07416273998365,1.17875009766326,1.28867710407272,1.39796782448227,1.51069959932443,
1.62876227007785,1.74407198616388,1.79454023838973),.UNSPECIFIED.);
#478=B_SPLINE_CURVE_WITH_KNOTS('',3,(#1974,#1975,#1976,#1977,#1978,#1979),
 .UNSPECIFIED.,.F.,.F.,(4,2,4),(0.,0.102431499504676,0.118336103165411),
 .UNSPECIFIED.);
#479=B_SPLINE_CURVE_WITH_KNOTS('',3,(#1980,#1981,#1982,#1983,#1984,#1985,
#1986,#1987,#1988,#1989,#1990,#1991,#1992,#1993,#1994,#1995,#1996,#1997,
#1998,#1999,#2000,#2001,#2002,#2003,#2004,#2005,#2006,#2007,#2008,#2009,
#2010,#2011,#2012,#2013),.UNSPECIFIED.,.F.,.F.,(4,2,2,2,2,2,2,2,2,2,2,2,
2,2,2,2,4),(0.118336103165411,0.201881398208258,0.304692239939141,0.416955596828533,
0.534530530989238,0.646593551972262,0.755857343373879,0.867128051196316,
0.97173270856891,1.07416273998136,1.17875009766063,1.28867710406947,1.39796782447846,
1.51069959931986,1.62876227007251,1.74407198615764,1.7945402383834),
 .UNSPECIFIED.);
#480=B_SPLINE_CURVE_WITH_KNOTS('',3,(#2037,#2038,#2039,#2040,#2041,#2042,
#2043,#2044,#2045,#2046,#2047,#2048,#2049,#2050,#2051,#2052,#2053,#2054,
#2055,#2056,#2057,#2058),.UNSPECIFIED.,.T.,.F.,(4,3,3,3,3,3,3,4),(-2.28898526590371,
-1.99951273725323,-1.66133625937592,-1.24600219453194,-0.913147520720376,
-0.590996737239916,-0.212498731172047,0.),.UNSPECIFIED.);
#481=B_SPLINE_CURVE_WITH_KNOTS('',3,(#2068,#2069,#2070,#2071,#2072,#2073,
#2074,#2075,#2076,#2077,#2078,#2079,#2080,#2081,#2082,#2083,#2084,#2085,
#2086,#2087,#2088,#2089),.UNSPECIFIED.,.T.,.F.,(4,3,3,3,3,3,3,4),(-2.28898526590947,
-1.99951273725219,-1.66133625937027,-1.2460021945277,-0.913147520714137,
-0.590996737237593,-0.212498731170628,0.),.UNSPECIFIED.);
#482=B_SPLINE_CURVE_WITH_KNOTS('',3,(#2096,#2097,#2098,#2099,#2100,#2101,
#2102,#2103,#2104,#2105,#2106,#2107,#2108,#2109,#2110,#2111,#2112,#2113,
#2114,#2115,#2116,#2117,#2118,#2119,#2120,#2121,#2122,#2123,#2124,#2125,
#2126,#2127,#2128,#2129,#2130,#2131,#2132,#2133,#2134,#2135,#2136,#2137,
#2138,#2139,#2140,#2141,#2142,#2143,#2144,#2145,#2146,#2147,#2148,#2149,
#2150,#2151,#2152,#2153,#2154,#2155,#2156,#2157,#2158,#2159,#2160,#2161,
#2162,#2163,#2164,#2165,#2166,#2167,#2168,#2169,#2170,#2171,#2172,#2173,
#2174,#2175,#2176,#2177,#2178,#2179,#2180,#2181,#2182,#2183,#2184,#2185,
#2186,#2187,#2188,#2189,#2190,#2191,#2192,#2193,#2194,#2195,#2196,#2197,
#2198,#2199,#2200,#2201,#2202,#2203,#2204,#2205,#2206,#2207,#2208,#2209,
#2210,#2211,#2212,#2213,#2214,#2215,#2216,#2217,#2218,#2219,#2220,#2221,
#2222),.UNSPECIFIED.,.F.,.F.,(4,3,3,3,3,3,3,3,3,3,3,3,3,3,3,3,3,3,3,3,3,
3,3,3,3,3,3,3,3,3,3,3,3,3,3,3,3,3,3,3,3,3,4),(-2.30436129306055,-2.25090446236438,
-2.20082895328901,-2.18151569249643,-2.13227290278824,-2.08389442846814,
-2.0634952604154,-2.0138729953966,-1.96316110783377,-1.92218443152806,-1.86523887940387,
-1.79740512697112,-1.72777057665945,-1.67002639894945,-1.65813602634777,
-1.60910326261514,-1.58298395156263,-1.53622176140671,-1.4951171618921,
-1.44592658486238,-1.39598977745447,-1.36150733871687,-1.30018153164501,
-1.22852086155411,-1.16726497153834,-1.11238751175662,-1.08303154746579,
-1.03335391729354,-0.984130070460571,-0.934981003390414,-0.922682830016234,
-0.874028094478047,-0.822217532034184,-0.770406969590322,-0.715888370988124,
-0.652887096178076,-0.639582290113654,-0.562355335956153,-0.529174914845562,
-0.477025148798436,-0.440776900967571,-0.395424932808616,-0.366796376351093),
 .UNSPECIFIED.);
#483=B_SPLINE_CURVE_WITH_KNOTS('',3,(#2223,#2224,#2225,#2226,#2227,#2228,
#2229,#2230,#2231,#2232,#2233,#2234),.UNSPECIFIED.,.F.,.F.,(4,2,2,2,2,4),
(-0.366796376351093,-0.361060656680925,-0.324733679012975,-0.270083317879777,
-0.14194013575314,0.),.UNSPECIFIED.);
#484=B_SPLINE_CURVE_WITH_KNOTS('',3,(#2242,#2243,#2244,#2245,#2246,#2247,
#2248,#2249,#2250,#2251,#2252,#2253,#2254,#2255,#2256,#2257,#2258,#2259,
#2260,#2261,#2262,#2263,#2264,#2265,#2266,#2267,#2268,#2269,#2270,#2271,
#2272,#2273,#2274,#2275,#2276,#2277,#2278,#2279,#2280,#2281,#2282,#2283,
#2284,#2285,#2286,#2287,#2288,#2289,#2290,#2291,#2292,#2293,#2294,#2295,
#2296,#2297,#2298,#2299,#2300,#2301,#2302,#2303,#2304,#2305,#2306,#2307,
#2308,#2309,#2310,#2311,#2312,#2313,#2314,#2315,#2316,#2317,#2318,#2319,
#2320,#2321,#2322,#2323,#2324,#2325,#2326,#2327,#2328,#2329,#2330,#2331,
#2332,#2333,#2334,#2335,#2336,#2337,#2338,#2339,#2340,#2341,#2342,#2343,
#2344,#2345,#2346,#2347,#2348,#2349,#2350,#2351,#2352,#2353,#2354,#2355,
#2356,#2357,#2358,#2359,#2360,#2361,#2362,#2363,#2364,#2365,#2366,#2367,
#2368),.UNSPECIFIED.,.F.,.F.,(4,3,3,3,3,3,3,3,3,3,3,3,3,3,3,3,3,3,3,3,3,
3,3,3,3,3,3,3,3,3,3,3,3,3,3,3,3,3,3,3,3,3,4),(-2.30436129306102,-2.25090446236802,
-2.20082895329237,-2.18151569249696,-2.13227290278969,-2.08389442847006,
-2.063495260416,-2.01387299539977,-1.96316110783704,-1.92218443152868,-1.86523887941131,
-1.79740512697178,-1.72777057666009,-1.67002639894966,-1.6581360263484,
-1.6091032626155,-1.58298395156328,-1.53622176140727,-1.49511716189256,
-1.44592658486281,-1.39598977745506,-1.36150733871726,-1.30018153164905,
-1.22852086155445,-1.16726497153988,-1.1123875117581,-1.08303154746605,
-1.03335391729404,-0.984130070459719,-0.934981003389428,-0.922682830016453,
-0.874028094477491,-0.822217532033952,-0.770406969590412,-0.715888370986286,
-0.652887096178254,-0.639582290113707,-0.562355335959258,-0.529174914845546,
-0.477025148798602,-0.440776900967391,-0.395424932808355,-0.366796376350846),
 .UNSPECIFIED.);
#485=B_SPLINE_CURVE_WITH_KNOTS('',3,(#2369,#2370,#2371,#2372,#2373,#2374,
#2375,#2376,#2377,#2378,#2379,#2380),.UNSPECIFIED.,.F.,.F.,(4,2,2,2,2,4),
(-0.366796376350846,-0.361060656680698,-0.324733679012841,-0.270083317879755,
-0.14194013575311,0.),.UNSPECIFIED.);
#486=B_SPLINE_CURVE_WITH_KNOTS('',3,(#2404,#2405,#2406,#2407,#2408,#2409,
#2410),.UNSPECIFIED.,.F.,.F.,(4,3,4),(0.0587972567280297,0.12431217861959,
0.289985581830085),.UNSPECIFIED.);
#487=B_SPLINE_CURVE_WITH_KNOTS('',3,(#2412,#2413,#2414,#2415),
 .UNSPECIFIED.,.F.,.F.,(4,4),(-8.61666666666666,-3.61666666666666),
 .UNSPECIFIED.);
#488=B_SPLINE_CURVE_WITH_KNOTS('',3,(#2417,#2418,#2419,#2420,#2421,#2422,
#2423),.UNSPECIFIED.,.F.,.F.,(4,3,4),(0.,0.165716045042905,0.231247829452286),
 .UNSPECIFIED.);
#489=B_SPLINE_CURVE_WITH_KNOTS('',3,(#2425,#2426,#2427,#2428,#2429,#2430,
#2431,#2432,#2433,#2434),.UNSPECIFIED.,.F.,.F.,(4,3,3,4),(0.232620130271894,
0.25093008407177,0.270832093527654,0.289467912431255),.UNSPECIFIED.);
#490=B_SPLINE_CURVE_WITH_KNOTS('',3,(#2436,#2437,#2438,#2439),
 .UNSPECIFIED.,.F.,.F.,(4,4),(3.6251873907769,8.60814594255642),
 .UNSPECIFIED.);
#491=B_SPLINE_CURVE_WITH_KNOTS('',3,(#2440,#2441,#2442,#2443,#2444,#2445,
#2446,#2447,#2448,#2449,#2450,#2451,#2452),.UNSPECIFIED.,.F.,.F.,(4,3,3,
3,4),(0.,0.0220663738154079,0.0430951398548173,0.0562520673615113,0.0598776233558882),
 .UNSPECIFIED.);
#492=B_SPLINE_CURVE_WITH_KNOTS('',3,(#2488,#2489,#2490,#2491),
 .UNSPECIFIED.,.F.,.F.,(4,4),(-0.631700213676456,-0.454672672169225),
 .UNSPECIFIED.);
#493=B_SPLINE_CURVE_WITH_KNOTS('',3,(#2493,#2494,#2495,#2496),
 .UNSPECIFIED.,.F.,.F.,(4,4),(-0.326107909918122,-0.0502524198991118),
 .UNSPECIFIED.);
#494=B_SPLINE_CURVE_WITH_KNOTS('',3,(#2500,#2501,#2502,#2503,#2504,#2505),
 .UNSPECIFIED.,.F.,.F.,(4,2,4),(-8.95000000000001,-6.45,-3.95000000000001),
 .UNSPECIFIED.);
#495=B_SPLINE_CURVE_WITH_KNOTS('',3,(#2509,#2510,#2511,#2512),
 .UNSPECIFIED.,.F.,.F.,(4,4),(-0.350945246817192,-0.0750904473212012),
 .UNSPECIFIED.);
#496=B_SPLINE_CURVE_WITH_KNOTS('',3,(#2513,#2514,#2515,#2516),
 .UNSPECIFIED.,.F.,.F.,(4,4),(-0.625842989635824,-0.448908419377859),
 .UNSPECIFIED.);
#497=B_SPLINE_CURVE_WITH_KNOTS('',3,(#2520,#2521,#2522,#2523,#2524,#2525),
 .UNSPECIFIED.,.F.,.F.,(4,2,4),(-3.34966104649449,-1.62214286323136,0.),
 .UNSPECIFIED.);
#498=B_SPLINE_CURVE_WITH_KNOTS('',3,(#2526,#2527,#2528,#2529),
 .UNSPECIFIED.,.F.,.F.,(4,4),(-0.67067386552889,0.),.UNSPECIFIED.);
#499=B_SPLINE_CURVE_WITH_KNOTS('',3,(#2530,#2531,#2532,#2533),
 .UNSPECIFIED.,.F.,.F.,(4,4),(0.,1.05637142866178),.UNSPECIFIED.);
#500=VERTEX_POINT('',#1576);
#501=VERTEX_POINT('',#1577);
#502=VERTEX_POINT('',#1590);
#503=VERTEX_POINT('',#1595);
#504=VERTEX_POINT('',#1611);
#505=VERTEX_POINT('',#1618);
#506=VERTEX_POINT('',#1623);
#507=VERTEX_POINT('',#1625);
#508=VERTEX_POINT('',#1653);
#509=VERTEX_POINT('',#1662);
#510=VERTEX_POINT('',#1666);
#511=VERTEX_POINT('',#1668);
#512=VERTEX_POINT('',#1672);
#513=VERTEX_POINT('',#1675);
#514=VERTEX_POINT('',#1677);
#515=VERTEX_POINT('',#1680);
#516=VERTEX_POINT('',#1682);
#517=VERTEX_POINT('',#1685);
#518=VERTEX_POINT('',#1687);
#519=VERTEX_POINT('',#1690);
#520=VERTEX_POINT('',#1694);
#521=VERTEX_POINT('',#1698);
#522=VERTEX_POINT('',#1702);
#523=VERTEX_POINT('',#1706);
#524=VERTEX_POINT('',#1710);
#525=VERTEX_POINT('',#1714);
#526=VERTEX_POINT('',#1718);
#527=VERTEX_POINT('',#1719);
#528=VERTEX_POINT('',#1721);
#529=VERTEX_POINT('',#1723);
#530=VERTEX_POINT('',#1727);
#531=VERTEX_POINT('',#1728);
#532=VERTEX_POINT('',#1730);
#533=VERTEX_POINT('',#1732);
#534=VERTEX_POINT('',#1741);
#535=VERTEX_POINT('',#1743);
#536=VERTEX_POINT('',#1745);
#537=VERTEX_POINT('',#1747);
#538=VERTEX_POINT('',#1749);
#539=VERTEX_POINT('',#1751);
#540=VERTEX_POINT('',#1753);
#541=VERTEX_POINT('',#1755);
#542=VERTEX_POINT('',#1757);
#543=VERTEX_POINT('',#1759);
#544=VERTEX_POINT('',#1761);
#545=VERTEX_POINT('',#1763);
#546=VERTEX_POINT('',#1765);
#547=VERTEX_POINT('',#1767);
#548=VERTEX_POINT('',#1769);
#549=VERTEX_POINT('',#1771);
#550=VERTEX_POINT('',#1775);
#551=VERTEX_POINT('',#1777);
#552=VERTEX_POINT('',#1781);
#553=VERTEX_POINT('',#1785);
#554=VERTEX_POINT('',#1791);
#555=VERTEX_POINT('',#1793);
#556=VERTEX_POINT('',#1795);
#557=VERTEX_POINT('',#1798);
#558=VERTEX_POINT('',#1800);
#559=VERTEX_POINT('',#1803);
#560=VERTEX_POINT('',#1805);
#561=VERTEX_POINT('',#1807);
#562=VERTEX_POINT('',#1811);
#563=VERTEX_POINT('',#1813);
#564=VERTEX_POINT('',#1817);
#565=VERTEX_POINT('',#1821);
#566=VERTEX_POINT('',#1825);
#567=VERTEX_POINT('',#1827);
#568=VERTEX_POINT('',#1841);
#569=VERTEX_POINT('',#1857);
#570=VERTEX_POINT('',#1895);
#571=VERTEX_POINT('',#1897);
#572=VERTEX_POINT('',#1901);
#573=VERTEX_POINT('',#1912);
#574=VERTEX_POINT('',#1923);
#575=VERTEX_POINT('',#1924);
#576=VERTEX_POINT('',#1965);
#577=VERTEX_POINT('',#1969);
#578=VERTEX_POINT('',#1972);
#579=VERTEX_POINT('',#1973);
#580=VERTEX_POINT('',#2014);
#581=VERTEX_POINT('',#2018);
#582=VERTEX_POINT('',#2021);
#583=VERTEX_POINT('',#2025);
#584=VERTEX_POINT('',#2036);
#585=VERTEX_POINT('',#2067);
#586=VERTEX_POINT('',#2091);
#587=VERTEX_POINT('',#2093);
#588=VERTEX_POINT('',#2095);
#589=VERTEX_POINT('',#2237);
#590=VERTEX_POINT('',#2239);
#591=VERTEX_POINT('',#2241);
#592=VERTEX_POINT('',#2402);
#593=VERTEX_POINT('',#2403);
#594=VERTEX_POINT('',#2411);
#595=VERTEX_POINT('',#2416);
#596=VERTEX_POINT('',#2424);
#597=VERTEX_POINT('',#2435);
#598=VERTEX_POINT('',#2454);
#599=VERTEX_POINT('',#2456);
#600=VERTEX_POINT('',#2462);
#601=VERTEX_POINT('',#2466);
#602=VERTEX_POINT('',#2472);
#603=VERTEX_POINT('',#2473);
#604=VERTEX_POINT('',#2478);
#605=VERTEX_POINT('',#2482);
#606=VERTEX_POINT('',#2487);
#607=VERTEX_POINT('',#2492);
#608=VERTEX_POINT('',#2499);
#609=VERTEX_POINT('',#2508);
#610=VERTEX_POINT('',#2519);
#611=EDGE_CURVE('',#500,#501,#463,.T.);
#612=EDGE_CURVE('',#501,#502,#464,.T.);
#613=EDGE_CURVE('',#502,#503,#465,.T.);
#614=EDGE_CURVE('',#503,#500,#466,.T.);
#615=EDGE_CURVE('',#504,#502,#467,.F.);
#616=EDGE_CURVE('',#505,#504,#468,.F.);
#617=EDGE_CURVE('',#506,#505,#97,.T.);
#618=EDGE_CURVE('',#507,#506,#469,.T.);
#619=EDGE_CURVE('',#503,#507,#98,.T.);
#620=EDGE_CURVE('',#501,#508,#470,.F.);
#621=EDGE_CURVE('',#504,#508,#99,.T.);
#622=EDGE_CURVE('',#507,#509,#100,.T.);
#623=EDGE_CURVE('',#509,#500,#101,.T.);
#624=EDGE_CURVE('',#510,#510,#41,.F.);
#625=EDGE_CURVE('',#510,#511,#102,.T.);
#626=EDGE_CURVE('',#511,#511,#42,.T.);
#627=EDGE_CURVE('',#512,#512,#43,.T.);
#628=EDGE_CURVE('',#513,#513,#44,.T.);
#629=EDGE_CURVE('',#514,#514,#45,.T.);
#630=EDGE_CURVE('',#515,#515,#46,.T.);
#631=EDGE_CURVE('',#516,#516,#47,.T.);
#632=EDGE_CURVE('',#517,#517,#48,.T.);
#633=EDGE_CURVE('',#518,#518,#49,.T.);
#634=EDGE_CURVE('',#519,#519,#50,.F.);
#635=EDGE_CURVE('',#519,#517,#103,.T.);
#636=EDGE_CURVE('',#520,#520,#51,.F.);
#637=EDGE_CURVE('',#520,#515,#104,.T.);
#638=EDGE_CURVE('',#521,#521,#52,.F.);
#639=EDGE_CURVE('',#521,#513,#105,.T.);
#640=EDGE_CURVE('',#522,#522,#53,.T.);
#641=EDGE_CURVE('',#522,#516,#106,.T.);
#642=EDGE_CURVE('',#523,#523,#54,.F.);
#643=EDGE_CURVE('',#523,#514,#107,.T.);
#644=EDGE_CURVE('',#524,#524,#55,.F.);
#645=EDGE_CURVE('',#524,#518,#108,.T.);
#646=EDGE_CURVE('',#525,#525,#56,.T.);
#647=EDGE_CURVE('',#525,#512,#109,.T.);
#648=EDGE_CURVE('',#526,#527,#110,.T.);
#649=EDGE_CURVE('',#528,#526,#111,.T.);
#650=EDGE_CURVE('',#528,#529,#112,.T.);
#651=EDGE_CURVE('',#527,#529,#113,.T.);
#652=EDGE_CURVE('',#530,#531,#114,.T.);
#653=EDGE_CURVE('',#532,#530,#115,.T.);
#654=EDGE_CURVE('',#533,#532,#116,.T.);
#655=EDGE_CURVE('',#531,#533,#117,.T.);
#656=EDGE_CURVE('',#533,#528,#118,.T.);
#657=EDGE_CURVE('',#529,#532,#119,.T.);
#658=EDGE_CURVE('',#531,#526,#120,.T.);
#659=EDGE_CURVE('',#530,#534,#121,.T.);
#660=EDGE_CURVE('',#534,#535,#122,.T.);
#661=EDGE_CURVE('',#535,#536,#123,.T.);
#662=EDGE_CURVE('',#536,#537,#124,.T.);
#663=EDGE_CURVE('',#537,#538,#125,.T.);
#664=EDGE_CURVE('',#539,#538,#126,.T.);
#665=EDGE_CURVE('',#539,#540,#127,.T.);
#666=EDGE_CURVE('',#540,#541,#128,.T.);
#667=EDGE_CURVE('',#541,#542,#129,.T.);
#668=EDGE_CURVE('',#543,#542,#130,.T.);
#669=EDGE_CURVE('',#544,#543,#131,.T.);
#670=EDGE_CURVE('',#544,#545,#132,.T.);
#671=EDGE_CURVE('',#545,#546,#133,.T.);
#672=EDGE_CURVE('',#546,#547,#134,.T.);
#673=EDGE_CURVE('',#547,#548,#135,.T.);
#674=EDGE_CURVE('',#549,#548,#136,.T.);
#675=EDGE_CURVE('',#549,#527,#137,.T.);
#676=EDGE_CURVE('',#550,#534,#138,.T.);
#677=EDGE_CURVE('',#550,#551,#139,.F.);
#678=EDGE_CURVE('',#551,#535,#140,.T.);
#679=EDGE_CURVE('',#551,#552,#141,.F.);
#680=EDGE_CURVE('',#552,#536,#142,.T.);
#681=EDGE_CURVE('',#537,#553,#143,.T.);
#682=EDGE_CURVE('',#552,#553,#144,.F.);
#683=EDGE_CURVE('',#553,#550,#145,.T.);
#684=EDGE_CURVE('',#554,#549,#57,.T.);
#685=EDGE_CURVE('',#555,#554,#146,.T.);
#686=EDGE_CURVE('',#556,#555,#147,.T.);
#687=EDGE_CURVE('',#546,#556,#148,.T.);
#688=EDGE_CURVE('',#557,#545,#149,.T.);
#689=EDGE_CURVE('',#558,#557,#150,.F.);
#690=EDGE_CURVE('',#542,#558,#151,.T.);
#691=EDGE_CURVE('',#559,#541,#152,.T.);
#692=EDGE_CURVE('',#560,#559,#153,.T.);
#693=EDGE_CURVE('',#561,#560,#154,.T.);
#694=EDGE_CURVE('',#538,#561,#58,.T.);
#695=EDGE_CURVE('',#560,#562,#155,.T.);
#696=EDGE_CURVE('',#563,#562,#59,.T.);
#697=EDGE_CURVE('',#561,#563,#156,.T.);
#698=EDGE_CURVE('',#564,#559,#157,.T.);
#699=EDGE_CURVE('',#562,#564,#158,.T.);
#700=EDGE_CURVE('',#565,#540,#159,.F.);
#701=EDGE_CURVE('',#564,#565,#60,.T.);
#702=EDGE_CURVE('',#558,#566,#160,.T.);
#703=EDGE_CURVE('',#566,#567,#471,.T.);
#704=EDGE_CURVE('',#567,#568,#161,.T.);
#705=EDGE_CURVE('',#568,#543,#16,.T.);
#706=EDGE_CURVE('',#569,#557,#162,.F.);
#707=EDGE_CURVE('',#569,#566,#472,.T.);
#708=EDGE_CURVE('',#506,#544,#17,.T.);
#709=EDGE_CURVE('',#505,#569,#473,.F.);
#710=EDGE_CURVE('',#570,#554,#163,.T.);
#711=EDGE_CURVE('',#571,#570,#61,.T.);
#712=EDGE_CURVE('',#555,#571,#164,.T.);
#713=EDGE_CURVE('',#548,#572,#62,.T.);
#714=EDGE_CURVE('',#572,#570,#474,.T.);
#715=EDGE_CURVE('',#573,#563,#475,.F.);
#716=EDGE_CURVE('',#539,#573,#63,.F.);
#717=EDGE_CURVE('',#574,#575,#476,.T.);
#718=EDGE_CURVE('',#575,#574,#477,.T.);
#719=EDGE_CURVE('',#575,#576,#165,.T.);
#720=EDGE_CURVE('',#576,#576,#64,.T.);
#721=EDGE_CURVE('',#577,#577,#65,.T.);
#722=EDGE_CURVE('',#578,#579,#478,.T.);
#723=EDGE_CURVE('',#579,#578,#479,.T.);
#724=EDGE_CURVE('',#579,#580,#166,.T.);
#725=EDGE_CURVE('',#580,#580,#66,.T.);
#726=EDGE_CURVE('',#581,#581,#67,.T.);
#727=EDGE_CURVE('',#581,#582,#167,.T.);
#728=EDGE_CURVE('',#582,#582,#68,.T.);
#729=EDGE_CURVE('',#577,#583,#168,.T.);
#730=EDGE_CURVE('',#583,#583,#69,.T.);
#731=EDGE_CURVE('',#584,#584,#480,.T.);
#732=EDGE_CURVE('',#585,#585,#481,.T.);
#733=EDGE_CURVE('',#586,#586,#70,.T.);
#734=EDGE_CURVE('',#586,#587,#169,.T.);
#735=EDGE_CURVE('',#588,#587,#482,.T.);
#736=EDGE_CURVE('',#587,#588,#483,.T.);
#737=EDGE_CURVE('',#589,#589,#71,.T.);
#738=EDGE_CURVE('',#589,#590,#170,.T.);
#739=EDGE_CURVE('',#591,#590,#484,.T.);
#740=EDGE_CURVE('',#590,#591,#485,.T.);
#741=EDGE_CURVE('',#592,#593,#486,.F.);
#742=EDGE_CURVE('',#592,#594,#487,.T.);
#743=EDGE_CURVE('',#594,#595,#488,.T.);
#744=EDGE_CURVE('',#595,#596,#489,.T.);
#745=EDGE_CURVE('',#596,#597,#490,.T.);
#746=EDGE_CURVE('',#593,#597,#491,.F.);
#747=EDGE_CURVE('',#598,#596,#72,.T.);
#748=EDGE_CURVE('',#598,#599,#171,.T.);
#749=EDGE_CURVE('',#597,#599,#73,.T.);
#750=EDGE_CURVE('',#573,#565,#172,.T.);
#751=EDGE_CURVE('',#600,#547,#173,.T.);
#752=EDGE_CURVE('',#572,#600,#174,.T.);
#753=EDGE_CURVE('',#601,#571,#175,.T.);
#754=EDGE_CURVE('',#601,#556,#176,.F.);
#755=EDGE_CURVE('',#600,#601,#74,.T.);
#756=EDGE_CURVE('',#602,#603,#75,.T.);
#757=EDGE_CURVE('',#593,#603,#177,.T.);
#758=EDGE_CURVE('',#599,#602,#178,.T.);
#759=EDGE_CURVE('',#604,#598,#179,.T.);
#760=EDGE_CURVE('',#602,#604,#180,.T.);
#761=EDGE_CURVE('',#595,#605,#181,.F.);
#762=EDGE_CURVE('',#605,#604,#76,.T.);
#763=EDGE_CURVE('',#606,#594,#492,.T.);
#764=EDGE_CURVE('',#607,#606,#493,.T.);
#765=EDGE_CURVE('',#607,#605,#182,.F.);
#766=EDGE_CURVE('',#608,#607,#494,.T.);
#767=EDGE_CURVE('',#603,#608,#183,.T.);
#768=EDGE_CURVE('',#609,#608,#495,.T.);
#769=EDGE_CURVE('',#592,#609,#496,.T.);
#770=EDGE_CURVE('',#610,#509,#497,.T.);
#771=EDGE_CURVE('',#568,#610,#498,.T.);
#772=EDGE_CURVE('',#508,#567,#499,.F.);
#773=EDGE_CURVE('',#506,#610,#184,.T.);
#774=ORIENTED_EDGE('',*,*,#611,.T.);
#775=ORIENTED_EDGE('',*,*,#612,.T.);
#776=ORIENTED_EDGE('',*,*,#613,.T.);
#777=ORIENTED_EDGE('',*,*,#614,.T.);
#778=ORIENTED_EDGE('',*,*,#613,.F.);
#779=ORIENTED_EDGE('',*,*,#615,.F.);
#780=ORIENTED_EDGE('',*,*,#616,.F.);
#781=ORIENTED_EDGE('',*,*,#617,.F.);
#782=ORIENTED_EDGE('',*,*,#618,.F.);
#783=ORIENTED_EDGE('',*,*,#619,.F.);
#784=ORIENTED_EDGE('',*,*,#612,.F.);
#785=ORIENTED_EDGE('',*,*,#620,.T.);
#786=ORIENTED_EDGE('',*,*,#621,.F.);
#787=ORIENTED_EDGE('',*,*,#615,.T.);
#788=ORIENTED_EDGE('',*,*,#614,.F.);
#789=ORIENTED_EDGE('',*,*,#619,.T.);
#790=ORIENTED_EDGE('',*,*,#622,.T.);
#791=ORIENTED_EDGE('',*,*,#623,.T.);
#792=ORIENTED_EDGE('',*,*,#624,.F.);
#793=ORIENTED_EDGE('',*,*,#625,.T.);
#794=ORIENTED_EDGE('',*,*,#626,.T.);
#795=ORIENTED_EDGE('',*,*,#625,.F.);
#796=ORIENTED_EDGE('',*,*,#626,.F.);
#797=ORIENTED_EDGE('',*,*,#627,.F.);
#798=ORIENTED_EDGE('',*,*,#628,.F.);
#799=ORIENTED_EDGE('',*,*,#629,.F.);
#800=ORIENTED_EDGE('',*,*,#630,.F.);
#801=ORIENTED_EDGE('',*,*,#631,.F.);
#802=ORIENTED_EDGE('',*,*,#632,.F.);
#803=ORIENTED_EDGE('',*,*,#633,.F.);
#804=ORIENTED_EDGE('',*,*,#634,.F.);
#805=ORIENTED_EDGE('',*,*,#635,.T.);
#806=ORIENTED_EDGE('',*,*,#632,.T.);
#807=ORIENTED_EDGE('',*,*,#635,.F.);
#808=ORIENTED_EDGE('',*,*,#636,.F.);
#809=ORIENTED_EDGE('',*,*,#637,.T.);
#810=ORIENTED_EDGE('',*,*,#630,.T.);
#811=ORIENTED_EDGE('',*,*,#637,.F.);
#812=ORIENTED_EDGE('',*,*,#638,.F.);
#813=ORIENTED_EDGE('',*,*,#639,.T.);
#814=ORIENTED_EDGE('',*,*,#628,.T.);
#815=ORIENTED_EDGE('',*,*,#639,.F.);
#816=ORIENTED_EDGE('',*,*,#640,.T.);
#817=ORIENTED_EDGE('',*,*,#641,.T.);
#818=ORIENTED_EDGE('',*,*,#631,.T.);
#819=ORIENTED_EDGE('',*,*,#641,.F.);
#820=ORIENTED_EDGE('',*,*,#642,.F.);
#821=ORIENTED_EDGE('',*,*,#643,.T.);
#822=ORIENTED_EDGE('',*,*,#629,.T.);
#823=ORIENTED_EDGE('',*,*,#643,.F.);
#824=ORIENTED_EDGE('',*,*,#644,.F.);
#825=ORIENTED_EDGE('',*,*,#645,.T.);
#826=ORIENTED_EDGE('',*,*,#633,.T.);
#827=ORIENTED_EDGE('',*,*,#645,.F.);
#828=ORIENTED_EDGE('',*,*,#646,.T.);
#829=ORIENTED_EDGE('',*,*,#647,.T.);
#830=ORIENTED_EDGE('',*,*,#627,.T.);
#831=ORIENTED_EDGE('',*,*,#647,.F.);
#832=ORIENTED_EDGE('',*,*,#648,.F.);
#833=ORIENTED_EDGE('',*,*,#649,.F.);
#834=ORIENTED_EDGE('',*,*,#650,.T.);
#835=ORIENTED_EDGE('',*,*,#651,.F.);
#836=ORIENTED_EDGE('',*,*,#652,.F.);
#837=ORIENTED_EDGE('',*,*,#653,.F.);
#838=ORIENTED_EDGE('',*,*,#654,.F.);
#839=ORIENTED_EDGE('',*,*,#655,.F.);
#840=ORIENTED_EDGE('',*,*,#656,.F.);
#841=ORIENTED_EDGE('',*,*,#654,.T.);
#842=ORIENTED_EDGE('',*,*,#657,.F.);
#843=ORIENTED_EDGE('',*,*,#650,.F.);
#844=ORIENTED_EDGE('',*,*,#658,.F.);
#845=ORIENTED_EDGE('',*,*,#655,.T.);
#846=ORIENTED_EDGE('',*,*,#656,.T.);
#847=ORIENTED_EDGE('',*,*,#649,.T.);
#848=ORIENTED_EDGE('',*,*,#640,.F.);
#849=ORIENTED_EDGE('',*,*,#646,.F.);
#850=ORIENTED_EDGE('',*,*,#651,.T.);
#851=ORIENTED_EDGE('',*,*,#657,.T.);
#852=ORIENTED_EDGE('',*,*,#653,.T.);
#853=ORIENTED_EDGE('',*,*,#659,.T.);
#854=ORIENTED_EDGE('',*,*,#660,.T.);
#855=ORIENTED_EDGE('',*,*,#661,.T.);
#856=ORIENTED_EDGE('',*,*,#662,.T.);
#857=ORIENTED_EDGE('',*,*,#663,.T.);
#858=ORIENTED_EDGE('',*,*,#664,.F.);
#859=ORIENTED_EDGE('',*,*,#665,.T.);
#860=ORIENTED_EDGE('',*,*,#666,.T.);
#861=ORIENTED_EDGE('',*,*,#667,.T.);
#862=ORIENTED_EDGE('',*,*,#668,.F.);
#863=ORIENTED_EDGE('',*,*,#669,.F.);
#864=ORIENTED_EDGE('',*,*,#670,.T.);
#865=ORIENTED_EDGE('',*,*,#671,.T.);
#866=ORIENTED_EDGE('',*,*,#672,.T.);
#867=ORIENTED_EDGE('',*,*,#673,.T.);
#868=ORIENTED_EDGE('',*,*,#674,.F.);
#869=ORIENTED_EDGE('',*,*,#675,.T.);
#870=ORIENTED_EDGE('',*,*,#676,.F.);
#871=ORIENTED_EDGE('',*,*,#677,.T.);
#872=ORIENTED_EDGE('',*,*,#678,.T.);
#873=ORIENTED_EDGE('',*,*,#660,.F.);
#874=ORIENTED_EDGE('',*,*,#679,.T.);
#875=ORIENTED_EDGE('',*,*,#680,.T.);
#876=ORIENTED_EDGE('',*,*,#661,.F.);
#877=ORIENTED_EDGE('',*,*,#678,.F.);
#878=ORIENTED_EDGE('',*,*,#681,.F.);
#879=ORIENTED_EDGE('',*,*,#662,.F.);
#880=ORIENTED_EDGE('',*,*,#680,.F.);
#881=ORIENTED_EDGE('',*,*,#682,.T.);
#882=ORIENTED_EDGE('',*,*,#683,.F.);
#883=ORIENTED_EDGE('',*,*,#682,.F.);
#884=ORIENTED_EDGE('',*,*,#679,.F.);
#885=ORIENTED_EDGE('',*,*,#677,.F.);
#886=ORIENTED_EDGE('',*,*,#642,.T.);
#887=ORIENTED_EDGE('',*,*,#644,.T.);
#888=ORIENTED_EDGE('',*,*,#648,.T.);
#889=ORIENTED_EDGE('',*,*,#675,.F.);
#890=ORIENTED_EDGE('',*,*,#684,.F.);
#891=ORIENTED_EDGE('',*,*,#685,.F.);
#892=ORIENTED_EDGE('',*,*,#686,.F.);
#893=ORIENTED_EDGE('',*,*,#687,.F.);
#894=ORIENTED_EDGE('',*,*,#671,.F.);
#895=ORIENTED_EDGE('',*,*,#688,.F.);
#896=ORIENTED_EDGE('',*,*,#689,.F.);
#897=ORIENTED_EDGE('',*,*,#690,.F.);
#898=ORIENTED_EDGE('',*,*,#667,.F.);
#899=ORIENTED_EDGE('',*,*,#691,.F.);
#900=ORIENTED_EDGE('',*,*,#692,.F.);
#901=ORIENTED_EDGE('',*,*,#693,.F.);
#902=ORIENTED_EDGE('',*,*,#694,.F.);
#903=ORIENTED_EDGE('',*,*,#663,.F.);
#904=ORIENTED_EDGE('',*,*,#681,.T.);
#905=ORIENTED_EDGE('',*,*,#683,.T.);
#906=ORIENTED_EDGE('',*,*,#676,.T.);
#907=ORIENTED_EDGE('',*,*,#659,.F.);
#908=ORIENTED_EDGE('',*,*,#652,.T.);
#909=ORIENTED_EDGE('',*,*,#658,.T.);
#910=ORIENTED_EDGE('',*,*,#693,.T.);
#911=ORIENTED_EDGE('',*,*,#695,.T.);
#912=ORIENTED_EDGE('',*,*,#696,.F.);
#913=ORIENTED_EDGE('',*,*,#697,.F.);
#914=ORIENTED_EDGE('',*,*,#692,.T.);
#915=ORIENTED_EDGE('',*,*,#698,.F.);
#916=ORIENTED_EDGE('',*,*,#699,.F.);
#917=ORIENTED_EDGE('',*,*,#695,.F.);
#918=ORIENTED_EDGE('',*,*,#691,.T.);
#919=ORIENTED_EDGE('',*,*,#666,.F.);
#920=ORIENTED_EDGE('',*,*,#700,.F.);
#921=ORIENTED_EDGE('',*,*,#701,.F.);
#922=ORIENTED_EDGE('',*,*,#698,.T.);
#923=ORIENTED_EDGE('',*,*,#690,.T.);
#924=ORIENTED_EDGE('',*,*,#702,.T.);
#925=ORIENTED_EDGE('',*,*,#703,.T.);
#926=ORIENTED_EDGE('',*,*,#704,.T.);
#927=ORIENTED_EDGE('',*,*,#705,.T.);
#928=ORIENTED_EDGE('',*,*,#668,.T.);
#929=ORIENTED_EDGE('',*,*,#689,.T.);
#930=ORIENTED_EDGE('',*,*,#706,.F.);
#931=ORIENTED_EDGE('',*,*,#707,.T.);
#932=ORIENTED_EDGE('',*,*,#702,.F.);
#933=ORIENTED_EDGE('',*,*,#624,.T.);
#934=ORIENTED_EDGE('',*,*,#638,.T.);
#935=ORIENTED_EDGE('',*,*,#636,.T.);
#936=ORIENTED_EDGE('',*,*,#634,.T.);
#937=ORIENTED_EDGE('',*,*,#688,.T.);
#938=ORIENTED_EDGE('',*,*,#670,.F.);
#939=ORIENTED_EDGE('',*,*,#708,.F.);
#940=ORIENTED_EDGE('',*,*,#617,.T.);
#941=ORIENTED_EDGE('',*,*,#709,.T.);
#942=ORIENTED_EDGE('',*,*,#706,.T.);
#943=ORIENTED_EDGE('',*,*,#685,.T.);
#944=ORIENTED_EDGE('',*,*,#710,.F.);
#945=ORIENTED_EDGE('',*,*,#711,.F.);
#946=ORIENTED_EDGE('',*,*,#712,.F.);
#947=ORIENTED_EDGE('',*,*,#684,.T.);
#948=ORIENTED_EDGE('',*,*,#674,.T.);
#949=ORIENTED_EDGE('',*,*,#713,.T.);
#950=ORIENTED_EDGE('',*,*,#714,.T.);
#951=ORIENTED_EDGE('',*,*,#710,.T.);
#952=ORIENTED_EDGE('',*,*,#694,.T.);
#953=ORIENTED_EDGE('',*,*,#697,.T.);
#954=ORIENTED_EDGE('',*,*,#715,.F.);
#955=ORIENTED_EDGE('',*,*,#716,.F.);
#956=ORIENTED_EDGE('',*,*,#664,.T.);
#957=ORIENTED_EDGE('',*,*,#717,.F.);
#958=ORIENTED_EDGE('',*,*,#718,.F.);
#959=ORIENTED_EDGE('',*,*,#719,.T.);
#960=ORIENTED_EDGE('',*,*,#720,.T.);
#961=ORIENTED_EDGE('',*,*,#719,.F.);
#962=ORIENTED_EDGE('',*,*,#720,.F.);
#963=ORIENTED_EDGE('',*,*,#721,.F.);
#964=ORIENTED_EDGE('',*,*,#722,.F.);
#965=ORIENTED_EDGE('',*,*,#723,.F.);
#966=ORIENTED_EDGE('',*,*,#724,.T.);
#967=ORIENTED_EDGE('',*,*,#725,.T.);
#968=ORIENTED_EDGE('',*,*,#724,.F.);
#969=ORIENTED_EDGE('',*,*,#725,.F.);
#970=ORIENTED_EDGE('',*,*,#726,.F.);
#971=ORIENTED_EDGE('',*,*,#726,.T.);
#972=ORIENTED_EDGE('',*,*,#727,.T.);
#973=ORIENTED_EDGE('',*,*,#728,.F.);
#974=ORIENTED_EDGE('',*,*,#727,.F.);
#975=ORIENTED_EDGE('',*,*,#721,.T.);
#976=ORIENTED_EDGE('',*,*,#729,.T.);
#977=ORIENTED_EDGE('',*,*,#730,.F.);
#978=ORIENTED_EDGE('',*,*,#729,.F.);
#979=ORIENTED_EDGE('',*,*,#731,.F.);
#980=ORIENTED_EDGE('',*,*,#722,.T.);
#981=ORIENTED_EDGE('',*,*,#723,.T.);
#982=ORIENTED_EDGE('',*,*,#732,.F.);
#983=ORIENTED_EDGE('',*,*,#717,.T.);
#984=ORIENTED_EDGE('',*,*,#718,.T.);
#985=ORIENTED_EDGE('',*,*,#733,.F.);
#986=ORIENTED_EDGE('',*,*,#734,.T.);
#987=ORIENTED_EDGE('',*,*,#735,.F.);
#988=ORIENTED_EDGE('',*,*,#736,.F.);
#989=ORIENTED_EDGE('',*,*,#734,.F.);
#990=ORIENTED_EDGE('',*,*,#733,.T.);
#991=ORIENTED_EDGE('',*,*,#730,.T.);
#992=ORIENTED_EDGE('',*,*,#737,.F.);
#993=ORIENTED_EDGE('',*,*,#738,.T.);
#994=ORIENTED_EDGE('',*,*,#739,.F.);
#995=ORIENTED_EDGE('',*,*,#740,.F.);
#996=ORIENTED_EDGE('',*,*,#738,.F.);
#997=ORIENTED_EDGE('',*,*,#737,.T.);
#998=ORIENTED_EDGE('',*,*,#728,.T.);
#999=ORIENTED_EDGE('',*,*,#741,.F.);
#1000=ORIENTED_EDGE('',*,*,#742,.T.);
#1001=ORIENTED_EDGE('',*,*,#743,.T.);
#1002=ORIENTED_EDGE('',*,*,#744,.T.);
#1003=ORIENTED_EDGE('',*,*,#745,.T.);
#1004=ORIENTED_EDGE('',*,*,#746,.F.);
#1005=ORIENTED_EDGE('',*,*,#745,.F.);
#1006=ORIENTED_EDGE('',*,*,#747,.F.);
#1007=ORIENTED_EDGE('',*,*,#748,.T.);
#1008=ORIENTED_EDGE('',*,*,#749,.F.);
#1009=ORIENTED_EDGE('',*,*,#665,.F.);
#1010=ORIENTED_EDGE('',*,*,#716,.T.);
#1011=ORIENTED_EDGE('',*,*,#750,.T.);
#1012=ORIENTED_EDGE('',*,*,#700,.T.);
#1013=ORIENTED_EDGE('',*,*,#673,.F.);
#1014=ORIENTED_EDGE('',*,*,#751,.F.);
#1015=ORIENTED_EDGE('',*,*,#752,.F.);
#1016=ORIENTED_EDGE('',*,*,#713,.F.);
#1017=ORIENTED_EDGE('',*,*,#686,.T.);
#1018=ORIENTED_EDGE('',*,*,#712,.T.);
#1019=ORIENTED_EDGE('',*,*,#753,.F.);
#1020=ORIENTED_EDGE('',*,*,#754,.T.);
#1021=ORIENTED_EDGE('',*,*,#755,.T.);
#1022=ORIENTED_EDGE('',*,*,#753,.T.);
#1023=ORIENTED_EDGE('',*,*,#711,.T.);
#1024=ORIENTED_EDGE('',*,*,#714,.F.);
#1025=ORIENTED_EDGE('',*,*,#752,.T.);
#1026=ORIENTED_EDGE('',*,*,#756,.T.);
#1027=ORIENTED_EDGE('',*,*,#757,.F.);
#1028=ORIENTED_EDGE('',*,*,#746,.T.);
#1029=ORIENTED_EDGE('',*,*,#749,.T.);
#1030=ORIENTED_EDGE('',*,*,#758,.T.);
#1031=ORIENTED_EDGE('',*,*,#758,.F.);
#1032=ORIENTED_EDGE('',*,*,#748,.F.);
#1033=ORIENTED_EDGE('',*,*,#759,.F.);
#1034=ORIENTED_EDGE('',*,*,#760,.F.);
#1035=ORIENTED_EDGE('',*,*,#747,.T.);
#1036=ORIENTED_EDGE('',*,*,#744,.F.);
#1037=ORIENTED_EDGE('',*,*,#761,.T.);
#1038=ORIENTED_EDGE('',*,*,#762,.T.);
#1039=ORIENTED_EDGE('',*,*,#759,.T.);
#1040=ORIENTED_EDGE('',*,*,#701,.T.);
#1041=ORIENTED_EDGE('',*,*,#750,.F.);
#1042=ORIENTED_EDGE('',*,*,#715,.T.);
#1043=ORIENTED_EDGE('',*,*,#696,.T.);
#1044=ORIENTED_EDGE('',*,*,#699,.T.);
#1045=ORIENTED_EDGE('',*,*,#761,.F.);
#1046=ORIENTED_EDGE('',*,*,#743,.F.);
#1047=ORIENTED_EDGE('',*,*,#763,.F.);
#1048=ORIENTED_EDGE('',*,*,#764,.F.);
#1049=ORIENTED_EDGE('',*,*,#765,.T.);
#1050=ORIENTED_EDGE('',*,*,#756,.F.);
#1051=ORIENTED_EDGE('',*,*,#760,.T.);
#1052=ORIENTED_EDGE('',*,*,#762,.F.);
#1053=ORIENTED_EDGE('',*,*,#765,.F.);
#1054=ORIENTED_EDGE('',*,*,#766,.F.);
#1055=ORIENTED_EDGE('',*,*,#767,.F.);
#1056=ORIENTED_EDGE('',*,*,#757,.T.);
#1057=ORIENTED_EDGE('',*,*,#767,.T.);
#1058=ORIENTED_EDGE('',*,*,#768,.F.);
#1059=ORIENTED_EDGE('',*,*,#769,.F.);
#1060=ORIENTED_EDGE('',*,*,#741,.T.);
#1061=ORIENTED_EDGE('',*,*,#687,.T.);
#1062=ORIENTED_EDGE('',*,*,#754,.F.);
#1063=ORIENTED_EDGE('',*,*,#755,.F.);
#1064=ORIENTED_EDGE('',*,*,#751,.T.);
#1065=ORIENTED_EDGE('',*,*,#672,.F.);
#1066=ORIENTED_EDGE('',*,*,#611,.F.);
#1067=ORIENTED_EDGE('',*,*,#623,.F.);
#1068=ORIENTED_EDGE('',*,*,#770,.F.);
#1069=ORIENTED_EDGE('',*,*,#771,.F.);
#1070=ORIENTED_EDGE('',*,*,#704,.F.);
#1071=ORIENTED_EDGE('',*,*,#772,.F.);
#1072=ORIENTED_EDGE('',*,*,#620,.F.);
#1073=ORIENTED_EDGE('',*,*,#709,.F.);
#1074=ORIENTED_EDGE('',*,*,#616,.T.);
#1075=ORIENTED_EDGE('',*,*,#621,.T.);
#1076=ORIENTED_EDGE('',*,*,#772,.T.);
#1077=ORIENTED_EDGE('',*,*,#703,.F.);
#1078=ORIENTED_EDGE('',*,*,#707,.F.);
#1079=ORIENTED_EDGE('',*,*,#732,.T.);
#1080=ORIENTED_EDGE('',*,*,#731,.T.);
#1081=ORIENTED_EDGE('',*,*,#669,.T.);
#1082=ORIENTED_EDGE('',*,*,#705,.F.);
#1083=ORIENTED_EDGE('',*,*,#771,.T.);
#1084=ORIENTED_EDGE('',*,*,#773,.F.);
#1085=ORIENTED_EDGE('',*,*,#708,.T.);
#1086=ORIENTED_EDGE('',*,*,#735,.T.);
#1087=ORIENTED_EDGE('',*,*,#736,.T.);
#1088=ORIENTED_EDGE('',*,*,#739,.T.);
#1089=ORIENTED_EDGE('',*,*,#740,.T.);
#1090=ORIENTED_EDGE('',*,*,#770,.T.);
#1091=ORIENTED_EDGE('',*,*,#622,.F.);
#1092=ORIENTED_EDGE('',*,*,#618,.T.);
#1093=ORIENTED_EDGE('',*,*,#773,.T.);
#1094=ORIENTED_EDGE('',*,*,#769,.T.);
#1095=ORIENTED_EDGE('',*,*,#768,.T.);
#1096=ORIENTED_EDGE('',*,*,#766,.T.);
#1097=ORIENTED_EDGE('',*,*,#764,.T.);
#1098=ORIENTED_EDGE('',*,*,#763,.T.);
#1099=ORIENTED_EDGE('',*,*,#742,.F.);
#1100=B_SPLINE_SURFACE_WITH_KNOTS('',3,3,((#1556,#1557,#1558,#1559),(#1560,
#1561,#1562,#1563),(#1564,#1565,#1566,#1567),(#1568,#1569,#1570,#1571),
(#1572,#1573,#1574,#1575)),.UNSPECIFIED.,.F.,.F.,.F.,(4,1,4),(4,4),(0.,
0.571428571428571,1.),(1.04214355647894,10.8634648228013),.UNSPECIFIED.);
#1101=B_SPLINE_SURFACE_WITH_KNOTS('',3,1,((#1633,#1634),(#1635,#1636),(#1637,
#1638),(#1639,#1640),(#1641,#1642),(#1643,#1644),(#1645,#1646),(#1647,#1648),
(#1649,#1650),(#1651,#1652)),.UNSPECIFIED.,.F.,.F.,.F.,(4,3,3,4),(2,2),
(-3.08597003318239,-2.16031984503981,-1.59099547847915,3.61363892953235E-15),
(0.0896220291124017,12.4471706278501),.UNSPECIFIED.);
#1102=B_SPLINE_SURFACE_WITH_KNOTS('',3,1,((#2028,#2029),(#2030,#2031),(#2032,
#2033),(#2034,#2035)),.UNSPECIFIED.,.F.,.F.,.F.,(4,4),(2,2),(0.234397411066756,
0.353906623839324),(12.097257075962,12.8032524456565),.UNSPECIFIED.);
#1103=B_SPLINE_SURFACE_WITH_KNOTS('',3,1,((#2059,#2060),(#2061,#2062),(#2063,
#2064),(#2065,#2066)),.UNSPECIFIED.,.F.,.F.,.F.,(4,4),(2,2),(0.234397411066757,
0.353906623839322),(0.0972570759619837,0.803252445656484),.UNSPECIFIED.);
#1104=B_SPLINE_SURFACE_WITH_KNOTS('',3,3,((#2382,#2383,#2384,#2385),(#2386,
#2387,#2388,#2389),(#2390,#2391,#2392,#2393),(#2394,#2395,#2396,#2397),
(#2398,#2399,#2400,#2401)),.UNSPECIFIED.,.F.,.F.,.F.,(4,1,4),(4,4),(0.,
0.571428571428571,1.),(3.6166666273901,8.61666666666666),.UNSPECIFIED.);
#1105=B_SPLINE_SURFACE_WITH_KNOTS('',3,1,((#2534,#2535),(#2536,#2537),(#2538,
#2539),(#2540,#2541),(#2542,#2543),(#2544,#2545),(#2546,#2547),(#2548,#2549),
(#2550,#2551),(#2552,#2553),(#2554,#2555),(#2556,#2557),(#2558,#2559),(#2560,
#2561),(#2562,#2563),(#2564,#2565)),.UNSPECIFIED.,.F.,.F.,.F.,(4,3,3,3,
3,4),(2,2),(-0.010509649766521,-0.0041047742050062,0.,0.241418154326403,
0.442334174288108,0.636382781946473),(0.,12.9),.UNSPECIFIED.);
#1106=B_SPLINE_SURFACE_WITH_KNOTS('',3,1,((#2607,#2608),(#2609,#2610),(#2611,
#2612),(#2613,#2614),(#2615,#2616),(#2617,#2618)),.UNSPECIFIED.,.F.,.F.,
 .F.,(4,2,4),(2,2),(0.,1.60929598938204,3.08597003318239),(0.,12.9),
 .UNSPECIFIED.);
#1107=ADVANCED_FACE('',(#310),#1100,.F.);
#1108=ADVANCED_FACE('',(#311),#273,.F.);
#1109=ADVANCED_FACE('',(#312),#1101,.T.);
#1110=ADVANCED_FACE('',(#313),#274,.T.);
#1111=ADVANCED_FACE('',(#314),#77,.F.);
#1112=ADVANCED_FACE('',(#315,#18),#275,.T.);
#1113=ADVANCED_FACE('',(#316,#19),#276,.T.);
#1114=ADVANCED_FACE('',(#317,#20),#277,.T.);
#1115=ADVANCED_FACE('',(#318,#21),#278,.T.);
#1116=ADVANCED_FACE('',(#319),#78,.F.);
#1117=ADVANCED_FACE('',(#320),#79,.F.);
#1118=ADVANCED_FACE('',(#321),#80,.F.);
#1119=ADVANCED_FACE('',(#322),#81,.F.);
#1120=ADVANCED_FACE('',(#323),#82,.F.);
#1121=ADVANCED_FACE('',(#324),#83,.F.);
#1122=ADVANCED_FACE('',(#325),#84,.F.);
#1123=ADVANCED_FACE('',(#326),#279,.T.);
#1124=ADVANCED_FACE('',(#327),#280,.T.);
#1125=ADVANCED_FACE('',(#328),#281,.T.);
#1126=ADVANCED_FACE('',(#329,#22,#23),#282,.F.);
#1127=ADVANCED_FACE('',(#330),#283,.T.);
#1128=ADVANCED_FACE('',(#331),#284,.F.);
#1129=ADVANCED_FACE('',(#332),#285,.F.);
#1130=ADVANCED_FACE('',(#333),#286,.F.);
#1131=ADVANCED_FACE('',(#334,#24,#25),#287,.T.);
#1132=ADVANCED_FACE('',(#335),#288,.F.);
#1133=ADVANCED_FACE('',(#336),#289,.T.);
#1134=ADVANCED_FACE('',(#337),#290,.T.);
#1135=ADVANCED_FACE('',(#338),#291,.T.);
#1136=ADVANCED_FACE('',(#339),#292,.F.);
#1137=ADVANCED_FACE('',(#340,#26,#27,#28,#29),#293,.T.);
#1138=ADVANCED_FACE('',(#341),#294,.T.);
#1139=ADVANCED_FACE('',(#342),#295,.F.);
#1140=ADVANCED_FACE('',(#343),#85,.F.);
#1141=ADVANCED_FACE('',(#344),#86,.F.);
#1142=ADVANCED_FACE('',(#345),#87,.F.);
#1143=ADVANCED_FACE('',(#346,#30),#296,.T.);
#1144=ADVANCED_FACE('',(#347),#88,.F.);
#1145=ADVANCED_FACE('',(#348,#31),#297,.T.);
#1146=ADVANCED_FACE('',(#349),#89,.F.);
#1147=ADVANCED_FACE('',(#350),#90,.F.);
#1148=ADVANCED_FACE('',(#351,#32),#1102,.F.);
#1149=ADVANCED_FACE('',(#352,#33),#1103,.F.);
#1150=ADVANCED_FACE('',(#353),#91,.T.);
#1151=ADVANCED_FACE('',(#354,#34),#298,.F.);
#1152=ADVANCED_FACE('',(#355),#92,.T.);
#1153=ADVANCED_FACE('',(#356,#35),#299,.F.);
#1154=ADVANCED_FACE('',(#357),#1104,.T.);
#1155=ADVANCED_FACE('',(#358),#300,.T.);
#1156=ADVANCED_FACE('',(#359),#301,.F.);
#1157=ADVANCED_FACE('',(#360),#302,.F.);
#1158=ADVANCED_FACE('',(#361),#303,.F.);
#1159=ADVANCED_FACE('',(#362),#93,.T.);
#1160=ADVANCED_FACE('',(#363),#94,.T.);
#1161=ADVANCED_FACE('',(#364),#304,.T.);
#1162=ADVANCED_FACE('',(#365),#95,.T.);
#1163=ADVANCED_FACE('',(#366),#96,.T.);
#1164=ADVANCED_FACE('',(#367),#305,.T.);
#1165=ADVANCED_FACE('',(#368),#306,.T.);
#1166=ADVANCED_FACE('',(#369),#307,.F.);
#1167=ADVANCED_FACE('',(#370),#308,.F.);
#1168=ADVANCED_FACE('',(#371),#309,.F.);
#1169=ADVANCED_FACE('',(#372,#36,#37),#1105,.T.);
#1170=ADVANCED_FACE('',(#373,#38,#39),#15,.T.);
#1171=ADVANCED_FACE('',(#374,#40),#1106,.T.);
#1172=CLOSED_SHELL('',(#1107,#1108,#1109,#1110,#1111,#1112,#1113,#1114,
#1115,#1116,#1117,#1118,#1119,#1120,#1121,#1122,#1123,#1124,#1125,#1126,
#1127,#1128,#1129,#1130,#1131,#1132,#1133,#1134,#1135,#1136,#1137,#1138,
#1139,#1140,#1141,#1142,#1143,#1144,#1145,#1146,#1147,#1148,#1149,#1150,
#1151,#1152,#1153,#1154,#1155,#1156,#1157,#1158,#1159,#1160,#1161,#1162,
#1163,#1164,#1165,#1166,#1167,#1168,#1169,#1170,#1171));
#1173=DERIVED_UNIT_ELEMENT(#1175,1.);
#1174=DERIVED_UNIT_ELEMENT(#2624,-3.);
#1175=(
MASS_UNIT()
NAMED_UNIT(*)
SI_UNIT(.KILO.,.GRAM.)
);
#1176=DERIVED_UNIT((#1173,#1174));
#1177=MEASURE_REPRESENTATION_ITEM('density measure',
POSITIVE_RATIO_MEASURE(7850.),#1176);
#1178=PROPERTY_DEFINITION_REPRESENTATION(#1183,#1180);
#1179=PROPERTY_DEFINITION_REPRESENTATION(#1184,#1181);
#1180=REPRESENTATION('material name',(#1182),#2621);
#1181=REPRESENTATION('density',(#1177),#2621);
#1182=DESCRIPTIVE_REPRESENTATION_ITEM('Steel','Steel');
#1183=PROPERTY_DEFINITION('material property','material name',#2631);
#1184=PROPERTY_DEFINITION('material property','density of part',#2631);
#1185=AXIS2_PLACEMENT_3D('',#1555,#1279,#1280);
#1186=AXIS2_PLACEMENT_3D('',#1610,#1281,#1282);
#1187=AXIS2_PLACEMENT_3D('',#1661,#1286,#1287);
#1188=AXIS2_PLACEMENT_3D('',#1665,#1290,#1291);
#1189=AXIS2_PLACEMENT_3D('',#1667,#1292,#1293);
#1190=AXIS2_PLACEMENT_3D('',#1670,#1295,#1296);
#1191=AXIS2_PLACEMENT_3D('',#1671,#1297,#1298);
#1192=AXIS2_PLACEMENT_3D('',#1673,#1299,#1300);
#1193=AXIS2_PLACEMENT_3D('',#1674,#1301,#1302);
#1194=AXIS2_PLACEMENT_3D('',#1676,#1303,#1304);
#1195=AXIS2_PLACEMENT_3D('',#1678,#1305,#1306);
#1196=AXIS2_PLACEMENT_3D('',#1679,#1307,#1308);
#1197=AXIS2_PLACEMENT_3D('',#1681,#1309,#1310);
#1198=AXIS2_PLACEMENT_3D('',#1683,#1311,#1312);
#1199=AXIS2_PLACEMENT_3D('',#1684,#1313,#1314);
#1200=AXIS2_PLACEMENT_3D('',#1686,#1315,#1316);
#1201=AXIS2_PLACEMENT_3D('',#1688,#1317,#1318);
#1202=AXIS2_PLACEMENT_3D('',#1689,#1319,#1320);
#1203=AXIS2_PLACEMENT_3D('',#1691,#1321,#1322);
#1204=AXIS2_PLACEMENT_3D('',#1693,#1324,#1325);
#1205=AXIS2_PLACEMENT_3D('',#1695,#1326,#1327);
#1206=AXIS2_PLACEMENT_3D('',#1697,#1329,#1330);
#1207=AXIS2_PLACEMENT_3D('',#1699,#1331,#1332);
#1208=AXIS2_PLACEMENT_3D('',#1701,#1334,#1335);
#1209=AXIS2_PLACEMENT_3D('',#1703,#1336,#1337);
#1210=AXIS2_PLACEMENT_3D('',#1705,#1339,#1340);
#1211=AXIS2_PLACEMENT_3D('',#1707,#1341,#1342);
#1212=AXIS2_PLACEMENT_3D('',#1709,#1344,#1345);
#1213=AXIS2_PLACEMENT_3D('',#1711,#1346,#1347);
#1214=AXIS2_PLACEMENT_3D('',#1713,#1349,#1350);
#1215=AXIS2_PLACEMENT_3D('',#1715,#1351,#1352);
#1216=AXIS2_PLACEMENT_3D('',#1717,#1354,#1355);
#1217=AXIS2_PLACEMENT_3D('',#1726,#1360,#1361);
#1218=AXIS2_PLACEMENT_3D('',#1735,#1366,#1367);
#1219=AXIS2_PLACEMENT_3D('',#1738,#1370,#1371);
#1220=AXIS2_PLACEMENT_3D('',#1740,#1373,#1374);
#1221=AXIS2_PLACEMENT_3D('',#1774,#1392,#1393);
#1222=AXIS2_PLACEMENT_3D('',#1780,#1397,#1398);
#1223=AXIS2_PLACEMENT_3D('',#1784,#1401,#1402);
#1224=AXIS2_PLACEMENT_3D('',#1788,#1405,#1406);
#1225=AXIS2_PLACEMENT_3D('',#1790,#1408,#1409);
#1226=AXIS2_PLACEMENT_3D('',#1792,#1410,#1411);
#1227=AXIS2_PLACEMENT_3D('',#1809,#1421,#1422);
#1228=AXIS2_PLACEMENT_3D('',#1810,#1423,#1424);
#1229=AXIS2_PLACEMENT_3D('',#1814,#1426,#1427);
#1230=AXIS2_PLACEMENT_3D('',#1816,#1429,#1430);
#1231=AXIS2_PLACEMENT_3D('',#1820,#1433,#1434);
#1232=AXIS2_PLACEMENT_3D('',#1823,#1436,#1437);
#1233=AXIS2_PLACEMENT_3D('',#1824,#1438,#1439);
#1234=AXIS2_PLACEMENT_3D('',#1856,#1442,#1443);
#1235=AXIS2_PLACEMENT_3D('',#1865,#1445,#1446);
#1236=AXIS2_PLACEMENT_3D('',#1894,#1447,#1448);
#1237=AXIS2_PLACEMENT_3D('',#1898,#1450,#1451);
#1238=AXIS2_PLACEMENT_3D('',#1900,#1453,#1454);
#1239=AXIS2_PLACEMENT_3D('',#1902,#1455,#1456);
#1240=AXIS2_PLACEMENT_3D('',#1911,#1457,#1458);
#1241=AXIS2_PLACEMENT_3D('',#1921,#1459,#1460);
#1242=AXIS2_PLACEMENT_3D('',#1922,#1461,#1462);
#1243=AXIS2_PLACEMENT_3D('',#1967,#1464,#1465);
#1244=AXIS2_PLACEMENT_3D('',#1968,#1466,#1467);
#1245=AXIS2_PLACEMENT_3D('',#1970,#1468,#1469);
#1246=AXIS2_PLACEMENT_3D('',#1971,#1470,#1471);
#1247=AXIS2_PLACEMENT_3D('',#2016,#1473,#1474);
#1248=AXIS2_PLACEMENT_3D('',#2017,#1475,#1476);
#1249=AXIS2_PLACEMENT_3D('',#2019,#1477,#1478);
#1250=AXIS2_PLACEMENT_3D('',#2020,#1479,#1480);
#1251=AXIS2_PLACEMENT_3D('',#2023,#1482,#1483);
#1252=AXIS2_PLACEMENT_3D('',#2024,#1484,#1485);
#1253=AXIS2_PLACEMENT_3D('',#2027,#1487,#1488);
#1254=AXIS2_PLACEMENT_3D('',#2090,#1489,#1490);
#1255=AXIS2_PLACEMENT_3D('',#2092,#1491,#1492);
#1256=AXIS2_PLACEMENT_3D('',#2235,#1494,#1495);
#1257=AXIS2_PLACEMENT_3D('',#2236,#1496,#1497);
#1258=AXIS2_PLACEMENT_3D('',#2238,#1498,#1499);
#1259=AXIS2_PLACEMENT_3D('',#2381,#1501,#1502);
#1260=AXIS2_PLACEMENT_3D('',#2453,#1503,#1504);
#1261=AXIS2_PLACEMENT_3D('',#2455,#1505,#1506);
#1262=AXIS2_PLACEMENT_3D('',#2458,#1508,#1509);
#1263=AXIS2_PLACEMENT_3D('',#2459,#1510,#1511);
#1264=AXIS2_PLACEMENT_3D('',#2461,#1513,#1514);
#1265=AXIS2_PLACEMENT_3D('',#2465,#1517,#1518);
#1266=AXIS2_PLACEMENT_3D('',#2469,#1521,#1522);
#1267=AXIS2_PLACEMENT_3D('',#2470,#1523,#1524);
#1268=AXIS2_PLACEMENT_3D('',#2471,#1525,#1526);
#1269=AXIS2_PLACEMENT_3D('',#2474,#1527,#1528);
#1270=AXIS2_PLACEMENT_3D('',#2477,#1531,#1532);
#1271=AXIS2_PLACEMENT_3D('',#2481,#1535,#1536);
#1272=AXIS2_PLACEMENT_3D('',#2484,#1538,#1539);
#1273=AXIS2_PLACEMENT_3D('',#2485,#1540,#1541);
#1274=AXIS2_PLACEMENT_3D('',#2486,#1542,#1543);
#1275=AXIS2_PLACEMENT_3D('',#2498,#1545,#1546);
#1276=AXIS2_PLACEMENT_3D('',#2507,#1548,#1549);
#1277=AXIS2_PLACEMENT_3D('',#2517,#1550,#1551);
#1278=AXIS2_PLACEMENT_3D('',#2518,#1552,#1553);
#1279=DIRECTION('axis',(0.,0.,1.));
#1280=DIRECTION('refdir',(1.,0.,0.));
#1281=DIRECTION('center_axis',(-0.447213595499958,-0.894427190999916,0.));
#1282=DIRECTION('ref_axis',(-0.894427190999916,0.447213595499958,0.));
#1283=DIRECTION('',(0.,0.,-1.));
#1284=DIRECTION('',(0.,0.,1.));
#1285=DIRECTION('',(0.,-1.,0.));
#1286=DIRECTION('center_axis',(1.,0.,0.));
#1287=DIRECTION('ref_axis',(0.,0.,1.));
#1288=DIRECTION('',(0.,-1.,0.));
#1289=DIRECTION('',(0.,0.,-1.));
#1290=DIRECTION('center_axis',(0.,0.,1.));
#1291=DIRECTION('ref_axis',(1.,0.,0.));
#1292=DIRECTION('center_axis',(2.67117108087397E-17,0.,-1.));
#1293=DIRECTION('ref_axis',(1.,0.,0.));
#1294=DIRECTION('',(0.,0.,1.));
#1295=DIRECTION('center_axis',(0.,0.,1.));
#1296=DIRECTION('ref_axis',(1.,0.,0.));
#1297=DIRECTION('center_axis',(0.,0.,-1.));
#1298=DIRECTION('ref_axis',(1.,0.,0.));
#1299=DIRECTION('center_axis',(0.,0.,-1.));
#1300=DIRECTION('ref_axis',(-1.,0.,0.));
#1301=DIRECTION('center_axis',(0.,0.,-1.));
#1302=DIRECTION('ref_axis',(1.,0.,0.));
#1303=DIRECTION('center_axis',(0.,0.,1.));
#1304=DIRECTION('ref_axis',(1.,0.,0.));
#1305=DIRECTION('center_axis',(0.,0.,-1.));
#1306=DIRECTION('ref_axis',(-1.,0.,0.));
#1307=DIRECTION('center_axis',(0.,0.,-1.));
#1308=DIRECTION('ref_axis',(1.,0.,0.));
#1309=DIRECTION('center_axis',(0.,0.,1.));
#1310=DIRECTION('ref_axis',(1.,0.,0.));
#1311=DIRECTION('center_axis',(0.,0.,-1.));
#1312=DIRECTION('ref_axis',(-1.,0.,0.));
#1313=DIRECTION('center_axis',(0.,0.,-1.));
#1314=DIRECTION('ref_axis',(1.,0.,0.));
#1315=DIRECTION('center_axis',(0.,0.,1.));
#1316=DIRECTION('ref_axis',(1.,0.,0.));
#1317=DIRECTION('center_axis',(0.,0.,-1.));
#1318=DIRECTION('ref_axis',(-1.,0.,0.));
#1319=DIRECTION('center_axis',(0.,0.,1.));
#1320=DIRECTION('ref_axis',(1.,0.,0.));
#1321=DIRECTION('center_axis',(2.67117108087397E-17,0.,-1.));
#1322=DIRECTION('ref_axis',(1.,0.,0.));
#1323=DIRECTION('',(0.,0.,1.));
#1324=DIRECTION('center_axis',(0.,0.,1.));
#1325=DIRECTION('ref_axis',(1.,0.,0.));
#1326=DIRECTION('center_axis',(2.67117108087397E-17,0.,-1.));
#1327=DIRECTION('ref_axis',(1.,0.,0.));
#1328=DIRECTION('',(0.,0.,1.));
#1329=DIRECTION('center_axis',(0.,0.,1.));
#1330=DIRECTION('ref_axis',(1.,0.,0.));
#1331=DIRECTION('center_axis',(2.67117108087397E-17,0.,-1.));
#1332=DIRECTION('ref_axis',(1.,0.,0.));
#1333=DIRECTION('',(0.,0.,1.));
#1334=DIRECTION('center_axis',(0.,0.,-1.));
#1335=DIRECTION('ref_axis',(-1.,0.,0.));
#1336=DIRECTION('center_axis',(0.,0.,1.));
#1337=DIRECTION('ref_axis',(-1.,0.,0.));
#1338=DIRECTION('',(0.,0.,-1.));
#1339=DIRECTION('center_axis',(0.,0.,-1.));
#1340=DIRECTION('ref_axis',(-1.,0.,0.));
#1341=DIRECTION('center_axis',(0.,0.,1.));
#1342=DIRECTION('ref_axis',(-1.,0.,0.));
#1343=DIRECTION('',(0.,0.,-1.));
#1344=DIRECTION('center_axis',(0.,0.,-1.));
#1345=DIRECTION('ref_axis',(-1.,0.,0.));
#1346=DIRECTION('center_axis',(0.,0.,1.));
#1347=DIRECTION('ref_axis',(-1.,0.,0.));
#1348=DIRECTION('',(0.,0.,-1.));
#1349=DIRECTION('center_axis',(0.,0.,-1.));
#1350=DIRECTION('ref_axis',(-1.,0.,0.));
#1351=DIRECTION('center_axis',(0.,0.,1.));
#1352=DIRECTION('ref_axis',(-1.,0.,0.));
#1353=DIRECTION('',(0.,0.,-1.));
#1354=DIRECTION('center_axis',(0.,-1.,0.));
#1355=DIRECTION('ref_axis',(1.,0.,0.));
#1356=DIRECTION('',(0.,0.,1.));
#1357=DIRECTION('',(-1.,0.,0.));
#1358=DIRECTION('',(0.,0.,1.));
#1359=DIRECTION('',(1.,0.,-2.68245102053009E-17));
#1360=DIRECTION('center_axis',(0.,1.,0.));
#1361=DIRECTION('ref_axis',(-1.,0.,0.));
#1362=DIRECTION('',(0.,0.,-1.));
#1363=DIRECTION('',(-1.,0.,2.68245102053009E-17));
#1364=DIRECTION('',(0.,0.,1.));
#1365=DIRECTION('',(1.,0.,0.));
#1366=DIRECTION('center_axis',(-1.,0.,0.));
#1367=DIRECTION('ref_axis',(0.,-1.,0.));
#1368=DIRECTION('',(0.,1.,0.));
#1369=DIRECTION('',(0.,-1.,0.));
#1370=DIRECTION('center_axis',(0.,0.,-1.));
#1371=DIRECTION('ref_axis',(-1.,0.,0.));
#1372=DIRECTION('',(0.,1.,0.));
#1373=DIRECTION('center_axis',(2.68245102053009E-17,0.,1.));
#1374=DIRECTION('ref_axis',(-1.,0.,2.68245102053009E-17));
#1375=DIRECTION('',(0.,-1.,0.));
#1376=DIRECTION('',(1.,0.,-2.68245102053009E-17));
#1377=DIRECTION('',(0.,-1.,0.));
#1378=DIRECTION('',(-1.,0.,2.68245102053009E-17));
#1379=DIRECTION('',(0.,-1.,0.));
#1380=DIRECTION('',(-1.,0.,2.68245102053009E-17));
#1381=DIRECTION('',(0.,-1.,0.));
#1382=DIRECTION('',(-1.,0.,2.68245102053009E-17));
#1383=DIRECTION('',(0.,-1.,0.));
#1384=DIRECTION('',(-1.,0.,2.68245102053009E-17));
#1385=DIRECTION('',(0.,-1.,0.));
#1386=DIRECTION('',(-1.,0.,2.68245102053009E-17));
#1387=DIRECTION('',(0.,-1.,0.));
#1388=DIRECTION('',(1.,0.,-2.68245102053009E-17));
#1389=DIRECTION('',(0.,-1.,0.));
#1390=DIRECTION('',(1.,0.,-2.68245102053009E-17));
#1391=DIRECTION('',(0.,-1.,0.));
#1392=DIRECTION('center_axis',(0.,1.,0.));
#1393=DIRECTION('ref_axis',(-1.,0.,0.));
#1394=DIRECTION('',(0.,0.,1.));
#1395=DIRECTION('',(-1.,0.,0.));
#1396=DIRECTION('',(0.,0.,1.));
#1397=DIRECTION('center_axis',(1.,0.,0.));
#1398=DIRECTION('ref_axis',(0.,1.,0.));
#1399=DIRECTION('',(0.,1.,0.));
#1400=DIRECTION('',(0.,0.,1.));
#1401=DIRECTION('center_axis',(0.,-1.,0.));
#1402=DIRECTION('ref_axis',(1.,0.,0.));
#1403=DIRECTION('',(0.,0.,-1.));
#1404=DIRECTION('',(1.,0.,0.));
#1405=DIRECTION('center_axis',(0.,0.,1.));
#1406=DIRECTION('ref_axis',(-1.,0.,0.));
#1407=DIRECTION('',(0.,1.,0.));
#1408=DIRECTION('center_axis',(1.,0.,0.));
#1409=DIRECTION('ref_axis',(0.,0.,-1.));
#1410=DIRECTION('center_axis',(-1.,0.,0.));
#1411=DIRECTION('ref_axis',(0.,0.707106781186546,-0.707106781186549));
#1412=DIRECTION('',(0.,0.,-1.));
#1413=DIRECTION('',(0.,-1.,0.));
#1414=DIRECTION('',(0.,0.,1.));
#1415=DIRECTION('',(0.,0.,1.));
#1416=DIRECTION('',(0.,-1.,0.));
#1417=DIRECTION('',(0.,0.,-1.));
#1418=DIRECTION('',(0.,0.,-1.));
#1419=DIRECTION('',(0.,-1.,0.));
#1420=DIRECTION('',(0.,0.,1.));
#1421=DIRECTION('center_axis',(-1.,0.,0.));
#1422=DIRECTION('ref_axis',(0.,-0.707106781186548,-0.707106781186548));
#1423=DIRECTION('center_axis',(0.,1.,0.));
#1424=DIRECTION('ref_axis',(0.,0.,1.));
#1425=DIRECTION('',(1.,0.,0.));
#1426=DIRECTION('center_axis',(0.,-1.,0.));
#1427=DIRECTION('ref_axis',(0.707106781186546,0.,0.707106781186549));
#1428=DIRECTION('',(1.,0.,-2.68245102053009E-17));
#1429=DIRECTION('center_axis',(0.,0.,1.));
#1430=DIRECTION('ref_axis',(0.,-1.,0.));
#1431=DIRECTION('',(-1.,0.,0.));
#1432=DIRECTION('',(0.,-1.,0.));
#1433=DIRECTION('center_axis',(0.,-1.,0.));
#1434=DIRECTION('ref_axis',(0.,0.,-1.));
#1435=DIRECTION('',(0.,0.,1.));
#1436=DIRECTION('center_axis',(0.,1.,0.));
#1437=DIRECTION('ref_axis',(0.707106781186546,0.,0.707106781186549));
#1438=DIRECTION('center_axis',(0.,1.,0.));
#1439=DIRECTION('ref_axis',(-1.,0.,0.));
#1440=DIRECTION('',(1.,0.,2.67117108087397E-17));
#1441=DIRECTION('',(0.,0.,1.));
#1442=DIRECTION('center_axis',(2.67117108087397E-17,0.,-1.));
#1443=DIRECTION('ref_axis',(1.,0.,2.67117108087397E-17));
#1444=DIRECTION('',(1.,0.,2.67117108087397E-17));
#1445=DIRECTION('center_axis',(0.,1.,0.));
#1446=DIRECTION('ref_axis',(-1.,0.,0.));
#1447=DIRECTION('center_axis',(0.,1.,0.));
#1448=DIRECTION('ref_axis',(0.,0.,1.));
#1449=DIRECTION('',(-1.,0.,2.68245102053009E-17));
#1450=DIRECTION('center_axis',(0.,1.,0.));
#1451=DIRECTION('ref_axis',(0.707106781186546,0.,0.707106781186549));
#1452=DIRECTION('',(1.,0.,0.));
#1453=DIRECTION('center_axis',(-1.,0.,2.68245102053009E-17));
#1454=DIRECTION('ref_axis',(0.,0.707106781186546,-0.707106781186549));
#1455=DIRECTION('center_axis',(1.,0.,0.));
#1456=DIRECTION('ref_axis',(0.,0.707106781186546,-0.707106781186549));
#1457=DIRECTION('center_axis',(1.,0.,-2.68245102053009E-17));
#1458=DIRECTION('ref_axis',(0.,-0.707106781186548,-0.707106781186548));
#1459=DIRECTION('center_axis',(1.,0.,0.));
#1460=DIRECTION('ref_axis',(0.,-0.707106781186548,-0.707106781186548));
#1461=DIRECTION('center_axis',(0.,0.,1.));
#1462=DIRECTION('ref_axis',(-1.,0.,0.));
#1463=DIRECTION('',(0.,0.,1.));
#1464=DIRECTION('center_axis',(-2.67117108087397E-17,0.,1.));
#1465=DIRECTION('ref_axis',(-1.,0.,-2.67117108087397E-17));
#1466=DIRECTION('center_axis',(2.67117108087397E-17,0.,-1.));
#1467=DIRECTION('ref_axis',(-1.,0.,-2.67117108087397E-17));
#1468=DIRECTION('center_axis',(2.67117108087397E-17,0.,-1.));
#1469=DIRECTION('ref_axis',(-1.,0.,0.));
#1470=DIRECTION('center_axis',(0.,0.,1.));
#1471=DIRECTION('ref_axis',(-1.,0.,0.));
#1472=DIRECTION('',(0.,0.,1.));
#1473=DIRECTION('center_axis',(-2.67117108087397E-17,0.,1.));
#1474=DIRECTION('ref_axis',(-1.,0.,-2.67117108087397E-17));
#1475=DIRECTION('center_axis',(2.67117108087397E-17,0.,-1.));
#1476=DIRECTION('ref_axis',(-1.,0.,-2.67117108087397E-17));
#1477=DIRECTION('center_axis',(2.67117108087397E-17,0.,-1.));
#1478=DIRECTION('ref_axis',(-1.,0.,0.));
#1479=DIRECTION('center_axis',(0.,0.,1.));
#1480=DIRECTION('ref_axis',(-1.,0.,0.));
#1481=DIRECTION('',(0.,0.,1.));
#1482=DIRECTION('center_axis',(2.67117108087397E-17,0.,-1.));
#1483=DIRECTION('ref_axis',(-1.,0.,0.));
#1484=DIRECTION('center_axis',(0.,0.,1.));
#1485=DIRECTION('ref_axis',(-1.,0.,0.));
#1486=DIRECTION('',(0.,0.,1.));
#1487=DIRECTION('center_axis',(2.67117108087397E-17,0.,-1.));
#1488=DIRECTION('ref_axis',(-1.,0.,0.));
#1489=DIRECTION('center_axis',(0.,0.,1.));
#1490=DIRECTION('ref_axis',(-1.,0.,0.));
#1491=DIRECTION('center_axis',(-2.67117108087397E-17,0.,1.));
#1492=DIRECTION('ref_axis',(-1.,0.,-2.67117108087397E-17));
#1493=DIRECTION('',(0.,0.,-1.));
#1494=DIRECTION('center_axis',(2.67117108087397E-17,0.,-1.));
#1495=DIRECTION('ref_axis',(-1.,0.,-2.67117108087397E-17));
#1496=DIRECTION('center_axis',(0.,0.,1.));
#1497=DIRECTION('ref_axis',(-1.,0.,0.));
#1498=DIRECTION('center_axis',(-2.67117108087397E-17,0.,1.));
#1499=DIRECTION('ref_axis',(-1.,0.,-2.67117108087397E-17));
#1500=DIRECTION('',(0.,0.,-1.));
#1501=DIRECTION('center_axis',(2.67117108087397E-17,0.,-1.));
#1502=DIRECTION('ref_axis',(-1.,0.,-2.67117108087397E-17));
#1503=DIRECTION('center_axis',(-1.,0.,0.));
#1504=DIRECTION('ref_axis',(0.,0.,1.));
#1505=DIRECTION('center_axis',(1.,0.,0.));
#1506=DIRECTION('ref_axis',(0.,-0.707106781186548,0.707106781186547));
#1507=DIRECTION('',(0.,1.,0.));
#1508=DIRECTION('center_axis',(1.,0.,0.));
#1509=DIRECTION('ref_axis',(0.,0.707106781186547,0.707106781186548));
#1510=DIRECTION('center_axis',(-1.,0.,0.));
#1511=DIRECTION('ref_axis',(0.,0.,-1.));
#1512=DIRECTION('',(0.,-1.,0.));
#1513=DIRECTION('center_axis',(-1.,0.,0.));
#1514=DIRECTION('ref_axis',(0.,0.,-1.));
#1515=DIRECTION('',(0.,0.,-1.));
#1516=DIRECTION('',(0.,1.,0.));
#1517=DIRECTION('center_axis',(0.,0.,-1.));
#1518=DIRECTION('ref_axis',(0.,1.,0.));
#1519=DIRECTION('',(0.,-1.,0.));
#1520=DIRECTION('',(1.,0.,0.));
#1521=DIRECTION('center_axis',(0.,1.,0.));
#1522=DIRECTION('ref_axis',(0.707106781186546,0.,0.707106781186549));
#1523=DIRECTION('center_axis',(0.,-1.,0.));
#1524=DIRECTION('ref_axis',(0.707106781186546,0.,0.707106781186549));
#1525=DIRECTION('center_axis',(1.,0.,0.));
#1526=DIRECTION('ref_axis',(0.,0.707106781186547,0.707106781186548));
#1527=DIRECTION('center_axis',(-1.,0.,0.));
#1528=DIRECTION('ref_axis',(0.,0.707106781186547,0.707106781186548));
#1529=DIRECTION('',(1.,0.,0.));
#1530=DIRECTION('',(1.,0.,0.));
#1531=DIRECTION('center_axis',(0.,0.,1.));
#1532=DIRECTION('ref_axis',(1.,0.,0.));
#1533=DIRECTION('',(-1.,0.,0.));
#1534=DIRECTION('',(0.,-1.,0.));
#1535=DIRECTION('center_axis',(-1.,0.,0.));
#1536=DIRECTION('ref_axis',(0.,-0.707106781186548,0.707106781186547));
#1537=DIRECTION('',(-1.,0.,0.));
#1538=DIRECTION('center_axis',(-1.,0.,0.));
#1539=DIRECTION('ref_axis',(0.,-0.707106781186548,0.707106781186547));
#1540=DIRECTION('center_axis',(0.,-1.,0.));
#1541=DIRECTION('ref_axis',(0.707106781186546,0.,0.707106781186549));
#1542=DIRECTION('center_axis',(0.,-1.,0.));
#1543=DIRECTION('ref_axis',(0.,0.,-1.));
#1544=DIRECTION('',(0.,0.,-1.));
#1545=DIRECTION('center_axis',(1.,0.,0.));
#1546=DIRECTION('ref_axis',(0.,0.,-1.));
#1547=DIRECTION('',(0.,0.,-1.));
#1548=DIRECTION('center_axis',(0.,-1.,0.));
#1549=DIRECTION('ref_axis',(0.,0.,-1.));
#1550=DIRECTION('center_axis',(0.,-1.,0.));
#1551=DIRECTION('ref_axis',(0.,0.,-1.));
#1552=DIRECTION('center_axis',(-0.55470019622523,0.832050294337843,0.));
#1553=DIRECTION('ref_axis',(0.832050294337843,0.55470019622523,0.));
#1554=DIRECTION('',(0.,-1.,0.));
#1555=CARTESIAN_POINT('',(0.,0.,0.));
#1556=CARTESIAN_POINT('Ctrl Pts',(138.67532992198,109.505977919975,-21.9055701543889));
#1557=CARTESIAN_POINT('Ctrl Pts',(138.67532992198,76.7682403655674,-21.9055701543889));
#1558=CARTESIAN_POINT('Ctrl Pts',(138.67532992198,44.0305028111595,-21.9055701543889));
#1559=CARTESIAN_POINT('Ctrl Pts',(138.67532992198,11.2927652567516,-21.9055701543889));
#1560=CARTESIAN_POINT('Ctrl Pts',(138.67532992198,109.505977919975,-22.3483625666681));
#1561=CARTESIAN_POINT('Ctrl Pts',(138.67532992198,76.7682403655674,-22.3483625666681));
#1562=CARTESIAN_POINT('Ctrl Pts',(138.67532992198,44.0305028111595,-22.3483625666681));
#1563=CARTESIAN_POINT('Ctrl Pts',(138.67532992198,11.2927652567516,-22.3483625666681));
#1564=CARTESIAN_POINT('Ctrl Pts',(138.309282338129,109.505977919975,-23.1153496734911));
#1565=CARTESIAN_POINT('Ctrl Pts',(138.309282338129,76.7682403655675,-23.1153496734911));
#1566=CARTESIAN_POINT('Ctrl Pts',(138.309282338129,44.0305028111594,-23.1153496734911));
#1567=CARTESIAN_POINT('Ctrl Pts',(138.309282338129,11.2927652567516,-23.1153496734911));
#1568=CARTESIAN_POINT('Ctrl Pts',(137.53888285037,109.505977919975,-23.3982576295385));
#1569=CARTESIAN_POINT('Ctrl Pts',(137.53888285037,76.7682403655674,-23.3982576295385));
#1570=CARTESIAN_POINT('Ctrl Pts',(137.53888285037,44.0305028111595,-23.3982576295385));
#1571=CARTESIAN_POINT('Ctrl Pts',(137.53888285037,11.2927652567516,-23.3982576295385));
#1572=CARTESIAN_POINT('Ctrl Pts',(137.206861924931,109.505977919975,-23.4052386953639));
#1573=CARTESIAN_POINT('Ctrl Pts',(137.206861924931,76.7682403655674,-23.4052386953639));
#1574=CARTESIAN_POINT('Ctrl Pts',(137.206861924931,44.0305028111595,-23.4052386953639));
#1575=CARTESIAN_POINT('Ctrl Pts',(137.206861924931,11.2927652567516,-23.4052386953639));
#1576=CARTESIAN_POINT('',(138.67532992198,12.2717439214509,-21.9055701543889));
#1577=CARTESIAN_POINT('',(137.206861924931,11.2927652567516,-23.4052386953639));
#1578=CARTESIAN_POINT('Ctrl Pts',(138.67532992198,12.2717439214509,-21.9055701543889));
#1579=CARTESIAN_POINT('Ctrl Pts',(138.67532992198,12.2717439214509,-22.0696809918368));
#1580=CARTESIAN_POINT('Ctrl Pts',(138.648419693562,12.253803769172,-22.2308555482931));
#1581=CARTESIAN_POINT('Ctrl Pts',(138.541781748173,12.1827118055793,-22.5483707156634));
#1582=CARTESIAN_POINT('Ctrl Pts',(138.459495686795,12.1278544313275,-22.6981555349159));
#1583=CARTESIAN_POINT('Ctrl Pts',(138.237441181934,11.9798180947534,-22.9827238483138));
#1584=CARTESIAN_POINT('Ctrl Pts',(138.091888393196,11.8827829022614,-23.107127153547));
#1585=CARTESIAN_POINT('Ctrl Pts',(137.821713789473,11.7026664997796,-23.2653030826631));
#1586=CARTESIAN_POINT('Ctrl Pts',(137.70391021149,11.6241307811242,-23.3149502569953));
#1587=CARTESIAN_POINT('Ctrl Pts',(137.459916090128,11.4614680335493,-23.3838823520123));
#1588=CARTESIAN_POINT('Ctrl Pts',(137.333451826595,11.3771585245274,-23.4025770184374));
#1589=CARTESIAN_POINT('Ctrl Pts',(137.206861924931,11.2927652567516,-23.4052386953639));
#1590=CARTESIAN_POINT('',(137.206861924931,109.505977919975,-23.4052386953639));
#1591=CARTESIAN_POINT('Ctrl Pts',(137.206861924931,11.2927652567516,-23.4052386953639));
#1592=CARTESIAN_POINT('Ctrl Pts',(137.206861924931,44.0305028111595,-23.4052386953639));
#1593=CARTESIAN_POINT('Ctrl Pts',(137.206861924931,76.7682403655674,-23.4052386953639));
#1594=CARTESIAN_POINT('Ctrl Pts',(137.206861924931,109.505977919975,-23.4052386953639));
#1595=CARTESIAN_POINT('',(138.67532992198,108.771743921451,-21.9055701543889));
#1596=CARTESIAN_POINT('Ctrl Pts',(137.206861924931,109.505977919975,-23.4052386953639));
#1597=CARTESIAN_POINT('Ctrl Pts',(137.423325863176,109.397745950853,-23.4006873286098));
#1598=CARTESIAN_POINT('Ctrl Pts',(137.638334788175,109.290241488354,-23.3492788425339));
#1599=CARTESIAN_POINT('Ctrl Pts',(138.016682109638,109.101067827622,-23.1635354225089));
#1600=CARTESIAN_POINT('Ctrl Pts',(138.181132819986,109.018842472448,-23.0378506479958));
#1601=CARTESIAN_POINT('Ctrl Pts',(138.429629341888,108.894594211497,-22.7464009094117));
#1602=CARTESIAN_POINT('Ctrl Pts',(138.520604686965,108.849106538958,-22.5930555161971));
#1603=CARTESIAN_POINT('Ctrl Pts',(138.643583987848,108.787616888517,-22.2592734785661));
#1604=CARTESIAN_POINT('Ctrl Pts',(138.67532992198,108.771743921451,-22.0838021095627));
#1605=CARTESIAN_POINT('Ctrl Pts',(138.67532992198,108.771743921451,-21.9055701543889));
#1606=CARTESIAN_POINT('Ctrl Pts',(138.67532992198,108.771743921451,-21.9055701543889));
#1607=CARTESIAN_POINT('Ctrl Pts',(138.67532992198,76.6050772547842,-21.9055701543889));
#1608=CARTESIAN_POINT('Ctrl Pts',(138.67532992198,44.4384105881175,-21.9055701543889));
#1609=CARTESIAN_POINT('Ctrl Pts',(138.67532992198,12.2717439214509,-21.9055701543889));
#1610=CARTESIAN_POINT('Origin',(138.67532992198,108.771743921451,5.11));
#1611=CARTESIAN_POINT('',(116.363990795352,119.927413484765,-28.3326049293944));
#1612=CARTESIAN_POINT('Ctrl Pts',(137.206861924931,109.505977919975,-23.4052386953639));
#1613=CARTESIAN_POINT('Ctrl Pts',(133.608470111322,111.30517382678,-23.4808984149523));
#1614=CARTESIAN_POINT('Ctrl Pts',(130.020690275899,113.099063744491,-23.8455376961633));
#1615=CARTESIAN_POINT('Ctrl Pts',(122.416200968483,116.9013083982,-25.5852942760759));
#1616=CARTESIAN_POINT('Ctrl Pts',(119.162242965677,118.528287399602,-26.9299700873591));
#1617=CARTESIAN_POINT('Ctrl Pts',(116.363990795354,119.927413484764,-28.3326049293935));
#1618=CARTESIAN_POINT('',(113.67532992198,121.271743921451,-29.7585828611575));
#1619=CARTESIAN_POINT('Ctrl Pts',(116.363990795352,119.927413484765,-28.3326049293944));
#1620=CARTESIAN_POINT('Ctrl Pts',(115.454908312665,120.381954726109,-28.7882860785141));
#1621=CARTESIAN_POINT('Ctrl Pts',(114.570008869664,120.824404447609,-29.2620403152845));
#1622=CARTESIAN_POINT('Ctrl Pts',(113.67532992198,121.271743921451,-29.7585828611575));
#1623=CARTESIAN_POINT('',(113.67532992198,121.271743921451,-22.9687348053144));
#1624=CARTESIAN_POINT('',(113.67532992198,121.271743921451,-12.0173072574915));
#1625=CARTESIAN_POINT('',(138.67532992198,108.771743921451,-17.39));
#1626=CARTESIAN_POINT('Ctrl Pts',(138.67532992198,108.771743921451,-17.39));
#1627=CARTESIAN_POINT('Ctrl Pts',(134.047552819182,111.08563247285,-17.39));
#1628=CARTESIAN_POINT('Ctrl Pts',(129.455679613681,113.3815690756,-17.7985111176456));
#1629=CARTESIAN_POINT('Ctrl Pts',(120.379342642158,117.919737561362,-19.9186429454662));
#1630=CARTESIAN_POINT('Ctrl Pts',(116.738816197831,119.740000783525,-21.433150330772));
#1631=CARTESIAN_POINT('Ctrl Pts',(113.67532992198,121.271743921451,-22.9687348053144));
#1632=CARTESIAN_POINT('',(138.67532992198,108.771743921451,-8.14));
#1633=CARTESIAN_POINT('Ctrl Pts',(116.363990795354,120.375523630327,-28.3326049293935));
#1634=CARTESIAN_POINT('Ctrl Pts',(116.363990795354,-3.19996235705036,-28.3326049293935));
#1635=CARTESIAN_POINT('Ctrl Pts',(118.040836467598,120.375523630327,-27.4920794794185));
#1636=CARTESIAN_POINT('Ctrl Pts',(118.040836467598,-3.19996235705036,-27.4920794794185));
#1637=CARTESIAN_POINT('Ctrl Pts',(119.853917983865,120.375523630327,-26.6851647476479));
#1638=CARTESIAN_POINT('Ctrl Pts',(119.853917983865,-3.19996235705036,-26.6851647476479));
#1639=CARTESIAN_POINT('Ctrl Pts',(121.906608454291,120.375523630327,-25.9695533278593));
#1640=CARTESIAN_POINT('Ctrl Pts',(121.906608454291,-3.19996235705036,-25.9695533278593));
#1641=CARTESIAN_POINT('Ctrl Pts',(123.169122865015,120.375523630327,-25.5294140360472));
#1642=CARTESIAN_POINT('Ctrl Pts',(123.169122865015,-3.19996235705036,-25.5294140360472));
#1643=CARTESIAN_POINT('Ctrl Pts',(124.528589977242,120.375523630327,-25.122534736718));
#1644=CARTESIAN_POINT('Ctrl Pts',(124.528589977242,-3.19996235705036,-25.122534736718));
#1645=CARTESIAN_POINT('Ctrl Pts',(125.99109791209,120.375523630327,-24.77037259306));
#1646=CARTESIAN_POINT('Ctrl Pts',(125.99109791209,-3.19996235705036,-24.77037259306));
#1647=CARTESIAN_POINT('Ctrl Pts',(130.078123952517,120.375523630327,-23.786244016874));
#1648=CARTESIAN_POINT('Ctrl Pts',(130.078123952517,-3.19996235705036,-23.786244016874));
#1649=CARTESIAN_POINT('Ctrl Pts',(134.293817121863,120.375523630327,-23.39));
#1650=CARTESIAN_POINT('Ctrl Pts',(134.293817121863,-3.19996235705036,-23.39));
#1651=CARTESIAN_POINT('Ctrl Pts',(138.67532992198,120.375523630327,-23.39));
#1652=CARTESIAN_POINT('Ctrl Pts',(138.67532992198,-3.19996235705036,-23.39));
#1653=CARTESIAN_POINT('',(116.363990795352,-2.60248216296766,-28.3326049293944));
#1654=CARTESIAN_POINT('Ctrl Pts',(116.363990795354,-2.60248216296652,-28.3326049293935));
#1655=CARTESIAN_POINT('Ctrl Pts',(119.106646418,-0.774045081202659,-26.9578380742747));
#1656=CARTESIAN_POINT('Ctrl Pts',(122.287785523351,1.34671432238488,-25.6383817788985));
#1657=CARTESIAN_POINT('Ctrl Pts',(129.862876450419,6.39677494043053,-23.861280342706));
#1658=CARTESIAN_POINT('Ctrl Pts',(133.532218206446,8.84300277776141,-23.4825016860912));
#1659=CARTESIAN_POINT('Ctrl Pts',(137.206861924931,11.2927652567517,-23.4052386953639));
#1660=CARTESIAN_POINT('',(116.363990795352,121.271743921451,-28.3326049293944));
#1661=CARTESIAN_POINT('Origin',(138.67532992198,121.271743921451,-21.39));
#1662=CARTESIAN_POINT('',(138.67532992198,12.2717439214509,-17.39));
#1663=CARTESIAN_POINT('',(138.67532992198,121.271743921451,-17.39));
#1664=CARTESIAN_POINT('',(138.67532992198,12.2717439214509,-8.14));
#1665=CARTESIAN_POINT('Origin',(59.3681366563633,90.665510041427,-40.89));
#1666=CARTESIAN_POINT('',(56.3681366563633,90.665510041427,-42.89));
#1667=CARTESIAN_POINT('Origin',(59.3681366563633,90.665510041427,-42.89));
#1668=CARTESIAN_POINT('',(56.3681366563633,90.665510041427,-39.39));
#1669=CARTESIAN_POINT('',(56.3681366563633,90.665510041427,-40.89));
#1670=CARTESIAN_POINT('Origin',(59.3681366563633,90.665510041427,-39.39));
#1671=CARTESIAN_POINT('Origin',(59.3681366563633,90.665510041427,-39.39));
#1672=CARTESIAN_POINT('',(61.4181366563633,90.665510041427,-39.39));
#1673=CARTESIAN_POINT('Origin',(59.3681366563633,90.665510041427,-39.39));
#1674=CARTESIAN_POINT('Origin',(65.7592834063734,14.8779778014747,-39.39));
#1675=CARTESIAN_POINT('',(62.7592834063734,14.8779778014747,-39.39));
#1676=CARTESIAN_POINT('Origin',(65.7592834063734,14.8779778014747,-39.39));
#1677=CARTESIAN_POINT('',(67.8092834063734,14.8779778014747,-39.39));
#1678=CARTESIAN_POINT('Origin',(65.7592834063734,14.8779778014747,-39.39));
#1679=CARTESIAN_POINT('Origin',(65.7592834063734,98.6655100414269,-39.39));
#1680=CARTESIAN_POINT('',(62.7592834063734,98.6655100414269,-39.39));
#1681=CARTESIAN_POINT('Origin',(65.7592834063734,98.6655100414269,-39.39));
#1682=CARTESIAN_POINT('',(67.8092834063734,98.6655100414269,-39.39));
#1683=CARTESIAN_POINT('Origin',(65.7592834063734,98.6655100414269,-39.39));
#1684=CARTESIAN_POINT('Origin',(59.3681366563633,22.8779778014747,-39.39));
#1685=CARTESIAN_POINT('',(56.3681366563633,22.8779778014747,-39.39));
#1686=CARTESIAN_POINT('Origin',(59.3681366563633,22.8779778014747,-39.39));
#1687=CARTESIAN_POINT('',(61.4181366563633,22.8779778014747,-39.39));
#1688=CARTESIAN_POINT('Origin',(59.3681366563633,22.8779778014747,-39.39));
#1689=CARTESIAN_POINT('Origin',(59.3681366563633,22.8779778014747,-40.89));
#1690=CARTESIAN_POINT('',(56.3681366563633,22.8779778014747,-42.89));
#1691=CARTESIAN_POINT('Origin',(59.3681366563633,22.8779778014747,-42.89));
#1692=CARTESIAN_POINT('',(56.3681366563633,22.8779778014747,-40.89));
#1693=CARTESIAN_POINT('Origin',(65.7592834063734,98.6655100414269,-40.89));
#1694=CARTESIAN_POINT('',(62.7592834063734,98.6655100414269,-42.89));
#1695=CARTESIAN_POINT('Origin',(65.7592834063734,98.6655100414269,-42.89));
#1696=CARTESIAN_POINT('',(62.7592834063734,98.6655100414269,-40.89));
#1697=CARTESIAN_POINT('Origin',(65.7592834063734,14.8779778014747,-40.89));
#1698=CARTESIAN_POINT('',(62.7592834063734,14.8779778014747,-42.89));
#1699=CARTESIAN_POINT('Origin',(65.7592834063734,14.8779778014747,-42.89));
#1700=CARTESIAN_POINT('',(62.7592834063734,14.8779778014747,-40.89));
#1701=CARTESIAN_POINT('Origin',(65.7592834063734,98.6655100414269,-36.89));
#1702=CARTESIAN_POINT('',(67.8092834063734,98.6655100414269,-38.39));
#1703=CARTESIAN_POINT('Origin',(65.7592834063734,98.6655100414269,-38.39));
#1704=CARTESIAN_POINT('',(67.8092834063734,98.6655100414269,-36.89));
#1705=CARTESIAN_POINT('Origin',(65.7592834063734,14.8779778014747,-36.89));
#1706=CARTESIAN_POINT('',(67.8092834063734,14.8779778014747,-38.39));
#1707=CARTESIAN_POINT('Origin',(65.7592834063734,14.8779778014747,-38.39));
#1708=CARTESIAN_POINT('',(67.8092834063734,14.8779778014747,-36.89));
#1709=CARTESIAN_POINT('Origin',(59.3681366563633,22.8779778014747,-36.89));
#1710=CARTESIAN_POINT('',(61.4181366563633,22.8779778014747,-38.39));
#1711=CARTESIAN_POINT('Origin',(59.3681366563633,22.8779778014747,-38.39));
#1712=CARTESIAN_POINT('',(61.4181366563633,22.8779778014747,-36.89));
#1713=CARTESIAN_POINT('Origin',(59.3681366563633,90.665510041427,-36.89));
#1714=CARTESIAN_POINT('',(61.4181366563633,90.665510041427,-38.39));
#1715=CARTESIAN_POINT('Origin',(59.3681366563633,90.665510041427,-38.39));
#1716=CARTESIAN_POINT('',(61.4181366563633,90.665510041427,-36.89));
#1717=CARTESIAN_POINT('Origin',(51.1753299219801,105.165510041427,-39.39));
#1718=CARTESIAN_POINT('',(54.1753299219801,105.165510041427,-38.39));
#1719=CARTESIAN_POINT('',(54.1753299219801,105.165510041427,-36.89));
#1720=CARTESIAN_POINT('',(54.1753299219801,105.165510041427,-33.537864780649));
#1721=CARTESIAN_POINT('',(70.9520901407565,105.165510041427,-38.39));
#1722=CARTESIAN_POINT('',(22.6753299219801,105.165510041427,-38.39));
#1723=CARTESIAN_POINT('',(70.9520901407565,105.165510041427,-36.89));
#1724=CARTESIAN_POINT('',(70.9520901407565,105.165510041427,-39.39));
#1725=CARTESIAN_POINT('',(64.0637100313683,105.165510041427,-36.89));
#1726=CARTESIAN_POINT('Origin',(70.9520901407565,84.165510041427,-39.39));
#1727=CARTESIAN_POINT('',(54.1753299219801,84.165510041427,-36.89));
#1728=CARTESIAN_POINT('',(54.1753299219801,84.165510041427,-38.39));
#1729=CARTESIAN_POINT('',(54.1753299219801,84.165510041427,-33.537864780649));
#1730=CARTESIAN_POINT('',(70.9520901407565,84.165510041427,-36.89));
#1731=CARTESIAN_POINT('',(73.9520901407565,84.1655100414269,-36.89));
#1732=CARTESIAN_POINT('',(70.9520901407565,84.165510041427,-38.39));
#1733=CARTESIAN_POINT('',(70.9520901407565,84.165510041427,-39.39));
#1734=CARTESIAN_POINT('',(32.5637100313683,84.165510041427,-38.39));
#1735=CARTESIAN_POINT('Origin',(70.9520901407565,105.165510041427,-39.39));
#1736=CARTESIAN_POINT('',(70.9520901407565,99.9155100414269,-38.39));
#1737=CARTESIAN_POINT('',(70.9520901407565,113.218626981439,-36.89));
#1738=CARTESIAN_POINT('Origin',(-5.82467007801986,94.6655100414269,-38.39));
#1739=CARTESIAN_POINT('',(54.1753299219801,75.7186269814389,-38.39));
#1740=CARTESIAN_POINT('Origin',(76.9520901407565,121.271743921451,-36.89));
#1741=CARTESIAN_POINT('',(54.1753299219801,29.3779778014747,-36.89));
#1742=CARTESIAN_POINT('',(54.1753299219801,89.0217439214508,-36.89));
#1743=CARTESIAN_POINT('',(70.9520901407565,29.3779778014747,-36.89));
#1744=CARTESIAN_POINT('',(73.9520901407565,29.3779778014747,-36.89));
#1745=CARTESIAN_POINT('',(70.9520901407565,8.3779778014747,-36.89));
#1746=CARTESIAN_POINT('',(70.9520901407565,64.8248608614628,-36.89));
#1747=CARTESIAN_POINT('',(54.1753299219801,8.3779778014747,-36.89));
#1748=CARTESIAN_POINT('',(64.0637100313683,8.3779778014747,-36.89));
#1749=CARTESIAN_POINT('',(54.1753299219801,0.271743921450947,-36.89));
#1750=CARTESIAN_POINT('',(54.1753299219801,89.0217439214508,-36.89));
#1751=CARTESIAN_POINT('',(74.4520901407565,0.271743921450947,-36.89));
#1752=CARTESIAN_POINT('',(34.3137100313684,0.271743921450947,-36.89));
#1753=CARTESIAN_POINT('',(74.4520901407565,-3.97825607854905,-36.89));
#1754=CARTESIAN_POINT('',(74.4520901407565,118.896743921451,-36.89));
#1755=CARTESIAN_POINT('',(54.1753299219801,-3.97825607854905,-36.89));
#1756=CARTESIAN_POINT('',(33.0637100313684,-3.97825607854905,-36.89));
#1757=CARTESIAN_POINT('',(54.1753299219801,-7.72825607854918,-36.89));
#1758=CARTESIAN_POINT('',(54.1753299219801,89.0217439214508,-36.89));
#1759=CARTESIAN_POINT('',(76.9520901407565,-7.72825607854918,-36.89));
#1760=CARTESIAN_POINT('',(76.9520901407565,-7.72825607854918,-36.89));
#1761=CARTESIAN_POINT('',(76.9520901407565,121.271743921451,-36.89));
#1762=CARTESIAN_POINT('',(76.9520901407565,121.271743921451,-36.89));
#1763=CARTESIAN_POINT('',(54.1753299219801,121.271743921451,-36.89));
#1764=CARTESIAN_POINT('',(76.9520901407565,121.271743921451,-36.89));
#1765=CARTESIAN_POINT('',(54.1753299219801,117.521743921451,-36.89));
#1766=CARTESIAN_POINT('',(54.1753299219801,89.0217439214508,-36.89));
#1767=CARTESIAN_POINT('',(74.4520901407565,117.521743921451,-36.89));
#1768=CARTESIAN_POINT('',(33.0637100313684,117.521743921451,-36.89));
#1769=CARTESIAN_POINT('',(74.4520901407565,113.271743921451,-36.89));
#1770=CARTESIAN_POINT('',(74.4520901407565,118.896743921451,-36.89));
#1771=CARTESIAN_POINT('',(54.1753299219801,113.271743921451,-36.89));
#1772=CARTESIAN_POINT('',(34.3137100313684,113.271743921451,-36.89));
#1773=CARTESIAN_POINT('',(54.1753299219801,89.0217439214508,-36.89));
#1774=CARTESIAN_POINT('Origin',(70.9520901407565,29.3779778014747,-39.39));
#1775=CARTESIAN_POINT('',(54.1753299219801,29.3779778014747,-38.39));
#1776=CARTESIAN_POINT('',(54.1753299219801,29.3779778014747,-33.537864780649));
#1777=CARTESIAN_POINT('',(70.9520901407565,29.3779778014747,-38.39));
#1778=CARTESIAN_POINT('',(32.5637100313683,29.3779778014747,-38.39));
#1779=CARTESIAN_POINT('',(70.9520901407565,29.3779778014747,-39.39));
#1780=CARTESIAN_POINT('Origin',(70.9520901407565,8.3779778014747,-39.39));
#1781=CARTESIAN_POINT('',(70.9520901407565,8.3779778014747,-38.39));
#1782=CARTESIAN_POINT('',(70.9520901407565,13.6279778014747,-38.39));
#1783=CARTESIAN_POINT('',(70.9520901407565,8.3779778014747,-39.39));
#1784=CARTESIAN_POINT('Origin',(51.1753299219801,8.3779778014747,-39.39));
#1785=CARTESIAN_POINT('',(54.1753299219801,8.3779778014747,-38.39));
#1786=CARTESIAN_POINT('',(54.1753299219801,8.3779778014747,-33.537864780649));
#1787=CARTESIAN_POINT('',(22.6753299219801,8.3779778014747,-38.39));
#1788=CARTESIAN_POINT('Origin',(-5.82467007801986,18.8779778014747,-38.39));
#1789=CARTESIAN_POINT('',(54.1753299219801,37.8248608614628,-38.39));
#1790=CARTESIAN_POINT('Origin',(54.1753299219801,56.7717439214508,-27.6857295612979));
#1791=CARTESIAN_POINT('',(54.1753299219801,115.271743921451,-34.89));
#1792=CARTESIAN_POINT('Origin',(54.1753299219801,113.271743921451,-34.89));
#1793=CARTESIAN_POINT('',(54.1753299219801,115.271743921451,-33.89));
#1794=CARTESIAN_POINT('',(54.1753299219801,115.271743921451,-32.287864780649));
#1795=CARTESIAN_POINT('',(54.1753299219801,117.521743921451,-33.89));
#1796=CARTESIAN_POINT('',(54.1753299219801,86.0217439214508,-33.89));
#1797=CARTESIAN_POINT('',(54.1753299219801,117.521743921451,-30.787864780649));
#1798=CARTESIAN_POINT('',(54.1753299219801,121.271743921451,-42.89));
#1799=CARTESIAN_POINT('',(54.1753299219801,121.271743921451,-28.4151720381404));
#1800=CARTESIAN_POINT('',(54.1753299219801,-7.72825607854918,-42.89));
#1801=CARTESIAN_POINT('',(54.1753299219801,89.0217439214508,-42.89));
#1802=CARTESIAN_POINT('',(54.1753299219801,-7.72825607854918,-28.4151720381404));
#1803=CARTESIAN_POINT('',(54.1753299219801,-3.97825607854906,-33.89));
#1804=CARTESIAN_POINT('',(54.1753299219801,-3.97825607854906,-30.787864780649));
#1805=CARTESIAN_POINT('',(54.1753299219801,-1.72825607854906,-33.89));
#1806=CARTESIAN_POINT('',(54.1753299219801,27.5217439214509,-33.89));
#1807=CARTESIAN_POINT('',(54.1753299219801,-1.72825607854906,-34.89));
#1808=CARTESIAN_POINT('',(54.1753299219801,-1.72825607854906,-32.287864780649));
#1809=CARTESIAN_POINT('Origin',(54.1753299219801,0.271743921450947,-34.89));
#1810=CARTESIAN_POINT('Origin',(-8.3246700780197,-1.72825607854906,-36.89));
#1811=CARTESIAN_POINT('',(72.4520901407565,-1.72825607854906,-33.89));
#1812=CARTESIAN_POINT('',(-8.3246700780197,-1.72825607854906,-33.89));
#1813=CARTESIAN_POINT('',(74.1841409483254,-1.72825607854906,-34.89));
#1814=CARTESIAN_POINT('Origin',(72.4520901407565,-1.72825607854906,-35.89));
#1815=CARTESIAN_POINT('',(34.3137100313684,-1.72825607854906,-34.89));
#1816=CARTESIAN_POINT('Origin',(-8.3246700780197,-1.72825607854906,-33.89));
#1817=CARTESIAN_POINT('',(72.4520901407565,-3.97825607854906,-33.89));
#1818=CARTESIAN_POINT('',(-8.3246700780197,-3.97825607854906,-33.89));
#1819=CARTESIAN_POINT('',(72.4520901407565,57.3967439214508,-33.89));
#1820=CARTESIAN_POINT('Origin',(-8.3246700780197,-3.97825607854906,-33.89));
#1821=CARTESIAN_POINT('',(74.4520901407565,-3.97825607854906,-35.89));
#1822=CARTESIAN_POINT('',(74.4520901407565,-3.97825607854906,-34.64));
#1823=CARTESIAN_POINT('Origin',(72.4520901407565,-3.97825607854905,-35.89));
#1824=CARTESIAN_POINT('Origin',(-5.82495860280547,-7.72825607854918,-29.144614514983));
#1825=CARTESIAN_POINT('',(77.4764201997048,-7.72825607854918,-42.89));
#1826=CARTESIAN_POINT('',(-47.3879711361169,-7.72825607854918,-42.89));
#1827=CARTESIAN_POINT('',(108.67532992198,-7.72825607854917,-32.6056322939656));
#1828=CARTESIAN_POINT('Ctrl Pts',(77.476420199705,-7.72825607854918,-42.89));
#1829=CARTESIAN_POINT('Ctrl Pts',(77.6485476751963,-7.72825607854918,-42.859684620065));
#1830=CARTESIAN_POINT('Ctrl Pts',(77.8206751506875,-7.72825607854918,-42.82936924013));
#1831=CARTESIAN_POINT('Ctrl Pts',(77.9928026261788,-7.72825607854918,-42.7990538601951));
#1832=CARTESIAN_POINT('Ctrl Pts',(84.9732003678101,-7.72825607854918,-41.5696544919028));
#1833=CARTESIAN_POINT('Ctrl Pts',(91.0558424711119,-7.72825607854916,-40.0768553932583));
#1834=CARTESIAN_POINT('Ctrl Pts',(96.2754058608382,-7.72825607854916,-38.2635301878494));
#1835=CARTESIAN_POINT('Ctrl Pts',(100.61929584346,-7.72825607854915,-36.7544221251873));
#1836=CARTESIAN_POINT('Ctrl Pts',(104.34713707495,-7.72825607854918,-34.9893241170066));
#1837=CARTESIAN_POINT('Ctrl Pts',(107.596756404867,-7.72825607854918,-33.205341957917));
#1838=CARTESIAN_POINT('Ctrl Pts',(107.961537108043,-7.72825607854918,-33.0050839583247));
#1839=CARTESIAN_POINT('Ctrl Pts',(108.320352922458,-7.72825607854918,-32.8054041628815));
#1840=CARTESIAN_POINT('Ctrl Pts',(108.674265657229,-7.72825607854918,-32.6065661309489));
#1841=CARTESIAN_POINT('',(108.67532992198,-7.72825607854918,-25.6945137337346));
#1842=CARTESIAN_POINT('',(108.67532992198,-7.72825607854917,-12.0173072574915));
#1843=CARTESIAN_POINT('Ctrl Pts',(108.675329921979,-7.72825607854918,-25.6945137337353));
#1844=CARTESIAN_POINT('Ctrl Pts',(108.100694718412,-7.72825607854918,-26.0241500359793));
#1845=CARTESIAN_POINT('Ctrl Pts',(106.931533433164,-7.72825607854918,-26.6980384035845));
#1846=CARTESIAN_POINT('Ctrl Pts',(105.172041816343,-7.72825607854918,-27.7088384419437));
#1847=CARTESIAN_POINT('Ctrl Pts',(102.768107913504,-7.72825607854918,-29.0298822830864));
#1848=CARTESIAN_POINT('Ctrl Pts',(99.5224873648225,-7.72825607854918,-30.6032490736015));
#1849=CARTESIAN_POINT('Ctrl Pts',(95.8936010477677,-7.72825607854918,-32.0894776878775));
#1850=CARTESIAN_POINT('Ctrl Pts',(91.850353460559,-7.72825607854918,-33.4652995947771));
#1851=CARTESIAN_POINT('Ctrl Pts',(87.3654810422682,-7.72825607854918,-34.7278900323595));
#1852=CARTESIAN_POINT('Ctrl Pts',(83.4204115312512,-7.72825607854918,-35.6479344061733));
#1853=CARTESIAN_POINT('Ctrl Pts',(80.2629433663955,-7.72825607854918,-36.2881860638728));
#1854=CARTESIAN_POINT('Ctrl Pts',(78.0703163290579,-7.72825607854918,-36.6930561265433));
#1855=CARTESIAN_POINT('Ctrl Pts',(76.9520901407565,-7.72825607854918,-36.89));
#1856=CARTESIAN_POINT('Origin',(-88.9509836694283,121.271743921451,-42.89));
#1857=CARTESIAN_POINT('',(77.4764201997049,121.271743921451,-42.89));
#1858=CARTESIAN_POINT('',(-47.3879711361169,121.271743921451,-42.89));
#1859=CARTESIAN_POINT('Ctrl Pts',(77.4764201997049,121.271743921451,-42.89));
#1860=CARTESIAN_POINT('Ctrl Pts',(77.4764201997049,99.7717439214508,-42.89));
#1861=CARTESIAN_POINT('Ctrl Pts',(77.4764201997049,78.2717439214508,-42.89));
#1862=CARTESIAN_POINT('Ctrl Pts',(77.4764201997049,35.2717439214508,-42.89));
#1863=CARTESIAN_POINT('Ctrl Pts',(77.4764201997049,13.7717439214508,-42.89));
#1864=CARTESIAN_POINT('Ctrl Pts',(77.4764201997049,-7.72825607854918,-42.89));
#1865=CARTESIAN_POINT('Origin',(-5.82495860280547,121.271743921451,-29.144614514983));
#1866=CARTESIAN_POINT('Ctrl Pts',(113.67532992198,121.271743921451,-22.9687348053144));
#1867=CARTESIAN_POINT('Ctrl Pts',(113.310971347848,121.271743921451,-23.1513709653044));
#1868=CARTESIAN_POINT('Ctrl Pts',(112.292469726567,121.271743921451,-23.6722968229048));
#1869=CARTESIAN_POINT('Ctrl Pts',(110.673585267724,121.271743921451,-24.5444863125544));
#1870=CARTESIAN_POINT('Ctrl Pts',(108.521628672148,121.271743921451,-25.7755485057421));
#1871=CARTESIAN_POINT('Ctrl Pts',(105.834697126569,121.271743921451,-27.3441762588083));
#1872=CARTESIAN_POINT('Ctrl Pts',(102.797917132878,121.271743921451,-29.015431784296));
#1873=CARTESIAN_POINT('Ctrl Pts',(99.5224873648225,121.271743921451,-30.6032490736015));
#1874=CARTESIAN_POINT('Ctrl Pts',(95.8936010477677,121.271743921451,-32.0894776878775));
#1875=CARTESIAN_POINT('Ctrl Pts',(91.850353460559,121.271743921451,-33.4652995947771));
#1876=CARTESIAN_POINT('Ctrl Pts',(87.3654810422682,121.271743921451,-34.7278900323595));
#1877=CARTESIAN_POINT('Ctrl Pts',(83.4204115312512,121.271743921451,-35.6479344061733));
#1878=CARTESIAN_POINT('Ctrl Pts',(80.2629433663955,121.271743921451,-36.2881860638728));
#1879=CARTESIAN_POINT('Ctrl Pts',(78.0703163290579,121.271743921451,-36.6930561265433));
#1880=CARTESIAN_POINT('Ctrl Pts',(76.9520901407565,121.271743921451,-36.89));
#1881=CARTESIAN_POINT('Ctrl Pts',(77.4764201997051,121.271743921451,-42.8899999999999));
#1882=CARTESIAN_POINT('Ctrl Pts',(77.6485476751964,121.271743921451,-42.859684620065));
#1883=CARTESIAN_POINT('Ctrl Pts',(77.8206751506876,121.271743921451,-42.82936924013));
#1884=CARTESIAN_POINT('Ctrl Pts',(77.9928026261788,121.271743921451,-42.7990538601951));
#1885=CARTESIAN_POINT('Ctrl Pts',(84.9732003678101,121.271743921451,-41.5696544919028));
#1886=CARTESIAN_POINT('Ctrl Pts',(91.0558424711119,121.271743921451,-40.0768553932583));
#1887=CARTESIAN_POINT('Ctrl Pts',(96.2754058608382,121.271743921451,-38.2635301878494));
#1888=CARTESIAN_POINT('Ctrl Pts',(100.61929584346,121.271743921451,-36.7544221251873));
#1889=CARTESIAN_POINT('Ctrl Pts',(104.34713707495,121.271743921451,-34.9893241170066));
#1890=CARTESIAN_POINT('Ctrl Pts',(107.596756404867,121.271743921451,-33.205341957917));
#1891=CARTESIAN_POINT('Ctrl Pts',(109.757671638457,121.271743921451,-32.0190386304663));
#1892=CARTESIAN_POINT('Ctrl Pts',(111.709265246466,121.271743921451,-30.8530258125716));
#1893=CARTESIAN_POINT('Ctrl Pts',(113.672268606915,121.271743921451,-29.762092844582));
#1894=CARTESIAN_POINT('Origin',(-8.3246700780197,115.271743921451,-36.89));
#1895=CARTESIAN_POINT('',(74.1841409483254,115.271743921451,-34.89));
#1896=CARTESIAN_POINT('',(34.3137100313684,115.271743921451,-34.89));
#1897=CARTESIAN_POINT('',(72.4520901407565,115.271743921451,-33.89));
#1898=CARTESIAN_POINT('Origin',(72.4520901407565,115.271743921451,-35.89));
#1899=CARTESIAN_POINT('',(-8.3246700780197,115.271743921451,-33.89));
#1900=CARTESIAN_POINT('Origin',(34.3137100313684,113.271743921451,-34.89));
#1901=CARTESIAN_POINT('',(74.4520901407565,115.00379472902,-35.89));
#1902=CARTESIAN_POINT('Origin',(74.4520901407565,113.271743921451,-34.89));
#1903=CARTESIAN_POINT('Ctrl Pts',(74.4520901407565,115.00379472902,-35.89));
#1904=CARTESIAN_POINT('Ctrl Pts',(74.4520901407565,115.087584984544,-35.7448710202522));
#1905=CARTESIAN_POINT('Ctrl Pts',(74.4350714728703,115.158051940666,-35.5771805848934));
#1906=CARTESIAN_POINT('Ctrl Pts',(74.3516376536583,115.24848174058,-35.2405461859134));
#1907=CARTESIAN_POINT('Ctrl Pts',(74.2847587852365,115.26886322726,-35.0718299412034));
#1908=CARTESIAN_POINT('Ctrl Pts',(74.1975076699647,115.27164055563,-34.9134273902854));
#1909=CARTESIAN_POINT('Ctrl Pts',(74.1909148318141,115.271743921451,-34.901732710367));
#1910=CARTESIAN_POINT('Ctrl Pts',(74.1841409483253,115.271743921451,-34.8899999999998));
#1911=CARTESIAN_POINT('Origin',(34.3137100313684,0.271743921450947,-34.89));
#1912=CARTESIAN_POINT('',(74.4520901407565,-1.46030688611793,-35.89));
#1913=CARTESIAN_POINT('Ctrl Pts',(74.1841409483257,-1.72825607854905,-34.8900000000005));
#1914=CARTESIAN_POINT('Ctrl Pts',(74.1909148318144,-1.72825607854905,-34.9017327103675));
#1915=CARTESIAN_POINT('Ctrl Pts',(74.1975076699648,-1.72815271272871,-34.9134273902856));
#1916=CARTESIAN_POINT('Ctrl Pts',(74.2847587852365,-1.72537538435807,-35.0718299412034));
#1917=CARTESIAN_POINT('Ctrl Pts',(74.3516376536583,-1.70499389767814,-35.2405461859134));
#1918=CARTESIAN_POINT('Ctrl Pts',(74.4350714728703,-1.6145640977645,-35.5771805848934));
#1919=CARTESIAN_POINT('Ctrl Pts',(74.4520901407565,-1.54409714164253,-35.7448710202522));
#1920=CARTESIAN_POINT('Ctrl Pts',(74.4520901407565,-1.46030688611793,-35.89));
#1921=CARTESIAN_POINT('Origin',(74.4520901407565,0.271743921450947,-34.89));
#1922=CARTESIAN_POINT('Origin',(98.6753299219801,-3.22825607854918,-40.89));
#1923=CARTESIAN_POINT('',(101.179536167976,-4.3646763694255,-36.36341054374));
#1924=CARTESIAN_POINT('',(101.42532992198,-3.22825607854918,-36.2569503805477));
#1925=CARTESIAN_POINT('Ctrl Pts',(101.179536167976,-4.3646763694255,-36.36341054374));
#1926=CARTESIAN_POINT('Ctrl Pts',(101.318449310014,-4.0585685317402,-36.3035668722362));
#1927=CARTESIAN_POINT('Ctrl Pts',(101.401089414406,-3.72737976733085,-36.2675043061636));
#1928=CARTESIAN_POINT('Ctrl Pts',(101.423810305681,-3.33390457909072,-36.2576121836063));
#1929=CARTESIAN_POINT('Ctrl Pts',(101.42532992198,-3.28103960551355,-36.2569503805477));
#1930=CARTESIAN_POINT('Ctrl Pts',(101.42532992198,-3.22825607854918,-36.2569503805477));
#1931=CARTESIAN_POINT('Ctrl Pts',(101.42532992198,-3.22825607854918,-36.2569503805477));
#1932=CARTESIAN_POINT('Ctrl Pts',(101.42532992198,-2.95098948154961,-36.2569503805477));
#1933=CARTESIAN_POINT('Ctrl Pts',(101.383416304636,-2.67597023556882,-36.2752492193774));
#1934=CARTESIAN_POINT('Ctrl Pts',(101.200649982206,-2.08775966088999,-36.3544068629727));
#1935=CARTESIAN_POINT('Ctrl Pts',(101.041919685953,-1.78889638739587,-36.4229105556635));
#1936=CARTESIAN_POINT('Ctrl Pts',(100.612992832052,-1.24353358757329,-36.604929842876));
#1937=CARTESIAN_POINT('Ctrl Pts',(100.338131913489,-1.00963848459538,-36.7201181980241));
#1938=CARTESIAN_POINT('Ctrl Pts',(99.7091711157108,-0.65329519455364,-36.9776971287248));
#1939=CARTESIAN_POINT('Ctrl Pts',(99.3556826324631,-0.538704178176156,-37.119523551608));
#1940=CARTESIAN_POINT('Ctrl Pts',(98.6452948155052,-0.456362962947375,-37.3973933928553));
#1941=CARTESIAN_POINT('Ctrl Pts',(98.2925524950571,-0.48235395957327,-37.5321457415446));
#1942=CARTESIAN_POINT('Ctrl Pts',(97.6215185651091,-0.665082003433342,-37.782890891576));
#1943=CARTESIAN_POINT('Ctrl Pts',(97.3065738368942,-0.817474598605805,-37.8978113169837));
#1944=CARTESIAN_POINT('Ctrl Pts',(96.7404532954399,-1.241759723729,-38.1009709897607));
#1945=CARTESIAN_POINT('Ctrl Pts',(96.49583272725,-1.51194436329012,-38.1868478884312));
#1946=CARTESIAN_POINT('Ctrl Pts',(96.1345129483092,-2.12160604273332,-38.3125584716052));
#1947=CARTESIAN_POINT('Ctrl Pts',(96.015090758363,-2.44930657326675,-38.3534847305447));
#1948=CARTESIAN_POINT('Ctrl Pts',(95.9060533290923,-3.12947498612097,-38.3908561883522));
#1949=CARTESIAN_POINT('Ctrl Pts',(95.9151679629369,-3.4730104525719,-38.3877550248839));
#1950=CARTESIAN_POINT('Ctrl Pts',(96.0596829761657,-4.14571082057503,-38.338167388752));
#1951=CARTESIAN_POINT('Ctrl Pts',(96.195862575346,-4.46598653668269,-38.2913863085745));
#1952=CARTESIAN_POINT('Ctrl Pts',(96.5847520974182,-5.05075317977947,-38.1556410757649));
#1953=CARTESIAN_POINT('Ctrl Pts',(96.838387507748,-5.30473734755201,-38.0662113548115));
#1954=CARTESIAN_POINT('Ctrl Pts',(97.4182531812694,-5.69897720343688,-37.8571853082282));
#1955=CARTESIAN_POINT('Ctrl Pts',(97.739081665531,-5.83659108748069,-37.7395048551731));
#1956=CARTESIAN_POINT('Ctrl Pts',(98.41848029369,-5.98896510843826,-37.4842864799129));
#1957=CARTESIAN_POINT('Ctrl Pts',(98.7738440004255,-5.99882233024891,-37.3477384933872));
#1958=CARTESIAN_POINT('Ctrl Pts',(99.4830928295405,-5.88253430548542,-37.0687380995473));
#1959=CARTESIAN_POINT('Ctrl Pts',(99.832602383634,-5.75051130385666,-36.9276885183454));
#1960=CARTESIAN_POINT('Ctrl Pts',(100.454141007871,-5.35675226934164,-36.671839533225));
#1961=CARTESIAN_POINT('Ctrl Pts',(100.723960741092,-5.10046578033567,-36.5581432190483));
#1962=CARTESIAN_POINT('Ctrl Pts',(101.029613280842,-4.65884458521863,-36.4278663869831));
#1963=CARTESIAN_POINT('Ctrl Pts',(101.111093320573,-4.5154964553883,-36.3928956681614));
#1964=CARTESIAN_POINT('Ctrl Pts',(101.179536167976,-4.36467636942549,-36.36341054374));
#1965=CARTESIAN_POINT('',(101.42532992198,-3.22825607854918,-33.89));
#1966=CARTESIAN_POINT('',(101.42532992198,-3.22825607854918,-40.89));
#1967=CARTESIAN_POINT('Origin',(98.6753299219801,-3.22825607854918,-33.89));
#1968=CARTESIAN_POINT('Origin',(98.6753299219801,-3.22825607854918,-33.89));
#1969=CARTESIAN_POINT('',(100.72532992198,-3.22825607854918,-33.89));
#1970=CARTESIAN_POINT('Origin',(98.6753299219801,-3.22825607854918,-33.89));
#1971=CARTESIAN_POINT('Origin',(98.6753299219801,116.771743921451,-40.89));
#1972=CARTESIAN_POINT('',(101.179536167976,115.635323630575,-36.36341054374));
#1973=CARTESIAN_POINT('',(101.42532992198,116.771743921451,-36.2569503805477));
#1974=CARTESIAN_POINT('Ctrl Pts',(101.179536167976,115.635323630575,-36.36341054374));
#1975=CARTESIAN_POINT('Ctrl Pts',(101.318449310014,115.941431468259,-36.3035668722363));
#1976=CARTESIAN_POINT('Ctrl Pts',(101.401089414406,116.272620232669,-36.2675043061636));
#1977=CARTESIAN_POINT('Ctrl Pts',(101.423810305681,116.666095420909,-36.2576121836063));
#1978=CARTESIAN_POINT('Ctrl Pts',(101.42532992198,116.718960394486,-36.2569503805477));
#1979=CARTESIAN_POINT('Ctrl Pts',(101.42532992198,116.771743921451,-36.2569503805477));
#1980=CARTESIAN_POINT('Ctrl Pts',(101.42532992198,116.771743921451,-36.2569503805477));
#1981=CARTESIAN_POINT('Ctrl Pts',(101.42532992198,117.04901051845,-36.2569503805477));
#1982=CARTESIAN_POINT('Ctrl Pts',(101.383416304636,117.324029764431,-36.2752492193774));
#1983=CARTESIAN_POINT('Ctrl Pts',(101.200649982206,117.91224033911,-36.3544068629727));
#1984=CARTESIAN_POINT('Ctrl Pts',(101.041919685953,118.211103612604,-36.4229105556635));
#1985=CARTESIAN_POINT('Ctrl Pts',(100.612992832052,118.756466412427,-36.604929842876));
#1986=CARTESIAN_POINT('Ctrl Pts',(100.338131913489,118.990361515405,-36.7201181980242));
#1987=CARTESIAN_POINT('Ctrl Pts',(99.7091711157108,119.346704805446,-36.9776971287248));
#1988=CARTESIAN_POINT('Ctrl Pts',(99.3556826324634,119.461295821824,-37.1195235516079));
#1989=CARTESIAN_POINT('Ctrl Pts',(98.6452948155051,119.543637037053,-37.3973933928554));
#1990=CARTESIAN_POINT('Ctrl Pts',(98.2925524950571,119.517646040427,-37.5321457415446));
#1991=CARTESIAN_POINT('Ctrl Pts',(97.621518565109,119.334917996567,-37.782890891576));
#1992=CARTESIAN_POINT('Ctrl Pts',(97.3065738368943,119.182525401394,-37.8978113169837));
#1993=CARTESIAN_POINT('Ctrl Pts',(96.7404532954403,118.758240276271,-38.1009709897606));
#1994=CARTESIAN_POINT('Ctrl Pts',(96.4958327272502,118.48805563671,-38.1868478884311));
#1995=CARTESIAN_POINT('Ctrl Pts',(96.1345129483091,117.878393957267,-38.3125584716052));
#1996=CARTESIAN_POINT('Ctrl Pts',(96.0150907583631,117.550693426733,-38.3534847305446));
#1997=CARTESIAN_POINT('Ctrl Pts',(95.9060533290924,116.870525013879,-38.3908561883522));
#1998=CARTESIAN_POINT('Ctrl Pts',(95.9151679629372,116.526989547428,-38.3877550248838));
#1999=CARTESIAN_POINT('Ctrl Pts',(96.0596829761657,115.854289179426,-38.338167388752));
#2000=CARTESIAN_POINT('Ctrl Pts',(96.1958625753452,115.534013463318,-38.2913863085748));
#2001=CARTESIAN_POINT('Ctrl Pts',(96.5847520974182,114.94924682022,-38.1556410757648));
#2002=CARTESIAN_POINT('Ctrl Pts',(96.8383875077486,114.695262652448,-38.0662113548113));
#2003=CARTESIAN_POINT('Ctrl Pts',(97.4182531812691,114.301022796563,-37.8571853082284));
#2004=CARTESIAN_POINT('Ctrl Pts',(97.7390816655302,114.16340891252,-37.7395048551733));
#2005=CARTESIAN_POINT('Ctrl Pts',(98.4184802936897,114.011034891562,-37.484286479913));
#2006=CARTESIAN_POINT('Ctrl Pts',(98.7738440004252,114.001177669751,-37.3477384933873));
#2007=CARTESIAN_POINT('Ctrl Pts',(99.4830928295399,114.117465694514,-37.0687380995476));
#2008=CARTESIAN_POINT('Ctrl Pts',(99.8326023836335,114.249488696143,-36.9276885183456));
#2009=CARTESIAN_POINT('Ctrl Pts',(100.454141007871,114.643247730658,-36.6718395332253));
#2010=CARTESIAN_POINT('Ctrl Pts',(100.723960741092,114.899534219664,-36.5581432190485));
#2011=CARTESIAN_POINT('Ctrl Pts',(101.029613280843,115.341155414782,-36.427866386983));
#2012=CARTESIAN_POINT('Ctrl Pts',(101.111093320573,115.484503544612,-36.3928956681613));
#2013=CARTESIAN_POINT('Ctrl Pts',(101.179536167976,115.635323630575,-36.36341054374));
#2014=CARTESIAN_POINT('',(101.42532992198,116.771743921451,-33.89));
#2015=CARTESIAN_POINT('',(101.42532992198,116.771743921451,-40.89));
#2016=CARTESIAN_POINT('Origin',(98.6753299219801,116.771743921451,-33.89));
#2017=CARTESIAN_POINT('Origin',(98.6753299219801,116.771743921451,-33.89));
#2018=CARTESIAN_POINT('',(100.72532992198,116.771743921451,-33.89));
#2019=CARTESIAN_POINT('Origin',(98.6753299219801,116.771743921451,-33.89));
#2020=CARTESIAN_POINT('Origin',(98.6753299219801,116.771743921451,-40.89));
#2021=CARTESIAN_POINT('',(100.72532992198,116.771743921451,-28.89));
#2022=CARTESIAN_POINT('',(100.72532992198,116.771743921451,-40.89));
#2023=CARTESIAN_POINT('Origin',(98.6753299219801,116.771743921451,-28.89));
#2024=CARTESIAN_POINT('Origin',(98.6753299219801,-3.22825607854918,-40.89));
#2025=CARTESIAN_POINT('',(100.72532992198,-3.22825607854918,-28.89));
#2026=CARTESIAN_POINT('',(100.72532992198,-3.22825607854918,-40.89));
#2027=CARTESIAN_POINT('Origin',(98.6753299219801,-3.22825607854918,-28.89));
#2028=CARTESIAN_POINT('Ctrl Pts',(95.8178532915183,113.244314681071,-38.4209380104534));
#2029=CARTESIAN_POINT('Ctrl Pts',(95.8178532915183,120.304268378016,-38.4209380104534));
#2030=CARTESIAN_POINT('Ctrl Pts',(98.426422827992,113.244314681071,-37.5322961808358));
#2031=CARTESIAN_POINT('Ctrl Pts',(98.426422827992,120.304268378016,-37.5322961808358));
#2032=CARTESIAN_POINT('Ctrl Pts',(100.82356124061,113.244314681071,-36.5624785792324));
#2033=CARTESIAN_POINT('Ctrl Pts',(100.82356124061,120.304268378016,-36.5624785792324));
#2034=CARTESIAN_POINT('Ctrl Pts',(103.022452031477,113.244314681071,-35.5368584252368));
#2035=CARTESIAN_POINT('Ctrl Pts',(103.022452031477,120.304268378016,-35.5368584252368));
#2036=CARTESIAN_POINT('',(102.279044354427,114.64547448583,-35.878196440453));
#2037=CARTESIAN_POINT('Ctrl Pts',(102.279044354427,114.64547448583,-35.8781964404531));
#2038=CARTESIAN_POINT('Ctrl Pts',(102.861449498493,115.384569889499,-35.6150066332176));
#2039=CARTESIAN_POINT('Ctrl Pts',(103.133434991417,116.392598200803,-35.4852251002452));
#2040=CARTESIAN_POINT('Ctrl Pts',(102.972855370885,117.340002012837,-35.5599674900131));
#2041=CARTESIAN_POINT('Ctrl Pts',(102.785258120315,118.446807158648,-35.6472853375396));
#2042=CARTESIAN_POINT('Ctrl Pts',(102.032001228899,119.399042903778,-35.9980596713639));
#2043=CARTESIAN_POINT('Ctrl Pts',(101.069140490566,119.881659864452,-36.4108538794008));
#2044=CARTESIAN_POINT('Ctrl Pts',(99.8865956050058,120.474389628796,-36.917830288417));
#2045=CARTESIAN_POINT('Ctrl Pts',(98.3804024647699,120.37649171898,-37.5074964993899));
#2046=CARTESIAN_POINT('Ctrl Pts',(97.2840195079312,119.591358256344,-37.9053845618619));
#2047=CARTESIAN_POINT('Ctrl Pts',(96.4053624885312,118.962141043684,-38.2242577592659));
#2048=CARTESIAN_POINT('Ctrl Pts',(95.8231449023087,117.888681710508,-38.4191352109009));
#2049=CARTESIAN_POINT('Ctrl Pts',(95.8203314492884,116.780409596606,-38.4200937503308));
#2050=CARTESIAN_POINT('Ctrl Pts',(95.8176084708654,115.707777129965,-38.4210214651945));
#2051=CARTESIAN_POINT('Ctrl Pts',(96.3551866828663,114.663484428947,-38.2411160436073));
#2052=CARTESIAN_POINT('Ctrl Pts',(97.186617841474,114.024405416573,-37.9406577575018));
#2053=CARTESIAN_POINT('Ctrl Pts',(98.1634741828301,113.273545433275,-37.5876464720136));
#2054=CARTESIAN_POINT('Ctrl Pts',(99.4982823888554,113.081408013976,-37.0733122994353));
#2055=CARTESIAN_POINT('Ctrl Pts',(100.63478936574,113.4781124712,-36.5952996974075));
#2056=CARTESIAN_POINT('Ctrl Pts',(101.27285426089,113.700832782691,-36.3269308558634));
#2057=CARTESIAN_POINT('Ctrl Pts',(101.85150687887,114.102912342794,-36.0714013029514));
#2058=CARTESIAN_POINT('Ctrl Pts',(102.279044354427,114.64547448583,-35.878196440453));
#2059=CARTESIAN_POINT('Ctrl Pts',(95.8178532915184,-6.75568531892934,-38.4209380104534));
#2060=CARTESIAN_POINT('Ctrl Pts',(95.8178532915184,0.304268378015667,-38.4209380104534));
#2061=CARTESIAN_POINT('Ctrl Pts',(98.4264228279922,-6.75568531892934,-37.5322961808357));
#2062=CARTESIAN_POINT('Ctrl Pts',(98.4264228279922,0.304268378015667,-37.5322961808357));
#2063=CARTESIAN_POINT('Ctrl Pts',(100.82356124061,-6.75568531892934,-36.5624785792322));
#2064=CARTESIAN_POINT('Ctrl Pts',(100.82356124061,0.304268378015669,-36.5624785792322));
#2065=CARTESIAN_POINT('Ctrl Pts',(103.022452031477,-6.75568531892934,-35.5368584252369));
#2066=CARTESIAN_POINT('Ctrl Pts',(103.022452031477,0.304268378015669,-35.5368584252369));
#2067=CARTESIAN_POINT('',(102.279044354427,-5.35452551417007,-35.8781964404531));
#2068=CARTESIAN_POINT('Ctrl Pts',(102.279044354427,-5.35452551417008,-35.878196440453));
#2069=CARTESIAN_POINT('Ctrl Pts',(102.861449498507,-4.61543011048368,-35.6150066332114));
#2070=CARTESIAN_POINT('Ctrl Pts',(103.133434991429,-3.60740179914971,-35.4852251002401));
#2071=CARTESIAN_POINT('Ctrl Pts',(102.972855370874,-2.65999798709673,-35.5599674900183));
#2072=CARTESIAN_POINT('Ctrl Pts',(102.78525812028,-1.55319284127473,-35.6472853375561));
#2073=CARTESIAN_POINT('Ctrl Pts',(102.032001228836,-0.600957096159227,-35.9980596713925));
#2074=CARTESIAN_POINT('Ctrl Pts',(101.069140490482,-0.118340135506428,-36.4108538794368));
#2075=CARTESIAN_POINT('Ctrl Pts',(99.8865956049163,0.474389628802854,-36.9178302884535));
#2076=CARTESIAN_POINT('Ctrl Pts',(98.3804024646922,0.376491718956356,-37.5074964994191));
#2077=CARTESIAN_POINT('Ctrl Pts',(97.2840195078748,-0.408641743696015,-37.9053845618823));
#2078=CARTESIAN_POINT('Ctrl Pts',(96.4053624884836,-1.03785895637596,-38.2242577592824));
#2079=CARTESIAN_POINT('Ctrl Pts',(95.8231449022811,-2.11131828957823,-38.4191352109103));
#2080=CARTESIAN_POINT('Ctrl Pts',(95.8203314492881,-3.21959040347862,-38.4200937503309));
#2081=CARTESIAN_POINT('Ctrl Pts',(95.8176084708916,-4.29222287009733,-38.4210214651855));
#2082=CARTESIAN_POINT('Ctrl Pts',(96.3551866828982,-5.3365155710888,-38.2411160435961));
#2083=CARTESIAN_POINT('Ctrl Pts',(97.1866178414991,-5.97559458344635,-37.9406577574927));
#2084=CARTESIAN_POINT('Ctrl Pts',(98.1634741828568,-6.72645456673174,-37.5876464720035));
#2085=CARTESIAN_POINT('Ctrl Pts',(99.4982823888752,-6.91859198602176,-37.0733122994273));
#2086=CARTESIAN_POINT('Ctrl Pts',(100.634789365754,-6.52188752879515,-36.5952996974016));
#2087=CARTESIAN_POINT('Ctrl Pts',(101.272854260898,-6.29916721730301,-36.3269308558599));
#2088=CARTESIAN_POINT('Ctrl Pts',(101.851506878873,-5.89708765720282,-36.0714013029501));
#2089=CARTESIAN_POINT('Ctrl Pts',(102.279044354427,-5.35452551417007,-35.878196440453));
#2090=CARTESIAN_POINT('Origin',(98.6753299219801,-3.22825607854918,-40.89));
#2091=CARTESIAN_POINT('',(102.17532992198,-3.22825607854918,-28.89));
#2092=CARTESIAN_POINT('Origin',(98.6753299219801,-3.22825607854918,-28.89));
#2093=CARTESIAN_POINT('',(102.17532992198,-3.22825607854918,-29.2808862730164));
#2094=CARTESIAN_POINT('',(102.17532992198,-3.22825607854918,-40.89));
#2095=CARTESIAN_POINT('',(100.53015297696,-6.19635840743115,-30.078743125336));
#2096=CARTESIAN_POINT('Ctrl Pts',(100.53015297696,-6.19635840743116,-30.078743125336));
#2097=CARTESIAN_POINT('Ctrl Pts',(100.389674593929,-6.28414599515567,-30.1443985769085));
#2098=CARTESIAN_POINT('Ctrl Pts',(100.243789713242,-6.36146285443034,-30.2119415040834));
#2099=CARTESIAN_POINT('Ctrl Pts',(100.093655992326,-6.42801137488455,-30.2807030120148));
#2100=CARTESIAN_POINT('Ctrl Pts',(99.9530187265864,-6.49035048097366,-30.3451151267925));
#2101=CARTESIAN_POINT('Ctrl Pts',(99.8086528538046,-6.5432404305198,-30.4105965193202));
#2102=CARTESIAN_POINT('Ctrl Pts',(99.6615541538453,-6.58643659079472,-30.4766114269426));
#2103=CARTESIAN_POINT('Ctrl Pts',(99.6048207205359,-6.60309660532143,-30.5020722390372));
#2104=CARTESIAN_POINT('Ctrl Pts',(99.5476812841561,-6.61831465710881,-30.5276125687331));
#2105=CARTESIAN_POINT('Ctrl Pts',(99.4901950014749,-6.63207671138832,-30.5532022930241));
#2106=CARTESIAN_POINT('Ctrl Pts',(99.3436229150946,-6.66716565634262,-30.6184481065347));
#2107=CARTESIAN_POINT('Ctrl Pts',(99.1950428045848,-6.6927298163486,-30.6839026521064));
#2108=CARTESIAN_POINT('Ctrl Pts',(99.0453555413023,-6.70864372396296,-30.7491344299222));
#2109=CARTESIAN_POINT('Ctrl Pts',(98.8982956069309,-6.72427830875023,-30.813221251701));
#2110=CARTESIAN_POINT('Ctrl Pts',(98.7501669483195,-6.73059843291503,-30.8770930595732));
#2111=CARTESIAN_POINT('Ctrl Pts',(98.6018724594022,-6.72748512039087,-30.9403544173696));
#2112=CARTESIAN_POINT('Ctrl Pts',(98.5393429099852,-6.72617236743051,-30.9670290714811));
#2113=CARTESIAN_POINT('Ctrl Pts',(98.47678448392,-6.72318239260949,-30.9935953593833));
#2114=CARTESIAN_POINT('Ctrl Pts',(98.4142675612264,-6.71850627642866,-31.0200243777593));
#2115=CARTESIAN_POINT('Ctrl Pts',(98.2621911972275,-6.70713132840214,-31.084314634629));
#2116=CARTESIAN_POINT('Ctrl Pts',(98.1107922617724,-6.68581190350817,-31.1476076870442));
#2117=CARTESIAN_POINT('Ctrl Pts',(97.9610320366712,-6.65459009784662,-31.2095472487507));
#2118=CARTESIAN_POINT('Ctrl Pts',(97.8079833256975,-6.6226827131753,-31.2728469003841));
#2119=CARTESIAN_POINT('Ctrl Pts',(97.6566460803475,-6.58043329344029,-31.3347329857303));
#2120=CARTESIAN_POINT('Ctrl Pts',(97.5080999107484,-6.52788676916072,-31.3948393173144));
#2121=CARTESIAN_POINT('Ctrl Pts',(97.3880702963789,-6.48542765316496,-31.4434069769228));
#2122=CARTESIAN_POINT('Ctrl Pts',(97.2698641272703,-6.43624544556821,-31.4908129131672));
#2123=CARTESIAN_POINT('Ctrl Pts',(97.1540749812824,-6.38036385040644,-31.5368701346226));
#2124=CARTESIAN_POINT('Ctrl Pts',(96.9931620561082,-6.30270483613386,-31.6008761532054));
#2125=CARTESIAN_POINT('Ctrl Pts',(96.8377954841395,-6.21252688306528,-31.6619272910282));
#2126=CARTESIAN_POINT('Ctrl Pts',(96.6895220850846,-6.11036666294582,-31.719599600576));
#2127=CARTESIAN_POINT('Ctrl Pts',(96.5128982634047,-5.98867303066802,-31.7882990691413));
#2128=CARTESIAN_POINT('Ctrl Pts',(96.3463397692368,-5.84997696576585,-31.8522042390764));
#2129=CARTESIAN_POINT('Ctrl Pts',(96.1925373868143,-5.69518559260605,-31.9106166883324));
#2130=CARTESIAN_POINT('Ctrl Pts',(96.0346519779616,-5.53628493805659,-31.9705798260133));
#2131=CARTESIAN_POINT('Ctrl Pts',(95.8917680897026,-5.3619847658789,-32.0241677588969));
#2132=CARTESIAN_POINT('Ctrl Pts',(95.7663153384852,-5.174480290869,-32.0708532954132));
#2133=CARTESIAN_POINT('Ctrl Pts',(95.6622841366166,-5.01899294043836,-32.109567093449));
#2134=CARTESIAN_POINT('Ctrl Pts',(95.570240387719,-4.85442566361439,-32.1435346523732));
#2135=CARTESIAN_POINT('Ctrl Pts',(95.4915326132377,-4.68203023835233,-32.1724445798378));
#2136=CARTESIAN_POINT('Ctrl Pts',(95.4753255287775,-4.64653149332758,-32.178397557663));
#2137=CARTESIAN_POINT('Ctrl Pts',(95.4596837332286,-4.61070082818365,-32.1841360408871));
#2138=CARTESIAN_POINT('Ctrl Pts',(95.4446187144975,-4.57454917213849,-32.1896572316904));
#2139=CARTESIAN_POINT('Ctrl Pts',(95.3824945465834,-4.42546926785059,-32.2124251678395));
#2140=CARTESIAN_POINT('Ctrl Pts',(95.330640137495,-4.27198025119197,-32.2313312648813));
#2141=CARTESIAN_POINT('Ctrl Pts',(95.2895646850023,-4.11516956717867,-32.2462749119013));
#2142=CARTESIAN_POINT('Ctrl Pts',(95.2676841618865,-4.0316379299568,-32.2542352579039));
#2143=CARTESIAN_POINT('Ctrl Pts',(95.2488614717133,-3.94716373746237,-32.2610710045869));
#2144=CARTESIAN_POINT('Ctrl Pts',(95.2331676684626,-3.86191136377749,-32.2667653586119));
#2145=CARTESIAN_POINT('Ctrl Pts',(95.2050705792858,-3.70928146854476,-32.2769601323254));
#2146=CARTESIAN_POINT('Ctrl Pts',(95.1871278734298,-3.55479268635921,-32.2834528194207));
#2147=CARTESIAN_POINT('Ctrl Pts',(95.1795206973384,-3.39948068224334,-32.2862060282859));
#2148=CARTESIAN_POINT('Ctrl Pts',(95.1728338863565,-3.26295932369047,-32.288626136228));
#2149=CARTESIAN_POINT('Ctrl Pts',(95.1741509229868,-3.12616885721921,-32.2881499651802));
#2150=CARTESIAN_POINT('Ctrl Pts',(95.1834606722792,-2.98982549537507,-32.2847799297033));
#2151=CARTESIAN_POINT('Ctrl Pts',(95.1946018084318,-2.82666106311001,-32.2807469506285));
#2152=CARTESIAN_POINT('Ctrl Pts',(95.2171528896844,-2.66467468683598,-32.2725837227671));
#2153=CARTESIAN_POINT('Ctrl Pts',(95.2508605435367,-2.50506213768003,-32.2603429747034));
#2154=CARTESIAN_POINT('Ctrl Pts',(95.2850795488876,-2.34302823589692,-32.2479165321712));
#2155=CARTESIAN_POINT('Ctrl Pts',(95.3306221381992,-2.18422226656168,-32.2313507025113));
#2156=CARTESIAN_POINT('Ctrl Pts',(95.3869213657423,-2.02975558465957,-32.2107738927903));
#2157=CARTESIAN_POINT('Ctrl Pts',(95.4257971923219,-1.92309302106834,-32.1965651634492));
#2158=CARTESIAN_POINT('Ctrl Pts',(95.4698007882451,-1.81849951620882,-32.1804435963691));
#2159=CARTESIAN_POINT('Ctrl Pts',(95.5187316325528,-1.71634098861055,-32.1624477364348));
#2160=CARTESIAN_POINT('Ctrl Pts',(95.6057534218382,-1.5346556327136,-32.1304427311385));
#2161=CARTESIAN_POINT('Ctrl Pts',(95.7075805394553,-1.36225606582111,-32.0927973346142));
#2162=CARTESIAN_POINT('Ctrl Pts',(95.8225269295285,-1.20054124692234,-32.0499068824802));
#2163=CARTESIAN_POINT('Ctrl Pts',(95.9568445313747,-1.01157361911216,-31.9997883648907));
#2164=CARTESIAN_POINT('Ctrl Pts',(96.1090732385519,-0.837195459728955,-31.9425074120618));
#2165=CARTESIAN_POINT('Ctrl Pts',(96.2764655186031,-0.679638889913235,-31.8786775565355));
#2166=CARTESIAN_POINT('Ctrl Pts',(96.4195532553393,-0.544958766218444,-31.8241154849712));
#2167=CARTESIAN_POINT('Ctrl Pts',(96.5724697641211,-0.423735016629439,-31.7652419472303));
#2168=CARTESIAN_POINT('Ctrl Pts',(96.7332224140249,-0.316517574676055,-31.7025840663498));
#2169=CARTESIAN_POINT('Ctrl Pts',(96.8772362725719,-0.220464430118344,-31.6464506016799));
#2170=CARTESIAN_POINT('Ctrl Pts',(97.0275389105544,-0.135652570406273,-31.5872797440079));
#2171=CARTESIAN_POINT('Ctrl Pts',(97.1827391509479,-0.0624774064399958,
-31.5254605507159));
#2172=CARTESIAN_POINT('Ctrl Pts',(97.2657614470426,-0.0233333296384432,
-31.4923911987819));
#2173=CARTESIAN_POINT('Ctrl Pts',(97.3501860020503,0.0124808227107556,-31.458564196138));
#2174=CARTESIAN_POINT('Ctrl Pts',(97.4358059494586,0.0449045226960862,-31.424040609764));
#2175=CARTESIAN_POINT('Ctrl Pts',(97.5806963042968,0.0997735285556588,-31.3656180711918));
#2176=CARTESIAN_POINT('Ctrl Pts',(97.7282968294446,0.144667763496233,-31.3054862715016));
#2177=CARTESIAN_POINT('Ctrl Pts',(97.8775618781345,0.179609896441988,-31.2440002154995));
#2178=CARTESIAN_POINT('Ctrl Pts',(98.0254634561437,0.214232848345598,-31.1830758076218));
#2179=CARTESIAN_POINT('Ctrl Pts',(98.1749991838653,0.239084684012935,-31.120821727609));
#2180=CARTESIAN_POINT('Ctrl Pts',(98.3252011899531,0.254187456813455,-31.0575963336507));
#2181=CARTESIAN_POINT('Ctrl Pts',(98.4751750125261,0.269267285820661,-30.9944669902912));
#2182=CARTESIAN_POINT('Ctrl Pts',(98.6258130750036,0.274627650575983,-30.930369257657));
#2183=CARTESIAN_POINT('Ctrl Pts',(98.7762023383109,0.270290504092486,-30.8656734076336));
#2184=CARTESIAN_POINT('Ctrl Pts',(98.8138330268269,0.269205255020981,-30.8494850885544));
#2185=CARTESIAN_POINT('Ctrl Pts',(98.8514483842803,0.267512835038315,-30.8332593878205));
#2186=CARTESIAN_POINT('Ctrl Pts',(98.889034597594,0.265213588074616,-30.8170022407176));
#2187=CARTESIAN_POINT('Ctrl Pts',(99.0377353202965,0.256117175985432,-30.7526847873176));
#2188=CARTESIAN_POINT('Ctrl Pts',(99.1855559443128,0.237548017579478,-30.6880555788353));
#2189=CARTESIAN_POINT('Ctrl Pts',(99.3315565996114,0.209686400708833,-30.6235533798995));
#2190=CARTESIAN_POINT('Ctrl Pts',(99.4870270997493,0.180017633122365,-30.5548674612779));
#2191=CARTESIAN_POINT('Ctrl Pts',(99.6404337259345,0.139811864814144,-30.4863254715483));
#2192=CARTESIAN_POINT('Ctrl Pts',(99.7907024667925,0.0892867895724265,-30.4184748749547));
#2193=CARTESIAN_POINT('Ctrl Pts',(99.9409712076505,0.0387617143307094,-30.3506242783611));
#2194=CARTESIAN_POINT('Ctrl Pts',(100.088102741948,-0.0220826678445207,
-30.2834652199288));
#2195=CARTESIAN_POINT('Ctrl Pts',(100.231077026694,-0.0930286631651285,
-30.2175615931972));
#2196=CARTESIAN_POINT('Ctrl Pts',(100.381524295991,-0.167682866070351,-30.148213313566));
#2197=CARTESIAN_POINT('Ctrl Pts',(100.52696579653,-0.253343035026899,-30.0804405762704));
#2198=CARTESIAN_POINT('Ctrl Pts',(100.666065818673,-0.349529333642948,-30.0150229379166));
#2199=CARTESIAN_POINT('Ctrl Pts',(100.826808738444,-0.460681483321037,-29.9394268162807));
#2200=CARTESIAN_POINT('Ctrl Pts',(100.979084028329,-0.585890159716878,-29.8669757333913));
#2201=CARTESIAN_POINT('Ctrl Pts',(101.120897593513,-0.724414893383553,-29.7988968738534));
#2202=CARTESIAN_POINT('Ctrl Pts',(101.150846225311,-0.753668979465426,-29.784519767581));
#2203=CARTESIAN_POINT('Ctrl Pts',(101.180328457736,-0.783516939225266,-29.7703377255552));
#2204=CARTESIAN_POINT('Ctrl Pts',(101.20932574753,-0.813951798617595,-29.7563624062445));
#2205=CARTESIAN_POINT('Ctrl Pts',(101.377638788604,-0.990609126781623,-29.6752434978948));
#2206=CARTESIAN_POINT('Ctrl Pts',(101.528524333152,-1.18596908482528,-29.6016144952933));
#2207=CARTESIAN_POINT('Ctrl Pts',(101.658374934441,-1.39755674910796,-29.5377906626722));
#2208=CARTESIAN_POINT('Ctrl Pts',(101.714165010318,-1.48846500619638,-29.5103688684766));
#2209=CARTESIAN_POINT('Ctrl Pts',(101.766071784889,-1.58236885838407,-29.4847571331091));
#2210=CARTESIAN_POINT('Ctrl Pts',(101.813805465249,-1.67907201450032,-29.461138493796));
#2211=CARTESIAN_POINT('Ctrl Pts',(101.888828631924,-1.83106065113253,-29.4240170084953));
#2212=CARTESIAN_POINT('Ctrl Pts',(101.953028241247,-1.98894738371785,-29.3920761645052));
#2213=CARTESIAN_POINT('Ctrl Pts',(102.005612520332,-2.15159514625068,-29.3658458011057));
#2214=CARTESIAN_POINT('Ctrl Pts',(102.042162789389,-2.2646483169993,-29.3476136059251));
#2215=CARTESIAN_POINT('Ctrl Pts',(102.073100432074,-2.38000171222902,-29.3321401125435));
#2216=CARTESIAN_POINT('Ctrl Pts',(102.098145202942,-2.49727348471566,-29.3195988179361));
#2217=CARTESIAN_POINT('Ctrl Pts',(102.12947994928,-2.64399797513999,-29.3039077865691));
#2218=CARTESIAN_POINT('Ctrl Pts',(102.151418081685,-2.79290904524541,-29.292894216622));
#2219=CARTESIAN_POINT('Ctrl Pts',(102.163696433413,-2.94312613989729,-29.2867290481308));
#2220=CARTESIAN_POINT('Ctrl Pts',(102.171447177208,-3.03795110013708,-29.2828372683144));
#2221=CARTESIAN_POINT('Ctrl Pts',(102.175329789905,-3.13307110985695,-29.2808863393656));
#2222=CARTESIAN_POINT('Ctrl Pts',(102.17532992198,-3.22825607854918,-29.2808862730164));
#2223=CARTESIAN_POINT('Ctrl Pts',(102.17532992198,-3.22825607854918,-29.2808862730164));
#2224=CARTESIAN_POINT('Ctrl Pts',(102.17532992198,-3.24732634840519,-29.2808862730164));
#2225=CARTESIAN_POINT('Ctrl Pts',(102.175174061525,-3.2663992257097,-29.2809645715479));
#2226=CARTESIAN_POINT('Ctrl Pts',(102.172887114658,-3.40627504867177,-29.2821134158469));
#2227=CARTESIAN_POINT('Ctrl Pts',(102.164660695457,-3.52677867492587,-29.2862470214031));
#2228=CARTESIAN_POINT('Ctrl Pts',(102.128566289605,-3.82665156106494,-29.3043605624048));
#2229=CARTESIAN_POINT('Ctrl Pts',(102.092995140704,-4.00414682450752,-29.3222023363381));
#2230=CARTESIAN_POINT('Ctrl Pts',(101.929600781828,-4.5840168806521,-29.4038390286895));
#2231=CARTESIAN_POINT('Ctrl Pts',(101.74434903808,-4.96006911419299,-29.4960742356859));
#2232=CARTESIAN_POINT('Ctrl Pts',(101.235072202123,-5.65805250451203,-29.7447101781996));
#2233=CARTESIAN_POINT('Ctrl Pts',(100.903155276163,-5.96326224447532,-29.9044128557003));
#2234=CARTESIAN_POINT('Ctrl Pts',(100.53015297696,-6.19635840743116,-30.078743125336));
#2235=CARTESIAN_POINT('Origin',(98.6753299219801,-3.22825607854918,-28.89));
#2236=CARTESIAN_POINT('Origin',(98.6753299219801,116.771743921451,-40.89));
#2237=CARTESIAN_POINT('',(102.17532992198,116.771743921451,-28.89));
#2238=CARTESIAN_POINT('Origin',(98.6753299219801,116.771743921451,-28.89));
#2239=CARTESIAN_POINT('',(102.17532992198,116.771743921451,-29.2808862730164));
#2240=CARTESIAN_POINT('',(102.17532992198,116.771743921451,-40.89));
#2241=CARTESIAN_POINT('',(100.53015297696,113.803641592569,-30.078743125336));
#2242=CARTESIAN_POINT('Ctrl Pts',(100.53015297696,113.803641592569,-30.078743125336));
#2243=CARTESIAN_POINT('Ctrl Pts',(100.389674593938,113.71585400485,-30.1443985769046));
#2244=CARTESIAN_POINT('Ctrl Pts',(100.24378971326,113.638537145579,-30.2119415040753));
#2245=CARTESIAN_POINT('Ctrl Pts',(100.093655992353,113.571988625127,-30.2807030120025));
#2246=CARTESIAN_POINT('Ctrl Pts',(99.9530187266127,113.509649519037,-30.3451151267805));
#2247=CARTESIAN_POINT('Ctrl Pts',(99.8086528538304,113.456759569489,-30.4105965193085));
#2248=CARTESIAN_POINT('Ctrl Pts',(99.6615541538705,113.413563409213,-30.4766114269312));
#2249=CARTESIAN_POINT('Ctrl Pts',(99.6048207205529,113.396903394683,-30.5020722390296));
#2250=CARTESIAN_POINT('Ctrl Pts',(99.5476812841648,113.381685342893,-30.5276125687292));
#2251=CARTESIAN_POINT('Ctrl Pts',(99.4901950014752,113.367923288612,-30.553202293024));
#2252=CARTESIAN_POINT('Ctrl Pts',(99.3436229150975,113.332834343658,-30.6184481065334));
#2253=CARTESIAN_POINT('Ctrl Pts',(99.1950428045903,113.307270183652,-30.6839026521039));
#2254=CARTESIAN_POINT('Ctrl Pts',(99.0453555413107,113.291356276038,-30.7491344299186));
#2255=CARTESIAN_POINT('Ctrl Pts',(98.8982956069406,113.27572169125,-30.8132212516968));
#2256=CARTESIAN_POINT('Ctrl Pts',(98.7501669483308,113.269401567085,-30.8770930595684));
#2257=CARTESIAN_POINT('Ctrl Pts',(98.6018724594149,113.272514879609,-30.9403544173642));
#2258=CARTESIAN_POINT('Ctrl Pts',(98.5393429099938,113.273827632569,-30.9670290714775));
#2259=CARTESIAN_POINT('Ctrl Pts',(98.4767844839246,113.27681760739,-30.9935953593813));
#2260=CARTESIAN_POINT('Ctrl Pts',(98.4142675612269,113.281493723571,-31.020024377759));
#2261=CARTESIAN_POINT('Ctrl Pts',(98.2621911972359,113.292868671597,-31.0843146346255));
#2262=CARTESIAN_POINT('Ctrl Pts',(98.1107922617886,113.31418809649,-31.1476076870375));
#2263=CARTESIAN_POINT('Ctrl Pts',(97.9610320366949,113.345409902148,-31.2095472487409));
#2264=CARTESIAN_POINT('Ctrl Pts',(97.8079833257214,113.377317286819,-31.2728469003743));
#2265=CARTESIAN_POINT('Ctrl Pts',(97.6566460803714,113.419566706552,-31.3347329857205));
#2266=CARTESIAN_POINT('Ctrl Pts',(97.5080999107723,113.472113230831,-31.3948393173048));
#2267=CARTESIAN_POINT('Ctrl Pts',(97.3880702963948,113.514572346828,-31.4434069769164));
#2268=CARTESIAN_POINT('Ctrl Pts',(97.2698641272783,113.563754554428,-31.490812913164));
#2269=CARTESIAN_POINT('Ctrl Pts',(97.1540749812829,113.619636149593,-31.5368701346224));
#2270=CARTESIAN_POINT('Ctrl Pts',(96.9931620561279,113.697295163857,-31.6008761531976));
#2271=CARTESIAN_POINT('Ctrl Pts',(96.8377954841771,113.787473116913,-31.6619272910134));
#2272=CARTESIAN_POINT('Ctrl Pts',(96.6895220851382,113.889633337017,-31.7195996005551));
#2273=CARTESIAN_POINT('Ctrl Pts',(96.5128982634385,114.011326969304,-31.7882990691283));
#2274=CARTESIAN_POINT('Ctrl Pts',(96.3463397692526,114.150023034218,-31.8522042390704));
#2275=CARTESIAN_POINT('Ctrl Pts',(96.1925373868146,114.304814407394,-31.9106166883322));
#2276=CARTESIAN_POINT('Ctrl Pts',(96.0346519779618,114.463715061943,-31.9705798260132));
#2277=CARTESIAN_POINT('Ctrl Pts',(95.8917680897028,114.638015234121,-32.0241677588968));
#2278=CARTESIAN_POINT('Ctrl Pts',(95.7663153384854,114.825519709131,-32.0708532954131));
#2279=CARTESIAN_POINT('Ctrl Pts',(95.662284136616,114.981007059563,-32.1095670934492));
#2280=CARTESIAN_POINT('Ctrl Pts',(95.5702403877179,115.145574336388,-32.1435346523737));
#2281=CARTESIAN_POINT('Ctrl Pts',(95.4915326132361,115.317969761651,-32.1724445798384));
#2282=CARTESIAN_POINT('Ctrl Pts',(95.4753255287765,115.353468506675,-32.1783975576634));
#2283=CARTESIAN_POINT('Ctrl Pts',(95.4596837332282,115.389299171817,-32.1841360408872));
#2284=CARTESIAN_POINT('Ctrl Pts',(95.4446187144977,115.425450827861,-32.1896572316903));
#2285=CARTESIAN_POINT('Ctrl Pts',(95.3824945465832,115.57453073215,-32.2124251678395));
#2286=CARTESIAN_POINT('Ctrl Pts',(95.3306401374946,115.728019748809,-32.2313312648815));
#2287=CARTESIAN_POINT('Ctrl Pts',(95.2895646850017,115.884830432824,-32.2462749119015));
#2288=CARTESIAN_POINT('Ctrl Pts',(95.2676841618862,115.968362070045,-32.254235257904));
#2289=CARTESIAN_POINT('Ctrl Pts',(95.2488614717132,116.052836262538,-32.2610710045869));
#2290=CARTESIAN_POINT('Ctrl Pts',(95.2331676684627,116.138088636222,-32.2667653586119));
#2291=CARTESIAN_POINT('Ctrl Pts',(95.2050705792858,116.290718531455,-32.2769601323254));
#2292=CARTESIAN_POINT('Ctrl Pts',(95.1871278734298,116.445207313641,-32.2834528194207));
#2293=CARTESIAN_POINT('Ctrl Pts',(95.1795206973385,116.600519317757,-32.2862060282859));
#2294=CARTESIAN_POINT('Ctrl Pts',(95.1728338863566,116.737040676309,-32.288626136228));
#2295=CARTESIAN_POINT('Ctrl Pts',(95.1741509229868,116.87383114278,-32.2881499651802));
#2296=CARTESIAN_POINT('Ctrl Pts',(95.1834606722792,117.010174504625,-32.2847799297033));
#2297=CARTESIAN_POINT('Ctrl Pts',(95.1946018084318,117.17333893689,-32.2807469506286));
#2298=CARTESIAN_POINT('Ctrl Pts',(95.2171528896844,117.335325313164,-32.2725837227671));
#2299=CARTESIAN_POINT('Ctrl Pts',(95.2508605435366,117.49493786232,-32.2603429747034));
#2300=CARTESIAN_POINT('Ctrl Pts',(95.2850795488874,117.656971764102,-32.2479165321713));
#2301=CARTESIAN_POINT('Ctrl Pts',(95.3306221381987,117.815777733437,-32.2313507025114));
#2302=CARTESIAN_POINT('Ctrl Pts',(95.3869213657415,117.970244415338,-32.2107738927906));
#2303=CARTESIAN_POINT('Ctrl Pts',(95.4257971923212,118.07690697893,-32.1965651634494));
#2304=CARTESIAN_POINT('Ctrl Pts',(95.4698007882447,118.18150048379,-32.1804435963693));
#2305=CARTESIAN_POINT('Ctrl Pts',(95.5187316325526,118.283659011389,-32.1624477364348));
#2306=CARTESIAN_POINT('Ctrl Pts',(95.6057534218328,118.465344367275,-32.1304427311405));
#2307=CARTESIAN_POINT('Ctrl Pts',(95.7075805394429,118.637743934158,-32.0927973346188));
#2308=CARTESIAN_POINT('Ctrl Pts',(95.8225269295076,118.799458753048,-32.049906882488));
#2309=CARTESIAN_POINT('Ctrl Pts',(95.9568445313589,118.98842638087,-31.9997883648966));
#2310=CARTESIAN_POINT('Ctrl Pts',(96.1090732385431,119.162804540263,-31.9425074120652));
#2311=CARTESIAN_POINT('Ctrl Pts',(96.2764655186028,119.320361110086,-31.8786775565356));
#2312=CARTESIAN_POINT('Ctrl Pts',(96.419553255336,119.455041233779,-31.8241154849725));
#2313=CARTESIAN_POINT('Ctrl Pts',(96.5724697641145,119.576264983365,-31.7652419472328));
#2314=CARTESIAN_POINT('Ctrl Pts',(96.7332224140147,119.683482425317,-31.7025840663538));
#2315=CARTESIAN_POINT('Ctrl Pts',(96.8772362725615,119.779535569875,-31.646450601684));
#2316=CARTESIAN_POINT('Ctrl Pts',(97.0275389105438,119.864347429588,-31.5872797440121));
#2317=CARTESIAN_POINT('Ctrl Pts',(97.1827391509372,119.937522593555,-31.5254605507202));
#2318=CARTESIAN_POINT('Ctrl Pts',(97.2657614470351,119.976666670358,-31.4923911987849));
#2319=CARTESIAN_POINT('Ctrl Pts',(97.3501860020463,120.012480822709,-31.4585641961396));
#2320=CARTESIAN_POINT('Ctrl Pts',(97.4358059494581,120.044904522696,-31.4240406097642));
#2321=CARTESIAN_POINT('Ctrl Pts',(97.5806963042955,120.099773528555,-31.3656180711923));
#2322=CARTESIAN_POINT('Ctrl Pts',(97.7282968294426,120.144667763496,-31.3054862715024));
#2323=CARTESIAN_POINT('Ctrl Pts',(97.8775618781318,120.179609896441,-31.2440002155006));
#2324=CARTESIAN_POINT('Ctrl Pts',(98.025463456145,120.214232848346,-31.1830758076213));
#2325=CARTESIAN_POINT('Ctrl Pts',(98.1749991838707,120.239084684014,-31.1208217276067));
#2326=CARTESIAN_POINT('Ctrl Pts',(98.3252011899627,120.254187456814,-31.0575963336467));
#2327=CARTESIAN_POINT('Ctrl Pts',(98.475175012536,120.269267285821,-30.994466990287));
#2328=CARTESIAN_POINT('Ctrl Pts',(98.6258130750139,120.274627650576,-30.9303692576526));
#2329=CARTESIAN_POINT('Ctrl Pts',(98.7762023383215,120.270290504092,-30.8656734076291));
#2330=CARTESIAN_POINT('Ctrl Pts',(98.8138330268338,120.269205255021,-30.8494850885514));
#2331=CARTESIAN_POINT('Ctrl Pts',(98.8514483842835,120.267512835038,-30.8332593878191));
#2332=CARTESIAN_POINT('Ctrl Pts',(98.8890345975935,120.265213588075,-30.8170022407178));
#2333=CARTESIAN_POINT('Ctrl Pts',(99.0377353202983,120.256117175985,-30.7526847873168));
#2334=CARTESIAN_POINT('Ctrl Pts',(99.1855559443168,120.237548017579,-30.6880555788336));
#2335=CARTESIAN_POINT('Ctrl Pts',(99.3315565996176,120.209686400708,-30.6235533798967));
#2336=CARTESIAN_POINT('Ctrl Pts',(99.4870270997543,120.180017633121,-30.5548674612756));
#2337=CARTESIAN_POINT('Ctrl Pts',(99.6404337259384,120.139811864813,-30.4863254715466));
#2338=CARTESIAN_POINT('Ctrl Pts',(99.7907024667953,120.089286789571,-30.4184748749534));
#2339=CARTESIAN_POINT('Ctrl Pts',(99.9409712076522,120.03876171433,-30.3506242783603));
#2340=CARTESIAN_POINT('Ctrl Pts',(100.088102741949,119.977917332155,-30.2834652199285));
#2341=CARTESIAN_POINT('Ctrl Pts',(100.231077026693,119.906971336835,-30.2175615931974));
#2342=CARTESIAN_POINT('Ctrl Pts',(100.381524295996,119.832317133927,-30.1482133135638));
#2343=CARTESIAN_POINT('Ctrl Pts',(100.52696579654,119.746656964967,-30.0804405762659));
#2344=CARTESIAN_POINT('Ctrl Pts',(100.666065818687,119.650470666347,-30.0150229379099));
#2345=CARTESIAN_POINT('Ctrl Pts',(100.826808738452,119.539318516672,-29.9394268162767));
#2346=CARTESIAN_POINT('Ctrl Pts',(100.979084028332,119.41410984028,-29.8669757333897));
#2347=CARTESIAN_POINT('Ctrl Pts',(101.120897593512,119.275585106618,-29.7988968738539));
#2348=CARTESIAN_POINT('Ctrl Pts',(101.15084622531,119.246331020535,-29.7845197675814));
#2349=CARTESIAN_POINT('Ctrl Pts',(101.180328457735,119.216483060775,-29.7703377255555));
#2350=CARTESIAN_POINT('Ctrl Pts',(101.20932574753,119.186048201383,-29.7563624062446));
#2351=CARTESIAN_POINT('Ctrl Pts',(101.377638788597,119.009390873226,-29.6752434978981));
#2352=CARTESIAN_POINT('Ctrl Pts',(101.52852433314,118.814030915191,-29.6016144952993));
#2353=CARTESIAN_POINT('Ctrl Pts',(101.658374934425,118.602443250918,-29.5377906626799));
#2354=CARTESIAN_POINT('Ctrl Pts',(101.714165010308,118.511534993821,-29.5103688684814));
#2355=CARTESIAN_POINT('Ctrl Pts',(101.766071784885,118.417631141625,-29.4847571331113));
#2356=CARTESIAN_POINT('Ctrl Pts',(101.813805465249,118.3209279855,-29.4611384937961));
#2357=CARTESIAN_POINT('Ctrl Pts',(101.888828631923,118.168939348868,-29.4240170084956));
#2358=CARTESIAN_POINT('Ctrl Pts',(101.953028241246,118.011052616284,-29.3920761645055));
#2359=CARTESIAN_POINT('Ctrl Pts',(102.005612520331,117.848404853752,-29.3658458011062));
#2360=CARTESIAN_POINT('Ctrl Pts',(102.042162789389,117.735351683003,-29.3476136059253));
#2361=CARTESIAN_POINT('Ctrl Pts',(102.073100432074,117.619998287772,-29.3321401125437));
#2362=CARTESIAN_POINT('Ctrl Pts',(102.098145202942,117.502726515285,-29.3195988179361));
#2363=CARTESIAN_POINT('Ctrl Pts',(102.12947994928,117.35600202486,-29.3039077865692));
#2364=CARTESIAN_POINT('Ctrl Pts',(102.151418081685,117.207090954755,-29.292894216622));
#2365=CARTESIAN_POINT('Ctrl Pts',(102.163696433413,117.056873860103,-29.2867290481308));
#2366=CARTESIAN_POINT('Ctrl Pts',(102.171447177208,116.962048899863,-29.2828372683144));
#2367=CARTESIAN_POINT('Ctrl Pts',(102.175329789905,116.866928890143,-29.2808863393656));
#2368=CARTESIAN_POINT('Ctrl Pts',(102.17532992198,116.771743921451,-29.2808862730164));
#2369=CARTESIAN_POINT('Ctrl Pts',(102.17532992198,116.771743921451,-29.2808862730164));
#2370=CARTESIAN_POINT('Ctrl Pts',(102.17532992198,116.752673651595,-29.2808862730164));
#2371=CARTESIAN_POINT('Ctrl Pts',(102.175174061525,116.73360077429,-29.2809645715479));
#2372=CARTESIAN_POINT('Ctrl Pts',(102.172887114658,116.593724951328,-29.2821134158469));
#2373=CARTESIAN_POINT('Ctrl Pts',(102.164660695457,116.473221325074,-29.2862470214031));
#2374=CARTESIAN_POINT('Ctrl Pts',(102.128566289605,116.173348438935,-29.3043605624049));
#2375=CARTESIAN_POINT('Ctrl Pts',(102.092995140704,115.995853175492,-29.3222023363381));
#2376=CARTESIAN_POINT('Ctrl Pts',(101.929600781828,115.415983119348,-29.4038390286894));
#2377=CARTESIAN_POINT('Ctrl Pts',(101.74434903808,115.039930885807,-29.4960742356858));
#2378=CARTESIAN_POINT('Ctrl Pts',(101.235072202123,114.341947495488,-29.7447101781996));
#2379=CARTESIAN_POINT('Ctrl Pts',(100.903155276163,114.036737755525,-29.9044128557003));
#2380=CARTESIAN_POINT('Ctrl Pts',(100.53015297696,113.803641592569,-30.078743125336));
#2381=CARTESIAN_POINT('Origin',(98.6753299219801,116.771743921451,-28.89));
#2382=CARTESIAN_POINT('Ctrl Pts',(130.424407644736,31.7717435286853,-17.8789861736055));
#2383=CARTESIAN_POINT('Ctrl Pts',(130.424407644736,48.4384103262738,-17.8789861736055));
#2384=CARTESIAN_POINT('Ctrl Pts',(130.424407644736,65.1050771238623,-17.8789861736055));
#2385=CARTESIAN_POINT('Ctrl Pts',(130.424407644736,81.7717439214509,-17.8789861736055));
#2386=CARTESIAN_POINT('Ctrl Pts',(130.970950991917,31.7717435286853,-17.8103862183345));
#2387=CARTESIAN_POINT('Ctrl Pts',(130.970950991917,48.4384103262738,-17.8103862183345));
#2388=CARTESIAN_POINT('Ctrl Pts',(130.970950991917,65.1050771238623,-17.8103862183345));
#2389=CARTESIAN_POINT('Ctrl Pts',(130.970950991917,81.7717439214509,-17.8103862183345));
#2390=CARTESIAN_POINT('Ctrl Pts',(131.867513210104,31.7717435286853,-17.2729754642228));
#2391=CARTESIAN_POINT('Ctrl Pts',(131.867513210104,48.4384103262738,-17.2729754642228));
#2392=CARTESIAN_POINT('Ctrl Pts',(131.867513210104,65.1050771238623,-17.2729754642228));
#2393=CARTESIAN_POINT('Ctrl Pts',(131.867513210104,81.7717439214509,-17.2729754642228));
#2394=CARTESIAN_POINT('Ctrl Pts',(132.17532992198,31.7717435286853,-16.3076805023238));
#2395=CARTESIAN_POINT('Ctrl Pts',(132.17532992198,48.4384103262738,-16.3076805023238));
#2396=CARTESIAN_POINT('Ctrl Pts',(132.17532992198,65.1050771238623,-16.3076805023238));
#2397=CARTESIAN_POINT('Ctrl Pts',(132.17532992198,81.7717439214509,-16.3076805023238));
#2398=CARTESIAN_POINT('Ctrl Pts',(132.17532992198,31.7717435286853,-15.8945567120154));
#2399=CARTESIAN_POINT('Ctrl Pts',(132.17532992198,48.4384103262738,-15.8945567120154));
#2400=CARTESIAN_POINT('Ctrl Pts',(132.17532992198,65.1050771238623,-15.8945567120154));
#2401=CARTESIAN_POINT('Ctrl Pts',(132.17532992198,81.7717439214509,-15.8945567120154));
#2402=CARTESIAN_POINT('',(130.424407644736,81.7717439214509,-17.8789861736055));
#2403=CARTESIAN_POINT('',(132.090122680981,81.7717439214509,-16.4721107701599));
#2404=CARTESIAN_POINT('Ctrl Pts',(132.089396681874,81.7717439214509,-16.4724763273272));
#2405=CARTESIAN_POINT('Ctrl Pts',(132.026434652237,81.7717439214509,-16.6812585509992));
#2406=CARTESIAN_POINT('Ctrl Pts',(131.929923668683,81.7717439214509,-16.8797962145995));
#2407=CARTESIAN_POINT('Ctrl Pts',(131.803350096356,81.7717439214509,-17.056485207011));
#2408=CARTESIAN_POINT('Ctrl Pts',(131.483272259452,81.7717439214509,-17.5032943588421));
#2409=CARTESIAN_POINT('Ctrl Pts',(130.970950991917,81.7717439214509,-17.8103862183345));
#2410=CARTESIAN_POINT('Ctrl Pts',(130.424407644736,81.7717439214509,-17.8789861736055));
#2411=CARTESIAN_POINT('',(130.424407644736,31.7717439214509,-17.8789861736055));
#2412=CARTESIAN_POINT('Ctrl Pts',(130.424407644736,81.7717439214509,-17.8789861736055));
#2413=CARTESIAN_POINT('Ctrl Pts',(130.424407644736,65.1050772547842,-17.8789861736055));
#2414=CARTESIAN_POINT('Ctrl Pts',(130.424407644736,48.4384105881175,-17.8789861736055));
#2415=CARTESIAN_POINT('Ctrl Pts',(130.424407644736,31.7717439214509,-17.8789861736055));
#2416=CARTESIAN_POINT('',(132.090122680883,31.7717439214509,-16.472110770483));
#2417=CARTESIAN_POINT('Ctrl Pts',(130.424407644736,31.7717439214509,-17.8789861736055));
#2418=CARTESIAN_POINT('Ctrl Pts',(130.970950991917,31.7717439214509,-17.8103862183345));
#2419=CARTESIAN_POINT('Ctrl Pts',(131.483272259452,31.7717439214509,-17.5032943588421));
#2420=CARTESIAN_POINT('Ctrl Pts',(131.803350096356,31.7717439214509,-17.056485207011));
#2421=CARTESIAN_POINT('Ctrl Pts',(131.929923668617,31.7717439214509,-16.8797962146907));
#2422=CARTESIAN_POINT('Ctrl Pts',(132.026434652137,31.7717439214509,-16.6812585512042));
#2423=CARTESIAN_POINT('Ctrl Pts',(132.089396681777,31.7717439214509,-16.4724763276506));
#2424=CARTESIAN_POINT('',(132.17532992198,31.8569511625532,-15.8945567120154));
#2425=CARTESIAN_POINT('Ctrl Pts',(132.089396681777,31.7717439214509,-16.4724763276505));
#2426=CARTESIAN_POINT('Ctrl Pts',(132.107813716256,31.7717435286853,-16.4114054023343));
#2427=CARTESIAN_POINT('Ctrl Pts',(132.123361142727,31.7745341411018,-16.3494632169355));
#2428=CARTESIAN_POINT('Ctrl Pts',(132.135961102354,31.7803577526268,-16.2868640237864));
#2429=CARTESIAN_POINT('Ctrl Pts',(132.149656624449,31.7866877253147,-16.2188218507768));
#2430=CARTESIAN_POINT('Ctrl Pts',(132.159700788549,31.7965239758776,-16.1508426616821));
#2431=CARTESIAN_POINT('Ctrl Pts',(132.166217827042,31.8099189395393,-16.0832418746795));
#2432=CARTESIAN_POINT('Ctrl Pts',(132.172320243454,31.8224616989815,-16.0199419336804));
#2433=CARTESIAN_POINT('Ctrl Pts',(132.17532992198,31.8381247564998,-15.95697280183));
#2434=CARTESIAN_POINT('Ctrl Pts',(132.17532992198,31.8569511625532,-15.8945567120154));
#2435=CARTESIAN_POINT('',(132.17532992198,81.6865366803485,-15.8945567120154));
#2436=CARTESIAN_POINT('Ctrl Pts',(132.17532992198,31.8569511625532,-15.8945567120154));
#2437=CARTESIAN_POINT('Ctrl Pts',(132.17532992198,48.4668130018183,-15.8945567120154));
#2438=CARTESIAN_POINT('Ctrl Pts',(132.17532992198,65.0766748410834,-15.8945567120154));
#2439=CARTESIAN_POINT('Ctrl Pts',(132.17532992198,81.6865366803485,-15.8945567120154));
#2440=CARTESIAN_POINT('Ctrl Pts',(132.17532992198,81.6865366803485,-15.8945567120154));
#2441=CARTESIAN_POINT('Ctrl Pts',(132.17532992198,81.7077775532704,-15.9649776000102));
#2442=CARTESIAN_POINT('Ctrl Pts',(132.17149955187,81.7249364400527,-16.0359072027289));
#2443=CARTESIAN_POINT('Ctrl Pts',(132.163780035153,81.7381366506888,-16.1070325856988));
#2444=CARTESIAN_POINT('Ctrl Pts',(132.156423506513,81.7507161593773,-16.1748135020583));
#2445=CARTESIAN_POINT('Ctrl Pts',(132.145534638827,81.7597005296941,-16.2427726355924));
#2446=CARTESIAN_POINT('Ctrl Pts',(132.131035228063,81.7651964818633,-16.3106013464173));
#2447=CARTESIAN_POINT('Ctrl Pts',(132.121963478634,81.7686350975259,-16.3530392826006));
#2448=CARTESIAN_POINT('Ctrl Pts',(132.111477842165,81.7707081559072,-16.3954253969233));
#2449=CARTESIAN_POINT('Ctrl Pts',(132.099554159945,81.7714417947936,-16.4376748620859));
#2450=CARTESIAN_POINT('Ctrl Pts',(132.096268520174,81.7716439532425,-16.4493169471799));
#2451=CARTESIAN_POINT('Ctrl Pts',(132.092882344909,81.7717438339934,-16.4609178613196));
#2452=CARTESIAN_POINT('Ctrl Pts',(132.089396681874,81.7717439214509,-16.4724763273272));
#2453=CARTESIAN_POINT('Origin',(132.17532992198,56.7717439214509,-17.6859253316087));
#2454=CARTESIAN_POINT('',(132.17532992198,33.7717439214509,-14.472110770501));
#2455=CARTESIAN_POINT('Origin',(132.17532992198,33.7717439214509,-16.472110770501));
#2456=CARTESIAN_POINT('',(132.17532992198,79.7717439214509,-14.472110770501));
#2457=CARTESIAN_POINT('',(132.17532992198,56.7717439214509,-14.472110770501));
#2458=CARTESIAN_POINT('Origin',(132.17532992198,79.7717439214509,-16.472110770501));
#2459=CARTESIAN_POINT('Origin',(74.4520901407565,116.521743921451,-35.39));
#2460=CARTESIAN_POINT('',(74.4520901407565,57.3967439214508,-35.89));
#2461=CARTESIAN_POINT('Origin',(74.4520901407565,116.521743921451,-35.39));
#2462=CARTESIAN_POINT('',(74.4520901407565,117.521743921451,-35.89));
#2463=CARTESIAN_POINT('',(74.4520901407565,117.521743921451,-34.64));
#2464=CARTESIAN_POINT('',(74.4520901407565,115.896743921451,-35.89));
#2465=CARTESIAN_POINT('Origin',(-8.3246700780197,115.271743921451,-33.89));
#2466=CARTESIAN_POINT('',(72.4520901407565,117.521743921451,-33.89));
#2467=CARTESIAN_POINT('',(72.4520901407565,115.896743921451,-33.89));
#2468=CARTESIAN_POINT('',(-8.3246700780197,117.521743921451,-33.89));
#2469=CARTESIAN_POINT('Origin',(72.4520901407565,115.896743921451,-35.89));
#2470=CARTESIAN_POINT('Origin',(72.4520901407565,117.521743921451,-35.89));
#2471=CARTESIAN_POINT('Origin',(132.925329786636,79.7717439214509,-16.472110770501));
#2472=CARTESIAN_POINT('',(134.92532992198,79.7717439214509,-14.472110770501));
#2473=CARTESIAN_POINT('',(134.92532992198,81.7717439214509,-16.472110770501));
#2474=CARTESIAN_POINT('Origin',(134.92532992198,79.7717439214509,-16.472110770501));
#2475=CARTESIAN_POINT('',(132.925329786636,81.7717439214509,-16.472110770501));
#2476=CARTESIAN_POINT('',(132.925329786636,79.7717439214509,-14.472110770501));
#2477=CARTESIAN_POINT('Origin',(132.17532992198,56.7717439214509,-14.472110770501));
#2478=CARTESIAN_POINT('',(134.92532992198,33.7717439214509,-14.472110770501));
#2479=CARTESIAN_POINT('',(132.925329786636,33.7717439214509,-14.472110770501));
#2480=CARTESIAN_POINT('',(134.92532992198,56.7717439214509,-14.472110770501));
#2481=CARTESIAN_POINT('Origin',(132.925329786636,33.7717439214509,-16.472110770501));
#2482=CARTESIAN_POINT('',(134.92532992198,31.7717439214509,-16.472110770501));
#2483=CARTESIAN_POINT('',(132.925329786636,31.7717439214509,-16.472110770501));
#2484=CARTESIAN_POINT('Origin',(134.92532992198,33.7717439214509,-16.472110770501));
#2485=CARTESIAN_POINT('Origin',(72.4520901407565,57.3967439214508,-35.89));
#2486=CARTESIAN_POINT('Origin',(133.675329651293,31.7717439214509,-16.079150794689));
#2487=CARTESIAN_POINT('',(132.17532992198,31.7717439214509,-17.6859253316087));
#2488=CARTESIAN_POINT('Ctrl Pts',(132.175334400604,31.7717439214509,-17.6859722998599));
#2489=CARTESIAN_POINT('Ctrl Pts',(131.590917570514,31.7717439214509,-17.7416989424458));
#2490=CARTESIAN_POINT('Ctrl Pts',(131.007266131075,31.7717439214509,-17.8058949838947));
#2491=CARTESIAN_POINT('Ctrl Pts',(130.424416758383,31.7717439214509,-17.8790587762312));
#2492=CARTESIAN_POINT('',(134.92532992198,31.7717439214509,-17.484609764325));
#2493=CARTESIAN_POINT('Ctrl Pts',(134.925330496698,31.7717439214509,-17.4846208447314));
#2494=CARTESIAN_POINT('Ctrl Pts',(134.006883387034,31.7717439214509,-17.5322587589183));
#2495=CARTESIAN_POINT('Ctrl Pts',(133.090171126893,31.7717439214509,-17.5987387079345));
#2496=CARTESIAN_POINT('Ctrl Pts',(132.175334400604,31.7717439214509,-17.6859722998599));
#2497=CARTESIAN_POINT('',(134.92532992198,31.7717439214509,-15.275630782595));
#2498=CARTESIAN_POINT('Origin',(134.92532992198,56.7717439214509,-14.472110770501));
#2499=CARTESIAN_POINT('',(134.92532992198,81.7717439214509,-17.484609764325));
#2500=CARTESIAN_POINT('Ctrl Pts',(134.92532992198,81.7717439214509,-17.4846097643288));
#2501=CARTESIAN_POINT('Ctrl Pts',(134.92532992198,73.4384105881175,-17.4846097643288));
#2502=CARTESIAN_POINT('Ctrl Pts',(134.92532992198,65.1050772547842,-17.4846097643288));
#2503=CARTESIAN_POINT('Ctrl Pts',(134.92532992198,48.4384105881175,-17.4846097643288));
#2504=CARTESIAN_POINT('Ctrl Pts',(134.92532992198,40.1050772547842,-17.4846097643288));
#2505=CARTESIAN_POINT('Ctrl Pts',(134.92532992198,31.7717439214509,-17.4846097643288));
#2506=CARTESIAN_POINT('',(134.92532992198,81.7717439214509,-15.275630782595));
#2507=CARTESIAN_POINT('Origin',(133.675329651293,81.7717439214509,-16.079150794689));
#2508=CARTESIAN_POINT('',(132.17532992198,81.7717439214509,-17.6859253316087));
#2509=CARTESIAN_POINT('Ctrl Pts',(132.175334400604,81.7717439214509,-17.6859722998599));
#2510=CARTESIAN_POINT('Ctrl Pts',(133.090171126893,81.7717439214509,-17.5987387079345));
#2511=CARTESIAN_POINT('Ctrl Pts',(134.006883387034,81.7717439214509,-17.5322587589183));
#2512=CARTESIAN_POINT('Ctrl Pts',(134.925330496698,81.7717439214509,-17.4846208447314));
#2513=CARTESIAN_POINT('Ctrl Pts',(130.424416758383,81.7717439214509,-17.8790587762312));
#2514=CARTESIAN_POINT('Ctrl Pts',(131.007266131075,81.7717439214509,-17.8058949838947));
#2515=CARTESIAN_POINT('Ctrl Pts',(131.590917570514,81.7717439214509,-17.7416989424458));
#2516=CARTESIAN_POINT('Ctrl Pts',(132.175334400604,81.7717439214509,-17.6859722998599));
#2517=CARTESIAN_POINT('Origin',(-8.3246700780197,117.521743921451,-33.89));
#2518=CARTESIAN_POINT('Origin',(108.67532992198,-7.72825607854918,5.11));
#2519=CARTESIAN_POINT('',(113.67532992198,-4.39492274521571,-22.9687348053144));
#2520=CARTESIAN_POINT('Ctrl Pts',(113.67532992198,-4.39492274521571,-22.9687348053144));
#2521=CARTESIAN_POINT('Ctrl Pts',(116.810837180023,-2.30458457318718,-21.3970495318335));
#2522=CARTESIAN_POINT('Ctrl Pts',(120.559940291025,0.194817500814142,-19.8421322602002));
#2523=CARTESIAN_POINT('Ctrl Pts',(129.700767328264,6.28870219230668,-17.776094719976));
#2524=CARTESIAN_POINT('Ctrl Pts',(134.176315099281,9.27240070631829,-17.39));
#2525=CARTESIAN_POINT('Ctrl Pts',(138.67532992198,12.2717439214509,-17.39));
#2526=CARTESIAN_POINT('Ctrl Pts',(108.67532992198,-7.72825607854916,-25.6945137337346));
#2527=CARTESIAN_POINT('Ctrl Pts',(110.462217221611,-6.53699787879532,-24.6694757299351));
#2528=CARTESIAN_POINT('Ctrl Pts',(111.958546037645,-5.53944533477252,-23.8292794402648));
#2529=CARTESIAN_POINT('Ctrl Pts',(113.67532992198,-4.39492274521573,-22.9687348053144));
#2530=CARTESIAN_POINT('Ctrl Pts',(108.67532992198,-7.72825607854918,-32.6056322939656));
#2531=CARTESIAN_POINT('Ctrl Pts',(111.328999827218,-5.95914280839025,-31.1131873211586));
#2532=CARTESIAN_POINT('Ctrl Pts',(113.705613174814,-4.37473390999286,-29.6651271064137));
#2533=CARTESIAN_POINT('Ctrl Pts',(116.363990795352,-2.60248216296768,-28.3326049293944));
#2534=CARTESIAN_POINT('Ctrl Pts',(77.1113902062686,121.271743921451,-42.954289695222));
#2535=CARTESIAN_POINT('Ctrl Pts',(77.1113902062686,-7.72825607854918,-42.954289695222));
#2536=CARTESIAN_POINT('Ctrl Pts',(77.2904426959113,121.271743921451,-42.9227546701697));
#2537=CARTESIAN_POINT('Ctrl Pts',(77.2904426959113,-7.72825607854918,-42.9227546701697));
#2538=CARTESIAN_POINT('Ctrl Pts',(77.4694951855536,121.271743921451,-42.8912196451174));
#2539=CARTESIAN_POINT('Ctrl Pts',(77.4694951855536,-7.72825607854918,-42.8912196451174));
#2540=CARTESIAN_POINT('Ctrl Pts',(77.6485476751963,121.271743921451,-42.859684620065));
#2541=CARTESIAN_POINT('Ctrl Pts',(77.6485476751963,-7.72825607854918,-42.859684620065));
#2542=CARTESIAN_POINT('Ctrl Pts',(77.7632993255239,121.271743921451,-42.839474366775));
#2543=CARTESIAN_POINT('Ctrl Pts',(77.7632993255239,-7.72825607854918,-42.839474366775));
#2544=CARTESIAN_POINT('Ctrl Pts',(77.8780509758512,121.271743921451,-42.8192641134851));
#2545=CARTESIAN_POINT('Ctrl Pts',(77.8780509758512,-7.72825607854918,-42.8192641134851));
#2546=CARTESIAN_POINT('Ctrl Pts',(77.9928026261788,121.271743921451,-42.7990538601951));
#2547=CARTESIAN_POINT('Ctrl Pts',(77.9928026261788,-7.72825607854918,-42.7990538601951));
#2548=CARTESIAN_POINT('Ctrl Pts',(84.9732003678101,121.271743921451,-41.5696544919028));
#2549=CARTESIAN_POINT('Ctrl Pts',(84.9732003678101,-7.72825607854918,-41.5696544919028));
#2550=CARTESIAN_POINT('Ctrl Pts',(91.0558424711119,121.271743921451,-40.0768553932583));
#2551=CARTESIAN_POINT('Ctrl Pts',(91.0558424711119,-7.72825607854918,-40.0768553932583));
#2552=CARTESIAN_POINT('Ctrl Pts',(96.2754058608382,121.271743921451,-38.2635301878494));
#2553=CARTESIAN_POINT('Ctrl Pts',(96.2754058608382,-7.72825607854918,-38.2635301878494));
#2554=CARTESIAN_POINT('Ctrl Pts',(100.61929584346,121.271743921451,-36.7544221251873));
#2555=CARTESIAN_POINT('Ctrl Pts',(100.61929584346,-7.72825607854918,-36.7544221251873));
#2556=CARTESIAN_POINT('Ctrl Pts',(104.34713707495,121.271743921451,-34.9893241170066));
#2557=CARTESIAN_POINT('Ctrl Pts',(104.34713707495,-7.72825607854918,-34.9893241170066));
#2558=CARTESIAN_POINT('Ctrl Pts',(107.596756404867,121.271743921451,-33.205341957917));
#2559=CARTESIAN_POINT('Ctrl Pts',(107.596756404867,-7.72825607854918,-33.205341957917));
#2560=CARTESIAN_POINT('Ctrl Pts',(110.735302084353,121.271743921451,-31.4823372212878));
#2561=CARTESIAN_POINT('Ctrl Pts',(110.735302084353,-7.72825607854918,-31.4823372212878));
#2562=CARTESIAN_POINT('Ctrl Pts',(113.432281846728,121.271743921451,-29.8021355033904));
#2563=CARTESIAN_POINT('Ctrl Pts',(113.432281846728,-7.72825607854918,-29.8021355033904));
#2564=CARTESIAN_POINT('Ctrl Pts',(116.363990795352,121.271743921451,-28.3326049293944));
#2565=CARTESIAN_POINT('Ctrl Pts',(116.363990795352,-7.72825607854918,-28.3326049293944));
#2566=CARTESIAN_POINT('Ctrl Pts',(113.67532992198,121.271743921451,-22.9687348053144));
#2567=CARTESIAN_POINT('Ctrl Pts',(113.67532992198,-7.72825607854918,-22.9687348053144));
#2568=CARTESIAN_POINT('Ctrl Pts',(113.310971347848,121.271743921451,-23.1513709653044));
#2569=CARTESIAN_POINT('Ctrl Pts',(113.310971347848,-7.72825607854918,-23.1513709653044));
#2570=CARTESIAN_POINT('Ctrl Pts',(112.292469726567,121.271743921451,-23.6722968229048));
#2571=CARTESIAN_POINT('Ctrl Pts',(112.292469726567,-7.72825607854918,-23.6722968229048));
#2572=CARTESIAN_POINT('Ctrl Pts',(110.673585267724,121.271743921451,-24.5444863125544));
#2573=CARTESIAN_POINT('Ctrl Pts',(110.673585267724,-7.72825607854918,-24.5444863125544));
#2574=CARTESIAN_POINT('Ctrl Pts',(108.521628672148,121.271743921451,-25.7755485057421));
#2575=CARTESIAN_POINT('Ctrl Pts',(108.521628672148,-7.72825607854918,-25.7755485057421));
#2576=CARTESIAN_POINT('Ctrl Pts',(105.834697126569,121.271743921451,-27.3441762588083));
#2577=CARTESIAN_POINT('Ctrl Pts',(105.834697126569,-7.72825607854918,-27.3441762588083));
#2578=CARTESIAN_POINT('Ctrl Pts',(102.797917132878,121.271743921451,-29.015431784296));
#2579=CARTESIAN_POINT('Ctrl Pts',(102.797917132878,-7.72825607854918,-29.015431784296));
#2580=CARTESIAN_POINT('Ctrl Pts',(99.5224873648225,121.271743921451,-30.6032490736015));
#2581=CARTESIAN_POINT('Ctrl Pts',(99.5224873648225,-7.72825607854918,-30.6032490736015));
#2582=CARTESIAN_POINT('Ctrl Pts',(95.8936010477677,121.271743921451,-32.0894776878775));
#2583=CARTESIAN_POINT('Ctrl Pts',(95.8936010477677,-7.72825607854918,-32.0894776878775));
#2584=CARTESIAN_POINT('Ctrl Pts',(91.850353460559,121.271743921451,-33.4652995947771));
#2585=CARTESIAN_POINT('Ctrl Pts',(91.850353460559,-7.72825607854918,-33.4652995947771));
#2586=CARTESIAN_POINT('Ctrl Pts',(87.3654810422682,121.271743921451,-34.7278900323595));
#2587=CARTESIAN_POINT('Ctrl Pts',(87.3654810422682,-7.72825607854918,-34.7278900323595));
#2588=CARTESIAN_POINT('Ctrl Pts',(83.4204115312512,121.271743921451,-35.6479344061733));
#2589=CARTESIAN_POINT('Ctrl Pts',(83.4204115312512,-7.72825607854918,-35.6479344061733));
#2590=CARTESIAN_POINT('Ctrl Pts',(80.2629433663955,121.271743921451,-36.2881860638728));
#2591=CARTESIAN_POINT('Ctrl Pts',(80.2629433663955,-7.72825607854918,-36.2881860638728));
#2592=CARTESIAN_POINT('Ctrl Pts',(78.0703163290579,121.271743921451,-36.6930561265433));
#2593=CARTESIAN_POINT('Ctrl Pts',(78.0703163290579,-7.72825607854918,-36.6930561265433));
#2594=CARTESIAN_POINT('Ctrl Pts',(76.9520901407565,121.271743921451,-36.89));
#2595=CARTESIAN_POINT('Ctrl Pts',(76.9520901407565,-7.72825607854918,-36.89));
#2596=CARTESIAN_POINT('Ctrl Pts',(75.7020901407565,121.271743921451,-37.1101520983826));
#2597=CARTESIAN_POINT('Ctrl Pts',(75.7020901407565,-7.72825607854918,-37.1101520983826));
#2598=CARTESIAN_POINT('Ctrl Pts',(74.4520901407565,121.271743921451,-37.3303041967652));
#2599=CARTESIAN_POINT('Ctrl Pts',(74.4520901407565,-7.72825607854918,-37.3303041967652));
#2600=CARTESIAN_POINT('Ctrl Pts',(73.2020901407565,121.271743921451,-37.5504562951478));
#2601=CARTESIAN_POINT('Ctrl Pts',(73.2020901407565,-7.72825607854918,-37.5504562951478));
#2602=CARTESIAN_POINT('Ctrl Pts',(71.9520901407565,121.271743921451,-37.7706083935305));
#2603=CARTESIAN_POINT('Ctrl Pts',(71.9520901407565,-7.72825607854918,-37.7706083935305));
#2604=CARTESIAN_POINT('Ctrl Pts',(70.7020901407565,121.271743921451,-37.9907604919131));
#2605=CARTESIAN_POINT('Ctrl Pts',(70.7020901407565,-7.72825607854918,-37.9907604919131));
#2606=CARTESIAN_POINT('',(113.67532992198,121.271743921451,-22.9687348053144));
#2607=CARTESIAN_POINT('Ctrl Pts',(138.67532992198,121.271743921451,-17.39));
#2608=CARTESIAN_POINT('Ctrl Pts',(138.67532992198,-7.72825607854918,-17.39));
#2609=CARTESIAN_POINT('Ctrl Pts',(133.877336284412,121.271743921451,-17.39));
#2610=CARTESIAN_POINT('Ctrl Pts',(133.877336284412,-7.72825607854918,-17.39));
#2611=CARTESIAN_POINT('Ctrl Pts',(129.121069624906,121.271743921451,-17.8291150780792));
#2612=CARTESIAN_POINT('Ctrl Pts',(129.121069624906,-7.72825607854918,-17.8291150780792));
#2613=CARTESIAN_POINT('Ctrl Pts',(120.118422024342,121.271743921451,-20.0282772784629));
#2614=CARTESIAN_POINT('Ctrl Pts',(120.118422024342,-7.72825607854918,-20.0282772784629));
#2615=CARTESIAN_POINT('Ctrl Pts',(116.630635271557,121.271743921451,-21.4873764430731));
#2616=CARTESIAN_POINT('Ctrl Pts',(116.630635271557,-7.72825607854918,-21.4873764430731));
#2617=CARTESIAN_POINT('Ctrl Pts',(113.67532992198,121.271743921451,-22.9687348053144));
#2618=CARTESIAN_POINT('Ctrl Pts',(113.67532992198,-7.72825607854918,-22.9687348053144));
#2619=UNCERTAINTY_MEASURE_WITH_UNIT(LENGTH_MEASURE(0.01),#2623,
'DISTANCE_ACCURACY_VALUE',
'Maximum model space distance between geometric entities at asserted c
onnectivities');
#2620=UNCERTAINTY_MEASURE_WITH_UNIT(LENGTH_MEASURE(0.01),#2623,
'DISTANCE_ACCURACY_VALUE',
'Maximum model space distance between geometric entities at asserted c
onnectivities');
#2621=(
GEOMETRIC_REPRESENTATION_CONTEXT(3)
GLOBAL_UNCERTAINTY_ASSIGNED_CONTEXT((#2619))
GLOBAL_UNIT_ASSIGNED_CONTEXT((#2623,#2625,#2626))
REPRESENTATION_CONTEXT('','3D')
);
#2622=(
GEOMETRIC_REPRESENTATION_CONTEXT(3)
GLOBAL_UNCERTAINTY_ASSIGNED_CONTEXT((#2620))
GLOBAL_UNIT_ASSIGNED_CONTEXT((#2623,#2625,#2626))
REPRESENTATION_CONTEXT('','3D')
);
#2623=(
LENGTH_UNIT()
NAMED_UNIT(*)
SI_UNIT(.MILLI.,.METRE.)
);
#2624=(
LENGTH_UNIT()
NAMED_UNIT(*)
SI_UNIT($,.METRE.)
);
#2625=(
NAMED_UNIT(*)
PLANE_ANGLE_UNIT()
SI_UNIT($,.RADIAN.)
);
#2626=(
NAMED_UNIT(*)
SI_UNIT($,.STERADIAN.)
SOLID_ANGLE_UNIT()
);
#2627=SHAPE_DEFINITION_REPRESENTATION(#2628,#2629);
#2628=PRODUCT_DEFINITION_SHAPE('',$,#2631);
#2629=SHAPE_REPRESENTATION('',(#1185),#2621);
#2630=PRODUCT_DEFINITION_CONTEXT('part definition',#2635,'design');
#2631=PRODUCT_DEFINITION('LID (2)','LID (2)',#2632,#2630);
#2632=PRODUCT_DEFINITION_FORMATION('',$,#2637);
#2633=PRODUCT_RELATED_PRODUCT_CATEGORY('LID (2)','LID (2)',(#2637));
#2634=APPLICATION_PROTOCOL_DEFINITION('international standard',
'automotive_design',2009,#2635);
#2635=APPLICATION_CONTEXT(
'Core Data for Automotive Mechanical Design Process');
#2636=PRODUCT_CONTEXT('part definition',#2635,'mechanical');
#2637=PRODUCT('LID (2)','LID (2)',$,(#2636));
#2638=PRESENTATION_STYLE_ASSIGNMENT((#2639));
#2639=SURFACE_STYLE_USAGE(.BOTH.,#2640);
#2640=SURFACE_SIDE_STYLE('',(#2641));
#2641=SURFACE_STYLE_FILL_AREA(#2642);
#2642=FILL_AREA_STYLE('Steel - Satin',(#2643));
#2643=FILL_AREA_STYLE_COLOUR('Steel - Satin',#2644);
#2644=COLOUR_RGB('Steel - Satin',0.627450980392157,0.627450980392157,0.627450980392157);
ENDSEC;
END-ISO-10303-21;
