ISO-10303-21;
HEADER;
/* Generated by software containing ST-Developer
 * from STEP Tools, Inc. (www.steptools.com) 
 */

FILE_DESCRIPTION(
/* description */ (''),
/* implementation_level */ '2;1');

FILE_NAME(
/* name */ 'console_mid.step',
/* time_stamp */ '2026-07-08T10:54:51+03:00',
/* author */ (''),
/* organization */ (''),
/* preprocessor_version */ 'ST-DEVELOPER v20.1',
/* originating_system */ 'Autodesk Translation Framework v15.8.0.0',
/* authorisation */ '');

FILE_SCHEMA (('AUTOMOTIVE_DESIGN { 1 0 10303 214 3 1 1 }'));
ENDSEC;

DATA;
#10=MECHANICAL_DESIGN_GEOMETRIC_PRESENTATION_REPRESENTATION('',(#13),#2436);
#11=SHAPE_REPRESENTATION_RELATIONSHIP('SRR','None',#2443,#12);
#12=ADVANCED_BREP_SHAPE_REPRESENTATION('',(#14),#2435);
#13=STYLED_ITEM('',(#2452),#14);
#14=MANIFOLD_SOLID_BREP('LID (1)',#1451);
#15=FACE_BOUND('',#187,.T.);
#16=FACE_BOUND('',#188,.T.);
#17=FACE_BOUND('',#190,.T.);
#18=FACE_BOUND('',#191,.T.);
#19=FACE_BOUND('',#195,.T.);
#20=FACE_BOUND('',#198,.T.);
#21=FACE_BOUND('',#201,.T.);
#22=FACE_BOUND('',#204,.T.);
#23=FACE_BOUND('',#212,.T.);
#24=FACE_BOUND('',#213,.T.);
#25=FACE_BOUND('',#214,.T.);
#26=FACE_BOUND('',#215,.T.);
#27=FACE_BOUND('',#219,.T.);
#28=FACE_BOUND('',#220,.T.);
#29=FACE_BOUND('',#223,.T.);
#30=FACE_BOUND('',#226,.T.);
#31=FACE_BOUND('',#229,.T.);
#32=FACE_BOUND('',#232,.T.);
#33=FACE_BOUND('',#240,.T.);
#34=FACE_BOUND('',#241,.T.);
#35=FACE_BOUND('',#242,.T.);
#36=FACE_BOUND('',#243,.T.);
#37=FACE_BOUND('',#245,.T.);
#38=FACE_BOUND('',#246,.T.);
#39=PLANE('',#1474);
#40=PLANE('',#1486);
#41=PLANE('',#1487);
#42=PLANE('',#1499);
#43=PLANE('',#1500);
#44=PLANE('',#1512);
#45=PLANE('',#1513);
#46=PLANE('',#1514);
#47=PLANE('',#1517);
#48=PLANE('',#1520);
#49=PLANE('',#1524);
#50=PLANE('',#1529);
#51=PLANE('',#1534);
#52=PLANE('',#1539);
#53=PLANE('',#1545);
#54=PLANE('',#1546);
#55=PLANE('',#1547);
#56=PLANE('',#1548);
#57=PLANE('',#1549);
#58=PLANE('',#1550);
#59=PLANE('',#1556);
#60=PLANE('',#1561);
#61=PLANE('',#1566);
#62=PLANE('',#1571);
#63=PLANE('',#1579);
#64=PLANE('',#1580);
#65=PLANE('',#1581);
#66=PLANE('',#1582);
#67=PLANE('',#1583);
#68=PLANE('',#1586);
#69=PLANE('',#1587);
#70=PLANE('',#1590);
#71=PLANE('',#1591);
#72=PLANE('',#1592);
#73=PLANE('',#1593);
#74=PLANE('',#1594);
#75=PLANE('',#1595);
#76=PLANE('',#1596);
#77=PLANE('',#1597);
#78=PLANE('',#1598);
#79=PLANE('',#1599);
#80=PLANE('',#1600);
#81=FACE_OUTER_BOUND('',#160,.T.);
#82=FACE_OUTER_BOUND('',#161,.T.);
#83=FACE_OUTER_BOUND('',#162,.T.);
#84=FACE_OUTER_BOUND('',#163,.T.);
#85=FACE_OUTER_BOUND('',#164,.T.);
#86=FACE_OUTER_BOUND('',#165,.T.);
#87=FACE_OUTER_BOUND('',#166,.T.);
#88=FACE_OUTER_BOUND('',#167,.T.);
#89=FACE_OUTER_BOUND('',#168,.T.);
#90=FACE_OUTER_BOUND('',#169,.T.);
#91=FACE_OUTER_BOUND('',#170,.T.);
#92=FACE_OUTER_BOUND('',#171,.T.);
#93=FACE_OUTER_BOUND('',#172,.T.);
#94=FACE_OUTER_BOUND('',#173,.T.);
#95=FACE_OUTER_BOUND('',#174,.T.);
#96=FACE_OUTER_BOUND('',#175,.T.);
#97=FACE_OUTER_BOUND('',#176,.T.);
#98=FACE_OUTER_BOUND('',#177,.T.);
#99=FACE_OUTER_BOUND('',#178,.T.);
#100=FACE_OUTER_BOUND('',#179,.T.);
#101=FACE_OUTER_BOUND('',#180,.T.);
#102=FACE_OUTER_BOUND('',#181,.T.);
#103=FACE_OUTER_BOUND('',#182,.T.);
#104=FACE_OUTER_BOUND('',#183,.T.);
#105=FACE_OUTER_BOUND('',#184,.T.);
#106=FACE_OUTER_BOUND('',#185,.T.);
#107=FACE_OUTER_BOUND('',#186,.T.);
#108=FACE_OUTER_BOUND('',#189,.T.);
#109=FACE_OUTER_BOUND('',#192,.T.);
#110=FACE_OUTER_BOUND('',#193,.T.);
#111=FACE_OUTER_BOUND('',#194,.T.);
#112=FACE_OUTER_BOUND('',#196,.T.);
#113=FACE_OUTER_BOUND('',#197,.T.);
#114=FACE_OUTER_BOUND('',#199,.T.);
#115=FACE_OUTER_BOUND('',#200,.T.);
#116=FACE_OUTER_BOUND('',#202,.T.);
#117=FACE_OUTER_BOUND('',#203,.T.);
#118=FACE_OUTER_BOUND('',#205,.T.);
#119=FACE_OUTER_BOUND('',#206,.T.);
#120=FACE_OUTER_BOUND('',#207,.T.);
#121=FACE_OUTER_BOUND('',#208,.T.);
#122=FACE_OUTER_BOUND('',#209,.T.);
#123=FACE_OUTER_BOUND('',#210,.T.);
#124=FACE_OUTER_BOUND('',#211,.T.);
#125=FACE_OUTER_BOUND('',#216,.T.);
#126=FACE_OUTER_BOUND('',#217,.T.);
#127=FACE_OUTER_BOUND('',#218,.T.);
#128=FACE_OUTER_BOUND('',#221,.T.);
#129=FACE_OUTER_BOUND('',#222,.T.);
#130=FACE_OUTER_BOUND('',#224,.T.);
#131=FACE_OUTER_BOUND('',#225,.T.);
#132=FACE_OUTER_BOUND('',#227,.T.);
#133=FACE_OUTER_BOUND('',#228,.T.);
#134=FACE_OUTER_BOUND('',#230,.T.);
#135=FACE_OUTER_BOUND('',#231,.T.);
#136=FACE_OUTER_BOUND('',#233,.T.);
#137=FACE_OUTER_BOUND('',#234,.T.);
#138=FACE_OUTER_BOUND('',#235,.T.);
#139=FACE_OUTER_BOUND('',#236,.T.);
#140=FACE_OUTER_BOUND('',#237,.T.);
#141=FACE_OUTER_BOUND('',#238,.T.);
#142=FACE_OUTER_BOUND('',#239,.T.);
#143=FACE_OUTER_BOUND('',#244,.T.);
#144=FACE_OUTER_BOUND('',#247,.T.);
#145=FACE_OUTER_BOUND('',#248,.T.);
#146=FACE_OUTER_BOUND('',#249,.T.);
#147=FACE_OUTER_BOUND('',#250,.T.);
#148=FACE_OUTER_BOUND('',#251,.T.);
#149=FACE_OUTER_BOUND('',#252,.T.);
#150=FACE_OUTER_BOUND('',#253,.T.);
#151=FACE_OUTER_BOUND('',#254,.T.);
#152=FACE_OUTER_BOUND('',#255,.T.);
#153=FACE_OUTER_BOUND('',#256,.T.);
#154=FACE_OUTER_BOUND('',#257,.T.);
#155=FACE_OUTER_BOUND('',#258,.T.);
#156=FACE_OUTER_BOUND('',#259,.T.);
#157=FACE_OUTER_BOUND('',#260,.T.);
#158=FACE_OUTER_BOUND('',#261,.T.);
#159=FACE_OUTER_BOUND('',#262,.T.);
#160=EDGE_LOOP('',(#935,#936,#937,#938));
#161=EDGE_LOOP('',(#939,#940,#941,#942));
#162=EDGE_LOOP('',(#943,#944,#945,#946));
#163=EDGE_LOOP('',(#947,#948,#949,#950));
#164=EDGE_LOOP('',(#951,#952,#953,#954));
#165=EDGE_LOOP('',(#955,#956,#957,#958));
#166=EDGE_LOOP('',(#959,#960,#961,#962));
#167=EDGE_LOOP('',(#963,#964,#965,#966));
#168=EDGE_LOOP('',(#967,#968,#969,#970));
#169=EDGE_LOOP('',(#971,#972,#973,#974));
#170=EDGE_LOOP('',(#975,#976,#977,#978,#979,#980,#981,#982,#983,#984,#985,
#986));
#171=EDGE_LOOP('',(#987,#988,#989,#990));
#172=EDGE_LOOP('',(#991,#992,#993,#994));
#173=EDGE_LOOP('',(#995,#996,#997,#998));
#174=EDGE_LOOP('',(#999,#1000,#1001,#1002));
#175=EDGE_LOOP('',(#1003,#1004,#1005,#1006));
#176=EDGE_LOOP('',(#1007,#1008,#1009,#1010));
#177=EDGE_LOOP('',(#1011,#1012,#1013,#1014,#1015,#1016,#1017,#1018));
#178=EDGE_LOOP('',(#1019,#1020,#1021,#1022));
#179=EDGE_LOOP('',(#1023,#1024,#1025,#1026));
#180=EDGE_LOOP('',(#1027,#1028,#1029,#1030));
#181=EDGE_LOOP('',(#1031,#1032,#1033,#1034));
#182=EDGE_LOOP('',(#1035,#1036,#1037,#1038));
#183=EDGE_LOOP('',(#1039,#1040,#1041,#1042));
#184=EDGE_LOOP('',(#1043,#1044,#1045,#1046));
#185=EDGE_LOOP('',(#1047,#1048,#1049,#1050));
#186=EDGE_LOOP('',(#1051,#1052,#1053,#1054));
#187=EDGE_LOOP('',(#1055));
#188=EDGE_LOOP('',(#1056));
#189=EDGE_LOOP('',(#1057,#1058,#1059,#1060));
#190=EDGE_LOOP('',(#1061));
#191=EDGE_LOOP('',(#1062));
#192=EDGE_LOOP('',(#1063,#1064,#1065,#1066));
#193=EDGE_LOOP('',(#1067,#1068,#1069,#1070));
#194=EDGE_LOOP('',(#1071));
#195=EDGE_LOOP('',(#1072));
#196=EDGE_LOOP('',(#1073,#1074,#1075,#1076));
#197=EDGE_LOOP('',(#1077));
#198=EDGE_LOOP('',(#1078));
#199=EDGE_LOOP('',(#1079,#1080,#1081,#1082));
#200=EDGE_LOOP('',(#1083));
#201=EDGE_LOOP('',(#1084));
#202=EDGE_LOOP('',(#1085,#1086,#1087,#1088));
#203=EDGE_LOOP('',(#1089));
#204=EDGE_LOOP('',(#1090));
#205=EDGE_LOOP('',(#1091,#1092,#1093,#1094));
#206=EDGE_LOOP('',(#1095,#1096,#1097,#1098));
#207=EDGE_LOOP('',(#1099,#1100,#1101,#1102));
#208=EDGE_LOOP('',(#1103,#1104,#1105,#1106));
#209=EDGE_LOOP('',(#1107,#1108,#1109,#1110));
#210=EDGE_LOOP('',(#1111,#1112,#1113,#1114));
#211=EDGE_LOOP('',(#1115,#1116,#1117,#1118,#1119,#1120,#1121,#1122,#1123,
#1124,#1125,#1126,#1127,#1128,#1129,#1130));
#212=EDGE_LOOP('',(#1131));
#213=EDGE_LOOP('',(#1132));
#214=EDGE_LOOP('',(#1133));
#215=EDGE_LOOP('',(#1134));
#216=EDGE_LOOP('',(#1135,#1136,#1137,#1138));
#217=EDGE_LOOP('',(#1139,#1140,#1141,#1142,#1143,#1144));
#218=EDGE_LOOP('',(#1145,#1146,#1147,#1148));
#219=EDGE_LOOP('',(#1149));
#220=EDGE_LOOP('',(#1150));
#221=EDGE_LOOP('',(#1151,#1152,#1153,#1154));
#222=EDGE_LOOP('',(#1155));
#223=EDGE_LOOP('',(#1156));
#224=EDGE_LOOP('',(#1157,#1158,#1159,#1160));
#225=EDGE_LOOP('',(#1161));
#226=EDGE_LOOP('',(#1162));
#227=EDGE_LOOP('',(#1163,#1164,#1165,#1166));
#228=EDGE_LOOP('',(#1167));
#229=EDGE_LOOP('',(#1168));
#230=EDGE_LOOP('',(#1169,#1170,#1171,#1172));
#231=EDGE_LOOP('',(#1173));
#232=EDGE_LOOP('',(#1174));
#233=EDGE_LOOP('',(#1175,#1176,#1177,#1178));
#234=EDGE_LOOP('',(#1179,#1180,#1181,#1182));
#235=EDGE_LOOP('',(#1183,#1184,#1185,#1186));
#236=EDGE_LOOP('',(#1187,#1188,#1189,#1190));
#237=EDGE_LOOP('',(#1191,#1192,#1193,#1194));
#238=EDGE_LOOP('',(#1195,#1196,#1197,#1198));
#239=EDGE_LOOP('',(#1199,#1200,#1201,#1202,#1203,#1204,#1205,#1206,#1207,
#1208,#1209,#1210,#1211,#1212,#1213));
#240=EDGE_LOOP('',(#1214));
#241=EDGE_LOOP('',(#1215));
#242=EDGE_LOOP('',(#1216));
#243=EDGE_LOOP('',(#1217));
#244=EDGE_LOOP('',(#1218,#1219,#1220,#1221));
#245=EDGE_LOOP('',(#1222));
#246=EDGE_LOOP('',(#1223));
#247=EDGE_LOOP('',(#1224,#1225,#1226,#1227,#1228,#1229,#1230,#1231,#1232,
#1233,#1234,#1235,#1236,#1237,#1238,#1239,#1240,#1241,#1242,#1243,#1244,
#1245,#1246,#1247,#1248,#1249));
#248=EDGE_LOOP('',(#1250,#1251,#1252,#1253,#1254,#1255,#1256,#1257));
#249=EDGE_LOOP('',(#1258,#1259,#1260,#1261,#1262,#1263,#1264,#1265,#1266,
#1267,#1268,#1269,#1270,#1271,#1272,#1273,#1274,#1275,#1276,#1277,#1278,
#1279,#1280,#1281,#1282));
#250=EDGE_LOOP('',(#1283,#1284,#1285,#1286));
#251=EDGE_LOOP('',(#1287,#1288,#1289,#1290));
#252=EDGE_LOOP('',(#1291,#1292,#1293,#1294));
#253=EDGE_LOOP('',(#1295,#1296,#1297,#1298));
#254=EDGE_LOOP('',(#1299,#1300,#1301,#1302));
#255=EDGE_LOOP('',(#1303,#1304,#1305,#1306));
#256=EDGE_LOOP('',(#1307,#1308,#1309,#1310));
#257=EDGE_LOOP('',(#1311,#1312,#1313,#1314));
#258=EDGE_LOOP('',(#1315,#1316,#1317,#1318));
#259=EDGE_LOOP('',(#1319,#1320,#1321,#1322));
#260=EDGE_LOOP('',(#1323,#1324,#1325,#1326));
#261=EDGE_LOOP('',(#1327,#1328,#1329,#1330));
#262=EDGE_LOOP('',(#1331,#1332,#1333,#1334));
#263=ELLIPSE('',#1467,1.41421356237309,1.);
#264=ELLIPSE('',#1470,1.4142135623731,1.);
#265=ELLIPSE('',#1472,1.4142135623731,1.);
#266=ELLIPSE('',#1477,1.41421356237309,1.);
#267=ELLIPSE('',#1479,1.41421356237311,1.);
#268=ELLIPSE('',#1481,1.41421356237309,1.);
#269=ELLIPSE('',#1483,1.4142135623731,1.);
#270=ELLIPSE('',#1490,1.4142135623731,1.);
#271=ELLIPSE('',#1493,1.4142135623731,1.);
#272=ELLIPSE('',#1495,1.4142135623731,1.);
#273=ELLIPSE('',#1497,1.4142135623731,1.);
#274=ELLIPSE('',#1503,1.41421356237309,1.);
#275=ELLIPSE('',#1505,1.4142135623731,1.);
#276=ELLIPSE('',#1507,1.4142135623731,1.);
#277=ELLIPSE('',#1509,1.4142135623731,1.);
#278=CIRCLE('',#1466,1.);
#279=CIRCLE('',#1469,1.);
#280=CIRCLE('',#1476,1.);
#281=CIRCLE('',#1485,1.);
#282=CIRCLE('',#1489,1.);
#283=CIRCLE('',#1492,1.);
#284=CIRCLE('',#1502,1.);
#285=CIRCLE('',#1511,1.);
#286=CIRCLE('',#1515,2.05);
#287=CIRCLE('',#1516,2.05);
#288=CIRCLE('',#1518,2.05);
#289=CIRCLE('',#1519,2.05);
#290=CIRCLE('',#1522,3.5);
#291=CIRCLE('',#1523,3.5);
#292=CIRCLE('',#1525,2.05);
#293=CIRCLE('',#1527,3.5);
#294=CIRCLE('',#1528,3.5);
#295=CIRCLE('',#1530,2.05);
#296=CIRCLE('',#1532,3.5);
#297=CIRCLE('',#1533,3.5);
#298=CIRCLE('',#1535,2.05);
#299=CIRCLE('',#1537,3.5);
#300=CIRCLE('',#1538,3.5);
#301=CIRCLE('',#1540,2.05);
#302=CIRCLE('',#1551,2.05);
#303=CIRCLE('',#1552,2.05);
#304=CIRCLE('',#1554,3.5);
#305=CIRCLE('',#1555,3.5);
#306=CIRCLE('',#1557,2.05);
#307=CIRCLE('',#1559,3.5);
#308=CIRCLE('',#1560,3.5);
#309=CIRCLE('',#1562,2.05);
#310=CIRCLE('',#1564,3.5);
#311=CIRCLE('',#1565,3.5);
#312=CIRCLE('',#1567,2.05);
#313=CIRCLE('',#1569,3.5);
#314=CIRCLE('',#1570,3.5);
#315=CIRCLE('',#1572,2.05);
#316=CIRCLE('',#1574,2.05);
#317=CIRCLE('',#1577,2.05);
#318=CIRCLE('',#1584,2.);
#319=CIRCLE('',#1585,2.);
#320=CIRCLE('',#1588,2.);
#321=CIRCLE('',#1589,2.);
#322=LINE('',#2026,#463);
#323=LINE('',#2030,#464);
#324=LINE('',#2035,#465);
#325=LINE('',#2039,#466);
#326=LINE('',#2043,#467);
#327=LINE('',#2045,#468);
#328=LINE('',#2048,#469);
#329=LINE('',#2049,#470);
#330=LINE('',#2052,#471);
#331=LINE('',#2054,#472);
#332=LINE('',#2056,#473);
#333=LINE('',#2057,#474);
#334=LINE('',#2061,#475);
#335=LINE('',#2065,#476);
#336=LINE('',#2069,#477);
#337=LINE('',#2071,#478);
#338=LINE('',#2075,#479);
#339=LINE('',#2077,#480);
#340=LINE('',#2081,#481);
#341=LINE('',#2083,#482);
#342=LINE('',#2087,#483);
#343=LINE('',#2090,#484);
#344=LINE('',#2093,#485);
#345=LINE('',#2095,#486);
#346=LINE('',#2097,#487);
#347=LINE('',#2099,#488);
#348=LINE('',#2101,#489);
#349=LINE('',#2103,#490);
#350=LINE('',#2104,#491);
#351=LINE('',#2107,#492);
#352=LINE('',#2109,#493);
#353=LINE('',#2111,#494);
#354=LINE('',#2112,#495);
#355=LINE('',#2116,#496);
#356=LINE('',#2120,#497);
#357=LINE('',#2125,#498);
#358=LINE('',#2129,#499);
#359=LINE('',#2133,#500);
#360=LINE('',#2135,#501);
#361=LINE('',#2139,#502);
#362=LINE('',#2141,#503);
#363=LINE('',#2144,#504);
#364=LINE('',#2145,#505);
#365=LINE('',#2148,#506);
#366=LINE('',#2150,#507);
#367=LINE('',#2151,#508);
#368=LINE('',#2154,#509);
#369=LINE('',#2156,#510);
#370=LINE('',#2158,#511);
#371=LINE('',#2159,#512);
#372=LINE('',#2163,#513);
#373=LINE('',#2168,#514);
#374=LINE('',#2172,#515);
#375=LINE('',#2176,#516);
#376=LINE('',#2181,#517);
#377=LINE('',#2184,#518);
#378=LINE('',#2186,#519);
#379=LINE('',#2188,#520);
#380=LINE('',#2189,#521);
#381=LINE('',#2192,#522);
#382=LINE('',#2194,#523);
#383=LINE('',#2196,#524);
#384=LINE('',#2197,#525);
#385=LINE('',#2200,#526);
#386=LINE('',#2202,#527);
#387=LINE('',#2203,#528);
#388=LINE('',#2209,#529);
#389=LINE('',#2210,#530);
#390=LINE('',#2216,#531);
#391=LINE('',#2218,#532);
#392=LINE('',#2219,#533);
#393=LINE('',#2224,#534);
#394=LINE('',#2233,#535);
#395=LINE('',#2242,#536);
#396=LINE('',#2251,#537);
#397=LINE('',#2257,#538);
#398=LINE('',#2259,#539);
#399=LINE('',#2261,#540);
#400=LINE('',#2263,#541);
#401=LINE('',#2265,#542);
#402=LINE('',#2267,#543);
#403=LINE('',#2271,#544);
#404=LINE('',#2273,#545);
#405=LINE('',#2275,#546);
#406=LINE('',#2276,#547);
#407=LINE('',#2279,#548);
#408=LINE('',#2281,#549);
#409=LINE('',#2283,#550);
#410=LINE('',#2285,#551);
#411=LINE('',#2286,#552);
#412=LINE('',#2288,#553);
#413=LINE('',#2289,#554);
#414=LINE('',#2298,#555);
#415=LINE('',#2307,#556);
#416=LINE('',#2316,#557);
#417=LINE('',#2325,#558);
#418=LINE('',#2332,#559);
#419=LINE('',#2335,#560);
#420=LINE('',#2338,#561);
#421=LINE('',#2341,#562);
#422=LINE('',#2343,#563);
#423=LINE('',#2345,#564);
#424=LINE('',#2346,#565);
#425=LINE('',#2349,#566);
#426=LINE('',#2354,#567);
#427=LINE('',#2356,#568);
#428=LINE('',#2358,#569);
#429=LINE('',#2360,#570);
#430=LINE('',#2362,#571);
#431=LINE('',#2364,#572);
#432=LINE('',#2366,#573);
#433=LINE('',#2368,#574);
#434=LINE('',#2370,#575);
#435=LINE('',#2372,#576);
#436=LINE('',#2374,#577);
#437=LINE('',#2377,#578);
#438=LINE('',#2380,#579);
#439=LINE('',#2381,#580);
#440=LINE('',#2386,#581);
#441=LINE('',#2388,#582);
#442=LINE('',#2390,#583);
#443=LINE('',#2392,#584);
#444=LINE('',#2394,#585);
#445=LINE('',#2396,#586);
#446=LINE('',#2398,#587);
#447=LINE('',#2400,#588);
#448=LINE('',#2402,#589);
#449=LINE('',#2404,#590);
#450=LINE('',#2406,#591);
#451=LINE('',#2409,#592);
#452=LINE('',#2410,#593);
#453=LINE('',#2412,#594);
#454=LINE('',#2414,#595);
#455=LINE('',#2416,#596);
#456=LINE('',#2417,#597);
#457=LINE('',#2419,#598);
#458=LINE('',#2421,#599);
#459=LINE('',#2424,#600);
#460=LINE('',#2426,#601);
#461=LINE('',#2428,#602);
#462=LINE('',#2430,#603);
#463=VECTOR('',#1607,10.);
#464=VECTOR('',#1610,10.);
#465=VECTOR('',#1615,10.);
#466=VECTOR('',#1618,10.);
#467=VECTOR('',#1623,10.);
#468=VECTOR('',#1624,10.);
#469=VECTOR('',#1629,10.);
#470=VECTOR('',#1630,10.);
#471=VECTOR('',#1633,10.);
#472=VECTOR('',#1634,10.);
#473=VECTOR('',#1635,10.);
#474=VECTOR('',#1636,10.);
#475=VECTOR('',#1639,10.);
#476=VECTOR('',#1642,10.);
#477=VECTOR('',#1647,10.);
#478=VECTOR('',#1648,10.);
#479=VECTOR('',#1653,10.);
#480=VECTOR('',#1654,10.);
#481=VECTOR('',#1659,10.);
#482=VECTOR('',#1660,10.);
#483=VECTOR('',#1665,10.);
#484=VECTOR('',#1668,10.);
#485=VECTOR('',#1671,10.);
#486=VECTOR('',#1672,10.);
#487=VECTOR('',#1673,10.);
#488=VECTOR('',#1674,10.);
#489=VECTOR('',#1675,10.);
#490=VECTOR('',#1676,10.);
#491=VECTOR('',#1677,10.);
#492=VECTOR('',#1680,10.);
#493=VECTOR('',#1681,10.);
#494=VECTOR('',#1682,10.);
#495=VECTOR('',#1683,10.);
#496=VECTOR('',#1686,10.);
#497=VECTOR('',#1689,10.);
#498=VECTOR('',#1694,10.);
#499=VECTOR('',#1697,10.);
#500=VECTOR('',#1702,10.);
#501=VECTOR('',#1703,10.);
#502=VECTOR('',#1708,10.);
#503=VECTOR('',#1709,10.);
#504=VECTOR('',#1714,10.);
#505=VECTOR('',#1715,10.);
#506=VECTOR('',#1718,10.);
#507=VECTOR('',#1719,10.);
#508=VECTOR('',#1720,10.);
#509=VECTOR('',#1723,10.);
#510=VECTOR('',#1724,10.);
#511=VECTOR('',#1725,10.);
#512=VECTOR('',#1726,10.);
#513=VECTOR('',#1729,10.);
#514=VECTOR('',#1736,10.);
#515=VECTOR('',#1741,10.);
#516=VECTOR('',#1746,10.);
#517=VECTOR('',#1753,10.);
#518=VECTOR('',#1756,10.);
#519=VECTOR('',#1757,10.);
#520=VECTOR('',#1758,10.);
#521=VECTOR('',#1759,10.);
#522=VECTOR('',#1762,10.);
#523=VECTOR('',#1763,10.);
#524=VECTOR('',#1764,10.);
#525=VECTOR('',#1765,10.);
#526=VECTOR('',#1768,10.);
#527=VECTOR('',#1769,10.);
#528=VECTOR('',#1770,10.);
#529=VECTOR('',#1777,10.);
#530=VECTOR('',#1778,10.);
#531=VECTOR('',#1785,10.);
#532=VECTOR('',#1786,10.);
#533=VECTOR('',#1787,10.);
#534=VECTOR('',#1792,3.5);
#535=VECTOR('',#1803,3.5);
#536=VECTOR('',#1814,3.5);
#537=VECTOR('',#1825,3.5);
#538=VECTOR('',#1834,2.05);
#539=VECTOR('',#1837,2.05);
#540=VECTOR('',#1840,2.05);
#541=VECTOR('',#1843,2.05);
#542=VECTOR('',#1846,10.);
#543=VECTOR('',#1849,10.);
#544=VECTOR('',#1854,10.);
#545=VECTOR('',#1855,10.);
#546=VECTOR('',#1856,10.);
#547=VECTOR('',#1857,10.);
#548=VECTOR('',#1860,10.);
#549=VECTOR('',#1861,10.);
#550=VECTOR('',#1862,10.);
#551=VECTOR('',#1863,10.);
#552=VECTOR('',#1864,10.);
#553=VECTOR('',#1867,10.);
#554=VECTOR('',#1868,10.);
#555=VECTOR('',#1877,3.5);
#556=VECTOR('',#1888,3.5);
#557=VECTOR('',#1899,3.5);
#558=VECTOR('',#1910,3.5);
#559=VECTOR('',#1919,2.05);
#560=VECTOR('',#1924,2.05);
#561=VECTOR('',#1927,2.05);
#562=VECTOR('',#1932,2.05);
#563=VECTOR('',#1935,10.);
#564=VECTOR('',#1938,10.);
#565=VECTOR('',#1939,10.);
#566=VECTOR('',#1944,10.);
#567=VECTOR('',#1949,10.);
#568=VECTOR('',#1950,10.);
#569=VECTOR('',#1951,10.);
#570=VECTOR('',#1952,10.);
#571=VECTOR('',#1953,10.);
#572=VECTOR('',#1954,10.);
#573=VECTOR('',#1955,10.);
#574=VECTOR('',#1956,10.);
#575=VECTOR('',#1957,10.);
#576=VECTOR('',#1958,10.);
#577=VECTOR('',#1959,10.);
#578=VECTOR('',#1962,10.);
#579=VECTOR('',#1965,10.);
#580=VECTOR('',#1966,10.);
#581=VECTOR('',#1971,10.);
#582=VECTOR('',#1972,10.);
#583=VECTOR('',#1973,10.);
#584=VECTOR('',#1974,10.);
#585=VECTOR('',#1975,10.);
#586=VECTOR('',#1976,10.);
#587=VECTOR('',#1977,10.);
#588=VECTOR('',#1978,10.);
#589=VECTOR('',#1979,10.);
#590=VECTOR('',#1980,10.);
#591=VECTOR('',#1981,10.);
#592=VECTOR('',#1986,10.);
#593=VECTOR('',#1987,10.);
#594=VECTOR('',#1990,10.);
#595=VECTOR('',#1993,10.);
#596=VECTOR('',#1996,10.);
#597=VECTOR('',#1997,10.);
#598=VECTOR('',#2000,10.);
#599=VECTOR('',#2003,10.);
#600=VECTOR('',#2008,10.);
#601=VECTOR('',#2011,10.);
#602=VECTOR('',#2014,10.);
#603=VECTOR('',#2017,10.);
#604=VERTEX_POINT('',#2024);
#605=VERTEX_POINT('',#2025);
#606=VERTEX_POINT('',#2027);
#607=VERTEX_POINT('',#2029);
#608=VERTEX_POINT('',#2033);
#609=VERTEX_POINT('',#2034);
#610=VERTEX_POINT('',#2036);
#611=VERTEX_POINT('',#2038);
#612=VERTEX_POINT('',#2042);
#613=VERTEX_POINT('',#2044);
#614=VERTEX_POINT('',#2051);
#615=VERTEX_POINT('',#2053);
#616=VERTEX_POINT('',#2055);
#617=VERTEX_POINT('',#2059);
#618=VERTEX_POINT('',#2060);
#619=VERTEX_POINT('',#2062);
#620=VERTEX_POINT('',#2064);
#621=VERTEX_POINT('',#2068);
#622=VERTEX_POINT('',#2070);
#623=VERTEX_POINT('',#2074);
#624=VERTEX_POINT('',#2076);
#625=VERTEX_POINT('',#2080);
#626=VERTEX_POINT('',#2082);
#627=VERTEX_POINT('',#2086);
#628=VERTEX_POINT('',#2088);
#629=VERTEX_POINT('',#2092);
#630=VERTEX_POINT('',#2094);
#631=VERTEX_POINT('',#2096);
#632=VERTEX_POINT('',#2098);
#633=VERTEX_POINT('',#2100);
#634=VERTEX_POINT('',#2102);
#635=VERTEX_POINT('',#2106);
#636=VERTEX_POINT('',#2108);
#637=VERTEX_POINT('',#2110);
#638=VERTEX_POINT('',#2114);
#639=VERTEX_POINT('',#2115);
#640=VERTEX_POINT('',#2117);
#641=VERTEX_POINT('',#2119);
#642=VERTEX_POINT('',#2123);
#643=VERTEX_POINT('',#2124);
#644=VERTEX_POINT('',#2126);
#645=VERTEX_POINT('',#2128);
#646=VERTEX_POINT('',#2132);
#647=VERTEX_POINT('',#2134);
#648=VERTEX_POINT('',#2138);
#649=VERTEX_POINT('',#2140);
#650=VERTEX_POINT('',#2147);
#651=VERTEX_POINT('',#2149);
#652=VERTEX_POINT('',#2153);
#653=VERTEX_POINT('',#2155);
#654=VERTEX_POINT('',#2157);
#655=VERTEX_POINT('',#2161);
#656=VERTEX_POINT('',#2162);
#657=VERTEX_POINT('',#2167);
#658=VERTEX_POINT('',#2171);
#659=VERTEX_POINT('',#2175);
#660=VERTEX_POINT('',#2179);
#661=VERTEX_POINT('',#2183);
#662=VERTEX_POINT('',#2185);
#663=VERTEX_POINT('',#2187);
#664=VERTEX_POINT('',#2191);
#665=VERTEX_POINT('',#2193);
#666=VERTEX_POINT('',#2195);
#667=VERTEX_POINT('',#2199);
#668=VERTEX_POINT('',#2201);
#669=VERTEX_POINT('',#2204);
#670=VERTEX_POINT('',#2206);
#671=VERTEX_POINT('',#2211);
#672=VERTEX_POINT('',#2213);
#673=VERTEX_POINT('',#2217);
#674=VERTEX_POINT('',#2221);
#675=VERTEX_POINT('',#2223);
#676=VERTEX_POINT('',#2227);
#677=VERTEX_POINT('',#2230);
#678=VERTEX_POINT('',#2232);
#679=VERTEX_POINT('',#2236);
#680=VERTEX_POINT('',#2239);
#681=VERTEX_POINT('',#2241);
#682=VERTEX_POINT('',#2245);
#683=VERTEX_POINT('',#2248);
#684=VERTEX_POINT('',#2250);
#685=VERTEX_POINT('',#2254);
#686=VERTEX_POINT('',#2270);
#687=VERTEX_POINT('',#2272);
#688=VERTEX_POINT('',#2274);
#689=VERTEX_POINT('',#2278);
#690=VERTEX_POINT('',#2280);
#691=VERTEX_POINT('',#2282);
#692=VERTEX_POINT('',#2284);
#693=VERTEX_POINT('',#2290);
#694=VERTEX_POINT('',#2292);
#695=VERTEX_POINT('',#2295);
#696=VERTEX_POINT('',#2297);
#697=VERTEX_POINT('',#2301);
#698=VERTEX_POINT('',#2304);
#699=VERTEX_POINT('',#2306);
#700=VERTEX_POINT('',#2310);
#701=VERTEX_POINT('',#2313);
#702=VERTEX_POINT('',#2315);
#703=VERTEX_POINT('',#2319);
#704=VERTEX_POINT('',#2322);
#705=VERTEX_POINT('',#2324);
#706=VERTEX_POINT('',#2328);
#707=VERTEX_POINT('',#2331);
#708=VERTEX_POINT('',#2337);
#709=VERTEX_POINT('',#2351);
#710=VERTEX_POINT('',#2353);
#711=VERTEX_POINT('',#2355);
#712=VERTEX_POINT('',#2357);
#713=VERTEX_POINT('',#2359);
#714=VERTEX_POINT('',#2361);
#715=VERTEX_POINT('',#2363);
#716=VERTEX_POINT('',#2365);
#717=VERTEX_POINT('',#2367);
#718=VERTEX_POINT('',#2369);
#719=VERTEX_POINT('',#2371);
#720=VERTEX_POINT('',#2373);
#721=VERTEX_POINT('',#2375);
#722=VERTEX_POINT('',#2379);
#723=VERTEX_POINT('',#2383);
#724=VERTEX_POINT('',#2385);
#725=VERTEX_POINT('',#2387);
#726=VERTEX_POINT('',#2389);
#727=VERTEX_POINT('',#2391);
#728=VERTEX_POINT('',#2393);
#729=VERTEX_POINT('',#2395);
#730=VERTEX_POINT('',#2397);
#731=VERTEX_POINT('',#2399);
#732=VERTEX_POINT('',#2401);
#733=VERTEX_POINT('',#2403);
#734=VERTEX_POINT('',#2405);
#735=EDGE_CURVE('',#604,#605,#322,.T.);
#736=EDGE_CURVE('',#604,#606,#278,.T.);
#737=EDGE_CURVE('',#606,#607,#323,.T.);
#738=EDGE_CURVE('',#607,#605,#263,.T.);
#739=EDGE_CURVE('',#608,#609,#324,.T.);
#740=EDGE_CURVE('',#609,#610,#279,.T.);
#741=EDGE_CURVE('',#610,#611,#325,.T.);
#742=EDGE_CURVE('',#611,#608,#264,.T.);
#743=EDGE_CURVE('',#612,#608,#326,.T.);
#744=EDGE_CURVE('',#613,#611,#327,.T.);
#745=EDGE_CURVE('',#613,#612,#265,.T.);
#746=EDGE_CURVE('',#607,#612,#328,.T.);
#747=EDGE_CURVE('',#613,#605,#329,.T.);
#748=EDGE_CURVE('',#604,#614,#330,.T.);
#749=EDGE_CURVE('',#615,#604,#331,.T.);
#750=EDGE_CURVE('',#616,#615,#332,.T.);
#751=EDGE_CURVE('',#614,#616,#333,.T.);
#752=EDGE_CURVE('',#617,#618,#334,.T.);
#753=EDGE_CURVE('',#618,#619,#280,.T.);
#754=EDGE_CURVE('',#619,#620,#335,.T.);
#755=EDGE_CURVE('',#620,#617,#266,.T.);
#756=EDGE_CURVE('',#621,#617,#336,.T.);
#757=EDGE_CURVE('',#620,#622,#337,.T.);
#758=EDGE_CURVE('',#622,#621,#267,.T.);
#759=EDGE_CURVE('',#623,#621,#338,.T.);
#760=EDGE_CURVE('',#624,#622,#339,.T.);
#761=EDGE_CURVE('',#624,#623,#268,.T.);
#762=EDGE_CURVE('',#625,#623,#340,.T.);
#763=EDGE_CURVE('',#624,#626,#341,.T.);
#764=EDGE_CURVE('',#626,#625,#269,.T.);
#765=EDGE_CURVE('',#627,#626,#342,.T.);
#766=EDGE_CURVE('',#627,#628,#281,.T.);
#767=EDGE_CURVE('',#628,#625,#343,.T.);
#768=EDGE_CURVE('',#629,#628,#344,.T.);
#769=EDGE_CURVE('',#630,#629,#345,.T.);
#770=EDGE_CURVE('',#631,#630,#346,.T.);
#771=EDGE_CURVE('',#632,#631,#347,.T.);
#772=EDGE_CURVE('',#633,#632,#348,.T.);
#773=EDGE_CURVE('',#634,#633,#349,.T.);
#774=EDGE_CURVE('',#634,#618,#350,.T.);
#775=EDGE_CURVE('',#627,#635,#351,.T.);
#776=EDGE_CURVE('',#636,#627,#352,.T.);
#777=EDGE_CURVE('',#637,#636,#353,.T.);
#778=EDGE_CURVE('',#635,#637,#354,.T.);
#779=EDGE_CURVE('',#638,#639,#355,.T.);
#780=EDGE_CURVE('',#639,#640,#282,.T.);
#781=EDGE_CURVE('',#640,#641,#356,.T.);
#782=EDGE_CURVE('',#641,#638,#270,.T.);
#783=EDGE_CURVE('',#642,#643,#357,.T.);
#784=EDGE_CURVE('',#642,#644,#283,.T.);
#785=EDGE_CURVE('',#644,#645,#358,.T.);
#786=EDGE_CURVE('',#645,#643,#271,.T.);
#787=EDGE_CURVE('',#646,#643,#359,.T.);
#788=EDGE_CURVE('',#645,#647,#360,.T.);
#789=EDGE_CURVE('',#647,#646,#272,.T.);
#790=EDGE_CURVE('',#648,#646,#361,.T.);
#791=EDGE_CURVE('',#647,#649,#362,.T.);
#792=EDGE_CURVE('',#649,#648,#273,.T.);
#793=EDGE_CURVE('',#641,#648,#363,.T.);
#794=EDGE_CURVE('',#649,#638,#364,.T.);
#795=EDGE_CURVE('',#650,#644,#365,.T.);
#796=EDGE_CURVE('',#651,#650,#366,.T.);
#797=EDGE_CURVE('',#651,#639,#367,.T.);
#798=EDGE_CURVE('',#642,#652,#368,.T.);
#799=EDGE_CURVE('',#653,#642,#369,.T.);
#800=EDGE_CURVE('',#654,#653,#370,.T.);
#801=EDGE_CURVE('',#654,#652,#371,.T.);
#802=EDGE_CURVE('',#655,#656,#372,.T.);
#803=EDGE_CURVE('',#655,#634,#284,.T.);
#804=EDGE_CURVE('',#633,#656,#274,.T.);
#805=EDGE_CURVE('',#657,#656,#373,.T.);
#806=EDGE_CURVE('',#632,#657,#275,.T.);
#807=EDGE_CURVE('',#658,#657,#374,.T.);
#808=EDGE_CURVE('',#631,#658,#276,.T.);
#809=EDGE_CURVE('',#659,#658,#375,.T.);
#810=EDGE_CURVE('',#630,#659,#277,.T.);
#811=EDGE_CURVE('',#629,#660,#285,.T.);
#812=EDGE_CURVE('',#660,#659,#376,.T.);
#813=EDGE_CURVE('',#655,#661,#377,.T.);
#814=EDGE_CURVE('',#662,#655,#378,.T.);
#815=EDGE_CURVE('',#663,#662,#379,.T.);
#816=EDGE_CURVE('',#663,#661,#380,.T.);
#817=EDGE_CURVE('',#664,#660,#381,.T.);
#818=EDGE_CURVE('',#664,#665,#382,.T.);
#819=EDGE_CURVE('',#665,#666,#383,.T.);
#820=EDGE_CURVE('',#666,#660,#384,.T.);
#821=EDGE_CURVE('',#661,#667,#385,.T.);
#822=EDGE_CURVE('',#668,#663,#386,.T.);
#823=EDGE_CURVE('',#667,#668,#387,.T.);
#824=EDGE_CURVE('',#669,#669,#286,.T.);
#825=EDGE_CURVE('',#670,#670,#287,.T.);
#826=EDGE_CURVE('',#652,#664,#388,.F.);
#827=EDGE_CURVE('',#665,#654,#389,.T.);
#828=EDGE_CURVE('',#671,#671,#288,.T.);
#829=EDGE_CURVE('',#672,#672,#289,.T.);
#830=EDGE_CURVE('',#667,#640,#390,.T.);
#831=EDGE_CURVE('',#668,#673,#391,.T.);
#832=EDGE_CURVE('',#673,#640,#392,.T.);
#833=EDGE_CURVE('',#674,#674,#290,.T.);
#834=EDGE_CURVE('',#674,#675,#393,.T.);
#835=EDGE_CURVE('',#675,#675,#291,.T.);
#836=EDGE_CURVE('',#676,#676,#292,.T.);
#837=EDGE_CURVE('',#677,#677,#293,.T.);
#838=EDGE_CURVE('',#677,#678,#394,.T.);
#839=EDGE_CURVE('',#678,#678,#294,.T.);
#840=EDGE_CURVE('',#679,#679,#295,.T.);
#841=EDGE_CURVE('',#680,#680,#296,.T.);
#842=EDGE_CURVE('',#680,#681,#395,.T.);
#843=EDGE_CURVE('',#681,#681,#297,.T.);
#844=EDGE_CURVE('',#682,#682,#298,.T.);
#845=EDGE_CURVE('',#683,#683,#299,.T.);
#846=EDGE_CURVE('',#683,#684,#396,.T.);
#847=EDGE_CURVE('',#684,#684,#300,.T.);
#848=EDGE_CURVE('',#685,#685,#301,.T.);
#849=EDGE_CURVE('',#676,#672,#397,.T.);
#850=EDGE_CURVE('',#685,#670,#398,.T.);
#851=EDGE_CURVE('',#682,#671,#399,.T.);
#852=EDGE_CURVE('',#679,#669,#400,.T.);
#853=EDGE_CURVE('',#662,#673,#401,.T.);
#854=EDGE_CURVE('',#653,#666,#402,.T.);
#855=EDGE_CURVE('',#686,#619,#403,.T.);
#856=EDGE_CURVE('',#687,#686,#404,.T.);
#857=EDGE_CURVE('',#687,#688,#405,.T.);
#858=EDGE_CURVE('',#688,#619,#406,.T.);
#859=EDGE_CURVE('',#689,#609,#407,.T.);
#860=EDGE_CURVE('',#690,#689,#408,.T.);
#861=EDGE_CURVE('',#691,#690,#409,.T.);
#862=EDGE_CURVE('',#691,#692,#410,.T.);
#863=EDGE_CURVE('',#692,#610,#411,.T.);
#864=EDGE_CURVE('',#614,#686,#412,.T.);
#865=EDGE_CURVE('',#616,#687,#413,.T.);
#866=EDGE_CURVE('',#693,#693,#302,.T.);
#867=EDGE_CURVE('',#694,#694,#303,.T.);
#868=EDGE_CURVE('',#695,#695,#304,.T.);
#869=EDGE_CURVE('',#695,#696,#414,.T.);
#870=EDGE_CURVE('',#696,#696,#305,.T.);
#871=EDGE_CURVE('',#697,#697,#306,.T.);
#872=EDGE_CURVE('',#698,#698,#307,.T.);
#873=EDGE_CURVE('',#698,#699,#415,.T.);
#874=EDGE_CURVE('',#699,#699,#308,.T.);
#875=EDGE_CURVE('',#700,#700,#309,.T.);
#876=EDGE_CURVE('',#701,#701,#310,.T.);
#877=EDGE_CURVE('',#701,#702,#416,.T.);
#878=EDGE_CURVE('',#702,#702,#311,.T.);
#879=EDGE_CURVE('',#703,#703,#312,.T.);
#880=EDGE_CURVE('',#704,#704,#313,.T.);
#881=EDGE_CURVE('',#704,#705,#417,.T.);
#882=EDGE_CURVE('',#705,#705,#314,.T.);
#883=EDGE_CURVE('',#706,#706,#315,.T.);
#884=EDGE_CURVE('',#697,#707,#418,.T.);
#885=EDGE_CURVE('',#707,#707,#316,.T.);
#886=EDGE_CURVE('',#706,#694,#419,.T.);
#887=EDGE_CURVE('',#703,#708,#420,.T.);
#888=EDGE_CURVE('',#708,#708,#317,.T.);
#889=EDGE_CURVE('',#700,#693,#421,.T.);
#890=EDGE_CURVE('',#688,#615,#422,.T.);
#891=EDGE_CURVE('',#637,#691,#423,.T.);
#892=EDGE_CURVE('',#692,#636,#424,.T.);
#893=EDGE_CURVE('',#635,#690,#425,.F.);
#894=EDGE_CURVE('',#709,#651,#318,.T.);
#895=EDGE_CURVE('',#710,#709,#426,.T.);
#896=EDGE_CURVE('',#711,#710,#427,.T.);
#897=EDGE_CURVE('',#712,#711,#428,.T.);
#898=EDGE_CURVE('',#713,#712,#429,.T.);
#899=EDGE_CURVE('',#714,#713,#430,.T.);
#900=EDGE_CURVE('',#715,#714,#431,.F.);
#901=EDGE_CURVE('',#716,#715,#432,.T.);
#902=EDGE_CURVE('',#717,#716,#433,.T.);
#903=EDGE_CURVE('',#718,#717,#434,.T.);
#904=EDGE_CURVE('',#719,#718,#435,.T.);
#905=EDGE_CURVE('',#720,#719,#436,.T.);
#906=EDGE_CURVE('',#721,#720,#319,.T.);
#907=EDGE_CURVE('',#606,#721,#437,.T.);
#908=EDGE_CURVE('',#722,#721,#438,.T.);
#909=EDGE_CURVE('',#689,#722,#439,.T.);
#910=EDGE_CURVE('',#722,#723,#320,.T.);
#911=EDGE_CURVE('',#723,#724,#440,.T.);
#912=EDGE_CURVE('',#724,#725,#441,.T.);
#913=EDGE_CURVE('',#725,#726,#442,.T.);
#914=EDGE_CURVE('',#726,#727,#443,.T.);
#915=EDGE_CURVE('',#727,#728,#444,.T.);
#916=EDGE_CURVE('',#728,#729,#445,.F.);
#917=EDGE_CURVE('',#729,#730,#446,.T.);
#918=EDGE_CURVE('',#730,#731,#447,.T.);
#919=EDGE_CURVE('',#731,#732,#448,.T.);
#920=EDGE_CURVE('',#732,#733,#449,.T.);
#921=EDGE_CURVE('',#733,#734,#450,.T.);
#922=EDGE_CURVE('',#734,#650,#321,.T.);
#923=EDGE_CURVE('',#729,#714,#451,.F.);
#924=EDGE_CURVE('',#730,#713,#452,.T.);
#925=EDGE_CURVE('',#715,#728,#453,.T.);
#926=EDGE_CURVE('',#727,#716,#454,.T.);
#927=EDGE_CURVE('',#725,#718,#455,.T.);
#928=EDGE_CURVE('',#726,#717,#456,.T.);
#929=EDGE_CURVE('',#719,#724,#457,.T.);
#930=EDGE_CURVE('',#720,#723,#458,.T.);
#931=EDGE_CURVE('',#712,#731,#459,.T.);
#932=EDGE_CURVE('',#732,#711,#460,.F.);
#933=EDGE_CURVE('',#710,#733,#461,.T.);
#934=EDGE_CURVE('',#734,#709,#462,.T.);
#935=ORIENTED_EDGE('',*,*,#735,.F.);
#936=ORIENTED_EDGE('',*,*,#736,.T.);
#937=ORIENTED_EDGE('',*,*,#737,.T.);
#938=ORIENTED_EDGE('',*,*,#738,.T.);
#939=ORIENTED_EDGE('',*,*,#739,.T.);
#940=ORIENTED_EDGE('',*,*,#740,.T.);
#941=ORIENTED_EDGE('',*,*,#741,.T.);
#942=ORIENTED_EDGE('',*,*,#742,.T.);
#943=ORIENTED_EDGE('',*,*,#743,.T.);
#944=ORIENTED_EDGE('',*,*,#742,.F.);
#945=ORIENTED_EDGE('',*,*,#744,.F.);
#946=ORIENTED_EDGE('',*,*,#745,.T.);
#947=ORIENTED_EDGE('',*,*,#746,.T.);
#948=ORIENTED_EDGE('',*,*,#745,.F.);
#949=ORIENTED_EDGE('',*,*,#747,.T.);
#950=ORIENTED_EDGE('',*,*,#738,.F.);
#951=ORIENTED_EDGE('',*,*,#748,.F.);
#952=ORIENTED_EDGE('',*,*,#749,.F.);
#953=ORIENTED_EDGE('',*,*,#750,.F.);
#954=ORIENTED_EDGE('',*,*,#751,.F.);
#955=ORIENTED_EDGE('',*,*,#752,.T.);
#956=ORIENTED_EDGE('',*,*,#753,.T.);
#957=ORIENTED_EDGE('',*,*,#754,.T.);
#958=ORIENTED_EDGE('',*,*,#755,.T.);
#959=ORIENTED_EDGE('',*,*,#756,.T.);
#960=ORIENTED_EDGE('',*,*,#755,.F.);
#961=ORIENTED_EDGE('',*,*,#757,.T.);
#962=ORIENTED_EDGE('',*,*,#758,.T.);
#963=ORIENTED_EDGE('',*,*,#759,.T.);
#964=ORIENTED_EDGE('',*,*,#758,.F.);
#965=ORIENTED_EDGE('',*,*,#760,.F.);
#966=ORIENTED_EDGE('',*,*,#761,.T.);
#967=ORIENTED_EDGE('',*,*,#762,.T.);
#968=ORIENTED_EDGE('',*,*,#761,.F.);
#969=ORIENTED_EDGE('',*,*,#763,.T.);
#970=ORIENTED_EDGE('',*,*,#764,.T.);
#971=ORIENTED_EDGE('',*,*,#765,.F.);
#972=ORIENTED_EDGE('',*,*,#766,.T.);
#973=ORIENTED_EDGE('',*,*,#767,.T.);
#974=ORIENTED_EDGE('',*,*,#764,.F.);
#975=ORIENTED_EDGE('',*,*,#752,.F.);
#976=ORIENTED_EDGE('',*,*,#756,.F.);
#977=ORIENTED_EDGE('',*,*,#759,.F.);
#978=ORIENTED_EDGE('',*,*,#762,.F.);
#979=ORIENTED_EDGE('',*,*,#767,.F.);
#980=ORIENTED_EDGE('',*,*,#768,.F.);
#981=ORIENTED_EDGE('',*,*,#769,.F.);
#982=ORIENTED_EDGE('',*,*,#770,.F.);
#983=ORIENTED_EDGE('',*,*,#771,.F.);
#984=ORIENTED_EDGE('',*,*,#772,.F.);
#985=ORIENTED_EDGE('',*,*,#773,.F.);
#986=ORIENTED_EDGE('',*,*,#774,.T.);
#987=ORIENTED_EDGE('',*,*,#775,.F.);
#988=ORIENTED_EDGE('',*,*,#776,.F.);
#989=ORIENTED_EDGE('',*,*,#777,.F.);
#990=ORIENTED_EDGE('',*,*,#778,.F.);
#991=ORIENTED_EDGE('',*,*,#779,.T.);
#992=ORIENTED_EDGE('',*,*,#780,.T.);
#993=ORIENTED_EDGE('',*,*,#781,.T.);
#994=ORIENTED_EDGE('',*,*,#782,.T.);
#995=ORIENTED_EDGE('',*,*,#783,.F.);
#996=ORIENTED_EDGE('',*,*,#784,.T.);
#997=ORIENTED_EDGE('',*,*,#785,.T.);
#998=ORIENTED_EDGE('',*,*,#786,.T.);
#999=ORIENTED_EDGE('',*,*,#787,.T.);
#1000=ORIENTED_EDGE('',*,*,#786,.F.);
#1001=ORIENTED_EDGE('',*,*,#788,.T.);
#1002=ORIENTED_EDGE('',*,*,#789,.T.);
#1003=ORIENTED_EDGE('',*,*,#790,.T.);
#1004=ORIENTED_EDGE('',*,*,#789,.F.);
#1005=ORIENTED_EDGE('',*,*,#791,.T.);
#1006=ORIENTED_EDGE('',*,*,#792,.T.);
#1007=ORIENTED_EDGE('',*,*,#793,.T.);
#1008=ORIENTED_EDGE('',*,*,#792,.F.);
#1009=ORIENTED_EDGE('',*,*,#794,.T.);
#1010=ORIENTED_EDGE('',*,*,#782,.F.);
#1011=ORIENTED_EDGE('',*,*,#779,.F.);
#1012=ORIENTED_EDGE('',*,*,#794,.F.);
#1013=ORIENTED_EDGE('',*,*,#791,.F.);
#1014=ORIENTED_EDGE('',*,*,#788,.F.);
#1015=ORIENTED_EDGE('',*,*,#785,.F.);
#1016=ORIENTED_EDGE('',*,*,#795,.F.);
#1017=ORIENTED_EDGE('',*,*,#796,.F.);
#1018=ORIENTED_EDGE('',*,*,#797,.T.);
#1019=ORIENTED_EDGE('',*,*,#798,.F.);
#1020=ORIENTED_EDGE('',*,*,#799,.F.);
#1021=ORIENTED_EDGE('',*,*,#800,.F.);
#1022=ORIENTED_EDGE('',*,*,#801,.T.);
#1023=ORIENTED_EDGE('',*,*,#802,.F.);
#1024=ORIENTED_EDGE('',*,*,#803,.T.);
#1025=ORIENTED_EDGE('',*,*,#773,.T.);
#1026=ORIENTED_EDGE('',*,*,#804,.T.);
#1027=ORIENTED_EDGE('',*,*,#805,.T.);
#1028=ORIENTED_EDGE('',*,*,#804,.F.);
#1029=ORIENTED_EDGE('',*,*,#772,.T.);
#1030=ORIENTED_EDGE('',*,*,#806,.T.);
#1031=ORIENTED_EDGE('',*,*,#807,.T.);
#1032=ORIENTED_EDGE('',*,*,#806,.F.);
#1033=ORIENTED_EDGE('',*,*,#771,.T.);
#1034=ORIENTED_EDGE('',*,*,#808,.T.);
#1035=ORIENTED_EDGE('',*,*,#809,.T.);
#1036=ORIENTED_EDGE('',*,*,#808,.F.);
#1037=ORIENTED_EDGE('',*,*,#770,.T.);
#1038=ORIENTED_EDGE('',*,*,#810,.T.);
#1039=ORIENTED_EDGE('',*,*,#769,.T.);
#1040=ORIENTED_EDGE('',*,*,#811,.T.);
#1041=ORIENTED_EDGE('',*,*,#812,.T.);
#1042=ORIENTED_EDGE('',*,*,#810,.F.);
#1043=ORIENTED_EDGE('',*,*,#813,.F.);
#1044=ORIENTED_EDGE('',*,*,#814,.F.);
#1045=ORIENTED_EDGE('',*,*,#815,.F.);
#1046=ORIENTED_EDGE('',*,*,#816,.T.);
#1047=ORIENTED_EDGE('',*,*,#817,.F.);
#1048=ORIENTED_EDGE('',*,*,#818,.T.);
#1049=ORIENTED_EDGE('',*,*,#819,.T.);
#1050=ORIENTED_EDGE('',*,*,#820,.T.);
#1051=ORIENTED_EDGE('',*,*,#821,.F.);
#1052=ORIENTED_EDGE('',*,*,#816,.F.);
#1053=ORIENTED_EDGE('',*,*,#822,.F.);
#1054=ORIENTED_EDGE('',*,*,#823,.F.);
#1055=ORIENTED_EDGE('',*,*,#824,.T.);
#1056=ORIENTED_EDGE('',*,*,#825,.T.);
#1057=ORIENTED_EDGE('',*,*,#826,.F.);
#1058=ORIENTED_EDGE('',*,*,#801,.F.);
#1059=ORIENTED_EDGE('',*,*,#827,.F.);
#1060=ORIENTED_EDGE('',*,*,#818,.F.);
#1061=ORIENTED_EDGE('',*,*,#828,.T.);
#1062=ORIENTED_EDGE('',*,*,#829,.T.);
#1063=ORIENTED_EDGE('',*,*,#830,.F.);
#1064=ORIENTED_EDGE('',*,*,#823,.T.);
#1065=ORIENTED_EDGE('',*,*,#831,.T.);
#1066=ORIENTED_EDGE('',*,*,#832,.T.);
#1067=ORIENTED_EDGE('',*,*,#833,.T.);
#1068=ORIENTED_EDGE('',*,*,#834,.T.);
#1069=ORIENTED_EDGE('',*,*,#835,.T.);
#1070=ORIENTED_EDGE('',*,*,#834,.F.);
#1071=ORIENTED_EDGE('',*,*,#833,.F.);
#1072=ORIENTED_EDGE('',*,*,#836,.F.);
#1073=ORIENTED_EDGE('',*,*,#837,.T.);
#1074=ORIENTED_EDGE('',*,*,#838,.T.);
#1075=ORIENTED_EDGE('',*,*,#839,.T.);
#1076=ORIENTED_EDGE('',*,*,#838,.F.);
#1077=ORIENTED_EDGE('',*,*,#837,.F.);
#1078=ORIENTED_EDGE('',*,*,#840,.F.);
#1079=ORIENTED_EDGE('',*,*,#841,.T.);
#1080=ORIENTED_EDGE('',*,*,#842,.T.);
#1081=ORIENTED_EDGE('',*,*,#843,.T.);
#1082=ORIENTED_EDGE('',*,*,#842,.F.);
#1083=ORIENTED_EDGE('',*,*,#841,.F.);
#1084=ORIENTED_EDGE('',*,*,#844,.F.);
#1085=ORIENTED_EDGE('',*,*,#845,.T.);
#1086=ORIENTED_EDGE('',*,*,#846,.T.);
#1087=ORIENTED_EDGE('',*,*,#847,.T.);
#1088=ORIENTED_EDGE('',*,*,#846,.F.);
#1089=ORIENTED_EDGE('',*,*,#845,.F.);
#1090=ORIENTED_EDGE('',*,*,#848,.F.);
#1091=ORIENTED_EDGE('',*,*,#836,.T.);
#1092=ORIENTED_EDGE('',*,*,#849,.T.);
#1093=ORIENTED_EDGE('',*,*,#829,.F.);
#1094=ORIENTED_EDGE('',*,*,#849,.F.);
#1095=ORIENTED_EDGE('',*,*,#848,.T.);
#1096=ORIENTED_EDGE('',*,*,#850,.T.);
#1097=ORIENTED_EDGE('',*,*,#825,.F.);
#1098=ORIENTED_EDGE('',*,*,#850,.F.);
#1099=ORIENTED_EDGE('',*,*,#844,.T.);
#1100=ORIENTED_EDGE('',*,*,#851,.T.);
#1101=ORIENTED_EDGE('',*,*,#828,.F.);
#1102=ORIENTED_EDGE('',*,*,#851,.F.);
#1103=ORIENTED_EDGE('',*,*,#840,.T.);
#1104=ORIENTED_EDGE('',*,*,#852,.T.);
#1105=ORIENTED_EDGE('',*,*,#824,.F.);
#1106=ORIENTED_EDGE('',*,*,#852,.F.);
#1107=ORIENTED_EDGE('',*,*,#822,.T.);
#1108=ORIENTED_EDGE('',*,*,#815,.T.);
#1109=ORIENTED_EDGE('',*,*,#853,.T.);
#1110=ORIENTED_EDGE('',*,*,#831,.F.);
#1111=ORIENTED_EDGE('',*,*,#827,.T.);
#1112=ORIENTED_EDGE('',*,*,#800,.T.);
#1113=ORIENTED_EDGE('',*,*,#854,.T.);
#1114=ORIENTED_EDGE('',*,*,#819,.F.);
#1115=ORIENTED_EDGE('',*,*,#832,.F.);
#1116=ORIENTED_EDGE('',*,*,#853,.F.);
#1117=ORIENTED_EDGE('',*,*,#814,.T.);
#1118=ORIENTED_EDGE('',*,*,#802,.T.);
#1119=ORIENTED_EDGE('',*,*,#805,.F.);
#1120=ORIENTED_EDGE('',*,*,#807,.F.);
#1121=ORIENTED_EDGE('',*,*,#809,.F.);
#1122=ORIENTED_EDGE('',*,*,#812,.F.);
#1123=ORIENTED_EDGE('',*,*,#820,.F.);
#1124=ORIENTED_EDGE('',*,*,#854,.F.);
#1125=ORIENTED_EDGE('',*,*,#799,.T.);
#1126=ORIENTED_EDGE('',*,*,#783,.T.);
#1127=ORIENTED_EDGE('',*,*,#787,.F.);
#1128=ORIENTED_EDGE('',*,*,#790,.F.);
#1129=ORIENTED_EDGE('',*,*,#793,.F.);
#1130=ORIENTED_EDGE('',*,*,#781,.F.);
#1131=ORIENTED_EDGE('',*,*,#835,.F.);
#1132=ORIENTED_EDGE('',*,*,#839,.F.);
#1133=ORIENTED_EDGE('',*,*,#843,.F.);
#1134=ORIENTED_EDGE('',*,*,#847,.F.);
#1135=ORIENTED_EDGE('',*,*,#855,.F.);
#1136=ORIENTED_EDGE('',*,*,#856,.F.);
#1137=ORIENTED_EDGE('',*,*,#857,.T.);
#1138=ORIENTED_EDGE('',*,*,#858,.T.);
#1139=ORIENTED_EDGE('',*,*,#859,.F.);
#1140=ORIENTED_EDGE('',*,*,#860,.F.);
#1141=ORIENTED_EDGE('',*,*,#861,.F.);
#1142=ORIENTED_EDGE('',*,*,#862,.T.);
#1143=ORIENTED_EDGE('',*,*,#863,.T.);
#1144=ORIENTED_EDGE('',*,*,#740,.F.);
#1145=ORIENTED_EDGE('',*,*,#864,.F.);
#1146=ORIENTED_EDGE('',*,*,#751,.T.);
#1147=ORIENTED_EDGE('',*,*,#865,.T.);
#1148=ORIENTED_EDGE('',*,*,#856,.T.);
#1149=ORIENTED_EDGE('',*,*,#866,.F.);
#1150=ORIENTED_EDGE('',*,*,#867,.F.);
#1151=ORIENTED_EDGE('',*,*,#868,.F.);
#1152=ORIENTED_EDGE('',*,*,#869,.T.);
#1153=ORIENTED_EDGE('',*,*,#870,.F.);
#1154=ORIENTED_EDGE('',*,*,#869,.F.);
#1155=ORIENTED_EDGE('',*,*,#868,.T.);
#1156=ORIENTED_EDGE('',*,*,#871,.T.);
#1157=ORIENTED_EDGE('',*,*,#872,.F.);
#1158=ORIENTED_EDGE('',*,*,#873,.T.);
#1159=ORIENTED_EDGE('',*,*,#874,.F.);
#1160=ORIENTED_EDGE('',*,*,#873,.F.);
#1161=ORIENTED_EDGE('',*,*,#872,.T.);
#1162=ORIENTED_EDGE('',*,*,#875,.T.);
#1163=ORIENTED_EDGE('',*,*,#876,.F.);
#1164=ORIENTED_EDGE('',*,*,#877,.T.);
#1165=ORIENTED_EDGE('',*,*,#878,.F.);
#1166=ORIENTED_EDGE('',*,*,#877,.F.);
#1167=ORIENTED_EDGE('',*,*,#876,.T.);
#1168=ORIENTED_EDGE('',*,*,#879,.T.);
#1169=ORIENTED_EDGE('',*,*,#880,.F.);
#1170=ORIENTED_EDGE('',*,*,#881,.T.);
#1171=ORIENTED_EDGE('',*,*,#882,.F.);
#1172=ORIENTED_EDGE('',*,*,#881,.F.);
#1173=ORIENTED_EDGE('',*,*,#880,.T.);
#1174=ORIENTED_EDGE('',*,*,#883,.T.);
#1175=ORIENTED_EDGE('',*,*,#871,.F.);
#1176=ORIENTED_EDGE('',*,*,#884,.T.);
#1177=ORIENTED_EDGE('',*,*,#885,.T.);
#1178=ORIENTED_EDGE('',*,*,#884,.F.);
#1179=ORIENTED_EDGE('',*,*,#883,.F.);
#1180=ORIENTED_EDGE('',*,*,#886,.T.);
#1181=ORIENTED_EDGE('',*,*,#867,.T.);
#1182=ORIENTED_EDGE('',*,*,#886,.F.);
#1183=ORIENTED_EDGE('',*,*,#879,.F.);
#1184=ORIENTED_EDGE('',*,*,#887,.T.);
#1185=ORIENTED_EDGE('',*,*,#888,.T.);
#1186=ORIENTED_EDGE('',*,*,#887,.F.);
#1187=ORIENTED_EDGE('',*,*,#875,.F.);
#1188=ORIENTED_EDGE('',*,*,#889,.T.);
#1189=ORIENTED_EDGE('',*,*,#866,.T.);
#1190=ORIENTED_EDGE('',*,*,#889,.F.);
#1191=ORIENTED_EDGE('',*,*,#865,.F.);
#1192=ORIENTED_EDGE('',*,*,#750,.T.);
#1193=ORIENTED_EDGE('',*,*,#890,.F.);
#1194=ORIENTED_EDGE('',*,*,#857,.F.);
#1195=ORIENTED_EDGE('',*,*,#891,.F.);
#1196=ORIENTED_EDGE('',*,*,#777,.T.);
#1197=ORIENTED_EDGE('',*,*,#892,.F.);
#1198=ORIENTED_EDGE('',*,*,#862,.F.);
#1199=ORIENTED_EDGE('',*,*,#749,.T.);
#1200=ORIENTED_EDGE('',*,*,#735,.T.);
#1201=ORIENTED_EDGE('',*,*,#747,.F.);
#1202=ORIENTED_EDGE('',*,*,#744,.T.);
#1203=ORIENTED_EDGE('',*,*,#741,.F.);
#1204=ORIENTED_EDGE('',*,*,#863,.F.);
#1205=ORIENTED_EDGE('',*,*,#892,.T.);
#1206=ORIENTED_EDGE('',*,*,#776,.T.);
#1207=ORIENTED_EDGE('',*,*,#765,.T.);
#1208=ORIENTED_EDGE('',*,*,#763,.F.);
#1209=ORIENTED_EDGE('',*,*,#760,.T.);
#1210=ORIENTED_EDGE('',*,*,#757,.F.);
#1211=ORIENTED_EDGE('',*,*,#754,.F.);
#1212=ORIENTED_EDGE('',*,*,#858,.F.);
#1213=ORIENTED_EDGE('',*,*,#890,.T.);
#1214=ORIENTED_EDGE('',*,*,#870,.T.);
#1215=ORIENTED_EDGE('',*,*,#874,.T.);
#1216=ORIENTED_EDGE('',*,*,#878,.T.);
#1217=ORIENTED_EDGE('',*,*,#882,.T.);
#1218=ORIENTED_EDGE('',*,*,#893,.F.);
#1219=ORIENTED_EDGE('',*,*,#778,.T.);
#1220=ORIENTED_EDGE('',*,*,#891,.T.);
#1221=ORIENTED_EDGE('',*,*,#861,.T.);
#1222=ORIENTED_EDGE('',*,*,#885,.F.);
#1223=ORIENTED_EDGE('',*,*,#888,.F.);
#1224=ORIENTED_EDGE('',*,*,#813,.T.);
#1225=ORIENTED_EDGE('',*,*,#821,.T.);
#1226=ORIENTED_EDGE('',*,*,#830,.T.);
#1227=ORIENTED_EDGE('',*,*,#780,.F.);
#1228=ORIENTED_EDGE('',*,*,#797,.F.);
#1229=ORIENTED_EDGE('',*,*,#894,.F.);
#1230=ORIENTED_EDGE('',*,*,#895,.F.);
#1231=ORIENTED_EDGE('',*,*,#896,.F.);
#1232=ORIENTED_EDGE('',*,*,#897,.F.);
#1233=ORIENTED_EDGE('',*,*,#898,.F.);
#1234=ORIENTED_EDGE('',*,*,#899,.F.);
#1235=ORIENTED_EDGE('',*,*,#900,.F.);
#1236=ORIENTED_EDGE('',*,*,#901,.F.);
#1237=ORIENTED_EDGE('',*,*,#902,.F.);
#1238=ORIENTED_EDGE('',*,*,#903,.F.);
#1239=ORIENTED_EDGE('',*,*,#904,.F.);
#1240=ORIENTED_EDGE('',*,*,#905,.F.);
#1241=ORIENTED_EDGE('',*,*,#906,.F.);
#1242=ORIENTED_EDGE('',*,*,#907,.F.);
#1243=ORIENTED_EDGE('',*,*,#736,.F.);
#1244=ORIENTED_EDGE('',*,*,#748,.T.);
#1245=ORIENTED_EDGE('',*,*,#864,.T.);
#1246=ORIENTED_EDGE('',*,*,#855,.T.);
#1247=ORIENTED_EDGE('',*,*,#753,.F.);
#1248=ORIENTED_EDGE('',*,*,#774,.F.);
#1249=ORIENTED_EDGE('',*,*,#803,.F.);
#1250=ORIENTED_EDGE('',*,*,#737,.F.);
#1251=ORIENTED_EDGE('',*,*,#907,.T.);
#1252=ORIENTED_EDGE('',*,*,#908,.F.);
#1253=ORIENTED_EDGE('',*,*,#909,.F.);
#1254=ORIENTED_EDGE('',*,*,#859,.T.);
#1255=ORIENTED_EDGE('',*,*,#739,.F.);
#1256=ORIENTED_EDGE('',*,*,#743,.F.);
#1257=ORIENTED_EDGE('',*,*,#746,.F.);
#1258=ORIENTED_EDGE('',*,*,#817,.T.);
#1259=ORIENTED_EDGE('',*,*,#811,.F.);
#1260=ORIENTED_EDGE('',*,*,#768,.T.);
#1261=ORIENTED_EDGE('',*,*,#766,.F.);
#1262=ORIENTED_EDGE('',*,*,#775,.T.);
#1263=ORIENTED_EDGE('',*,*,#893,.T.);
#1264=ORIENTED_EDGE('',*,*,#860,.T.);
#1265=ORIENTED_EDGE('',*,*,#909,.T.);
#1266=ORIENTED_EDGE('',*,*,#910,.T.);
#1267=ORIENTED_EDGE('',*,*,#911,.T.);
#1268=ORIENTED_EDGE('',*,*,#912,.T.);
#1269=ORIENTED_EDGE('',*,*,#913,.T.);
#1270=ORIENTED_EDGE('',*,*,#914,.T.);
#1271=ORIENTED_EDGE('',*,*,#915,.T.);
#1272=ORIENTED_EDGE('',*,*,#916,.T.);
#1273=ORIENTED_EDGE('',*,*,#917,.T.);
#1274=ORIENTED_EDGE('',*,*,#918,.T.);
#1275=ORIENTED_EDGE('',*,*,#919,.T.);
#1276=ORIENTED_EDGE('',*,*,#920,.T.);
#1277=ORIENTED_EDGE('',*,*,#921,.T.);
#1278=ORIENTED_EDGE('',*,*,#922,.T.);
#1279=ORIENTED_EDGE('',*,*,#795,.T.);
#1280=ORIENTED_EDGE('',*,*,#784,.F.);
#1281=ORIENTED_EDGE('',*,*,#798,.T.);
#1282=ORIENTED_EDGE('',*,*,#826,.T.);
#1283=ORIENTED_EDGE('',*,*,#917,.F.);
#1284=ORIENTED_EDGE('',*,*,#923,.T.);
#1285=ORIENTED_EDGE('',*,*,#899,.T.);
#1286=ORIENTED_EDGE('',*,*,#924,.F.);
#1287=ORIENTED_EDGE('',*,*,#916,.F.);
#1288=ORIENTED_EDGE('',*,*,#925,.F.);
#1289=ORIENTED_EDGE('',*,*,#900,.T.);
#1290=ORIENTED_EDGE('',*,*,#923,.F.);
#1291=ORIENTED_EDGE('',*,*,#915,.F.);
#1292=ORIENTED_EDGE('',*,*,#926,.T.);
#1293=ORIENTED_EDGE('',*,*,#901,.T.);
#1294=ORIENTED_EDGE('',*,*,#925,.T.);
#1295=ORIENTED_EDGE('',*,*,#913,.F.);
#1296=ORIENTED_EDGE('',*,*,#927,.T.);
#1297=ORIENTED_EDGE('',*,*,#903,.T.);
#1298=ORIENTED_EDGE('',*,*,#928,.F.);
#1299=ORIENTED_EDGE('',*,*,#912,.F.);
#1300=ORIENTED_EDGE('',*,*,#929,.F.);
#1301=ORIENTED_EDGE('',*,*,#904,.T.);
#1302=ORIENTED_EDGE('',*,*,#927,.F.);
#1303=ORIENTED_EDGE('',*,*,#911,.F.);
#1304=ORIENTED_EDGE('',*,*,#930,.F.);
#1305=ORIENTED_EDGE('',*,*,#905,.T.);
#1306=ORIENTED_EDGE('',*,*,#929,.T.);
#1307=ORIENTED_EDGE('',*,*,#914,.F.);
#1308=ORIENTED_EDGE('',*,*,#928,.T.);
#1309=ORIENTED_EDGE('',*,*,#902,.T.);
#1310=ORIENTED_EDGE('',*,*,#926,.F.);
#1311=ORIENTED_EDGE('',*,*,#918,.F.);
#1312=ORIENTED_EDGE('',*,*,#924,.T.);
#1313=ORIENTED_EDGE('',*,*,#898,.T.);
#1314=ORIENTED_EDGE('',*,*,#931,.T.);
#1315=ORIENTED_EDGE('',*,*,#919,.F.);
#1316=ORIENTED_EDGE('',*,*,#931,.F.);
#1317=ORIENTED_EDGE('',*,*,#897,.T.);
#1318=ORIENTED_EDGE('',*,*,#932,.F.);
#1319=ORIENTED_EDGE('',*,*,#920,.F.);
#1320=ORIENTED_EDGE('',*,*,#932,.T.);
#1321=ORIENTED_EDGE('',*,*,#896,.T.);
#1322=ORIENTED_EDGE('',*,*,#933,.T.);
#1323=ORIENTED_EDGE('',*,*,#921,.F.);
#1324=ORIENTED_EDGE('',*,*,#933,.F.);
#1325=ORIENTED_EDGE('',*,*,#895,.T.);
#1326=ORIENTED_EDGE('',*,*,#934,.F.);
#1327=ORIENTED_EDGE('',*,*,#922,.F.);
#1328=ORIENTED_EDGE('',*,*,#934,.T.);
#1329=ORIENTED_EDGE('',*,*,#894,.T.);
#1330=ORIENTED_EDGE('',*,*,#796,.T.);
#1331=ORIENTED_EDGE('',*,*,#910,.F.);
#1332=ORIENTED_EDGE('',*,*,#908,.T.);
#1333=ORIENTED_EDGE('',*,*,#906,.T.);
#1334=ORIENTED_EDGE('',*,*,#930,.T.);
#1335=CYLINDRICAL_SURFACE('',#1465,1.);
#1336=CYLINDRICAL_SURFACE('',#1468,1.);
#1337=CYLINDRICAL_SURFACE('',#1471,1.);
#1338=CYLINDRICAL_SURFACE('',#1473,1.);
#1339=CYLINDRICAL_SURFACE('',#1475,1.);
#1340=CYLINDRICAL_SURFACE('',#1478,1.);
#1341=CYLINDRICAL_SURFACE('',#1480,1.);
#1342=CYLINDRICAL_SURFACE('',#1482,1.);
#1343=CYLINDRICAL_SURFACE('',#1484,1.);
#1344=CYLINDRICAL_SURFACE('',#1488,1.);
#1345=CYLINDRICAL_SURFACE('',#1491,1.);
#1346=CYLINDRICAL_SURFACE('',#1494,1.);
#1347=CYLINDRICAL_SURFACE('',#1496,1.);
#1348=CYLINDRICAL_SURFACE('',#1498,1.);
#1349=CYLINDRICAL_SURFACE('',#1501,1.);
#1350=CYLINDRICAL_SURFACE('',#1504,1.);
#1351=CYLINDRICAL_SURFACE('',#1506,1.);
#1352=CYLINDRICAL_SURFACE('',#1508,1.);
#1353=CYLINDRICAL_SURFACE('',#1510,1.);
#1354=CYLINDRICAL_SURFACE('',#1521,3.5);
#1355=CYLINDRICAL_SURFACE('',#1526,3.5);
#1356=CYLINDRICAL_SURFACE('',#1531,3.5);
#1357=CYLINDRICAL_SURFACE('',#1536,3.5);
#1358=CYLINDRICAL_SURFACE('',#1541,2.05);
#1359=CYLINDRICAL_SURFACE('',#1542,2.05);
#1360=CYLINDRICAL_SURFACE('',#1543,2.05);
#1361=CYLINDRICAL_SURFACE('',#1544,2.05);
#1362=CYLINDRICAL_SURFACE('',#1553,3.5);
#1363=CYLINDRICAL_SURFACE('',#1558,3.5);
#1364=CYLINDRICAL_SURFACE('',#1563,3.5);
#1365=CYLINDRICAL_SURFACE('',#1568,3.5);
#1366=CYLINDRICAL_SURFACE('',#1573,2.05);
#1367=CYLINDRICAL_SURFACE('',#1575,2.05);
#1368=CYLINDRICAL_SURFACE('',#1576,2.05);
#1369=CYLINDRICAL_SURFACE('',#1578,2.05);
#1370=CYLINDRICAL_SURFACE('',#1601,2.);
#1371=CYLINDRICAL_SURFACE('',#1602,2.);
#1372=ADVANCED_FACE('',(#81),#1335,.F.);
#1373=ADVANCED_FACE('',(#82),#1336,.F.);
#1374=ADVANCED_FACE('',(#83),#1337,.F.);
#1375=ADVANCED_FACE('',(#84),#1338,.F.);
#1376=ADVANCED_FACE('',(#85),#39,.T.);
#1377=ADVANCED_FACE('',(#86),#1339,.F.);
#1378=ADVANCED_FACE('',(#87),#1340,.F.);
#1379=ADVANCED_FACE('',(#88),#1341,.F.);
#1380=ADVANCED_FACE('',(#89),#1342,.F.);
#1381=ADVANCED_FACE('',(#90),#1343,.F.);
#1382=ADVANCED_FACE('',(#91),#40,.T.);
#1383=ADVANCED_FACE('',(#92),#41,.T.);
#1384=ADVANCED_FACE('',(#93),#1344,.F.);
#1385=ADVANCED_FACE('',(#94),#1345,.F.);
#1386=ADVANCED_FACE('',(#95),#1346,.F.);
#1387=ADVANCED_FACE('',(#96),#1347,.F.);
#1388=ADVANCED_FACE('',(#97),#1348,.F.);
#1389=ADVANCED_FACE('',(#98),#42,.T.);
#1390=ADVANCED_FACE('',(#99),#43,.F.);
#1391=ADVANCED_FACE('',(#100),#1349,.F.);
#1392=ADVANCED_FACE('',(#101),#1350,.F.);
#1393=ADVANCED_FACE('',(#102),#1351,.F.);
#1394=ADVANCED_FACE('',(#103),#1352,.F.);
#1395=ADVANCED_FACE('',(#104),#1353,.F.);
#1396=ADVANCED_FACE('',(#105),#44,.F.);
#1397=ADVANCED_FACE('',(#106),#45,.F.);
#1398=ADVANCED_FACE('',(#107,#15,#16),#46,.T.);
#1399=ADVANCED_FACE('',(#108,#17,#18),#47,.T.);
#1400=ADVANCED_FACE('',(#109),#48,.F.);
#1401=ADVANCED_FACE('',(#110),#1354,.T.);
#1402=ADVANCED_FACE('',(#111,#19),#49,.F.);
#1403=ADVANCED_FACE('',(#112),#1355,.T.);
#1404=ADVANCED_FACE('',(#113,#20),#50,.F.);
#1405=ADVANCED_FACE('',(#114),#1356,.T.);
#1406=ADVANCED_FACE('',(#115,#21),#51,.F.);
#1407=ADVANCED_FACE('',(#116),#1357,.T.);
#1408=ADVANCED_FACE('',(#117,#22),#52,.F.);
#1409=ADVANCED_FACE('',(#118),#1358,.F.);
#1410=ADVANCED_FACE('',(#119),#1359,.F.);
#1411=ADVANCED_FACE('',(#120),#1360,.F.);
#1412=ADVANCED_FACE('',(#121),#1361,.F.);
#1413=ADVANCED_FACE('',(#122),#53,.F.);
#1414=ADVANCED_FACE('',(#123),#54,.F.);
#1415=ADVANCED_FACE('',(#124,#23,#24,#25,#26),#55,.F.);
#1416=ADVANCED_FACE('',(#125),#56,.T.);
#1417=ADVANCED_FACE('',(#126),#57,.T.);
#1418=ADVANCED_FACE('',(#127,#27,#28),#58,.F.);
#1419=ADVANCED_FACE('',(#128),#1362,.T.);
#1420=ADVANCED_FACE('',(#129,#29),#59,.T.);
#1421=ADVANCED_FACE('',(#130),#1363,.T.);
#1422=ADVANCED_FACE('',(#131,#30),#60,.T.);
#1423=ADVANCED_FACE('',(#132),#1364,.T.);
#1424=ADVANCED_FACE('',(#133,#31),#61,.T.);
#1425=ADVANCED_FACE('',(#134),#1365,.T.);
#1426=ADVANCED_FACE('',(#135,#32),#62,.T.);
#1427=ADVANCED_FACE('',(#136),#1366,.F.);
#1428=ADVANCED_FACE('',(#137),#1367,.F.);
#1429=ADVANCED_FACE('',(#138),#1368,.F.);
#1430=ADVANCED_FACE('',(#139),#1369,.F.);
#1431=ADVANCED_FACE('',(#140),#63,.T.);
#1432=ADVANCED_FACE('',(#141),#64,.T.);
#1433=ADVANCED_FACE('',(#142,#33,#34,#35,#36),#65,.T.);
#1434=ADVANCED_FACE('',(#143,#37,#38),#66,.F.);
#1435=ADVANCED_FACE('',(#144),#67,.F.);
#1436=ADVANCED_FACE('',(#145),#68,.T.);
#1437=ADVANCED_FACE('',(#146),#69,.T.);
#1438=ADVANCED_FACE('',(#147),#70,.T.);
#1439=ADVANCED_FACE('',(#148),#71,.T.);
#1440=ADVANCED_FACE('',(#149),#72,.F.);
#1441=ADVANCED_FACE('',(#150),#73,.T.);
#1442=ADVANCED_FACE('',(#151),#74,.T.);
#1443=ADVANCED_FACE('',(#152),#75,.T.);
#1444=ADVANCED_FACE('',(#153),#76,.T.);
#1445=ADVANCED_FACE('',(#154),#77,.T.);
#1446=ADVANCED_FACE('',(#155),#78,.F.);
#1447=ADVANCED_FACE('',(#156),#79,.F.);
#1448=ADVANCED_FACE('',(#157),#80,.F.);
#1449=ADVANCED_FACE('',(#158),#1370,.F.);
#1450=ADVANCED_FACE('',(#159),#1371,.F.);
#1451=CLOSED_SHELL('',(#1372,#1373,#1374,#1375,#1376,#1377,#1378,#1379,
#1380,#1381,#1382,#1383,#1384,#1385,#1386,#1387,#1388,#1389,#1390,#1391,
#1392,#1393,#1394,#1395,#1396,#1397,#1398,#1399,#1400,#1401,#1402,#1403,
#1404,#1405,#1406,#1407,#1408,#1409,#1410,#1411,#1412,#1413,#1414,#1415,
#1416,#1417,#1418,#1419,#1420,#1421,#1422,#1423,#1424,#1425,#1426,#1427,
#1428,#1429,#1430,#1431,#1432,#1433,#1434,#1435,#1436,#1437,#1438,#1439,
#1440,#1441,#1442,#1443,#1444,#1445,#1446,#1447,#1448,#1449,#1450));
#1452=DERIVED_UNIT_ELEMENT(#1454,1.);
#1453=DERIVED_UNIT_ELEMENT(#2438,-3.);
#1454=(
MASS_UNIT()
NAMED_UNIT(*)
SI_UNIT(.KILO.,.GRAM.)
);
#1455=DERIVED_UNIT((#1452,#1453));
#1456=MEASURE_REPRESENTATION_ITEM('density measure',
POSITIVE_RATIO_MEASURE(7850.),#1455);
#1457=PROPERTY_DEFINITION_REPRESENTATION(#1462,#1459);
#1458=PROPERTY_DEFINITION_REPRESENTATION(#1463,#1460);
#1459=REPRESENTATION('material name',(#1461),#2435);
#1460=REPRESENTATION('density',(#1456),#2435);
#1461=DESCRIPTIVE_REPRESENTATION_ITEM('Steel','Steel');
#1462=PROPERTY_DEFINITION('material property','material name',#2445);
#1463=PROPERTY_DEFINITION('material property','density of part',#2445);
#1464=AXIS2_PLACEMENT_3D('',#2022,#1603,#1604);
#1465=AXIS2_PLACEMENT_3D('',#2023,#1605,#1606);
#1466=AXIS2_PLACEMENT_3D('',#2028,#1608,#1609);
#1467=AXIS2_PLACEMENT_3D('',#2031,#1611,#1612);
#1468=AXIS2_PLACEMENT_3D('',#2032,#1613,#1614);
#1469=AXIS2_PLACEMENT_3D('',#2037,#1616,#1617);
#1470=AXIS2_PLACEMENT_3D('',#2040,#1619,#1620);
#1471=AXIS2_PLACEMENT_3D('',#2041,#1621,#1622);
#1472=AXIS2_PLACEMENT_3D('',#2046,#1625,#1626);
#1473=AXIS2_PLACEMENT_3D('',#2047,#1627,#1628);
#1474=AXIS2_PLACEMENT_3D('',#2050,#1631,#1632);
#1475=AXIS2_PLACEMENT_3D('',#2058,#1637,#1638);
#1476=AXIS2_PLACEMENT_3D('',#2063,#1640,#1641);
#1477=AXIS2_PLACEMENT_3D('',#2066,#1643,#1644);
#1478=AXIS2_PLACEMENT_3D('',#2067,#1645,#1646);
#1479=AXIS2_PLACEMENT_3D('',#2072,#1649,#1650);
#1480=AXIS2_PLACEMENT_3D('',#2073,#1651,#1652);
#1481=AXIS2_PLACEMENT_3D('',#2078,#1655,#1656);
#1482=AXIS2_PLACEMENT_3D('',#2079,#1657,#1658);
#1483=AXIS2_PLACEMENT_3D('',#2084,#1661,#1662);
#1484=AXIS2_PLACEMENT_3D('',#2085,#1663,#1664);
#1485=AXIS2_PLACEMENT_3D('',#2089,#1666,#1667);
#1486=AXIS2_PLACEMENT_3D('',#2091,#1669,#1670);
#1487=AXIS2_PLACEMENT_3D('',#2105,#1678,#1679);
#1488=AXIS2_PLACEMENT_3D('',#2113,#1684,#1685);
#1489=AXIS2_PLACEMENT_3D('',#2118,#1687,#1688);
#1490=AXIS2_PLACEMENT_3D('',#2121,#1690,#1691);
#1491=AXIS2_PLACEMENT_3D('',#2122,#1692,#1693);
#1492=AXIS2_PLACEMENT_3D('',#2127,#1695,#1696);
#1493=AXIS2_PLACEMENT_3D('',#2130,#1698,#1699);
#1494=AXIS2_PLACEMENT_3D('',#2131,#1700,#1701);
#1495=AXIS2_PLACEMENT_3D('',#2136,#1704,#1705);
#1496=AXIS2_PLACEMENT_3D('',#2137,#1706,#1707);
#1497=AXIS2_PLACEMENT_3D('',#2142,#1710,#1711);
#1498=AXIS2_PLACEMENT_3D('',#2143,#1712,#1713);
#1499=AXIS2_PLACEMENT_3D('',#2146,#1716,#1717);
#1500=AXIS2_PLACEMENT_3D('',#2152,#1721,#1722);
#1501=AXIS2_PLACEMENT_3D('',#2160,#1727,#1728);
#1502=AXIS2_PLACEMENT_3D('',#2164,#1730,#1731);
#1503=AXIS2_PLACEMENT_3D('',#2165,#1732,#1733);
#1504=AXIS2_PLACEMENT_3D('',#2166,#1734,#1735);
#1505=AXIS2_PLACEMENT_3D('',#2169,#1737,#1738);
#1506=AXIS2_PLACEMENT_3D('',#2170,#1739,#1740);
#1507=AXIS2_PLACEMENT_3D('',#2173,#1742,#1743);
#1508=AXIS2_PLACEMENT_3D('',#2174,#1744,#1745);
#1509=AXIS2_PLACEMENT_3D('',#2177,#1747,#1748);
#1510=AXIS2_PLACEMENT_3D('',#2178,#1749,#1750);
#1511=AXIS2_PLACEMENT_3D('',#2180,#1751,#1752);
#1512=AXIS2_PLACEMENT_3D('',#2182,#1754,#1755);
#1513=AXIS2_PLACEMENT_3D('',#2190,#1760,#1761);
#1514=AXIS2_PLACEMENT_3D('',#2198,#1766,#1767);
#1515=AXIS2_PLACEMENT_3D('',#2205,#1771,#1772);
#1516=AXIS2_PLACEMENT_3D('',#2207,#1773,#1774);
#1517=AXIS2_PLACEMENT_3D('',#2208,#1775,#1776);
#1518=AXIS2_PLACEMENT_3D('',#2212,#1779,#1780);
#1519=AXIS2_PLACEMENT_3D('',#2214,#1781,#1782);
#1520=AXIS2_PLACEMENT_3D('',#2215,#1783,#1784);
#1521=AXIS2_PLACEMENT_3D('',#2220,#1788,#1789);
#1522=AXIS2_PLACEMENT_3D('',#2222,#1790,#1791);
#1523=AXIS2_PLACEMENT_3D('',#2225,#1793,#1794);
#1524=AXIS2_PLACEMENT_3D('',#2226,#1795,#1796);
#1525=AXIS2_PLACEMENT_3D('',#2228,#1797,#1798);
#1526=AXIS2_PLACEMENT_3D('',#2229,#1799,#1800);
#1527=AXIS2_PLACEMENT_3D('',#2231,#1801,#1802);
#1528=AXIS2_PLACEMENT_3D('',#2234,#1804,#1805);
#1529=AXIS2_PLACEMENT_3D('',#2235,#1806,#1807);
#1530=AXIS2_PLACEMENT_3D('',#2237,#1808,#1809);
#1531=AXIS2_PLACEMENT_3D('',#2238,#1810,#1811);
#1532=AXIS2_PLACEMENT_3D('',#2240,#1812,#1813);
#1533=AXIS2_PLACEMENT_3D('',#2243,#1815,#1816);
#1534=AXIS2_PLACEMENT_3D('',#2244,#1817,#1818);
#1535=AXIS2_PLACEMENT_3D('',#2246,#1819,#1820);
#1536=AXIS2_PLACEMENT_3D('',#2247,#1821,#1822);
#1537=AXIS2_PLACEMENT_3D('',#2249,#1823,#1824);
#1538=AXIS2_PLACEMENT_3D('',#2252,#1826,#1827);
#1539=AXIS2_PLACEMENT_3D('',#2253,#1828,#1829);
#1540=AXIS2_PLACEMENT_3D('',#2255,#1830,#1831);
#1541=AXIS2_PLACEMENT_3D('',#2256,#1832,#1833);
#1542=AXIS2_PLACEMENT_3D('',#2258,#1835,#1836);
#1543=AXIS2_PLACEMENT_3D('',#2260,#1838,#1839);
#1544=AXIS2_PLACEMENT_3D('',#2262,#1841,#1842);
#1545=AXIS2_PLACEMENT_3D('',#2264,#1844,#1845);
#1546=AXIS2_PLACEMENT_3D('',#2266,#1847,#1848);
#1547=AXIS2_PLACEMENT_3D('',#2268,#1850,#1851);
#1548=AXIS2_PLACEMENT_3D('',#2269,#1852,#1853);
#1549=AXIS2_PLACEMENT_3D('',#2277,#1858,#1859);
#1550=AXIS2_PLACEMENT_3D('',#2287,#1865,#1866);
#1551=AXIS2_PLACEMENT_3D('',#2291,#1869,#1870);
#1552=AXIS2_PLACEMENT_3D('',#2293,#1871,#1872);
#1553=AXIS2_PLACEMENT_3D('',#2294,#1873,#1874);
#1554=AXIS2_PLACEMENT_3D('',#2296,#1875,#1876);
#1555=AXIS2_PLACEMENT_3D('',#2299,#1878,#1879);
#1556=AXIS2_PLACEMENT_3D('',#2300,#1880,#1881);
#1557=AXIS2_PLACEMENT_3D('',#2302,#1882,#1883);
#1558=AXIS2_PLACEMENT_3D('',#2303,#1884,#1885);
#1559=AXIS2_PLACEMENT_3D('',#2305,#1886,#1887);
#1560=AXIS2_PLACEMENT_3D('',#2308,#1889,#1890);
#1561=AXIS2_PLACEMENT_3D('',#2309,#1891,#1892);
#1562=AXIS2_PLACEMENT_3D('',#2311,#1893,#1894);
#1563=AXIS2_PLACEMENT_3D('',#2312,#1895,#1896);
#1564=AXIS2_PLACEMENT_3D('',#2314,#1897,#1898);
#1565=AXIS2_PLACEMENT_3D('',#2317,#1900,#1901);
#1566=AXIS2_PLACEMENT_3D('',#2318,#1902,#1903);
#1567=AXIS2_PLACEMENT_3D('',#2320,#1904,#1905);
#1568=AXIS2_PLACEMENT_3D('',#2321,#1906,#1907);
#1569=AXIS2_PLACEMENT_3D('',#2323,#1908,#1909);
#1570=AXIS2_PLACEMENT_3D('',#2326,#1911,#1912);
#1571=AXIS2_PLACEMENT_3D('',#2327,#1913,#1914);
#1572=AXIS2_PLACEMENT_3D('',#2329,#1915,#1916);
#1573=AXIS2_PLACEMENT_3D('',#2330,#1917,#1918);
#1574=AXIS2_PLACEMENT_3D('',#2333,#1920,#1921);
#1575=AXIS2_PLACEMENT_3D('',#2334,#1922,#1923);
#1576=AXIS2_PLACEMENT_3D('',#2336,#1925,#1926);
#1577=AXIS2_PLACEMENT_3D('',#2339,#1928,#1929);
#1578=AXIS2_PLACEMENT_3D('',#2340,#1930,#1931);
#1579=AXIS2_PLACEMENT_3D('',#2342,#1933,#1934);
#1580=AXIS2_PLACEMENT_3D('',#2344,#1936,#1937);
#1581=AXIS2_PLACEMENT_3D('',#2347,#1940,#1941);
#1582=AXIS2_PLACEMENT_3D('',#2348,#1942,#1943);
#1583=AXIS2_PLACEMENT_3D('',#2350,#1945,#1946);
#1584=AXIS2_PLACEMENT_3D('',#2352,#1947,#1948);
#1585=AXIS2_PLACEMENT_3D('',#2376,#1960,#1961);
#1586=AXIS2_PLACEMENT_3D('',#2378,#1963,#1964);
#1587=AXIS2_PLACEMENT_3D('',#2382,#1967,#1968);
#1588=AXIS2_PLACEMENT_3D('',#2384,#1969,#1970);
#1589=AXIS2_PLACEMENT_3D('',#2407,#1982,#1983);
#1590=AXIS2_PLACEMENT_3D('',#2408,#1984,#1985);
#1591=AXIS2_PLACEMENT_3D('',#2411,#1988,#1989);
#1592=AXIS2_PLACEMENT_3D('',#2413,#1991,#1992);
#1593=AXIS2_PLACEMENT_3D('',#2415,#1994,#1995);
#1594=AXIS2_PLACEMENT_3D('',#2418,#1998,#1999);
#1595=AXIS2_PLACEMENT_3D('',#2420,#2001,#2002);
#1596=AXIS2_PLACEMENT_3D('',#2422,#2004,#2005);
#1597=AXIS2_PLACEMENT_3D('',#2423,#2006,#2007);
#1598=AXIS2_PLACEMENT_3D('',#2425,#2009,#2010);
#1599=AXIS2_PLACEMENT_3D('',#2427,#2012,#2013);
#1600=AXIS2_PLACEMENT_3D('',#2429,#2015,#2016);
#1601=AXIS2_PLACEMENT_3D('',#2431,#2018,#2019);
#1602=AXIS2_PLACEMENT_3D('',#2432,#2020,#2021);
#1603=DIRECTION('axis',(0.,0.,1.));
#1604=DIRECTION('refdir',(1.,0.,0.));
#1605=DIRECTION('center_axis',(-1.,0.,2.68245102053009E-17));
#1606=DIRECTION('ref_axis',(0.,0.707106781186546,-0.707106781186549));
#1607=DIRECTION('',(1.,0.,0.));
#1608=DIRECTION('center_axis',(-1.,0.,0.));
#1609=DIRECTION('ref_axis',(0.,0.707106781186546,-0.707106781186549));
#1610=DIRECTION('',(1.,0.,-2.68245102053009E-17));
#1611=DIRECTION('center_axis',(0.707106781186549,0.707106781186546,0.));
#1612=DIRECTION('ref_axis',(0.707106781186546,-0.707106781186549,-3.79355861363521E-17));
#1613=DIRECTION('center_axis',(0.,1.,0.));
#1614=DIRECTION('ref_axis',(0.707106781186544,0.,-0.707106781186551));
#1615=DIRECTION('',(0.,-1.,0.));
#1616=DIRECTION('center_axis',(0.,-1.,0.));
#1617=DIRECTION('ref_axis',(0.707106781186544,0.,-0.707106781186551));
#1618=DIRECTION('',(0.,1.,0.));
#1619=DIRECTION('center_axis',(-0.707106781186548,0.707106781186547,0.));
#1620=DIRECTION('ref_axis',(-0.707106781186547,-0.707106781186548,0.));
#1621=DIRECTION('center_axis',(-1.,0.,2.68245102053009E-17));
#1622=DIRECTION('ref_axis',(0.,0.707106781186544,-0.707106781186551));
#1623=DIRECTION('',(1.,0.,-2.68245102053009E-17));
#1624=DIRECTION('',(1.,0.,0.));
#1625=DIRECTION('center_axis',(-0.707106781186545,-0.70710678118655,0.));
#1626=DIRECTION('ref_axis',(0.70710678118655,-0.707106781186545,-3.79355861363519E-17));
#1627=DIRECTION('center_axis',(0.,-1.,0.));
#1628=DIRECTION('ref_axis',(-0.707106781186548,0.,-0.707106781186548));
#1629=DIRECTION('',(0.,1.,0.));
#1630=DIRECTION('',(0.,-1.,0.));
#1631=DIRECTION('center_axis',(0.,-1.,0.));
#1632=DIRECTION('ref_axis',(1.,0.,0.));
#1633=DIRECTION('',(0.,0.,-1.));
#1634=DIRECTION('',(1.,0.,0.));
#1635=DIRECTION('',(0.,0.,1.));
#1636=DIRECTION('',(-1.,0.,0.));
#1637=DIRECTION('center_axis',(1.,0.,-2.68245102053009E-17));
#1638=DIRECTION('ref_axis',(0.,-0.707106781186544,-0.707106781186551));
#1639=DIRECTION('',(-1.,0.,2.68245102053009E-17));
#1640=DIRECTION('center_axis',(-1.,0.,0.));
#1641=DIRECTION('ref_axis',(0.,-0.707106781186544,-0.707106781186551));
#1642=DIRECTION('',(1.,0.,0.));
#1643=DIRECTION('center_axis',(0.707106781186552,-0.707106781186543,0.));
#1644=DIRECTION('ref_axis',(-0.707106781186543,-0.707106781186552,3.79355861363523E-17));
#1645=DIRECTION('center_axis',(0.,-1.,0.));
#1646=DIRECTION('ref_axis',(-0.707106781186541,0.,-0.707106781186554));
#1647=DIRECTION('',(0.,1.,0.));
#1648=DIRECTION('',(0.,-1.,0.));
#1649=DIRECTION('center_axis',(0.707106781186552,-0.707106781186543,0.));
#1650=DIRECTION('ref_axis',(0.707106781186543,0.707106781186552,0.));
#1651=DIRECTION('center_axis',(1.,0.,-2.68245102053009E-17));
#1652=DIRECTION('ref_axis',(0.,-0.707106781186544,-0.707106781186551));
#1653=DIRECTION('',(-1.,0.,2.68245102053009E-17));
#1654=DIRECTION('',(-1.,0.,0.));
#1655=DIRECTION('center_axis',(0.707106781186549,0.707106781186546,0.));
#1656=DIRECTION('ref_axis',(-0.707106781186546,0.707106781186549,3.79355861363521E-17));
#1657=DIRECTION('center_axis',(0.,1.,0.));
#1658=DIRECTION('ref_axis',(0.707106781186544,0.,-0.707106781186551));
#1659=DIRECTION('',(0.,-1.,0.));
#1660=DIRECTION('',(0.,1.,0.));
#1661=DIRECTION('center_axis',(0.707106781186552,0.707106781186543,0.));
#1662=DIRECTION('ref_axis',(0.707106781186543,-0.707106781186552,0.));
#1663=DIRECTION('center_axis',(1.,0.,-2.68245102053009E-17));
#1664=DIRECTION('ref_axis',(0.,-0.707106781186544,-0.707106781186551));
#1665=DIRECTION('',(-1.,0.,0.));
#1666=DIRECTION('center_axis',(1.,0.,0.));
#1667=DIRECTION('ref_axis',(0.,-0.707106781186544,-0.707106781186551));
#1668=DIRECTION('',(-1.,0.,2.68245102053009E-17));
#1669=DIRECTION('center_axis',(2.68245102053009E-17,0.,1.));
#1670=DIRECTION('ref_axis',(-1.,0.,2.68245102053009E-17));
#1671=DIRECTION('',(0.,-1.,0.));
#1672=DIRECTION('',(1.,0.,-2.68245102053009E-17));
#1673=DIRECTION('',(0.,-1.,0.));
#1674=DIRECTION('',(1.,0.,-2.68245102053009E-17));
#1675=DIRECTION('',(0.,1.,0.));
#1676=DIRECTION('',(1.,0.,-2.68245102053009E-17));
#1677=DIRECTION('',(0.,-1.,0.));
#1678=DIRECTION('center_axis',(0.,1.,0.));
#1679=DIRECTION('ref_axis',(-1.,0.,0.));
#1680=DIRECTION('',(0.,0.,-1.));
#1681=DIRECTION('',(-1.,0.,0.));
#1682=DIRECTION('',(0.,0.,1.));
#1683=DIRECTION('',(1.,0.,0.));
#1684=DIRECTION('center_axis',(1.,0.,-2.68245102053009E-17));
#1685=DIRECTION('ref_axis',(0.,-0.707106781186538,-0.707106781186557));
#1686=DIRECTION('',(-1.,0.,2.68245102053009E-17));
#1687=DIRECTION('center_axis',(-1.,0.,0.));
#1688=DIRECTION('ref_axis',(0.,-0.707106781186538,-0.707106781186557));
#1689=DIRECTION('',(1.,0.,0.));
#1690=DIRECTION('center_axis',(0.707106781186548,-0.707106781186548,0.));
#1691=DIRECTION('ref_axis',(-0.707106781186548,-0.707106781186548,3.7935586136352E-17));
#1692=DIRECTION('center_axis',(1.,0.,-2.68245102053009E-17));
#1693=DIRECTION('ref_axis',(0.,-0.707106781186538,-0.707106781186557));
#1694=DIRECTION('',(-1.,0.,0.));
#1695=DIRECTION('center_axis',(1.,0.,0.));
#1696=DIRECTION('ref_axis',(0.,-0.707106781186538,-0.707106781186557));
#1697=DIRECTION('',(-1.,0.,2.68245102053009E-17));
#1698=DIRECTION('center_axis',(-0.707106781186548,-0.707106781186548,0.));
#1699=DIRECTION('ref_axis',(-0.707106781186548,0.707106781186548,3.7935586136352E-17));
#1700=DIRECTION('center_axis',(0.,1.,0.));
#1701=DIRECTION('ref_axis',(0.707106781186544,0.,-0.707106781186551));
#1702=DIRECTION('',(0.,1.,0.));
#1703=DIRECTION('',(0.,-1.,0.));
#1704=DIRECTION('center_axis',(-0.707106781186548,-0.707106781186548,0.));
#1705=DIRECTION('ref_axis',(0.707106781186547,-0.707106781186547,0.));
#1706=DIRECTION('center_axis',(1.,0.,-2.68245102053009E-17));
#1707=DIRECTION('ref_axis',(0.,-0.707106781186551,-0.707106781186544));
#1708=DIRECTION('',(1.,0.,0.));
#1709=DIRECTION('',(-1.,0.,2.68245102053009E-17));
#1710=DIRECTION('center_axis',(-0.707106781186544,0.707106781186551,0.));
#1711=DIRECTION('ref_axis',(-0.707106781186551,-0.707106781186544,3.79355861363519E-17));
#1712=DIRECTION('center_axis',(0.,-1.,0.));
#1713=DIRECTION('ref_axis',(-0.707106781186548,0.,-0.707106781186548));
#1714=DIRECTION('',(0.,-1.,0.));
#1715=DIRECTION('',(0.,1.,0.));
#1716=DIRECTION('center_axis',(2.68245102053009E-17,0.,1.));
#1717=DIRECTION('ref_axis',(-1.,0.,2.68245102053009E-17));
#1718=DIRECTION('',(0.,-1.,0.));
#1719=DIRECTION('',(1.,0.,-2.68245102053009E-17));
#1720=DIRECTION('',(0.,-1.,0.));
#1721=DIRECTION('center_axis',(0.,-1.,0.));
#1722=DIRECTION('ref_axis',(1.,0.,0.));
#1723=DIRECTION('',(0.,0.,-1.));
#1724=DIRECTION('',(-1.,0.,0.));
#1725=DIRECTION('',(0.,0.,1.));
#1726=DIRECTION('',(-1.,0.,0.));
#1727=DIRECTION('center_axis',(-1.,0.,2.68245102053009E-17));
#1728=DIRECTION('ref_axis',(0.,0.707106781186551,-0.707106781186544));
#1729=DIRECTION('',(1.,0.,0.));
#1730=DIRECTION('center_axis',(-1.,0.,0.));
#1731=DIRECTION('ref_axis',(0.,0.707106781186551,-0.707106781186544));
#1732=DIRECTION('center_axis',(0.707106781186551,0.707106781186544,0.));
#1733=DIRECTION('ref_axis',(0.707106781186544,-0.707106781186551,-3.79355861363522E-17));
#1734=DIRECTION('center_axis',(0.,-1.,0.));
#1735=DIRECTION('ref_axis',(-0.707106781186541,0.,-0.707106781186554));
#1736=DIRECTION('',(0.,-1.,0.));
#1737=DIRECTION('center_axis',(0.707106781186551,0.707106781186544,0.));
#1738=DIRECTION('ref_axis',(-0.707106781186544,0.707106781186551,0.));
#1739=DIRECTION('center_axis',(-1.,0.,2.68245102053009E-17));
#1740=DIRECTION('ref_axis',(0.,0.707106781186551,-0.707106781186544));
#1741=DIRECTION('',(-1.,0.,0.));
#1742=DIRECTION('center_axis',(0.707106781186544,-0.707106781186551,0.));
#1743=DIRECTION('ref_axis',(0.707106781186551,0.707106781186544,-3.79355861363519E-17));
#1744=DIRECTION('center_axis',(0.,1.,0.));
#1745=DIRECTION('ref_axis',(0.707106781186544,0.,-0.707106781186551));
#1746=DIRECTION('',(0.,1.,0.));
#1747=DIRECTION('center_axis',(0.707106781186548,-0.707106781186548,0.));
#1748=DIRECTION('ref_axis',(-0.707106781186547,-0.707106781186547,0.));
#1749=DIRECTION('center_axis',(-1.,0.,2.68245102053009E-17));
#1750=DIRECTION('ref_axis',(0.,0.707106781186551,-0.707106781186544));
#1751=DIRECTION('center_axis',(1.,0.,0.));
#1752=DIRECTION('ref_axis',(0.,0.707106781186551,-0.707106781186544));
#1753=DIRECTION('',(-1.,0.,0.));
#1754=DIRECTION('center_axis',(0.,1.,0.));
#1755=DIRECTION('ref_axis',(-1.,0.,0.));
#1756=DIRECTION('',(0.,0.,-1.));
#1757=DIRECTION('',(1.,0.,0.));
#1758=DIRECTION('',(0.,0.,1.));
#1759=DIRECTION('',(1.,0.,0.));
#1760=DIRECTION('center_axis',(0.,1.,0.));
#1761=DIRECTION('ref_axis',(-1.,0.,0.));
#1762=DIRECTION('',(0.,0.,1.));
#1763=DIRECTION('',(1.,0.,0.));
#1764=DIRECTION('',(0.,0.,1.));
#1765=DIRECTION('',(-1.,0.,0.));
#1766=DIRECTION('center_axis',(0.,0.,-1.));
#1767=DIRECTION('ref_axis',(-1.,0.,0.));
#1768=DIRECTION('',(0.,1.,0.));
#1769=DIRECTION('',(0.,-1.,0.));
#1770=DIRECTION('',(-1.,0.,0.));
#1771=DIRECTION('center_axis',(0.,0.,1.));
#1772=DIRECTION('ref_axis',(-1.,0.,0.));
#1773=DIRECTION('center_axis',(0.,0.,1.));
#1774=DIRECTION('ref_axis',(-1.,0.,0.));
#1775=DIRECTION('center_axis',(0.,0.,-1.));
#1776=DIRECTION('ref_axis',(-1.,0.,0.));
#1777=DIRECTION('',(0.,1.,0.));
#1778=DIRECTION('',(0.,1.,0.));
#1779=DIRECTION('center_axis',(0.,0.,1.));
#1780=DIRECTION('ref_axis',(-1.,0.,0.));
#1781=DIRECTION('center_axis',(0.,0.,1.));
#1782=DIRECTION('ref_axis',(-1.,0.,0.));
#1783=DIRECTION('center_axis',(0.,-1.,0.));
#1784=DIRECTION('ref_axis',(1.,0.,0.));
#1785=DIRECTION('',(0.,0.,1.));
#1786=DIRECTION('',(0.,0.,1.));
#1787=DIRECTION('',(1.,0.,0.));
#1788=DIRECTION('center_axis',(0.,0.,-1.));
#1789=DIRECTION('ref_axis',(-1.,0.,0.));
#1790=DIRECTION('center_axis',(0.,0.,-1.));
#1791=DIRECTION('ref_axis',(-1.,0.,0.));
#1792=DIRECTION('',(0.,0.,-1.));
#1793=DIRECTION('center_axis',(0.,0.,1.));
#1794=DIRECTION('ref_axis',(-1.,0.,0.));
#1795=DIRECTION('center_axis',(0.,0.,-1.));
#1796=DIRECTION('ref_axis',(-1.,0.,0.));
#1797=DIRECTION('center_axis',(0.,0.,1.));
#1798=DIRECTION('ref_axis',(-1.,0.,0.));
#1799=DIRECTION('center_axis',(0.,0.,-1.));
#1800=DIRECTION('ref_axis',(-1.,0.,0.));
#1801=DIRECTION('center_axis',(0.,0.,-1.));
#1802=DIRECTION('ref_axis',(-1.,0.,0.));
#1803=DIRECTION('',(0.,0.,-1.));
#1804=DIRECTION('center_axis',(0.,0.,1.));
#1805=DIRECTION('ref_axis',(-1.,0.,0.));
#1806=DIRECTION('center_axis',(0.,0.,-1.));
#1807=DIRECTION('ref_axis',(-1.,0.,0.));
#1808=DIRECTION('center_axis',(0.,0.,1.));
#1809=DIRECTION('ref_axis',(-1.,0.,0.));
#1810=DIRECTION('center_axis',(0.,0.,-1.));
#1811=DIRECTION('ref_axis',(-1.,0.,0.));
#1812=DIRECTION('center_axis',(0.,0.,-1.));
#1813=DIRECTION('ref_axis',(-1.,0.,0.));
#1814=DIRECTION('',(0.,0.,-1.));
#1815=DIRECTION('center_axis',(0.,0.,1.));
#1816=DIRECTION('ref_axis',(-1.,0.,0.));
#1817=DIRECTION('center_axis',(0.,0.,-1.));
#1818=DIRECTION('ref_axis',(-1.,0.,0.));
#1819=DIRECTION('center_axis',(0.,0.,1.));
#1820=DIRECTION('ref_axis',(-1.,0.,0.));
#1821=DIRECTION('center_axis',(0.,0.,-1.));
#1822=DIRECTION('ref_axis',(-1.,0.,0.));
#1823=DIRECTION('center_axis',(0.,0.,-1.));
#1824=DIRECTION('ref_axis',(-1.,0.,0.));
#1825=DIRECTION('',(0.,0.,-1.));
#1826=DIRECTION('center_axis',(0.,0.,1.));
#1827=DIRECTION('ref_axis',(-1.,0.,0.));
#1828=DIRECTION('center_axis',(0.,0.,-1.));
#1829=DIRECTION('ref_axis',(-1.,0.,0.));
#1830=DIRECTION('center_axis',(0.,0.,1.));
#1831=DIRECTION('ref_axis',(-1.,0.,0.));
#1832=DIRECTION('center_axis',(0.,0.,-1.));
#1833=DIRECTION('ref_axis',(-1.,0.,0.));
#1834=DIRECTION('',(0.,0.,-1.));
#1835=DIRECTION('center_axis',(0.,0.,-1.));
#1836=DIRECTION('ref_axis',(-1.,0.,0.));
#1837=DIRECTION('',(0.,0.,-1.));
#1838=DIRECTION('center_axis',(0.,0.,-1.));
#1839=DIRECTION('ref_axis',(-1.,0.,0.));
#1840=DIRECTION('',(0.,0.,-1.));
#1841=DIRECTION('center_axis',(0.,0.,-1.));
#1842=DIRECTION('ref_axis',(-1.,0.,0.));
#1843=DIRECTION('',(0.,0.,-1.));
#1844=DIRECTION('center_axis',(1.,0.,0.));
#1845=DIRECTION('ref_axis',(0.,1.,0.));
#1846=DIRECTION('',(0.,1.,0.));
#1847=DIRECTION('center_axis',(-1.,0.,0.));
#1848=DIRECTION('ref_axis',(0.,-1.,0.));
#1849=DIRECTION('',(0.,-1.,0.));
#1850=DIRECTION('center_axis',(0.,0.,-1.));
#1851=DIRECTION('ref_axis',(-1.,0.,0.));
#1852=DIRECTION('center_axis',(0.,1.,0.));
#1853=DIRECTION('ref_axis',(-1.,0.,0.));
#1854=DIRECTION('',(0.,0.,1.));
#1855=DIRECTION('',(1.,0.,0.));
#1856=DIRECTION('',(0.,0.,1.));
#1857=DIRECTION('',(1.,0.,0.));
#1858=DIRECTION('center_axis',(0.,-1.,0.));
#1859=DIRECTION('ref_axis',(1.,0.,0.));
#1860=DIRECTION('',(-1.,0.,2.68245102053009E-17));
#1861=DIRECTION('',(0.,0.,1.));
#1862=DIRECTION('',(-1.,0.,0.));
#1863=DIRECTION('',(0.,0.,1.));
#1864=DIRECTION('',(-1.,0.,0.));
#1865=DIRECTION('center_axis',(0.,0.,1.));
#1866=DIRECTION('ref_axis',(-1.,0.,0.));
#1867=DIRECTION('',(0.,1.,0.));
#1868=DIRECTION('',(0.,1.,0.));
#1869=DIRECTION('center_axis',(0.,0.,-1.));
#1870=DIRECTION('ref_axis',(-1.,0.,0.));
#1871=DIRECTION('center_axis',(0.,0.,-1.));
#1872=DIRECTION('ref_axis',(-1.,0.,0.));
#1873=DIRECTION('center_axis',(0.,0.,1.));
#1874=DIRECTION('ref_axis',(-1.,0.,0.));
#1875=DIRECTION('center_axis',(0.,0.,1.));
#1876=DIRECTION('ref_axis',(-1.,0.,0.));
#1877=DIRECTION('',(0.,0.,-1.));
#1878=DIRECTION('center_axis',(0.,0.,-1.));
#1879=DIRECTION('ref_axis',(-1.,0.,0.));
#1880=DIRECTION('center_axis',(0.,0.,1.));
#1881=DIRECTION('ref_axis',(-1.,0.,0.));
#1882=DIRECTION('center_axis',(0.,0.,-1.));
#1883=DIRECTION('ref_axis',(-1.,0.,0.));
#1884=DIRECTION('center_axis',(0.,0.,1.));
#1885=DIRECTION('ref_axis',(-1.,0.,0.));
#1886=DIRECTION('center_axis',(0.,0.,1.));
#1887=DIRECTION('ref_axis',(-1.,0.,0.));
#1888=DIRECTION('',(0.,0.,-1.));
#1889=DIRECTION('center_axis',(0.,0.,-1.));
#1890=DIRECTION('ref_axis',(-1.,0.,0.));
#1891=DIRECTION('center_axis',(0.,0.,1.));
#1892=DIRECTION('ref_axis',(-1.,0.,0.));
#1893=DIRECTION('center_axis',(0.,0.,-1.));
#1894=DIRECTION('ref_axis',(-1.,0.,0.));
#1895=DIRECTION('center_axis',(0.,0.,1.));
#1896=DIRECTION('ref_axis',(-1.,0.,0.));
#1897=DIRECTION('center_axis',(0.,0.,1.));
#1898=DIRECTION('ref_axis',(-1.,0.,0.));
#1899=DIRECTION('',(0.,0.,-1.));
#1900=DIRECTION('center_axis',(0.,0.,-1.));
#1901=DIRECTION('ref_axis',(-1.,0.,0.));
#1902=DIRECTION('center_axis',(0.,0.,1.));
#1903=DIRECTION('ref_axis',(-1.,0.,0.));
#1904=DIRECTION('center_axis',(0.,0.,-1.));
#1905=DIRECTION('ref_axis',(-1.,0.,0.));
#1906=DIRECTION('center_axis',(0.,0.,1.));
#1907=DIRECTION('ref_axis',(-1.,0.,0.));
#1908=DIRECTION('center_axis',(0.,0.,1.));
#1909=DIRECTION('ref_axis',(-1.,0.,0.));
#1910=DIRECTION('',(0.,0.,-1.));
#1911=DIRECTION('center_axis',(0.,0.,-1.));
#1912=DIRECTION('ref_axis',(-1.,0.,0.));
#1913=DIRECTION('center_axis',(0.,0.,1.));
#1914=DIRECTION('ref_axis',(-1.,0.,0.));
#1915=DIRECTION('center_axis',(0.,0.,-1.));
#1916=DIRECTION('ref_axis',(-1.,0.,0.));
#1917=DIRECTION('center_axis',(0.,0.,1.));
#1918=DIRECTION('ref_axis',(-1.,0.,0.));
#1919=DIRECTION('',(0.,0.,-1.));
#1920=DIRECTION('center_axis',(0.,0.,-1.));
#1921=DIRECTION('ref_axis',(-1.,0.,0.));
#1922=DIRECTION('center_axis',(0.,0.,1.));
#1923=DIRECTION('ref_axis',(-1.,0.,0.));
#1924=DIRECTION('',(0.,0.,-1.));
#1925=DIRECTION('center_axis',(0.,0.,1.));
#1926=DIRECTION('ref_axis',(-1.,0.,0.));
#1927=DIRECTION('',(0.,0.,-1.));
#1928=DIRECTION('center_axis',(0.,0.,-1.));
#1929=DIRECTION('ref_axis',(-1.,0.,0.));
#1930=DIRECTION('center_axis',(0.,0.,1.));
#1931=DIRECTION('ref_axis',(-1.,0.,0.));
#1932=DIRECTION('',(0.,0.,-1.));
#1933=DIRECTION('center_axis',(-1.,0.,0.));
#1934=DIRECTION('ref_axis',(0.,-1.,0.));
#1935=DIRECTION('',(0.,-1.,0.));
#1936=DIRECTION('center_axis',(1.,0.,0.));
#1937=DIRECTION('ref_axis',(0.,1.,0.));
#1938=DIRECTION('',(0.,-1.,0.));
#1939=DIRECTION('',(0.,1.,0.));
#1940=DIRECTION('center_axis',(0.,0.,1.));
#1941=DIRECTION('ref_axis',(-1.,0.,0.));
#1942=DIRECTION('center_axis',(0.,0.,1.));
#1943=DIRECTION('ref_axis',(-1.,0.,0.));
#1944=DIRECTION('',(0.,1.,0.));
#1945=DIRECTION('center_axis',(1.,0.,0.));
#1946=DIRECTION('ref_axis',(0.,0.,-1.));
#1947=DIRECTION('center_axis',(-1.,0.,0.));
#1948=DIRECTION('ref_axis',(0.,0.707106781186546,-0.707106781186549));
#1949=DIRECTION('',(0.,0.,-1.));
#1950=DIRECTION('',(0.,-1.,0.));
#1951=DIRECTION('',(0.,0.,1.));
#1952=DIRECTION('',(0.,-1.,0.));
#1953=DIRECTION('',(0.,0.,1.));
#1954=DIRECTION('',(0.,-1.,0.));
#1955=DIRECTION('',(0.,0.,-1.));
#1956=DIRECTION('',(0.,-1.,0.));
#1957=DIRECTION('',(0.,0.,-1.));
#1958=DIRECTION('',(0.,-1.,0.));
#1959=DIRECTION('',(0.,0.,1.));
#1960=DIRECTION('center_axis',(-1.,0.,0.));
#1961=DIRECTION('ref_axis',(0.,-0.707106781186548,-0.707106781186548));
#1962=DIRECTION('',(0.,-1.,0.));
#1963=DIRECTION('center_axis',(2.68245102053009E-17,0.,1.));
#1964=DIRECTION('ref_axis',(-1.,0.,2.68245102053009E-17));
#1965=DIRECTION('',(-1.,0.,2.68245102053009E-17));
#1966=DIRECTION('',(0.,-1.,0.));
#1967=DIRECTION('center_axis',(1.,0.,0.));
#1968=DIRECTION('ref_axis',(0.,0.,-1.));
#1969=DIRECTION('center_axis',(-1.,0.,0.));
#1970=DIRECTION('ref_axis',(0.,-0.707106781186548,-0.707106781186548));
#1971=DIRECTION('',(0.,0.,1.));
#1972=DIRECTION('',(0.,-1.,0.));
#1973=DIRECTION('',(0.,0.,-1.));
#1974=DIRECTION('',(0.,-1.,0.));
#1975=DIRECTION('',(0.,0.,-1.));
#1976=DIRECTION('',(0.,-1.,0.));
#1977=DIRECTION('',(0.,0.,1.));
#1978=DIRECTION('',(0.,-1.,0.));
#1979=DIRECTION('',(0.,0.,1.));
#1980=DIRECTION('',(0.,-1.,0.));
#1981=DIRECTION('',(0.,0.,-1.));
#1982=DIRECTION('center_axis',(-1.,0.,0.));
#1983=DIRECTION('ref_axis',(0.,0.707106781186546,-0.707106781186549));
#1984=DIRECTION('center_axis',(0.,1.,0.));
#1985=DIRECTION('ref_axis',(-1.,0.,0.));
#1986=DIRECTION('',(1.,0.,2.67117108087397E-17));
#1987=DIRECTION('',(-1.,0.,2.68245102053009E-17));
#1988=DIRECTION('center_axis',(2.67117108087397E-17,0.,-1.));
#1989=DIRECTION('ref_axis',(1.,0.,2.67117108087397E-17));
#1990=DIRECTION('',(1.,0.,2.67117108087397E-17));
#1991=DIRECTION('center_axis',(0.,1.,0.));
#1992=DIRECTION('ref_axis',(-1.,0.,0.));
#1993=DIRECTION('',(-1.,0.,2.68245102053009E-17));
#1994=DIRECTION('center_axis',(0.,-1.,0.));
#1995=DIRECTION('ref_axis',(0.,0.,-1.));
#1996=DIRECTION('',(-1.,0.,0.));
#1997=DIRECTION('',(-1.,0.,2.68245102053009E-17));
#1998=DIRECTION('center_axis',(0.,0.,1.));
#1999=DIRECTION('ref_axis',(0.,-1.,0.));
#2000=DIRECTION('',(1.,0.,0.));
#2001=DIRECTION('center_axis',(0.,1.,0.));
#2002=DIRECTION('ref_axis',(0.,0.,1.));
#2003=DIRECTION('',(1.,0.,-2.68245102053009E-17));
#2004=DIRECTION('center_axis',(2.68245102053009E-17,0.,1.));
#2005=DIRECTION('ref_axis',(-1.,0.,2.68245102053009E-17));
#2006=DIRECTION('center_axis',(2.68245102053009E-17,0.,1.));
#2007=DIRECTION('ref_axis',(-1.,0.,2.68245102053009E-17));
#2008=DIRECTION('',(1.,0.,-2.68245102053009E-17));
#2009=DIRECTION('center_axis',(0.,-1.,0.));
#2010=DIRECTION('ref_axis',(0.,0.,-1.));
#2011=DIRECTION('',(1.,0.,0.));
#2012=DIRECTION('center_axis',(0.,0.,-1.));
#2013=DIRECTION('ref_axis',(0.,1.,0.));
#2014=DIRECTION('',(1.,0.,0.));
#2015=DIRECTION('center_axis',(0.,1.,0.));
#2016=DIRECTION('ref_axis',(0.,0.,1.));
#2017=DIRECTION('',(-1.,0.,2.68245102053009E-17));
#2018=DIRECTION('center_axis',(-1.,0.,2.68245102053009E-17));
#2019=DIRECTION('ref_axis',(0.,0.707106781186546,-0.707106781186549));
#2020=DIRECTION('center_axis',(1.,0.,-2.68245102053009E-17));
#2021=DIRECTION('ref_axis',(0.,-0.707106781186548,-0.707106781186548));
#2022=CARTESIAN_POINT('',(0.,0.,0.));
#2023=CARTESIAN_POINT('Origin',(-2.82467007801986,7.3779778014747,-35.89));
#2024=CARTESIAN_POINT('',(-65.8246700780199,8.3779778014747,-35.89));
#2025=CARTESIAN_POINT('',(-56.8246700780199,8.3779778014747,-35.89));
#2026=CARTESIAN_POINT('',(70.9520901407565,8.3779778014747,-35.89));
#2027=CARTESIAN_POINT('',(-65.8246700780199,7.37797780147469,-36.89));
#2028=CARTESIAN_POINT('Origin',(-65.8246700780199,7.3779778014747,-35.89));
#2029=CARTESIAN_POINT('',(-55.8246700780199,7.3779778014747,-36.89));
#2030=CARTESIAN_POINT('',(-2.82467007801986,7.3779778014747,-36.89));
#2031=CARTESIAN_POINT('Origin',(-55.8246700780199,7.3779778014747,-35.89));
#2032=CARTESIAN_POINT('Origin',(44.1753299219802,66.6198663229902,-35.89));
#2033=CARTESIAN_POINT('',(44.1753299219802,10.9679887245296,-36.89));
#2034=CARTESIAN_POINT('',(44.1753299219802,8.3779778014747,-36.89));
#2035=CARTESIAN_POINT('',(44.1753299219802,66.6198663229902,-36.89));
#2036=CARTESIAN_POINT('',(45.1753299219801,8.3779778014747,-35.89));
#2037=CARTESIAN_POINT('Origin',(44.1753299219802,8.3779778014747,-35.89));
#2038=CARTESIAN_POINT('',(45.1753299219801,11.9679887245296,-35.89));
#2039=CARTESIAN_POINT('',(45.1753299219801,15.4229832630022,-35.89));
#2040=CARTESIAN_POINT('Origin',(44.1753299219802,10.9679887245296,-35.89));
#2041=CARTESIAN_POINT('Origin',(7.06371003136832,10.9679887245296,-35.89));
#2042=CARTESIAN_POINT('',(-55.8246700780199,10.9679887245296,-36.89));
#2043=CARTESIAN_POINT('',(7.06371003136832,10.9679887245296,-36.89));
#2044=CARTESIAN_POINT('',(-56.8246700780199,11.9679887245296,-35.89));
#2045=CARTESIAN_POINT('',(-62.8246700780199,11.9679887245296,-35.89));
#2046=CARTESIAN_POINT('Origin',(-55.8246700780199,10.9679887245296,-35.89));
#2047=CARTESIAN_POINT('Origin',(-55.8246700780199,64.8248608614628,-35.89));
#2048=CARTESIAN_POINT('',(-55.8246700780199,64.8248608614628,-36.89));
#2049=CARTESIAN_POINT('',(-56.8246700780199,13.6279778014747,-35.89));
#2050=CARTESIAN_POINT('Origin',(-82.6014302967962,8.3779778014747,-38.39));
#2051=CARTESIAN_POINT('',(-65.8246700780199,8.3779778014747,-38.39));
#2052=CARTESIAN_POINT('',(-65.8246700780199,8.3779778014747,-33.537864780649));
#2053=CARTESIAN_POINT('',(-82.6014302967962,8.3779778014747,-35.89));
#2054=CARTESIAN_POINT('',(70.9520901407565,8.3779778014747,-35.89));
#2055=CARTESIAN_POINT('',(-82.6014302967962,8.3779778014747,-38.39));
#2056=CARTESIAN_POINT('',(-82.6014302967962,8.3779778014747,-38.39));
#2057=CARTESIAN_POINT('',(70.9520901407565,8.3779778014747,-38.39));
#2058=CARTESIAN_POINT('Origin',(7.06371003136832,30.3779778014747,-35.89));
#2059=CARTESIAN_POINT('',(-55.8246700780199,30.3779778014747,-36.89));
#2060=CARTESIAN_POINT('',(-65.8246700780199,30.3779778014747,-36.89));
#2061=CARTESIAN_POINT('',(7.06371003136832,30.3779778014747,-36.89));
#2062=CARTESIAN_POINT('',(-65.8246700780199,29.3779778014747,-35.89));
#2063=CARTESIAN_POINT('Origin',(-65.8246700780199,30.3779778014747,-35.89));
#2064=CARTESIAN_POINT('',(-56.8246700780199,29.3779778014747,-35.89));
#2065=CARTESIAN_POINT('',(-57.8246700780199,29.3779778014747,-35.89));
#2066=CARTESIAN_POINT('Origin',(-55.8246700780199,30.3779778014747,-35.89));
#2067=CARTESIAN_POINT('Origin',(-55.8246700780199,73.5298553999353,-35.89));
#2068=CARTESIAN_POINT('',(-55.8246700780199,26.7879668784198,-36.89));
#2069=CARTESIAN_POINT('',(-55.8246700780199,73.5298553999353,-36.89));
#2070=CARTESIAN_POINT('',(-56.8246700780199,25.7879668784198,-35.89));
#2071=CARTESIAN_POINT('',(-56.8246700780199,22.3329723399472,-35.89));
#2072=CARTESIAN_POINT('Origin',(-55.8246700780199,26.7879668784198,-35.89));
#2073=CARTESIAN_POINT('Origin',(64.0637100313683,26.7879668784198,-35.89));
#2074=CARTESIAN_POINT('',(44.1753299219802,26.7879668784198,-36.89));
#2075=CARTESIAN_POINT('',(64.0637100313683,26.7879668784198,-36.89));
#2076=CARTESIAN_POINT('',(45.1753299219801,25.7879668784198,-35.89));
#2077=CARTESIAN_POINT('',(-62.8246700780199,25.7879668784198,-35.89));
#2078=CARTESIAN_POINT('Origin',(44.1753299219802,26.7879668784198,-35.89));
#2079=CARTESIAN_POINT('Origin',(44.1753299219802,75.3248608614628,-35.89));
#2080=CARTESIAN_POINT('',(44.1753299219802,30.3779778014747,-36.89));
#2081=CARTESIAN_POINT('',(44.1753299219802,75.3248608614628,-36.89));
#2082=CARTESIAN_POINT('',(45.1753299219801,29.3779778014747,-35.89));
#2083=CARTESIAN_POINT('',(45.1753299219801,24.1279778014747,-35.89));
#2084=CARTESIAN_POINT('Origin',(44.1753299219802,30.3779778014747,-35.89));
#2085=CARTESIAN_POINT('Origin',(73.9520901407565,30.3779778014747,-35.89));
#2086=CARTESIAN_POINT('',(54.1753299219801,29.3779778014747,-35.89));
#2087=CARTESIAN_POINT('',(-82.6014302967962,29.3779778014747,-35.89));
#2088=CARTESIAN_POINT('',(54.1753299219801,30.3779778014747,-36.89));
#2089=CARTESIAN_POINT('Origin',(54.1753299219801,30.3779778014747,-35.89));
#2090=CARTESIAN_POINT('',(73.9520901407565,30.3779778014747,-36.89));
#2091=CARTESIAN_POINT('Origin',(76.9520901407565,121.271743921451,-36.89));
#2092=CARTESIAN_POINT('',(54.1753299219801,83.165510041427,-36.89));
#2093=CARTESIAN_POINT('',(54.1753299219801,89.0217439214508,-36.89));
#2094=CARTESIAN_POINT('',(44.1753299219801,83.165510041427,-36.89));
#2095=CARTESIAN_POINT('',(73.9520901407565,83.165510041427,-36.89));
#2096=CARTESIAN_POINT('',(44.1753299219801,86.7555209644819,-36.89));
#2097=CARTESIAN_POINT('',(44.1753299219801,102.718626981439,-36.89));
#2098=CARTESIAN_POINT('',(-55.8246700780199,86.7555209644819,-36.89));
#2099=CARTESIAN_POINT('',(64.0637100313683,86.7555209644819,-36.89));
#2100=CARTESIAN_POINT('',(-55.8246700780199,83.165510041427,-36.89));
#2101=CARTESIAN_POINT('',(-55.8246700780199,104.513632442966,-36.89));
#2102=CARTESIAN_POINT('',(-65.8246700780199,83.165510041427,-36.89));
#2103=CARTESIAN_POINT('',(7.06371003136832,83.165510041427,-36.89));
#2104=CARTESIAN_POINT('',(-65.8246700780199,89.0217439214508,-36.89));
#2105=CARTESIAN_POINT('Origin',(70.9520901407565,29.3779778014747,-38.39));
#2106=CARTESIAN_POINT('',(54.1753299219801,29.3779778014747,-38.39));
#2107=CARTESIAN_POINT('',(54.1753299219801,29.3779778014747,-33.537864780649));
#2108=CARTESIAN_POINT('',(70.9520901407565,29.3779778014747,-35.89));
#2109=CARTESIAN_POINT('',(-82.6014302967962,29.3779778014747,-35.89));
#2110=CARTESIAN_POINT('',(70.9520901407565,29.3779778014747,-38.39));
#2111=CARTESIAN_POINT('',(70.9520901407565,29.3779778014747,-38.39));
#2112=CARTESIAN_POINT('',(-82.6014302967962,29.3779778014747,-38.39));
#2113=CARTESIAN_POINT('Origin',(-2.82467007801986,106.165510041427,-35.89));
#2114=CARTESIAN_POINT('',(-55.8246700780199,106.165510041427,-36.89));
#2115=CARTESIAN_POINT('',(-65.8246700780199,106.165510041427,-36.89));
#2116=CARTESIAN_POINT('',(-2.82467007801986,106.165510041427,-36.89));
#2117=CARTESIAN_POINT('',(-65.8246700780199,105.165510041427,-35.89));
#2118=CARTESIAN_POINT('Origin',(-65.8246700780199,106.165510041427,-35.89));
#2119=CARTESIAN_POINT('',(-56.8246700780199,105.165510041427,-35.89));
#2120=CARTESIAN_POINT('',(70.9520901407565,105.165510041427,-35.89));
#2121=CARTESIAN_POINT('Origin',(-55.8246700780199,106.165510041427,-35.89));
#2122=CARTESIAN_POINT('Origin',(64.0637100313683,106.165510041427,-35.89));
#2123=CARTESIAN_POINT('',(54.1753299219801,105.165510041427,-35.89));
#2124=CARTESIAN_POINT('',(45.1753299219801,105.165510041427,-35.89));
#2125=CARTESIAN_POINT('',(46.1753299219801,105.165510041427,-35.89));
#2126=CARTESIAN_POINT('',(54.1753299219801,106.165510041427,-36.89));
#2127=CARTESIAN_POINT('Origin',(54.1753299219801,106.165510041427,-35.89));
#2128=CARTESIAN_POINT('',(44.1753299219802,106.165510041427,-36.89));
#2129=CARTESIAN_POINT('',(64.0637100313683,106.165510041427,-36.89));
#2130=CARTESIAN_POINT('Origin',(44.1753299219802,106.165510041427,-35.89));
#2131=CARTESIAN_POINT('Origin',(44.1753299219802,111.423621519911,-35.89));
#2132=CARTESIAN_POINT('',(45.1753299219801,101.575499118372,-35.89));
#2133=CARTESIAN_POINT('',(45.1753299219801,98.1205045798995,-35.89));
#2134=CARTESIAN_POINT('',(44.1753299219802,102.575499118372,-36.89));
#2135=CARTESIAN_POINT('',(44.1753299219802,111.423621519911,-36.89));
#2136=CARTESIAN_POINT('Origin',(44.1753299219802,102.575499118372,-35.89));
#2137=CARTESIAN_POINT('Origin',(7.06371003136832,102.575499118372,-35.89));
#2138=CARTESIAN_POINT('',(-56.8246700780199,101.575499118372,-35.89));
#2139=CARTESIAN_POINT('',(-62.8246700780199,101.575499118372,-35.89));
#2140=CARTESIAN_POINT('',(-55.8246700780199,102.575499118372,-36.89));
#2141=CARTESIAN_POINT('',(7.06371003136832,102.575499118372,-36.89));
#2142=CARTESIAN_POINT('Origin',(-55.8246700780199,102.575499118372,-35.89));
#2143=CARTESIAN_POINT('Origin',(-55.8246700780199,113.218626981439,-35.89));
#2144=CARTESIAN_POINT('',(-56.8246700780199,99.9155100414269,-35.89));
#2145=CARTESIAN_POINT('',(-55.8246700780199,113.218626981439,-36.89));
#2146=CARTESIAN_POINT('Origin',(76.9520901407565,121.271743921451,-36.89));
#2147=CARTESIAN_POINT('',(54.1753299219801,113.271743921451,-36.89));
#2148=CARTESIAN_POINT('',(54.1753299219801,89.0217439214508,-36.89));
#2149=CARTESIAN_POINT('',(-65.8246700780199,113.271743921451,-36.89));
#2150=CARTESIAN_POINT('',(34.3137100313684,113.271743921451,-36.89));
#2151=CARTESIAN_POINT('',(-65.8246700780199,89.0217439214508,-36.89));
#2152=CARTESIAN_POINT('Origin',(51.1753299219801,105.165510041427,-38.39));
#2153=CARTESIAN_POINT('',(54.1753299219801,105.165510041427,-38.39));
#2154=CARTESIAN_POINT('',(54.1753299219801,105.165510041427,-33.537864780649));
#2155=CARTESIAN_POINT('',(70.9520901407565,105.165510041427,-35.89));
#2156=CARTESIAN_POINT('',(46.1753299219801,105.165510041427,-35.89));
#2157=CARTESIAN_POINT('',(70.9520901407565,105.165510041427,-38.39));
#2158=CARTESIAN_POINT('',(70.9520901407565,105.165510041427,-38.39));
#2159=CARTESIAN_POINT('',(70.9520901407565,105.165510041427,-38.39));
#2160=CARTESIAN_POINT('Origin',(7.06371003136832,83.165510041427,-35.89));
#2161=CARTESIAN_POINT('',(-65.8246700780199,84.165510041427,-35.89));
#2162=CARTESIAN_POINT('',(-56.8246700780199,84.165510041427,-35.89));
#2163=CARTESIAN_POINT('',(-57.8246700780199,84.165510041427,-35.89));
#2164=CARTESIAN_POINT('Origin',(-65.8246700780199,83.165510041427,-35.89));
#2165=CARTESIAN_POINT('Origin',(-55.8246700780199,83.165510041427,-35.89));
#2166=CARTESIAN_POINT('Origin',(-55.8246700780199,104.513632442966,-35.89));
#2167=CARTESIAN_POINT('',(-56.8246700780199,87.7555209644819,-35.89));
#2168=CARTESIAN_POINT('',(-56.8246700780199,91.2105155029544,-35.89));
#2169=CARTESIAN_POINT('Origin',(-55.8246700780199,86.7555209644819,-35.89));
#2170=CARTESIAN_POINT('Origin',(64.0637100313683,86.7555209644819,-35.89));
#2171=CARTESIAN_POINT('',(45.1753299219801,87.7555209644819,-35.89));
#2172=CARTESIAN_POINT('',(-62.8246700780199,87.7555209644819,-35.89));
#2173=CARTESIAN_POINT('Origin',(44.1753299219801,86.7555209644819,-35.89));
#2174=CARTESIAN_POINT('Origin',(44.1753299219801,102.718626981439,-35.89));
#2175=CARTESIAN_POINT('',(45.1753299219801,84.165510041427,-35.89));
#2176=CARTESIAN_POINT('',(45.1753299219801,89.415510041427,-35.89));
#2177=CARTESIAN_POINT('Origin',(44.1753299219801,83.165510041427,-35.89));
#2178=CARTESIAN_POINT('Origin',(73.9520901407565,83.165510041427,-35.89));
#2179=CARTESIAN_POINT('',(54.1753299219801,84.165510041427,-35.89));
#2180=CARTESIAN_POINT('Origin',(54.1753299219801,83.165510041427,-35.89));
#2181=CARTESIAN_POINT('',(-82.6014302967962,84.165510041427,-35.89));
#2182=CARTESIAN_POINT('Origin',(-62.8246700780199,84.165510041427,-38.39));
#2183=CARTESIAN_POINT('',(-65.8246700780199,84.165510041427,-38.39));
#2184=CARTESIAN_POINT('',(-65.8246700780199,84.165510041427,-33.537864780649));
#2185=CARTESIAN_POINT('',(-82.6014302967962,84.165510041427,-35.89));
#2186=CARTESIAN_POINT('',(-57.8246700780199,84.165510041427,-35.89));
#2187=CARTESIAN_POINT('',(-82.6014302967962,84.165510041427,-38.39));
#2188=CARTESIAN_POINT('',(-82.6014302967962,84.165510041427,-38.39));
#2189=CARTESIAN_POINT('',(-82.6014302967962,84.165510041427,-38.39));
#2190=CARTESIAN_POINT('Origin',(70.9520901407565,84.165510041427,-38.39));
#2191=CARTESIAN_POINT('',(54.1753299219801,84.165510041427,-38.39));
#2192=CARTESIAN_POINT('',(54.1753299219801,84.165510041427,-33.537864780649));
#2193=CARTESIAN_POINT('',(70.9520901407565,84.165510041427,-38.39));
#2194=CARTESIAN_POINT('',(-82.6014302967962,84.165510041427,-38.39));
#2195=CARTESIAN_POINT('',(70.9520901407565,84.165510041427,-35.89));
#2196=CARTESIAN_POINT('',(70.9520901407565,84.165510041427,-38.39));
#2197=CARTESIAN_POINT('',(-82.6014302967962,84.165510041427,-35.89));
#2198=CARTESIAN_POINT('Origin',(-5.82467007801986,94.6655100414269,-38.39));
#2199=CARTESIAN_POINT('',(-65.8246700780199,105.165510041427,-38.39));
#2200=CARTESIAN_POINT('',(-65.8246700780199,75.7186269814389,-38.39));
#2201=CARTESIAN_POINT('',(-82.6014302967962,105.165510041427,-38.39));
#2202=CARTESIAN_POINT('',(-82.6014302967962,105.165510041427,-38.39));
#2203=CARTESIAN_POINT('',(70.9520901407565,105.165510041427,-38.39));
#2204=CARTESIAN_POINT('',(-68.967476812403,90.665510041427,-38.39));
#2205=CARTESIAN_POINT('Origin',(-71.017476812403,90.665510041427,-38.39));
#2206=CARTESIAN_POINT('',(-75.3586235624131,98.6655100414269,-38.39));
#2207=CARTESIAN_POINT('Origin',(-77.4086235624131,98.6655100414269,-38.39));
#2208=CARTESIAN_POINT('Origin',(-5.82467007801986,94.6655100414269,-38.39));
#2209=CARTESIAN_POINT('',(54.1753299219801,75.7186269814389,-38.39));
#2210=CARTESIAN_POINT('',(70.9520901407565,84.165510041427,-38.39));
#2211=CARTESIAN_POINT('',(61.4181366563633,90.665510041427,-38.39));
#2212=CARTESIAN_POINT('Origin',(59.3681366563633,90.665510041427,-38.39));
#2213=CARTESIAN_POINT('',(67.8092834063734,98.6655100414269,-38.39));
#2214=CARTESIAN_POINT('Origin',(65.7592834063734,98.6655100414269,-38.39));
#2215=CARTESIAN_POINT('Origin',(-82.6014302967962,105.165510041427,-38.39));
#2216=CARTESIAN_POINT('',(-65.8246700780199,105.165510041427,-33.537864780649));
#2217=CARTESIAN_POINT('',(-82.6014302967962,105.165510041427,-35.89));
#2218=CARTESIAN_POINT('',(-82.6014302967962,105.165510041427,-38.39));
#2219=CARTESIAN_POINT('',(70.9520901407565,105.165510041427,-35.89));
#2220=CARTESIAN_POINT('Origin',(65.7592834063734,98.6655100414269,-38.39));
#2221=CARTESIAN_POINT('',(69.2592834063734,98.6655100414269,-33.39));
#2222=CARTESIAN_POINT('Origin',(65.7592834063734,98.6655100414269,-33.39));
#2223=CARTESIAN_POINT('',(69.2592834063734,98.6655100414269,-35.89));
#2224=CARTESIAN_POINT('',(69.2592834063734,98.6655100414269,-38.39));
#2225=CARTESIAN_POINT('Origin',(65.7592834063734,98.6655100414269,-35.89));
#2226=CARTESIAN_POINT('Origin',(65.7592834063734,98.6655100414269,-33.39));
#2227=CARTESIAN_POINT('',(67.8092834063734,98.6655100414269,-33.39));
#2228=CARTESIAN_POINT('Origin',(65.7592834063734,98.6655100414269,-33.39));
#2229=CARTESIAN_POINT('Origin',(-71.017476812403,90.665510041427,-38.39));
#2230=CARTESIAN_POINT('',(-67.517476812403,90.665510041427,-33.39));
#2231=CARTESIAN_POINT('Origin',(-71.017476812403,90.665510041427,-33.39));
#2232=CARTESIAN_POINT('',(-67.517476812403,90.665510041427,-35.89));
#2233=CARTESIAN_POINT('',(-67.517476812403,90.665510041427,-38.39));
#2234=CARTESIAN_POINT('Origin',(-71.017476812403,90.665510041427,-35.89));
#2235=CARTESIAN_POINT('Origin',(-71.017476812403,90.665510041427,-33.39));
#2236=CARTESIAN_POINT('',(-68.967476812403,90.665510041427,-33.39));
#2237=CARTESIAN_POINT('Origin',(-71.017476812403,90.665510041427,-33.39));
#2238=CARTESIAN_POINT('Origin',(59.3681366563633,90.665510041427,-38.39));
#2239=CARTESIAN_POINT('',(62.8681366563633,90.665510041427,-33.39));
#2240=CARTESIAN_POINT('Origin',(59.3681366563633,90.665510041427,-33.39));
#2241=CARTESIAN_POINT('',(62.8681366563633,90.665510041427,-35.89));
#2242=CARTESIAN_POINT('',(62.8681366563633,90.665510041427,-38.39));
#2243=CARTESIAN_POINT('Origin',(59.3681366563633,90.665510041427,-35.89));
#2244=CARTESIAN_POINT('Origin',(59.3681366563633,90.665510041427,-33.39));
#2245=CARTESIAN_POINT('',(61.4181366563633,90.665510041427,-33.39));
#2246=CARTESIAN_POINT('Origin',(59.3681366563633,90.665510041427,-33.39));
#2247=CARTESIAN_POINT('Origin',(-77.4086235624131,98.6655100414269,-38.39));
#2248=CARTESIAN_POINT('',(-73.9086235624131,98.6655100414269,-33.39));
#2249=CARTESIAN_POINT('Origin',(-77.4086235624131,98.6655100414269,-33.39));
#2250=CARTESIAN_POINT('',(-73.9086235624131,98.6655100414269,-35.89));
#2251=CARTESIAN_POINT('',(-73.9086235624131,98.6655100414269,-38.39));
#2252=CARTESIAN_POINT('Origin',(-77.4086235624131,98.6655100414269,-35.89));
#2253=CARTESIAN_POINT('Origin',(-77.4086235624131,98.6655100414269,-33.39));
#2254=CARTESIAN_POINT('',(-75.3586235624131,98.6655100414269,-33.39));
#2255=CARTESIAN_POINT('Origin',(-77.4086235624131,98.6655100414269,-33.39));
#2256=CARTESIAN_POINT('Origin',(65.7592834063734,98.6655100414269,-38.39));
#2257=CARTESIAN_POINT('',(67.8092834063734,98.6655100414269,-38.39));
#2258=CARTESIAN_POINT('Origin',(-77.4086235624131,98.6655100414269,-38.39));
#2259=CARTESIAN_POINT('',(-75.3586235624131,98.6655100414269,-38.39));
#2260=CARTESIAN_POINT('Origin',(59.3681366563633,90.665510041427,-38.39));
#2261=CARTESIAN_POINT('',(61.4181366563633,90.665510041427,-38.39));
#2262=CARTESIAN_POINT('Origin',(-71.017476812403,90.665510041427,-38.39));
#2263=CARTESIAN_POINT('',(-68.967476812403,90.665510041427,-38.39));
#2264=CARTESIAN_POINT('Origin',(-82.6014302967962,84.165510041427,-38.39));
#2265=CARTESIAN_POINT('',(-82.6014302967962,105.165510041427,-35.89));
#2266=CARTESIAN_POINT('Origin',(70.9520901407565,105.165510041427,-38.39));
#2267=CARTESIAN_POINT('',(70.9520901407565,84.165510041427,-35.89));
#2268=CARTESIAN_POINT('Origin',(-5.82467007801986,94.6655100414269,-35.89));
#2269=CARTESIAN_POINT('Origin',(-62.8246700780199,29.3779778014747,-38.39));
#2270=CARTESIAN_POINT('',(-65.8246700780199,29.3779778014747,-38.39));
#2271=CARTESIAN_POINT('',(-65.8246700780199,29.3779778014747,-33.537864780649));
#2272=CARTESIAN_POINT('',(-82.6014302967962,29.3779778014747,-38.39));
#2273=CARTESIAN_POINT('',(-82.6014302967962,29.3779778014747,-38.39));
#2274=CARTESIAN_POINT('',(-82.6014302967962,29.3779778014747,-35.89));
#2275=CARTESIAN_POINT('',(-82.6014302967962,29.3779778014747,-38.39));
#2276=CARTESIAN_POINT('',(-57.8246700780199,29.3779778014747,-35.89));
#2277=CARTESIAN_POINT('Origin',(51.1753299219801,8.3779778014747,-38.39));
#2278=CARTESIAN_POINT('',(54.1753299219801,8.3779778014747,-36.89));
#2279=CARTESIAN_POINT('',(64.0637100313683,8.3779778014747,-36.89));
#2280=CARTESIAN_POINT('',(54.1753299219801,8.3779778014747,-38.39));
#2281=CARTESIAN_POINT('',(54.1753299219801,8.3779778014747,-33.537864780649));
#2282=CARTESIAN_POINT('',(70.9520901407565,8.3779778014747,-38.39));
#2283=CARTESIAN_POINT('',(70.9520901407565,8.3779778014747,-38.39));
#2284=CARTESIAN_POINT('',(70.9520901407565,8.3779778014747,-35.89));
#2285=CARTESIAN_POINT('',(70.9520901407565,8.3779778014747,-38.39));
#2286=CARTESIAN_POINT('',(46.1753299219801,8.3779778014747,-35.89));
#2287=CARTESIAN_POINT('Origin',(-5.82467007801986,18.8779778014747,-38.39));
#2288=CARTESIAN_POINT('',(-65.8246700780199,37.8248608614628,-38.39));
#2289=CARTESIAN_POINT('',(-82.6014302967962,8.3779778014747,-38.39));
#2290=CARTESIAN_POINT('',(-68.967476812403,22.8779778014747,-38.39));
#2291=CARTESIAN_POINT('Origin',(-71.017476812403,22.8779778014747,-38.39));
#2292=CARTESIAN_POINT('',(-75.3586235624131,14.8779778014747,-38.39));
#2293=CARTESIAN_POINT('Origin',(-77.4086235624131,14.8779778014747,-38.39));
#2294=CARTESIAN_POINT('Origin',(65.7592834063734,14.8779778014747,-38.39));
#2295=CARTESIAN_POINT('',(69.2592834063734,14.8779778014747,-33.39));
#2296=CARTESIAN_POINT('Origin',(65.7592834063734,14.8779778014747,-33.39));
#2297=CARTESIAN_POINT('',(69.2592834063734,14.8779778014747,-35.89));
#2298=CARTESIAN_POINT('',(69.2592834063734,14.8779778014747,-38.39));
#2299=CARTESIAN_POINT('Origin',(65.7592834063734,14.8779778014747,-35.89));
#2300=CARTESIAN_POINT('Origin',(65.7592834063734,14.8779778014747,-33.39));
#2301=CARTESIAN_POINT('',(67.8092834063734,14.8779778014747,-33.39));
#2302=CARTESIAN_POINT('Origin',(65.7592834063734,14.8779778014747,-33.39));
#2303=CARTESIAN_POINT('Origin',(-71.017476812403,22.8779778014747,-38.39));
#2304=CARTESIAN_POINT('',(-67.517476812403,22.8779778014747,-33.39));
#2305=CARTESIAN_POINT('Origin',(-71.017476812403,22.8779778014747,-33.39));
#2306=CARTESIAN_POINT('',(-67.517476812403,22.8779778014747,-35.89));
#2307=CARTESIAN_POINT('',(-67.517476812403,22.8779778014747,-38.39));
#2308=CARTESIAN_POINT('Origin',(-71.017476812403,22.8779778014747,-35.89));
#2309=CARTESIAN_POINT('Origin',(-71.017476812403,22.8779778014747,-33.39));
#2310=CARTESIAN_POINT('',(-68.967476812403,22.8779778014747,-33.39));
#2311=CARTESIAN_POINT('Origin',(-71.017476812403,22.8779778014747,-33.39));
#2312=CARTESIAN_POINT('Origin',(59.3681366563633,22.8779778014747,-38.39));
#2313=CARTESIAN_POINT('',(62.8681366563633,22.8779778014747,-33.39));
#2314=CARTESIAN_POINT('Origin',(59.3681366563633,22.8779778014747,-33.39));
#2315=CARTESIAN_POINT('',(62.8681366563633,22.8779778014747,-35.89));
#2316=CARTESIAN_POINT('',(62.8681366563633,22.8779778014747,-38.39));
#2317=CARTESIAN_POINT('Origin',(59.3681366563633,22.8779778014747,-35.89));
#2318=CARTESIAN_POINT('Origin',(59.3681366563633,22.8779778014747,-33.39));
#2319=CARTESIAN_POINT('',(61.4181366563633,22.8779778014747,-33.39));
#2320=CARTESIAN_POINT('Origin',(59.3681366563633,22.8779778014747,-33.39));
#2321=CARTESIAN_POINT('Origin',(-77.4086235624131,14.8779778014747,-38.39));
#2322=CARTESIAN_POINT('',(-73.9086235624131,14.8779778014747,-33.39));
#2323=CARTESIAN_POINT('Origin',(-77.4086235624131,14.8779778014747,-33.39));
#2324=CARTESIAN_POINT('',(-73.9086235624131,14.8779778014747,-35.89));
#2325=CARTESIAN_POINT('',(-73.9086235624131,14.8779778014747,-38.39));
#2326=CARTESIAN_POINT('Origin',(-77.4086235624131,14.8779778014747,-35.89));
#2327=CARTESIAN_POINT('Origin',(-77.4086235624131,14.8779778014747,-33.39));
#2328=CARTESIAN_POINT('',(-75.3586235624131,14.8779778014747,-33.39));
#2329=CARTESIAN_POINT('Origin',(-77.4086235624131,14.8779778014747,-33.39));
#2330=CARTESIAN_POINT('Origin',(65.7592834063734,14.8779778014747,-38.39));
#2331=CARTESIAN_POINT('',(67.8092834063734,14.8779778014747,-38.39));
#2332=CARTESIAN_POINT('',(67.8092834063734,14.8779778014747,-38.39));
#2333=CARTESIAN_POINT('Origin',(65.7592834063734,14.8779778014747,-38.39));
#2334=CARTESIAN_POINT('Origin',(-77.4086235624131,14.8779778014747,-38.39));
#2335=CARTESIAN_POINT('',(-75.3586235624131,14.8779778014747,-38.39));
#2336=CARTESIAN_POINT('Origin',(59.3681366563633,22.8779778014747,-38.39));
#2337=CARTESIAN_POINT('',(61.4181366563633,22.8779778014747,-38.39));
#2338=CARTESIAN_POINT('',(61.4181366563633,22.8779778014747,-38.39));
#2339=CARTESIAN_POINT('Origin',(59.3681366563633,22.8779778014747,-38.39));
#2340=CARTESIAN_POINT('Origin',(-71.017476812403,22.8779778014747,-38.39));
#2341=CARTESIAN_POINT('',(-68.967476812403,22.8779778014747,-38.39));
#2342=CARTESIAN_POINT('Origin',(-82.6014302967962,29.3779778014747,-38.39));
#2343=CARTESIAN_POINT('',(-82.6014302967962,8.3779778014747,-35.89));
#2344=CARTESIAN_POINT('Origin',(70.9520901407565,8.3779778014747,-38.39));
#2345=CARTESIAN_POINT('',(70.9520901407565,29.3779778014747,-38.39));
#2346=CARTESIAN_POINT('',(70.9520901407565,29.3779778014747,-35.89));
#2347=CARTESIAN_POINT('Origin',(-5.82467007801986,18.8779778014747,-35.89));
#2348=CARTESIAN_POINT('Origin',(-5.82467007801986,18.8779778014747,-38.39));
#2349=CARTESIAN_POINT('',(54.1753299219801,37.8248608614628,-38.39));
#2350=CARTESIAN_POINT('Origin',(-65.8246700780199,56.7717439214508,-27.6857295612979));
#2351=CARTESIAN_POINT('',(-65.8246700780199,115.271743921451,-34.89));
#2352=CARTESIAN_POINT('Origin',(-65.8246700780199,113.271743921451,-34.89));
#2353=CARTESIAN_POINT('',(-65.8246700780199,115.271743921451,-33.89));
#2354=CARTESIAN_POINT('',(-65.8246700780199,115.271743921451,-32.287864780649));
#2355=CARTESIAN_POINT('',(-65.8246700780199,117.521743921451,-33.89));
#2356=CARTESIAN_POINT('',(-65.8246700780199,86.0217439214508,-33.89));
#2357=CARTESIAN_POINT('',(-65.8246700780199,117.521743921451,-36.89));
#2358=CARTESIAN_POINT('',(-65.8246700780199,117.521743921451,-30.787864780649));
#2359=CARTESIAN_POINT('',(-65.8246700780199,121.271743921451,-36.89));
#2360=CARTESIAN_POINT('',(-65.8246700780199,89.0217439214508,-36.89));
#2361=CARTESIAN_POINT('',(-65.8246700780199,121.271743921451,-42.89));
#2362=CARTESIAN_POINT('',(-65.8246700780199,121.271743921451,-28.4151720381404));
#2363=CARTESIAN_POINT('',(-65.8246700780199,-7.72825607854918,-42.89));
#2364=CARTESIAN_POINT('',(-65.8246700780199,89.0217439214508,-42.89));
#2365=CARTESIAN_POINT('',(-65.8246700780199,-7.72825607854918,-36.89));
#2366=CARTESIAN_POINT('',(-65.8246700780199,-7.72825607854918,-28.4151720381404));
#2367=CARTESIAN_POINT('',(-65.8246700780199,-3.97825607854905,-36.89));
#2368=CARTESIAN_POINT('',(-65.8246700780199,89.0217439214508,-36.89));
#2369=CARTESIAN_POINT('',(-65.8246700780199,-3.97825607854906,-33.89));
#2370=CARTESIAN_POINT('',(-65.8246700780199,-3.97825607854906,-30.787864780649));
#2371=CARTESIAN_POINT('',(-65.8246700780199,-1.72825607854906,-33.89));
#2372=CARTESIAN_POINT('',(-65.8246700780199,27.5217439214509,-33.89));
#2373=CARTESIAN_POINT('',(-65.8246700780199,-1.72825607854906,-34.89));
#2374=CARTESIAN_POINT('',(-65.8246700780199,-1.72825607854906,-32.287864780649));
#2375=CARTESIAN_POINT('',(-65.8246700780199,0.271743921450947,-36.89));
#2376=CARTESIAN_POINT('Origin',(-65.8246700780199,0.271743921450947,-34.89));
#2377=CARTESIAN_POINT('',(-65.8246700780199,89.0217439214508,-36.89));
#2378=CARTESIAN_POINT('Origin',(76.9520901407565,121.271743921451,-36.89));
#2379=CARTESIAN_POINT('',(54.1753299219801,0.271743921450947,-36.89));
#2380=CARTESIAN_POINT('',(34.3137100313684,0.271743921450947,-36.89));
#2381=CARTESIAN_POINT('',(54.1753299219801,89.0217439214508,-36.89));
#2382=CARTESIAN_POINT('Origin',(54.1753299219801,56.7717439214508,-27.6857295612979));
#2383=CARTESIAN_POINT('',(54.1753299219801,-1.72825607854906,-34.89));
#2384=CARTESIAN_POINT('Origin',(54.1753299219801,0.271743921450947,-34.89));
#2385=CARTESIAN_POINT('',(54.1753299219801,-1.72825607854906,-33.89));
#2386=CARTESIAN_POINT('',(54.1753299219801,-1.72825607854906,-32.287864780649));
#2387=CARTESIAN_POINT('',(54.1753299219801,-3.97825607854906,-33.89));
#2388=CARTESIAN_POINT('',(54.1753299219801,27.5217439214509,-33.89));
#2389=CARTESIAN_POINT('',(54.1753299219801,-3.97825607854905,-36.89));
#2390=CARTESIAN_POINT('',(54.1753299219801,-3.97825607854906,-30.787864780649));
#2391=CARTESIAN_POINT('',(54.1753299219801,-7.72825607854918,-36.89));
#2392=CARTESIAN_POINT('',(54.1753299219801,89.0217439214508,-36.89));
#2393=CARTESIAN_POINT('',(54.1753299219801,-7.72825607854918,-42.89));
#2394=CARTESIAN_POINT('',(54.1753299219801,-7.72825607854918,-28.4151720381404));
#2395=CARTESIAN_POINT('',(54.1753299219801,121.271743921451,-42.89));
#2396=CARTESIAN_POINT('',(54.1753299219801,89.0217439214508,-42.89));
#2397=CARTESIAN_POINT('',(54.1753299219801,121.271743921451,-36.89));
#2398=CARTESIAN_POINT('',(54.1753299219801,121.271743921451,-28.4151720381404));
#2399=CARTESIAN_POINT('',(54.1753299219801,117.521743921451,-36.89));
#2400=CARTESIAN_POINT('',(54.1753299219801,89.0217439214508,-36.89));
#2401=CARTESIAN_POINT('',(54.1753299219801,117.521743921451,-33.89));
#2402=CARTESIAN_POINT('',(54.1753299219801,117.521743921451,-30.787864780649));
#2403=CARTESIAN_POINT('',(54.1753299219801,115.271743921451,-33.89));
#2404=CARTESIAN_POINT('',(54.1753299219801,86.0217439214508,-33.89));
#2405=CARTESIAN_POINT('',(54.1753299219801,115.271743921451,-34.89));
#2406=CARTESIAN_POINT('',(54.1753299219801,115.271743921451,-32.287864780649));
#2407=CARTESIAN_POINT('Origin',(54.1753299219801,113.271743921451,-34.89));
#2408=CARTESIAN_POINT('Origin',(-5.82495860280547,121.271743921451,-29.144614514983));
#2409=CARTESIAN_POINT('',(-47.3879711361169,121.271743921451,-42.89));
#2410=CARTESIAN_POINT('',(76.9520901407565,121.271743921451,-36.89));
#2411=CARTESIAN_POINT('Origin',(-88.9509836694283,121.271743921451,-42.89));
#2412=CARTESIAN_POINT('',(-47.3879711361169,-7.72825607854918,-42.89));
#2413=CARTESIAN_POINT('Origin',(-5.82495860280547,-7.72825607854918,-29.144614514983));
#2414=CARTESIAN_POINT('',(76.9520901407565,-7.72825607854918,-36.89));
#2415=CARTESIAN_POINT('Origin',(-8.3246700780197,-3.97825607854906,-33.89));
#2416=CARTESIAN_POINT('',(-8.3246700780197,-3.97825607854906,-33.89));
#2417=CARTESIAN_POINT('',(33.0637100313684,-3.97825607854905,-36.89));
#2418=CARTESIAN_POINT('Origin',(-8.3246700780197,-1.72825607854906,-33.89));
#2419=CARTESIAN_POINT('',(-8.3246700780197,-1.72825607854906,-33.89));
#2420=CARTESIAN_POINT('Origin',(-8.3246700780197,-1.72825607854906,-36.89));
#2421=CARTESIAN_POINT('',(34.3137100313684,-1.72825607854906,-34.89));
#2422=CARTESIAN_POINT('Origin',(76.9520901407565,121.271743921451,-36.89));
#2423=CARTESIAN_POINT('Origin',(76.9520901407565,121.271743921451,-36.89));
#2424=CARTESIAN_POINT('',(33.0637100313684,117.521743921451,-36.89));
#2425=CARTESIAN_POINT('Origin',(-8.3246700780197,117.521743921451,-33.89));
#2426=CARTESIAN_POINT('',(-8.3246700780197,117.521743921451,-33.89));
#2427=CARTESIAN_POINT('Origin',(-8.3246700780197,115.271743921451,-33.89));
#2428=CARTESIAN_POINT('',(-8.3246700780197,115.271743921451,-33.89));
#2429=CARTESIAN_POINT('Origin',(-8.3246700780197,115.271743921451,-36.89));
#2430=CARTESIAN_POINT('',(34.3137100313684,115.271743921451,-34.89));
#2431=CARTESIAN_POINT('Origin',(34.3137100313684,113.271743921451,-34.89));
#2432=CARTESIAN_POINT('Origin',(34.3137100313684,0.271743921450947,-34.89));
#2433=UNCERTAINTY_MEASURE_WITH_UNIT(LENGTH_MEASURE(0.01),#2437,
'DISTANCE_ACCURACY_VALUE',
'Maximum model space distance between geometric entities at asserted c
onnectivities');
#2434=UNCERTAINTY_MEASURE_WITH_UNIT(LENGTH_MEASURE(0.01),#2437,
'DISTANCE_ACCURACY_VALUE',
'Maximum model space distance between geometric entities at asserted c
onnectivities');
#2435=(
GEOMETRIC_REPRESENTATION_CONTEXT(3)
GLOBAL_UNCERTAINTY_ASSIGNED_CONTEXT((#2433))
GLOBAL_UNIT_ASSIGNED_CONTEXT((#2437,#2439,#2440))
REPRESENTATION_CONTEXT('','3D')
);
#2436=(
GEOMETRIC_REPRESENTATION_CONTEXT(3)
GLOBAL_UNCERTAINTY_ASSIGNED_CONTEXT((#2434))
GLOBAL_UNIT_ASSIGNED_CONTEXT((#2437,#2439,#2440))
REPRESENTATION_CONTEXT('','3D')
);
#2437=(
LENGTH_UNIT()
NAMED_UNIT(*)
SI_UNIT(.MILLI.,.METRE.)
);
#2438=(
LENGTH_UNIT()
NAMED_UNIT(*)
SI_UNIT($,.METRE.)
);
#2439=(
NAMED_UNIT(*)
PLANE_ANGLE_UNIT()
SI_UNIT($,.RADIAN.)
);
#2440=(
NAMED_UNIT(*)
SI_UNIT($,.STERADIAN.)
SOLID_ANGLE_UNIT()
);
#2441=SHAPE_DEFINITION_REPRESENTATION(#2442,#2443);
#2442=PRODUCT_DEFINITION_SHAPE('',$,#2445);
#2443=SHAPE_REPRESENTATION('',(#1464),#2435);
#2444=PRODUCT_DEFINITION_CONTEXT('part definition',#2449,'design');
#2445=PRODUCT_DEFINITION('LID (1)','LID (1)',#2446,#2444);
#2446=PRODUCT_DEFINITION_FORMATION('',$,#2451);
#2447=PRODUCT_RELATED_PRODUCT_CATEGORY('LID (1)','LID (1)',(#2451));
#2448=APPLICATION_PROTOCOL_DEFINITION('international standard',
'automotive_design',2009,#2449);
#2449=APPLICATION_CONTEXT(
'Core Data for Automotive Mechanical Design Process');
#2450=PRODUCT_CONTEXT('part definition',#2449,'mechanical');
#2451=PRODUCT('LID (1)','LID (1)',$,(#2450));
#2452=PRESENTATION_STYLE_ASSIGNMENT((#2453));
#2453=SURFACE_STYLE_USAGE(.BOTH.,#2454);
#2454=SURFACE_SIDE_STYLE('',(#2455));
#2455=SURFACE_STYLE_FILL_AREA(#2456);
#2456=FILL_AREA_STYLE('Steel - Satin',(#2457));
#2457=FILL_AREA_STYLE_COLOUR('Steel - Satin',#2458);
#2458=COLOUR_RGB('Steel - Satin',0.627450980392157,0.627450980392157,0.627450980392157);
ENDSEC;
END-ISO-10303-21;
