ISO-10303-21;
HEADER;
/* Generated by software containing ST-Developer
 * from STEP Tools, Inc. (www.steptools.com) 
 */

FILE_DESCRIPTION(
/* description */ (''),
/* implementation_level */ '2;1');

FILE_NAME(
/* name */ 'console_top_right.step',
/* time_stamp */ '2026-07-08T10:54:04+03:00',
/* author */ (''),
/* organization */ (''),
/* preprocessor_version */ 'ST-DEVELOPER v20.1',
/* originating_system */ 'Autodesk Translation Framework v15.8.0.0',
/* authorisation */ '');

FILE_SCHEMA (('AUTOMOTIVE_DESIGN { 1 0 10303 214 3 1 1 }'));
ENDSEC;

DATA;
#10=MECHANICAL_DESIGN_GEOMETRIC_PRESENTATION_REPRESENTATION('',(#13),#7167);
#11=SHAPE_REPRESENTATION_RELATIONSHIP('SRR','None',#7174,#12);
#12=ADVANCED_BREP_SHAPE_REPRESENTATION('',(#14),#7166);
#13=STYLED_ITEM('',(#7184),#14);
#14=MANIFOLD_SOLID_BREP('top_left',#3935);
#15=TOROIDAL_SURFACE('',#4046,5.00000000000001,2.);
#16=TOROIDAL_SURFACE('',#4052,5.00000000000001,2.);
#17=TOROIDAL_SURFACE('',#4057,5.00000000000001,2.);
#18=TOROIDAL_SURFACE('',#4062,5.00000000000001,2.);
#19=ELLIPSE('',#3978,2.89913780286485,2.05);
#20=ELLIPSE('',#3982,2.89913780286485,2.05);
#21=ELLIPSE('',#3992,5.65685424949238,4.);
#22=ELLIPSE('',#4095,5.65685424949239,4.);
#23=ELLIPSE('',#4099,2.89913780286484,2.05);
#24=ELLIPSE('',#4100,2.89913780286484,2.05);
#25=ELLIPSE('',#4101,2.89913780286484,2.05);
#26=ELLIPSE('',#4108,2.89913780286485,2.05);
#27=ELLIPSE('',#4109,3.5507041555162,2.05);
#28=B_SPLINE_SURFACE_WITH_KNOTS('',3,1,((#6008,#6009),(#6010,#6011),(#6012,
#6013),(#6014,#6015),(#6016,#6017),(#6018,#6019)),.UNSPECIFIED.,.F.,.F.,
 .F.,(4,2,4),(2,2),(0.,1.60929598938204,3.08597003318239),(0.,12.9),
 .UNSPECIFIED.);
#29=(
BOUNDED_CURVE()
B_SPLINE_CURVE(5,(#5662,#5663,#5664,#5665,#5666,#5667,#5668,#5669,#5670,
#5671,#5672,#5673,#5674),.UNSPECIFIED.,.F.,.F.)
B_SPLINE_CURVE_WITH_KNOTS((6,1,1,1,1,1,1,1,6),(0.,0.0666666666666667,0.133333333333333,
0.2,0.266666666666667,0.333333333333333,0.4,0.466666666666667,0.530299714186728),
 .UNSPECIFIED.)
CURVE()
GEOMETRIC_REPRESENTATION_ITEM()
RATIONAL_B_SPLINE_CURVE((1.,1.,1.,1.,1.,1.,1.,1.,1.,1.,1.,1.,1.))
REPRESENTATION_ITEM('')
);
#30=(
BOUNDED_CURVE()
B_SPLINE_CURVE(5,(#5936,#5937,#5938,#5939,#5940,#5941,#5942,#5943,#5944,
#5945,#5946,#5947,#5948,#5949,#5950),.UNSPECIFIED.,.F.,.F.)
B_SPLINE_CURVE_WITH_KNOTS((6,1,1,1,1,1,1,1,1,1,6),(-0.636382781946473,-0.6,
-0.533333333333333,-0.466666666666667,-0.4,-0.333333333333333,-0.266666666666667,
-0.2,-0.133333333333333,-0.0666666666666667,0.),.UNSPECIFIED.)
CURVE()
GEOMETRIC_REPRESENTATION_ITEM()
RATIONAL_B_SPLINE_CURVE((1.,1.,1.,1.,1.,1.,1.,1.,1.,1.,1.,1.,1.,1.,1.))
REPRESENTATION_ITEM('')
);
#31=(
BOUNDED_SURFACE()
B_SPLINE_SURFACE(5,1,((#5463,#5464),(#5465,#5466),(#5467,#5468),(#5469,
#5470),(#5471,#5472),(#5473,#5474),(#5475,#5476),(#5477,#5478),(#5479,#5480),
(#5481,#5482),(#5483,#5484),(#5485,#5486),(#5487,#5488),(#5489,#5490),(#5491,
#5492),(#5493,#5494),(#5495,#5496),(#5497,#5498),(#5499,#5500),(#5501,#5502)),
 .UNSPECIFIED.,.F.,.F.,.F.)
B_SPLINE_SURFACE_WITH_KNOTS((6,1,1,1,1,1,1,1,1,1,5,6),(2,2),(-0.636382781946473,
-0.6,-0.533333333333333,-0.466666666666667,-0.4,-0.333333333333333,-0.266666666666667,
-0.2,-0.133333333333333,-0.0666666666666667,0.,0.0745227881488965),(0.,
12.9),.UNSPECIFIED.)
GEOMETRIC_REPRESENTATION_ITEM()
RATIONAL_B_SPLINE_SURFACE(((1.,1.),(1.,1.),(1.,1.),(1.,1.),(1.,1.),(1.,
1.),(1.,1.),(1.,1.),(1.,1.),(1.,1.),(1.,1.),(1.,1.),(1.,1.),(1.,1.),(1.,
1.),(1.,1.),(1.,1.),(1.,1.),(1.,1.),(1.,1.)))
REPRESENTATION_ITEM('')
SURFACE()
);
#32=(
BOUNDED_SURFACE()
B_SPLINE_SURFACE(5,1,((#5798,#5799),(#5800,#5801),(#5802,#5803),(#5804,
#5805),(#5806,#5807),(#5808,#5809),(#5810,#5811),(#5812,#5813),(#5814,#5815),
(#5816,#5817),(#5818,#5819),(#5820,#5821),(#5822,#5823),(#5824,#5825),(#5826,
#5827),(#5828,#5829),(#5830,#5831),(#5832,#5833),(#5834,#5835),(#5836,#5837)),
 .UNSPECIFIED.,.F.,.F.,.F.)
B_SPLINE_SURFACE_WITH_KNOTS((6,1,1,1,1,1,1,1,1,1,5,6),(2,2),(-0.636382781946473,
-0.6,-0.533333333333333,-0.466666666666667,-0.4,-0.333333333333333,-0.266666666666667,
-0.2,-0.133333333333333,-0.0666666666666667,0.,0.0745227881488965),(0.,
12.9),.UNSPECIFIED.)
GEOMETRIC_REPRESENTATION_ITEM()
RATIONAL_B_SPLINE_SURFACE(((1.,1.),(1.,1.),(1.,1.),(1.,1.),(1.,1.),(1.,
1.),(1.,1.),(1.,1.),(1.,1.),(1.,1.),(1.,1.),(1.,1.),(1.,1.),(1.,1.),(1.,
1.),(1.,1.),(1.,1.),(1.,1.),(1.,1.),(1.,1.)))
REPRESENTATION_ITEM('')
SURFACE()
);
#33=B_SPLINE_CURVE_WITH_KNOTS('',3,(#5382,#5383,#5384,#5385,#5386,#5387,
#5388,#5389,#5390,#5391,#5392,#5393,#5394,#5395,#5396,#5397,#5398,#5399,
#5400,#5401,#5402,#5403,#5404,#5405,#5406,#5407,#5408,#5409,#5410,#5411,
#5412),.UNSPECIFIED.,.F.,.F.,(4,3,3,3,3,3,3,3,3,3,4),(0.936618521695288,
1.01675680434879,1.09937059389959,1.18502558995735,1.27787829357165,1.37760933852335,
1.48761096013609,1.62291532938788,1.76611605474354,1.88025222122907,1.9093167800992),
 .UNSPECIFIED.);
#34=B_SPLINE_CURVE_WITH_KNOTS('',3,(#5426,#5427,#5428,#5429),
 .UNSPECIFIED.,.F.,.F.,(4,4),(0.22110972416482,0.370813863638007),
 .UNSPECIFIED.);
#35=B_SPLINE_CURVE_WITH_KNOTS('',3,(#5504,#5505,#5506,#5507,#5508,#5509,
#5510,#5511,#5512,#5513,#5514,#5515,#5516,#5517,#5518,#5519,#5520,#5521,
#5522,#5523,#5524,#5525,#5526,#5527,#5528,#5529,#5530,#5531,#5532,#5533,
#5534,#5535,#5536,#5537,#5538,#5539,#5540,#5541,#5542,#5543,#5544,#5545,
#5546,#5547,#5548,#5549),.UNSPECIFIED.,.F.,.F.,(4,3,3,3,3,3,3,3,3,3,3,3,
3,3,3,4),(0.264041718874177,0.317353947886938,0.367273141810204,0.385268851435752,
0.43443626202869,0.483020304398225,0.531330718709417,0.546855045142119,
0.597434197037482,0.650028555236041,0.684638779818077,0.750334592291844,
0.824597403102578,0.881905494385405,0.934078920489641,0.94626429142504),
 .UNSPECIFIED.);
#36=B_SPLINE_CURVE_WITH_KNOTS('',3,(#5550,#5551,#5552,#5553,#5554,#5555,
#5556,#5557,#5558,#5559,#5560,#5561,#5562,#5563,#5564,#5565,#5566,#5567,
#5568),.UNSPECIFIED.,.F.,.F.,(4,3,3,3,3,3,4),(8.16520681863372E-6,0.0547498944977136,
0.116171834270695,0.120896963482557,0.191231015067517,0.242187048246806,
0.264041718874177),.UNSPECIFIED.);
#37=B_SPLINE_CURVE_WITH_KNOTS('',3,(#5570,#5571,#5572,#5573,#5574,#5575,
#5576,#5577,#5578,#5579,#5580,#5581,#5582,#5583,#5584,#5585,#5586,#5587,
#5588,#5589,#5590,#5591,#5592,#5593,#5594,#5595,#5596,#5597,#5598,#5599,
#5600,#5601,#5602,#5603,#5604,#5605,#5606,#5607,#5608,#5609,#5610,#5611,
#5612,#5613,#5614,#5615,#5616,#5617,#5618,#5619,#5620,#5621,#5622,#5623,
#5624,#5625,#5626,#5627,#5628,#5629,#5630,#5631,#5632,#5633,#5634,#5635,
#5636,#5637,#5638,#5639,#5640,#5641,#5642),.UNSPECIFIED.,.F.,.F.,(4,3,3,
3,3,3,3,3,3,3,3,3,3,3,3,3,3,3,3,3,3,3,3,3,4),(0.866755000028531,0.886628205667883,
0.950438461530446,1.01030781606975,1.01415416951741,1.07034460358053,1.12642171555964,
1.16716085854372,1.22774237890839,1.29332786659619,1.35203241254862,1.42951847053409,
1.49274319076589,1.55244254192093,1.55596791099769,1.61222470758351,1.669477071913,
1.72672943624249,1.79195862584361,1.87495052536009,1.93592845346229,1.96259642624531,
2.00955445639781,2.04727791244799,2.08538275670271),.UNSPECIFIED.);
#38=B_SPLINE_CURVE_WITH_KNOTS('',3,(#5644,#5645,#5646,#5647,#5648,#5649,
#5650,#5651,#5652,#5653),.UNSPECIFIED.,.F.,.F.,(4,3,3,4),(0.,0.122839637745281,
0.299380132834729,0.347809446359731),.UNSPECIFIED.);
#39=B_SPLINE_CURVE_WITH_KNOTS('',3,(#5657,#5658,#5659,#5660),
 .UNSPECIFIED.,.F.,.F.,(4,4),(0.,0.713896960804303),.UNSPECIFIED.);
#40=B_SPLINE_CURVE_WITH_KNOTS('',3,(#5678,#5679,#5680,#5681),
 .UNSPECIFIED.,.F.,.F.,(4,4),(0.0558427437919053,0.0730979391343171),
 .UNSPECIFIED.);
#41=B_SPLINE_CURVE_WITH_KNOTS('',3,(#5683,#5684,#5685,#5686,#5687,#5688,
#5689,#5690,#5691,#5692,#5693,#5694,#5695,#5696,#5697,#5698,#5699,#5700,
#5701,#5702,#5703,#5704,#5705,#5706,#5707,#5708,#5709,#5710,#5711,#5712,
#5713,#5714,#5715,#5716,#5717,#5718,#5719,#5720,#5721,#5722,#5723,#5724,
#5725,#5726,#5727,#5728,#5729,#5730,#5731,#5732,#5733,#5734,#5735,#5736,
#5737,#5738,#5739,#5740,#5741,#5742,#5743,#5744,#5745,#5746,#5747,#5748,
#5749,#5750,#5751,#5752,#5753,#5754,#5755,#5756,#5757,#5758,#5759,#5760,
#5761),.UNSPECIFIED.,.F.,.F.,(4,3,3,3,3,3,3,3,3,3,3,3,3,3,3,3,3,3,3,3,3,
3,3,3,3,3,4),(1.15752600428496,1.16991247685901,1.19316405812512,1.23670893610698,
1.29550878346669,1.31842679955379,1.36569749576735,1.3914198875638,1.4447417973921,
1.48346622964144,1.54242880733152,1.59034759586659,1.63754168422485,1.68253819234171,
1.73069476883806,1.75803978969582,1.81019686794042,1.83580480635066,1.85504167285418,
1.87489313732001,1.90385328784409,1.96879300928666,1.97403100561239,2.02305663836118,
2.0425144268702,2.08991174563891,2.1150008680423),.UNSPECIFIED.);
#42=B_SPLINE_CURVE_WITH_KNOTS('',3,(#5763,#5764,#5765,#5766,#5767,#5768,
#5769,#5770,#5771,#5772,#5773,#5774,#5775,#5776,#5777,#5778,#5779,#5780,
#5781,#5782,#5783,#5784,#5785,#5786,#5787,#5788,#5789,#5790,#5791,#5792,
#5793),.UNSPECIFIED.,.F.,.F.,(4,3,3,3,3,3,3,3,3,3,4),(0.757570364453495,
0.820962192395429,0.833431980407722,0.885794879198894,0.935433851730466,
0.983169641800794,1.01894806416087,1.09652130057698,1.13027892002499,1.15119309694369,
1.15752600428496),.UNSPECIFIED.);
#43=B_SPLINE_CURVE_WITH_KNOTS('',3,(#5794,#5795,#5796,#5797),
 .UNSPECIFIED.,.F.,.F.,(4,4),(0.0586288759711295,0.0765819584474489),
 .UNSPECIFIED.);
#44=B_SPLINE_CURVE_WITH_KNOTS('',3,(#5840,#5841,#5842,#5843,#5844,#5845,
#5846,#5847,#5848,#5849,#5850,#5851,#5852,#5853,#5854,#5855),
 .UNSPECIFIED.,.F.,.F.,(4,2,2,2,2,2,2,4),(0.,0.0875317576152835,0.188232537404918,
0.281132278328683,0.358180201635741,0.411017453016978,0.437026742687907,
0.454565694576222),.UNSPECIFIED.);
#45=B_SPLINE_CURVE_WITH_KNOTS('',3,(#5859,#5860,#5861,#5862,#5863,#5864,
#5865,#5866,#5867,#5868,#5869,#5870,#5871,#5872,#5873,#5874,#5875,#5876,
#5877,#5878),.UNSPECIFIED.,.F.,.F.,(4,2,2,2,2,2,2,2,2,4),(0.73224205468347,
0.737267246032978,0.776335470798191,0.81323681325455,0.861927196015673,
0.956917841613925,1.07941412556834,1.22791715657938,1.39761777929537,1.56550576069249),
 .UNSPECIFIED.);
#46=B_SPLINE_CURVE_WITH_KNOTS('',3,(#5880,#5881,#5882,#5883),
 .UNSPECIFIED.,.F.,.F.,(4,4),(3.69438189683718,5.3279701111881),
 .UNSPECIFIED.);
#47=B_SPLINE_CURVE_WITH_KNOTS('',3,(#5885,#5886,#5887,#5888,#5889,#5890,
#5891,#5892,#5893,#5894,#5895,#5896,#5897,#5898,#5899,#5900),
 .UNSPECIFIED.,.F.,.F.,(4,2,2,2,2,2,2,4),(8.1270453227923E-6,0.114531949377461,
0.231357780599866,0.363179731758854,0.51247007233909,0.674898813808772,
0.820349219070682,0.946588586307182),.UNSPECIFIED.);
#48=B_SPLINE_CURVE_WITH_KNOTS('',3,(#5902,#5903,#5904,#5905,#5906,#5907,
#5908,#5909,#5910,#5911,#5912,#5913,#5914,#5915,#5916,#5917,#5918,#5919,
#5920,#5921,#5922,#5923,#5924,#5925,#5926,#5927,#5928,#5929,#5930,#5931,
#5932),.UNSPECIFIED.,.F.,.F.,(4,3,3,3,3,3,3,3,3,3,4),(0.,0.276575463349743,
0.64375279487813,0.972356266543377,1.24135623367498,1.48340446736483,1.70948446027826,
1.91911871228618,2.1225523603835,2.31876582197423,2.38772443901856),
 .UNSPECIFIED.);
#49=B_SPLINE_CURVE_WITH_KNOTS('',3,(#5954,#5955,#5956,#5957,#5958,#5959,
#5960),.UNSPECIFIED.,.F.,.F.,(4,3,4),(0.855561524073634,0.894715286032621,
0.909259471058189),.UNSPECIFIED.);
#50=B_SPLINE_CURVE_WITH_KNOTS('',3,(#5962,#5963,#5964,#5965),
 .UNSPECIFIED.,.F.,.F.,(4,4),(0.0553187583696296,0.0577548130381031),
 .UNSPECIFIED.);
#51=B_SPLINE_CURVE_WITH_KNOTS('',3,(#5967,#5968,#5969,#5970),
 .UNSPECIFIED.,.F.,.F.,(4,4),(0.0573998061424503,0.059888718447793),
 .UNSPECIFIED.);
#52=B_SPLINE_CURVE_WITH_KNOTS('',3,(#5971,#5972,#5973,#5974,#5975,#5976,
#5977,#5978,#5979,#5980,#5981,#5982,#5983,#5984,#5985,#5986,#5987,#5988,
#5989,#5990,#5991,#5992,#5993,#5994,#5995,#5996,#5997,#5998,#5999,#6000,
#6001,#6002,#6003,#6004,#6005,#6006,#6007),.UNSPECIFIED.,.F.,.F.,(4,3,3,
3,3,3,3,3,3,3,3,3,4),(0.454565694576222,0.456618259497284,0.476910299433205,
0.506691718818881,0.55202500876522,0.574903426747695,0.643894752906907,
0.689667736654894,0.727170203913126,0.768752448111659,0.808376835261339,
0.816308376064183,0.850739964300757),.UNSPECIFIED.);
#53=B_SPLINE_CURVE_WITH_KNOTS('',3,(#6020,#6021,#6022,#6023,#6024,#6025,
#6026,#6027,#6028,#6029,#6030,#6031,#6032,#6033,#6034,#6035,#6036,#6037,
#6038,#6039,#6040,#6041,#6042,#6043,#6044,#6045,#6046,#6047,#6048,#6049,
#6050,#6051,#6052,#6053,#6054,#6055,#6056,#6057,#6058,#6059,#6060,#6061,
#6062,#6063,#6064,#6065,#6066,#6067,#6068,#6069,#6070,#6071),
 .UNSPECIFIED.,.F.,.F.,(4,3,3,3,3,3,3,3,3,3,3,3,3,3,3,3,3,4),(0.,0.0413887494325435,
0.0729481204277174,0.125619392814472,0.142962580285987,0.178533788063315,
0.19600465428329,0.216969897256817,0.23078064472047,0.243854248160999,0.261258416927832,
0.295344713881773,0.298377618250341,0.338293858104141,0.378103522597702,
0.421992332121822,0.462136345998699,0.465881141645942),.UNSPECIFIED.);
#54=B_SPLINE_CURVE_WITH_KNOTS('',3,(#6073,#6074,#6075,#6076,#6077,#6078),
 .UNSPECIFIED.,.F.,.F.,(4,2,4),(0.,1.52375652323118,3.11659120488499),
 .UNSPECIFIED.);
#55=B_SPLINE_CURVE_WITH_KNOTS('',3,(#6081,#6082,#6083,#6084,#6085,#6086,
#6087,#6088,#6089,#6090,#6091,#6092,#6093,#6094,#6095,#6096,#6097,#6098,
#6099,#6100,#6101,#6102,#6103,#6104,#6105,#6106,#6107,#6108,#6109,#6110,
#6111,#6112,#6113,#6114),.UNSPECIFIED.,.F.,.F.,(4,3,3,3,3,3,3,3,3,3,3,4),
(0.,0.165862825771306,0.324484029345846,0.476494811222627,0.622805911723647,
0.761901342067398,0.897598683545182,1.02843719755247,1.15208843174496,1.1889575623874,
1.60613981401272,2.39279203856405),.UNSPECIFIED.);
#56=B_SPLINE_CURVE_WITH_KNOTS('',3,(#6116,#6117,#6118,#6119),
 .UNSPECIFIED.,.F.,.F.,(4,4),(0.0507526698418846,3.50043411097059),
 .UNSPECIFIED.);
#57=B_SPLINE_CURVE_WITH_KNOTS('',3,(#6121,#6122,#6123,#6124),
 .UNSPECIFIED.,.F.,.F.,(4,4),(0.0500000000000043,9.29637378846673),
 .UNSPECIFIED.);
#58=B_SPLINE_CURVE_WITH_KNOTS('',3,(#6126,#6127,#6128,#6129),
 .UNSPECIFIED.,.F.,.F.,(4,4),(0.0538741926928396,1.86389866022831),
 .UNSPECIFIED.);
#59=B_SPLINE_CURVE_WITH_KNOTS('',3,(#6130,#6131,#6132,#6133,#6134,#6135,
#6136,#6137),.UNSPECIFIED.,.F.,.F.,(4,2,2,4),(0.,0.157547235875826,0.307603622162962,
0.42282961856721),.UNSPECIFIED.);
#60=B_SPLINE_CURVE_WITH_KNOTS('',3,(#6378,#6379,#6380,#6381,#6382,#6383,
#6384,#6385,#6386,#6387,#6388,#6389,#6390,#6391),.UNSPECIFIED.,.F.,.F.,
(4,2,2,2,2,2,4),(0.340234585059994,0.369864694571156,0.409270486101545,
0.440343143436085,0.472518457159118,0.516522600572254,0.53108552704578),
 .UNSPECIFIED.);
#61=B_SPLINE_CURVE_WITH_KNOTS('',3,(#6453,#6454,#6455,#6456,#6457,#6458,
#6459,#6460,#6461,#6462),.UNSPECIFIED.,.F.,.F.,(4,2,2,2,4),(1.28837831132994,
1.3063174313233,1.33694642896019,1.36850254293622,1.38798330525915),
 .UNSPECIFIED.);
#62=B_SPLINE_CURVE_WITH_KNOTS('',3,(#6464,#6465,#6466,#6467,#6468,#6469),
 .UNSPECIFIED.,.F.,.F.,(4,2,4),(1.38798330525915,1.4116505123688,1.44743242017801),
 .UNSPECIFIED.);
#63=B_SPLINE_CURVE_WITH_KNOTS('',3,(#6472,#6473,#6474,#6475,#6476,#6477),
 .UNSPECIFIED.,.F.,.F.,(4,2,4),(1.21994295503648,1.26693478559501,1.28837831132994),
 .UNSPECIFIED.);
#64=B_SPLINE_CURVE_WITH_KNOTS('',3,(#6486,#6487,#6488,#6489,#6490,#6491,
#6492,#6493),.UNSPECIFIED.,.F.,.F.,(4,2,2,4),(1.25515154875191,1.27986077038624,
1.30677342609901,1.3195990040048),.UNSPECIFIED.);
#65=B_SPLINE_CURVE_WITH_KNOTS('',3,(#6495,#6496,#6497,#6498,#6499,#6500),
 .UNSPECIFIED.,.F.,.F.,(4,2,4),(1.3195990040048,1.34024142294197,1.39530683685663),
 .UNSPECIFIED.);
#66=B_SPLINE_CURVE_WITH_KNOTS('',3,(#6503,#6504,#6505,#6506,#6507,#6508,
#6509,#6510),.UNSPECIFIED.,.F.,.F.,(4,2,2,4),(1.16332603611725,1.20918655457541,
1.25091466275721,1.25515154875191),.UNSPECIFIED.);
#67=B_SPLINE_CURVE_WITH_KNOTS('',3,(#6521,#6522,#6523,#6524,#6525,#6526,
#6527,#6528,#6529,#6530,#6531,#6532,#6533,#6534),.UNSPECIFIED.,.F.,.F.,
(4,2,2,2,2,2,4),(0.328455920074295,0.368779947373267,0.408972723333818,
0.439236515718889,0.469451496210523,0.50944870810055,0.549807058741651),
 .UNSPECIFIED.);
#68=FACE_BOUND('',#463,.T.);
#69=FACE_BOUND('',#465,.T.);
#70=FACE_BOUND('',#466,.T.);
#71=FACE_BOUND('',#469,.T.);
#72=FACE_BOUND('',#472,.T.);
#73=FACE_BOUND('',#474,.T.);
#74=FACE_BOUND('',#483,.T.);
#75=FACE_BOUND('',#487,.T.);
#76=FACE_BOUND('',#492,.T.);
#77=FACE_BOUND('',#493,.T.);
#78=FACE_BOUND('',#494,.T.);
#79=FACE_BOUND('',#495,.T.);
#80=FACE_BOUND('',#497,.T.);
#81=FACE_BOUND('',#498,.T.);
#82=FACE_BOUND('',#506,.T.);
#83=FACE_BOUND('',#510,.T.);
#84=FACE_BOUND('',#514,.T.);
#85=FACE_BOUND('',#518,.T.);
#86=FACE_BOUND('',#530,.T.);
#87=FACE_BOUND('',#538,.T.);
#88=FACE_BOUND('',#662,.T.);
#89=FACE_BOUND('',#666,.T.);
#90=FACE_BOUND('',#682,.T.);
#91=FACE_BOUND('',#684,.T.);
#92=FACE_BOUND('',#689,.T.);
#93=FACE_BOUND('',#690,.T.);
#94=FACE_BOUND('',#691,.T.);
#95=FACE_BOUND('',#692,.T.);
#96=FACE_BOUND('',#693,.T.);
#97=FACE_BOUND('',#694,.T.);
#98=CIRCLE('',#3951,3.65);
#99=CIRCLE('',#3952,3.65);
#100=CIRCLE('',#3954,3.65);
#101=CIRCLE('',#3955,3.65);
#102=CIRCLE('',#3963,2.05);
#103=CIRCLE('',#3965,3.);
#104=CIRCLE('',#3966,3.);
#105=CIRCLE('',#3968,2.05);
#106=CIRCLE('',#3970,3.);
#107=CIRCLE('',#3971,3.);
#108=CIRCLE('',#3973,2.05);
#109=CIRCLE('',#3977,2.05);
#110=CIRCLE('',#3979,2.05);
#111=CIRCLE('',#3980,2.05);
#112=CIRCLE('',#3981,2.05);
#113=CIRCLE('',#3988,3.5);
#114=CIRCLE('',#3990,2.05);
#115=CIRCLE('',#3993,4.);
#116=CIRCLE('',#3997,2.);
#117=CIRCLE('',#3998,2.);
#118=CIRCLE('',#3999,3.5);
#119=CIRCLE('',#4000,5.50000000000001);
#120=CIRCLE('',#4001,5.50000000000001);
#121=CIRCLE('',#4002,5.50000000000001);
#122=CIRCLE('',#4003,5.50000000000001);
#123=CIRCLE('',#4004,3.5);
#124=CIRCLE('',#4005,5.50000000000001);
#125=CIRCLE('',#4006,5.50000000000001);
#126=CIRCLE('',#4007,3.5);
#127=CIRCLE('',#4008,5.50000000000001);
#128=CIRCLE('',#4009,5.50000000000001);
#129=CIRCLE('',#4010,3.5);
#130=CIRCLE('',#4017,5.50000000000001);
#131=CIRCLE('',#4018,5.50000000000001);
#132=CIRCLE('',#4019,5.50000000000001);
#133=CIRCLE('',#4021,2.05);
#134=CIRCLE('',#4023,3.00000000000001);
#135=CIRCLE('',#4024,2.05);
#136=CIRCLE('',#4027,2.05);
#137=CIRCLE('',#4029,3.00000000000001);
#138=CIRCLE('',#4030,2.05);
#139=CIRCLE('',#4033,2.05);
#140=CIRCLE('',#4035,3.00000000000001);
#141=CIRCLE('',#4036,2.05);
#142=CIRCLE('',#4039,2.05);
#143=CIRCLE('',#4041,3.00000000000001);
#144=CIRCLE('',#4042,2.05);
#145=CIRCLE('',#4045,3.00000000000001);
#146=CIRCLE('',#4047,2.);
#147=CIRCLE('',#4048,5.00000000000001);
#148=CIRCLE('',#4049,5.00000000000001);
#149=CIRCLE('',#4051,3.00000000000001);
#150=CIRCLE('',#4053,2.);
#151=CIRCLE('',#4054,5.00000000000001);
#152=CIRCLE('',#4056,3.00000000000001);
#153=CIRCLE('',#4058,2.);
#154=CIRCLE('',#4059,5.00000000000001);
#155=CIRCLE('',#4061,3.00000000000001);
#156=CIRCLE('',#4063,2.);
#157=CIRCLE('',#4064,5.00000000000001);
#158=CIRCLE('',#4065,5.00000000000001);
#159=CIRCLE('',#4068,0.999999999999996);
#160=CIRCLE('',#4069,0.999999999999996);
#161=CIRCLE('',#4071,0.999999999999996);
#162=CIRCLE('',#4073,0.999999999999996);
#163=CIRCLE('',#4076,2.);
#164=CIRCLE('',#4079,2.);
#165=CIRCLE('',#4081,0.999999999999996);
#166=CIRCLE('',#4082,0.999999999999996);
#167=CIRCLE('',#4084,0.999999999999996);
#168=CIRCLE('',#4086,0.999999999999996);
#169=CIRCLE('',#4090,2.);
#170=CIRCLE('',#4092,2.);
#171=CIRCLE('',#4097,4.);
#172=CIRCLE('',#4103,2.05);
#173=CIRCLE('',#4110,2.05);
#174=CIRCLE('',#4118,2.);
#175=CIRCLE('',#4121,2.);
#176=CIRCLE('',#4202,3.5);
#177=CIRCLE('',#4203,5.50000000000001);
#178=CIRCLE('',#4205,3.5);
#179=CIRCLE('',#4207,3.5);
#180=CIRCLE('',#4208,5.50000000000001);
#181=CIRCLE('',#4210,3.5);
#182=CIRCLE('',#4211,5.50000000000001);
#183=CIRCLE('',#4215,5.50000000000001);
#184=CIRCLE('',#4216,5.50000000000001);
#185=CIRCLE('',#4218,5.50000000000001);
#186=CIRCLE('',#4222,5.50000000000001);
#187=CIRCLE('',#4242,2.04999999999998);
#188=CIRCLE('',#4243,2.04999999999998);
#189=CIRCLE('',#4244,3.5);
#190=CIRCLE('',#4246,2.04999999999998);
#191=CIRCLE('',#4247,2.04999999999998);
#192=CIRCLE('',#4248,3.5);
#193=CIRCLE('',#4250,3.5);
#194=CIRCLE('',#4252,2.04999999999998);
#195=CIRCLE('',#4253,2.04999999999998);
#196=CIRCLE('',#4256,2.04999999999998);
#197=CIRCLE('',#4257,2.04999999999998);
#198=CIRCLE('',#4260,3.5);
#199=CIRCLE('',#4263,3.5);
#200=CYLINDRICAL_SURFACE('',#3950,3.65);
#201=CYLINDRICAL_SURFACE('',#3953,3.65);
#202=CYLINDRICAL_SURFACE('',#3964,3.);
#203=CYLINDRICAL_SURFACE('',#3969,3.);
#204=CYLINDRICAL_SURFACE('',#3976,2.05);
#205=CYLINDRICAL_SURFACE('',#3987,3.5);
#206=CYLINDRICAL_SURFACE('',#3991,4.);
#207=CYLINDRICAL_SURFACE('',#3994,2.05);
#208=CYLINDRICAL_SURFACE('',#3995,2.05);
#209=CYLINDRICAL_SURFACE('',#4016,5.50000000000001);
#210=CYLINDRICAL_SURFACE('',#4025,2.05);
#211=CYLINDRICAL_SURFACE('',#4031,2.05);
#212=CYLINDRICAL_SURFACE('',#4037,2.05);
#213=CYLINDRICAL_SURFACE('',#4043,2.05);
#214=CYLINDRICAL_SURFACE('',#4044,3.00000000000001);
#215=CYLINDRICAL_SURFACE('',#4050,3.00000000000001);
#216=CYLINDRICAL_SURFACE('',#4055,3.00000000000001);
#217=CYLINDRICAL_SURFACE('',#4060,3.00000000000001);
#218=CYLINDRICAL_SURFACE('',#4070,0.999999999999996);
#219=CYLINDRICAL_SURFACE('',#4072,0.999999999999996);
#220=CYLINDRICAL_SURFACE('',#4083,0.999999999999996);
#221=CYLINDRICAL_SURFACE('',#4085,0.999999999999996);
#222=CYLINDRICAL_SURFACE('',#4107,2.05);
#223=CYLINDRICAL_SURFACE('',#4117,2.);
#224=CYLINDRICAL_SURFACE('',#4120,2.);
#225=CYLINDRICAL_SURFACE('',#4212,3.5);
#226=CYLINDRICAL_SURFACE('',#4213,3.5);
#227=CYLINDRICAL_SURFACE('',#4214,5.50000000000001);
#228=CYLINDRICAL_SURFACE('',#4217,5.50000000000001);
#229=CYLINDRICAL_SURFACE('',#4219,3.5);
#230=CYLINDRICAL_SURFACE('',#4220,3.5);
#231=CYLINDRICAL_SURFACE('',#4221,5.50000000000001);
#232=CYLINDRICAL_SURFACE('',#4233,2.);
#233=CYLINDRICAL_SURFACE('',#4236,2.);
#234=CYLINDRICAL_SURFACE('',#4237,4.);
#235=CYLINDRICAL_SURFACE('',#4249,3.5);
#236=CYLINDRICAL_SURFACE('',#4251,2.04999999999998);
#237=CYLINDRICAL_SURFACE('',#4255,2.04999999999998);
#238=CYLINDRICAL_SURFACE('',#4259,3.5);
#239=CYLINDRICAL_SURFACE('',#4264,3.5);
#240=FACE_OUTER_BOUND('',#454,.T.);
#241=FACE_OUTER_BOUND('',#455,.T.);
#242=FACE_OUTER_BOUND('',#456,.T.);
#243=FACE_OUTER_BOUND('',#457,.T.);
#244=FACE_OUTER_BOUND('',#458,.T.);
#245=FACE_OUTER_BOUND('',#459,.T.);
#246=FACE_OUTER_BOUND('',#460,.T.);
#247=FACE_OUTER_BOUND('',#461,.T.);
#248=FACE_OUTER_BOUND('',#462,.T.);
#249=FACE_OUTER_BOUND('',#464,.T.);
#250=FACE_OUTER_BOUND('',#467,.T.);
#251=FACE_OUTER_BOUND('',#468,.T.);
#252=FACE_OUTER_BOUND('',#470,.T.);
#253=FACE_OUTER_BOUND('',#471,.T.);
#254=FACE_OUTER_BOUND('',#473,.T.);
#255=FACE_OUTER_BOUND('',#475,.T.);
#256=FACE_OUTER_BOUND('',#476,.T.);
#257=FACE_OUTER_BOUND('',#477,.T.);
#258=FACE_OUTER_BOUND('',#478,.T.);
#259=FACE_OUTER_BOUND('',#479,.T.);
#260=FACE_OUTER_BOUND('',#480,.T.);
#261=FACE_OUTER_BOUND('',#481,.T.);
#262=FACE_OUTER_BOUND('',#482,.T.);
#263=FACE_OUTER_BOUND('',#484,.T.);
#264=FACE_OUTER_BOUND('',#485,.T.);
#265=FACE_OUTER_BOUND('',#486,.T.);
#266=FACE_OUTER_BOUND('',#488,.T.);
#267=FACE_OUTER_BOUND('',#489,.T.);
#268=FACE_OUTER_BOUND('',#490,.T.);
#269=FACE_OUTER_BOUND('',#491,.T.);
#270=FACE_OUTER_BOUND('',#496,.T.);
#271=FACE_OUTER_BOUND('',#499,.T.);
#272=FACE_OUTER_BOUND('',#500,.T.);
#273=FACE_OUTER_BOUND('',#501,.T.);
#274=FACE_OUTER_BOUND('',#502,.T.);
#275=FACE_OUTER_BOUND('',#503,.T.);
#276=FACE_OUTER_BOUND('',#504,.T.);
#277=FACE_OUTER_BOUND('',#505,.T.);
#278=FACE_OUTER_BOUND('',#507,.T.);
#279=FACE_OUTER_BOUND('',#508,.T.);
#280=FACE_OUTER_BOUND('',#509,.T.);
#281=FACE_OUTER_BOUND('',#511,.T.);
#282=FACE_OUTER_BOUND('',#512,.T.);
#283=FACE_OUTER_BOUND('',#513,.T.);
#284=FACE_OUTER_BOUND('',#515,.T.);
#285=FACE_OUTER_BOUND('',#516,.T.);
#286=FACE_OUTER_BOUND('',#517,.T.);
#287=FACE_OUTER_BOUND('',#519,.T.);
#288=FACE_OUTER_BOUND('',#520,.T.);
#289=FACE_OUTER_BOUND('',#521,.T.);
#290=FACE_OUTER_BOUND('',#522,.T.);
#291=FACE_OUTER_BOUND('',#523,.T.);
#292=FACE_OUTER_BOUND('',#524,.T.);
#293=FACE_OUTER_BOUND('',#525,.T.);
#294=FACE_OUTER_BOUND('',#526,.T.);
#295=FACE_OUTER_BOUND('',#527,.T.);
#296=FACE_OUTER_BOUND('',#528,.T.);
#297=FACE_OUTER_BOUND('',#529,.T.);
#298=FACE_OUTER_BOUND('',#531,.T.);
#299=FACE_OUTER_BOUND('',#532,.T.);
#300=FACE_OUTER_BOUND('',#533,.T.);
#301=FACE_OUTER_BOUND('',#534,.T.);
#302=FACE_OUTER_BOUND('',#535,.T.);
#303=FACE_OUTER_BOUND('',#536,.T.);
#304=FACE_OUTER_BOUND('',#537,.T.);
#305=FACE_OUTER_BOUND('',#539,.T.);
#306=FACE_OUTER_BOUND('',#540,.T.);
#307=FACE_OUTER_BOUND('',#541,.T.);
#308=FACE_OUTER_BOUND('',#542,.T.);
#309=FACE_OUTER_BOUND('',#543,.T.);
#310=FACE_OUTER_BOUND('',#544,.T.);
#311=FACE_OUTER_BOUND('',#545,.T.);
#312=FACE_OUTER_BOUND('',#546,.T.);
#313=FACE_OUTER_BOUND('',#547,.T.);
#314=FACE_OUTER_BOUND('',#548,.T.);
#315=FACE_OUTER_BOUND('',#549,.T.);
#316=FACE_OUTER_BOUND('',#550,.T.);
#317=FACE_OUTER_BOUND('',#551,.T.);
#318=FACE_OUTER_BOUND('',#552,.T.);
#319=FACE_OUTER_BOUND('',#553,.T.);
#320=FACE_OUTER_BOUND('',#554,.T.);
#321=FACE_OUTER_BOUND('',#555,.T.);
#322=FACE_OUTER_BOUND('',#556,.T.);
#323=FACE_OUTER_BOUND('',#557,.T.);
#324=FACE_OUTER_BOUND('',#558,.T.);
#325=FACE_OUTER_BOUND('',#559,.T.);
#326=FACE_OUTER_BOUND('',#560,.T.);
#327=FACE_OUTER_BOUND('',#561,.T.);
#328=FACE_OUTER_BOUND('',#562,.T.);
#329=FACE_OUTER_BOUND('',#563,.T.);
#330=FACE_OUTER_BOUND('',#564,.T.);
#331=FACE_OUTER_BOUND('',#565,.T.);
#332=FACE_OUTER_BOUND('',#566,.T.);
#333=FACE_OUTER_BOUND('',#567,.T.);
#334=FACE_OUTER_BOUND('',#568,.T.);
#335=FACE_OUTER_BOUND('',#569,.T.);
#336=FACE_OUTER_BOUND('',#570,.T.);
#337=FACE_OUTER_BOUND('',#571,.T.);
#338=FACE_OUTER_BOUND('',#572,.T.);
#339=FACE_OUTER_BOUND('',#573,.T.);
#340=FACE_OUTER_BOUND('',#574,.T.);
#341=FACE_OUTER_BOUND('',#575,.T.);
#342=FACE_OUTER_BOUND('',#576,.T.);
#343=FACE_OUTER_BOUND('',#577,.T.);
#344=FACE_OUTER_BOUND('',#578,.T.);
#345=FACE_OUTER_BOUND('',#579,.T.);
#346=FACE_OUTER_BOUND('',#580,.T.);
#347=FACE_OUTER_BOUND('',#581,.T.);
#348=FACE_OUTER_BOUND('',#582,.T.);
#349=FACE_OUTER_BOUND('',#583,.T.);
#350=FACE_OUTER_BOUND('',#584,.T.);
#351=FACE_OUTER_BOUND('',#585,.T.);
#352=FACE_OUTER_BOUND('',#586,.T.);
#353=FACE_OUTER_BOUND('',#587,.T.);
#354=FACE_OUTER_BOUND('',#588,.T.);
#355=FACE_OUTER_BOUND('',#589,.T.);
#356=FACE_OUTER_BOUND('',#590,.T.);
#357=FACE_OUTER_BOUND('',#591,.T.);
#358=FACE_OUTER_BOUND('',#592,.T.);
#359=FACE_OUTER_BOUND('',#593,.T.);
#360=FACE_OUTER_BOUND('',#594,.T.);
#361=FACE_OUTER_BOUND('',#595,.T.);
#362=FACE_OUTER_BOUND('',#596,.T.);
#363=FACE_OUTER_BOUND('',#597,.T.);
#364=FACE_OUTER_BOUND('',#598,.T.);
#365=FACE_OUTER_BOUND('',#599,.T.);
#366=FACE_OUTER_BOUND('',#600,.T.);
#367=FACE_OUTER_BOUND('',#601,.T.);
#368=FACE_OUTER_BOUND('',#602,.T.);
#369=FACE_OUTER_BOUND('',#603,.T.);
#370=FACE_OUTER_BOUND('',#604,.T.);
#371=FACE_OUTER_BOUND('',#605,.T.);
#372=FACE_OUTER_BOUND('',#606,.T.);
#373=FACE_OUTER_BOUND('',#607,.T.);
#374=FACE_OUTER_BOUND('',#608,.T.);
#375=FACE_OUTER_BOUND('',#609,.T.);
#376=FACE_OUTER_BOUND('',#610,.T.);
#377=FACE_OUTER_BOUND('',#611,.T.);
#378=FACE_OUTER_BOUND('',#612,.T.);
#379=FACE_OUTER_BOUND('',#613,.T.);
#380=FACE_OUTER_BOUND('',#614,.T.);
#381=FACE_OUTER_BOUND('',#615,.T.);
#382=FACE_OUTER_BOUND('',#616,.T.);
#383=FACE_OUTER_BOUND('',#617,.T.);
#384=FACE_OUTER_BOUND('',#618,.T.);
#385=FACE_OUTER_BOUND('',#619,.T.);
#386=FACE_OUTER_BOUND('',#620,.T.);
#387=FACE_OUTER_BOUND('',#621,.T.);
#388=FACE_OUTER_BOUND('',#622,.T.);
#389=FACE_OUTER_BOUND('',#623,.T.);
#390=FACE_OUTER_BOUND('',#624,.T.);
#391=FACE_OUTER_BOUND('',#625,.T.);
#392=FACE_OUTER_BOUND('',#626,.T.);
#393=FACE_OUTER_BOUND('',#627,.T.);
#394=FACE_OUTER_BOUND('',#628,.T.);
#395=FACE_OUTER_BOUND('',#629,.T.);
#396=FACE_OUTER_BOUND('',#630,.T.);
#397=FACE_OUTER_BOUND('',#631,.T.);
#398=FACE_OUTER_BOUND('',#632,.T.);
#399=FACE_OUTER_BOUND('',#633,.T.);
#400=FACE_OUTER_BOUND('',#634,.T.);
#401=FACE_OUTER_BOUND('',#635,.T.);
#402=FACE_OUTER_BOUND('',#636,.T.);
#403=FACE_OUTER_BOUND('',#637,.T.);
#404=FACE_OUTER_BOUND('',#638,.T.);
#405=FACE_OUTER_BOUND('',#639,.T.);
#406=FACE_OUTER_BOUND('',#640,.T.);
#407=FACE_OUTER_BOUND('',#641,.T.);
#408=FACE_OUTER_BOUND('',#642,.T.);
#409=FACE_OUTER_BOUND('',#643,.T.);
#410=FACE_OUTER_BOUND('',#644,.T.);
#411=FACE_OUTER_BOUND('',#645,.T.);
#412=FACE_OUTER_BOUND('',#646,.T.);
#413=FACE_OUTER_BOUND('',#647,.T.);
#414=FACE_OUTER_BOUND('',#648,.T.);
#415=FACE_OUTER_BOUND('',#649,.T.);
#416=FACE_OUTER_BOUND('',#650,.T.);
#417=FACE_OUTER_BOUND('',#651,.T.);
#418=FACE_OUTER_BOUND('',#652,.T.);
#419=FACE_OUTER_BOUND('',#653,.T.);
#420=FACE_OUTER_BOUND('',#654,.T.);
#421=FACE_OUTER_BOUND('',#655,.T.);
#422=FACE_OUTER_BOUND('',#656,.T.);
#423=FACE_OUTER_BOUND('',#657,.T.);
#424=FACE_OUTER_BOUND('',#658,.T.);
#425=FACE_OUTER_BOUND('',#659,.T.);
#426=FACE_OUTER_BOUND('',#660,.T.);
#427=FACE_OUTER_BOUND('',#661,.T.);
#428=FACE_OUTER_BOUND('',#663,.T.);
#429=FACE_OUTER_BOUND('',#664,.T.);
#430=FACE_OUTER_BOUND('',#665,.T.);
#431=FACE_OUTER_BOUND('',#667,.T.);
#432=FACE_OUTER_BOUND('',#668,.T.);
#433=FACE_OUTER_BOUND('',#669,.T.);
#434=FACE_OUTER_BOUND('',#670,.T.);
#435=FACE_OUTER_BOUND('',#671,.T.);
#436=FACE_OUTER_BOUND('',#672,.T.);
#437=FACE_OUTER_BOUND('',#673,.T.);
#438=FACE_OUTER_BOUND('',#674,.T.);
#439=FACE_OUTER_BOUND('',#675,.T.);
#440=FACE_OUTER_BOUND('',#676,.T.);
#441=FACE_OUTER_BOUND('',#677,.T.);
#442=FACE_OUTER_BOUND('',#678,.T.);
#443=FACE_OUTER_BOUND('',#679,.T.);
#444=FACE_OUTER_BOUND('',#680,.T.);
#445=FACE_OUTER_BOUND('',#681,.T.);
#446=FACE_OUTER_BOUND('',#683,.T.);
#447=FACE_OUTER_BOUND('',#685,.T.);
#448=FACE_OUTER_BOUND('',#686,.T.);
#449=FACE_OUTER_BOUND('',#687,.T.);
#450=FACE_OUTER_BOUND('',#688,.T.);
#451=FACE_OUTER_BOUND('',#695,.T.);
#452=FACE_OUTER_BOUND('',#696,.T.);
#453=FACE_OUTER_BOUND('',#697,.T.);
#454=EDGE_LOOP('',(#2434,#2435,#2436,#2437));
#455=EDGE_LOOP('',(#2438,#2439,#2440,#2441));
#456=EDGE_LOOP('',(#2442,#2443,#2444,#2445));
#457=EDGE_LOOP('',(#2446,#2447,#2448,#2449));
#458=EDGE_LOOP('',(#2450,#2451,#2452,#2453));
#459=EDGE_LOOP('',(#2454,#2455,#2456,#2457));
#460=EDGE_LOOP('',(#2458,#2459,#2460,#2461));
#461=EDGE_LOOP('',(#2462,#2463,#2464,#2465));
#462=EDGE_LOOP('',(#2466,#2467,#2468,#2469));
#463=EDGE_LOOP('',(#2470,#2471,#2472,#2473));
#464=EDGE_LOOP('',(#2474,#2475,#2476,#2477,#2478,#2479,#2480,#2481,#2482,
#2483,#2484,#2485,#2486,#2487,#2488));
#465=EDGE_LOOP('',(#2489));
#466=EDGE_LOOP('',(#2490,#2491,#2492,#2493));
#467=EDGE_LOOP('',(#2494,#2495,#2496,#2497));
#468=EDGE_LOOP('',(#2498));
#469=EDGE_LOOP('',(#2499));
#470=EDGE_LOOP('',(#2500,#2501,#2502,#2503));
#471=EDGE_LOOP('',(#2504));
#472=EDGE_LOOP('',(#2505));
#473=EDGE_LOOP('',(#2506,#2507,#2508,#2509,#2510,#2511,#2512,#2513,#2514,
#2515));
#474=EDGE_LOOP('',(#2516,#2517,#2518,#2519));
#475=EDGE_LOOP('',(#2520,#2521,#2522,#2523,#2524,#2525,#2526,#2527,#2528,
#2529,#2530,#2531,#2532));
#476=EDGE_LOOP('',(#2533,#2534,#2535,#2536,#2537,#2538,#2539,#2540,#2541,
#2542,#2543));
#477=EDGE_LOOP('',(#2544,#2545,#2546,#2547));
#478=EDGE_LOOP('',(#2548,#2549,#2550,#2551));
#479=EDGE_LOOP('',(#2552,#2553,#2554,#2555,#2556,#2557,#2558,#2559,#2560,
#2561,#2562,#2563,#2564,#2565));
#480=EDGE_LOOP('',(#2566,#2567,#2568,#2569,#2570));
#481=EDGE_LOOP('',(#2571,#2572,#2573,#2574));
#482=EDGE_LOOP('',(#2575,#2576,#2577,#2578,#2579,#2580));
#483=EDGE_LOOP('',(#2581));
#484=EDGE_LOOP('',(#2582,#2583,#2584,#2585));
#485=EDGE_LOOP('',(#2586,#2587,#2588,#2589));
#486=EDGE_LOOP('',(#2590,#2591,#2592,#2593,#2594,#2595,#2596,#2597,#2598,
#2599,#2600,#2601,#2602,#2603,#2604));
#487=EDGE_LOOP('',(#2605));
#488=EDGE_LOOP('',(#2606,#2607,#2608,#2609,#2610,#2611));
#489=EDGE_LOOP('',(#2612,#2613,#2614,#2615));
#490=EDGE_LOOP('',(#2616,#2617,#2618,#2619));
#491=EDGE_LOOP('',(#2620,#2621,#2622,#2623,#2624,#2625,#2626,#2627,#2628,
#2629,#2630,#2631));
#492=EDGE_LOOP('',(#2632,#2633,#2634,#2635,#2636));
#493=EDGE_LOOP('',(#2637,#2638,#2639,#2640,#2641));
#494=EDGE_LOOP('',(#2642,#2643,#2644,#2645,#2646));
#495=EDGE_LOOP('',(#2647,#2648,#2649,#2650,#2651));
#496=EDGE_LOOP('',(#2652,#2653,#2654,#2655,#2656,#2657,#2658,#2659,#2660,
#2661,#2662,#2663,#2664,#2665,#2666,#2667,#2668,#2669,#2670,#2671,#2672,
#2673,#2674,#2675,#2676,#2677,#2678,#2679,#2680,#2681,#2682,#2683));
#497=EDGE_LOOP('',(#2684,#2685,#2686,#2687));
#498=EDGE_LOOP('',(#2688));
#499=EDGE_LOOP('',(#2689,#2690,#2691,#2692));
#500=EDGE_LOOP('',(#2693,#2694,#2695,#2696));
#501=EDGE_LOOP('',(#2697,#2698,#2699,#2700));
#502=EDGE_LOOP('',(#2701,#2702,#2703,#2704));
#503=EDGE_LOOP('',(#2705,#2706,#2707,#2708,#2709,#2710,#2711,#2712,#2713,
#2714));
#504=EDGE_LOOP('',(#2715));
#505=EDGE_LOOP('',(#2716));
#506=EDGE_LOOP('',(#2717));
#507=EDGE_LOOP('',(#2718,#2719,#2720,#2721));
#508=EDGE_LOOP('',(#2722));
#509=EDGE_LOOP('',(#2723));
#510=EDGE_LOOP('',(#2724));
#511=EDGE_LOOP('',(#2725,#2726,#2727,#2728));
#512=EDGE_LOOP('',(#2729));
#513=EDGE_LOOP('',(#2730));
#514=EDGE_LOOP('',(#2731));
#515=EDGE_LOOP('',(#2732,#2733,#2734,#2735));
#516=EDGE_LOOP('',(#2736));
#517=EDGE_LOOP('',(#2737));
#518=EDGE_LOOP('',(#2738));
#519=EDGE_LOOP('',(#2739,#2740,#2741,#2742));
#520=EDGE_LOOP('',(#2743,#2744,#2745,#2746));
#521=EDGE_LOOP('',(#2747,#2748,#2749,#2750,#2751,#2752));
#522=EDGE_LOOP('',(#2753,#2754,#2755,#2756));
#523=EDGE_LOOP('',(#2757,#2758,#2759,#2760,#2761,#2762,#2763));
#524=EDGE_LOOP('',(#2764,#2765,#2766,#2767));
#525=EDGE_LOOP('',(#2768,#2769,#2770,#2771,#2772,#2773,#2774));
#526=EDGE_LOOP('',(#2775,#2776,#2777,#2778));
#527=EDGE_LOOP('',(#2779,#2780,#2781,#2782,#2783,#2784));
#528=EDGE_LOOP('',(#2785,#2786,#2787,#2788));
#529=EDGE_LOOP('',(#2789,#2790,#2791,#2792));
#530=EDGE_LOOP('',(#2793,#2794));
#531=EDGE_LOOP('',(#2795,#2796,#2797,#2798));
#532=EDGE_LOOP('',(#2799,#2800,#2801,#2802));
#533=EDGE_LOOP('',(#2803,#2804,#2805,#2806));
#534=EDGE_LOOP('',(#2807,#2808,#2809,#2810,#2811,#2812,#2813));
#535=EDGE_LOOP('',(#2814,#2815,#2816,#2817));
#536=EDGE_LOOP('',(#2818,#2819,#2820,#2821,#2822,#2823,#2824));
#537=EDGE_LOOP('',(#2825,#2826,#2827,#2828));
#538=EDGE_LOOP('',(#2829,#2830));
#539=EDGE_LOOP('',(#2831,#2832,#2833,#2834));
#540=EDGE_LOOP('',(#2835,#2836,#2837,#2838));
#541=EDGE_LOOP('',(#2839,#2840,#2841,#2842));
#542=EDGE_LOOP('',(#2843,#2844,#2845,#2846));
#543=EDGE_LOOP('',(#2847,#2848,#2849,#2850,#2851,#2852,#2853));
#544=EDGE_LOOP('',(#2854,#2855,#2856,#2857,#2858,#2859,#2860));
#545=EDGE_LOOP('',(#2861,#2862,#2863,#2864));
#546=EDGE_LOOP('',(#2865,#2866,#2867,#2868,#2869,#2870,#2871,#2872,#2873,
#2874,#2875));
#547=EDGE_LOOP('',(#2876,#2877,#2878,#2879,#2880,#2881));
#548=EDGE_LOOP('',(#2882,#2883,#2884,#2885,#2886,#2887,#2888,#2889,#2890,
#2891,#2892,#2893));
#549=EDGE_LOOP('',(#2894,#2895,#2896,#2897,#2898));
#550=EDGE_LOOP('',(#2899,#2900,#2901));
#551=EDGE_LOOP('',(#2902,#2903,#2904,#2905));
#552=EDGE_LOOP('',(#2906,#2907,#2908,#2909));
#553=EDGE_LOOP('',(#2910,#2911,#2912,#2913,#2914,#2915,#2916,#2917,#2918,
#2919,#2920,#2921,#2922,#2923,#2924));
#554=EDGE_LOOP('',(#2925,#2926,#2927));
#555=EDGE_LOOP('',(#2928,#2929,#2930));
#556=EDGE_LOOP('',(#2931,#2932,#2933,#2934,#2935,#2936));
#557=EDGE_LOOP('',(#2937,#2938,#2939));
#558=EDGE_LOOP('',(#2940,#2941,#2942));
#559=EDGE_LOOP('',(#2943,#2944,#2945,#2946));
#560=EDGE_LOOP('',(#2947,#2948,#2949,#2950));
#561=EDGE_LOOP('',(#2951,#2952,#2953,#2954));
#562=EDGE_LOOP('',(#2955,#2956,#2957,#2958));
#563=EDGE_LOOP('',(#2959,#2960,#2961,#2962));
#564=EDGE_LOOP('',(#2963,#2964,#2965,#2966));
#565=EDGE_LOOP('',(#2967,#2968,#2969,#2970));
#566=EDGE_LOOP('',(#2971,#2972,#2973,#2974));
#567=EDGE_LOOP('',(#2975,#2976,#2977,#2978));
#568=EDGE_LOOP('',(#2979,#2980,#2981,#2982));
#569=EDGE_LOOP('',(#2983,#2984,#2985,#2986));
#570=EDGE_LOOP('',(#2987,#2988,#2989,#2990));
#571=EDGE_LOOP('',(#2991,#2992,#2993,#2994));
#572=EDGE_LOOP('',(#2995,#2996,#2997,#2998));
#573=EDGE_LOOP('',(#2999,#3000,#3001,#3002));
#574=EDGE_LOOP('',(#3003,#3004,#3005,#3006));
#575=EDGE_LOOP('',(#3007,#3008,#3009,#3010));
#576=EDGE_LOOP('',(#3011,#3012,#3013,#3014));
#577=EDGE_LOOP('',(#3015,#3016,#3017,#3018));
#578=EDGE_LOOP('',(#3019,#3020,#3021,#3022));
#579=EDGE_LOOP('',(#3023,#3024,#3025,#3026));
#580=EDGE_LOOP('',(#3027,#3028,#3029,#3030));
#581=EDGE_LOOP('',(#3031,#3032,#3033,#3034));
#582=EDGE_LOOP('',(#3035,#3036,#3037,#3038));
#583=EDGE_LOOP('',(#3039,#3040,#3041,#3042));
#584=EDGE_LOOP('',(#3043,#3044,#3045,#3046));
#585=EDGE_LOOP('',(#3047,#3048,#3049,#3050));
#586=EDGE_LOOP('',(#3051,#3052,#3053,#3054));
#587=EDGE_LOOP('',(#3055,#3056,#3057,#3058));
#588=EDGE_LOOP('',(#3059,#3060,#3061,#3062));
#589=EDGE_LOOP('',(#3063,#3064,#3065,#3066));
#590=EDGE_LOOP('',(#3067,#3068,#3069,#3070));
#591=EDGE_LOOP('',(#3071,#3072,#3073,#3074));
#592=EDGE_LOOP('',(#3075,#3076,#3077,#3078));
#593=EDGE_LOOP('',(#3079,#3080,#3081,#3082));
#594=EDGE_LOOP('',(#3083,#3084,#3085,#3086));
#595=EDGE_LOOP('',(#3087,#3088,#3089,#3090));
#596=EDGE_LOOP('',(#3091,#3092,#3093,#3094));
#597=EDGE_LOOP('',(#3095,#3096,#3097,#3098));
#598=EDGE_LOOP('',(#3099,#3100,#3101,#3102));
#599=EDGE_LOOP('',(#3103,#3104,#3105,#3106));
#600=EDGE_LOOP('',(#3107,#3108,#3109,#3110));
#601=EDGE_LOOP('',(#3111,#3112,#3113,#3114));
#602=EDGE_LOOP('',(#3115,#3116,#3117,#3118));
#603=EDGE_LOOP('',(#3119,#3120,#3121,#3122));
#604=EDGE_LOOP('',(#3123,#3124,#3125,#3126));
#605=EDGE_LOOP('',(#3127,#3128,#3129,#3130));
#606=EDGE_LOOP('',(#3131,#3132,#3133,#3134));
#607=EDGE_LOOP('',(#3135,#3136,#3137,#3138));
#608=EDGE_LOOP('',(#3139,#3140,#3141,#3142));
#609=EDGE_LOOP('',(#3143,#3144,#3145,#3146));
#610=EDGE_LOOP('',(#3147,#3148,#3149,#3150));
#611=EDGE_LOOP('',(#3151,#3152,#3153,#3154));
#612=EDGE_LOOP('',(#3155,#3156,#3157,#3158));
#613=EDGE_LOOP('',(#3159,#3160,#3161,#3162));
#614=EDGE_LOOP('',(#3163,#3164,#3165,#3166));
#615=EDGE_LOOP('',(#3167,#3168,#3169,#3170));
#616=EDGE_LOOP('',(#3171,#3172,#3173,#3174));
#617=EDGE_LOOP('',(#3175,#3176,#3177,#3178));
#618=EDGE_LOOP('',(#3179,#3180,#3181,#3182));
#619=EDGE_LOOP('',(#3183,#3184,#3185,#3186));
#620=EDGE_LOOP('',(#3187,#3188,#3189,#3190));
#621=EDGE_LOOP('',(#3191,#3192,#3193,#3194));
#622=EDGE_LOOP('',(#3195,#3196,#3197,#3198));
#623=EDGE_LOOP('',(#3199,#3200,#3201,#3202));
#624=EDGE_LOOP('',(#3203,#3204,#3205,#3206));
#625=EDGE_LOOP('',(#3207,#3208,#3209,#3210));
#626=EDGE_LOOP('',(#3211,#3212,#3213,#3214));
#627=EDGE_LOOP('',(#3215,#3216,#3217,#3218));
#628=EDGE_LOOP('',(#3219,#3220,#3221,#3222));
#629=EDGE_LOOP('',(#3223,#3224,#3225,#3226));
#630=EDGE_LOOP('',(#3227,#3228,#3229,#3230));
#631=EDGE_LOOP('',(#3231,#3232,#3233,#3234));
#632=EDGE_LOOP('',(#3235,#3236,#3237,#3238));
#633=EDGE_LOOP('',(#3239,#3240,#3241,#3242));
#634=EDGE_LOOP('',(#3243,#3244,#3245,#3246));
#635=EDGE_LOOP('',(#3247,#3248,#3249,#3250));
#636=EDGE_LOOP('',(#3251,#3252,#3253,#3254));
#637=EDGE_LOOP('',(#3255,#3256,#3257,#3258));
#638=EDGE_LOOP('',(#3259,#3260,#3261,#3262));
#639=EDGE_LOOP('',(#3263,#3264,#3265,#3266));
#640=EDGE_LOOP('',(#3267,#3268,#3269,#3270));
#641=EDGE_LOOP('',(#3271,#3272,#3273,#3274));
#642=EDGE_LOOP('',(#3275,#3276,#3277,#3278));
#643=EDGE_LOOP('',(#3279,#3280,#3281,#3282));
#644=EDGE_LOOP('',(#3283,#3284,#3285,#3286));
#645=EDGE_LOOP('',(#3287,#3288,#3289,#3290));
#646=EDGE_LOOP('',(#3291,#3292,#3293,#3294));
#647=EDGE_LOOP('',(#3295,#3296,#3297,#3298));
#648=EDGE_LOOP('',(#3299,#3300,#3301,#3302,#3303,#3304,#3305,#3306,#3307,
#3308));
#649=EDGE_LOOP('',(#3309,#3310,#3311,#3312,#3313,#3314,#3315,#3316,#3317,
#3318,#3319));
#650=EDGE_LOOP('',(#3320,#3321,#3322,#3323));
#651=EDGE_LOOP('',(#3324,#3325,#3326,#3327));
#652=EDGE_LOOP('',(#3328,#3329,#3330,#3331,#3332,#3333,#3334,#3335,#3336,
#3337,#3338));
#653=EDGE_LOOP('',(#3339,#3340,#3341,#3342));
#654=EDGE_LOOP('',(#3343,#3344,#3345,#3346));
#655=EDGE_LOOP('',(#3347,#3348,#3349,#3350));
#656=EDGE_LOOP('',(#3351,#3352,#3353,#3354));
#657=EDGE_LOOP('',(#3355,#3356,#3357,#3358));
#658=EDGE_LOOP('',(#3359,#3360,#3361,#3362));
#659=EDGE_LOOP('',(#3363,#3364,#3365,#3366));
#660=EDGE_LOOP('',(#3367,#3368,#3369,#3370));
#661=EDGE_LOOP('',(#3371,#3372,#3373,#3374));
#662=EDGE_LOOP('',(#3375,#3376));
#663=EDGE_LOOP('',(#3377,#3378,#3379,#3380));
#664=EDGE_LOOP('',(#3381,#3382,#3383,#3384));
#665=EDGE_LOOP('',(#3385,#3386,#3387,#3388));
#666=EDGE_LOOP('',(#3389,#3390));
#667=EDGE_LOOP('',(#3391,#3392,#3393,#3394));
#668=EDGE_LOOP('',(#3395,#3396,#3397,#3398));
#669=EDGE_LOOP('',(#3399,#3400,#3401,#3402,#3403));
#670=EDGE_LOOP('',(#3404,#3405,#3406,#3407,#3408));
#671=EDGE_LOOP('',(#3409,#3410,#3411,#3412,#3413,#3414,#3415,#3416,#3417,
#3418,#3419,#3420,#3421,#3422,#3423,#3424,#3425,#3426,#3427,#3428,#3429,
#3430,#3431,#3432,#3433,#3434,#3435,#3436,#3437,#3438,#3439,#3440));
#672=EDGE_LOOP('',(#3441,#3442,#3443,#3444));
#673=EDGE_LOOP('',(#3445,#3446,#3447,#3448,#3449));
#674=EDGE_LOOP('',(#3450,#3451,#3452,#3453,#3454));
#675=EDGE_LOOP('',(#3455,#3456,#3457,#3458));
#676=EDGE_LOOP('',(#3459,#3460,#3461,#3462,#3463,#3464));
#677=EDGE_LOOP('',(#3465,#3466));
#678=EDGE_LOOP('',(#3467,#3468,#3469,#3470,#3471,#3472));
#679=EDGE_LOOP('',(#3473,#3474));
#680=EDGE_LOOP('',(#3475,#3476,#3477,#3478));
#681=EDGE_LOOP('',(#3479,#3480));
#682=EDGE_LOOP('',(#3481));
#683=EDGE_LOOP('',(#3482,#3483));
#684=EDGE_LOOP('',(#3484));
#685=EDGE_LOOP('',(#3485,#3486,#3487,#3488,#3489));
#686=EDGE_LOOP('',(#3490,#3491,#3492,#3493,#3494,#3495,#3496,#3497,#3498,
#3499));
#687=EDGE_LOOP('',(#3500,#3501,#3502,#3503));
#688=EDGE_LOOP('',(#3504,#3505,#3506,#3507,#3508,#3509,#3510,#3511,#3512,
#3513));
#689=EDGE_LOOP('',(#3514,#3515,#3516,#3517));
#690=EDGE_LOOP('',(#3518,#3519,#3520,#3521));
#691=EDGE_LOOP('',(#3522,#3523,#3524,#3525));
#692=EDGE_LOOP('',(#3526,#3527));
#693=EDGE_LOOP('',(#3528,#3529));
#694=EDGE_LOOP('',(#3530,#3531,#3532,#3533));
#695=EDGE_LOOP('',(#3534,#3535,#3536,#3537));
#696=EDGE_LOOP('',(#3538,#3539,#3540,#3541,#3542,#3543,#3544,#3545));
#697=EDGE_LOOP('',(#3546,#3547,#3548,#3549,#3550,#3551,#3552,#3553));
#698=LINE('',#5333,#1110);
#699=LINE('',#5335,#1111);
#700=LINE('',#5337,#1112);
#701=LINE('',#5338,#1113);
#702=LINE('',#5344,#1114);
#703=LINE('',#5349,#1115);
#704=LINE('',#5352,#1116);
#705=LINE('',#5353,#1117);
#706=LINE('',#5357,#1118);
#707=LINE('',#5359,#1119);
#708=LINE('',#5361,#1120);
#709=LINE('',#5362,#1121);
#710=LINE('',#5365,#1122);
#711=LINE('',#5367,#1123);
#712=LINE('',#5368,#1124);
#713=LINE('',#5371,#1125);
#714=LINE('',#5373,#1126);
#715=LINE('',#5374,#1127);
#716=LINE('',#5376,#1128);
#717=LINE('',#5377,#1129);
#718=LINE('',#5414,#1130);
#719=LINE('',#5416,#1131);
#720=LINE('',#5418,#1132);
#721=LINE('',#5420,#1133);
#722=LINE('',#5422,#1134);
#723=LINE('',#5424,#1135);
#724=LINE('',#5431,#1136);
#725=LINE('',#5433,#1137);
#726=LINE('',#5435,#1138);
#727=LINE('',#5437,#1139);
#728=LINE('',#5439,#1140);
#729=LINE('',#5441,#1141);
#730=LINE('',#5442,#1142);
#731=LINE('',#5449,#1143);
#732=LINE('',#5458,#1144);
#733=LINE('',#5655,#1145);
#734=LINE('',#5675,#1146);
#735=LINE('',#5857,#1147);
#736=LINE('',#5934,#1148);
#737=LINE('',#5952,#1149);
#738=LINE('',#6080,#1150);
#739=LINE('',#6140,#1151);
#740=LINE('',#6142,#1152);
#741=LINE('',#6143,#1153);
#742=LINE('',#6146,#1154);
#743=LINE('',#6147,#1155);
#744=LINE('',#6151,#1156);
#745=LINE('',#6155,#1157);
#746=LINE('',#6160,#1158);
#747=LINE('',#6162,#1159);
#748=LINE('',#6165,#1160);
#749=LINE('',#6171,#1161);
#750=LINE('',#6173,#1162);
#751=LINE('',#6174,#1163);
#752=LINE('',#6177,#1164);
#753=LINE('',#6179,#1165);
#754=LINE('',#6180,#1166);
#755=LINE('',#6183,#1167);
#756=LINE('',#6185,#1168);
#757=LINE('',#6187,#1169);
#758=LINE('',#6188,#1170);
#759=LINE('',#6191,#1171);
#760=LINE('',#6192,#1172);
#761=LINE('',#6195,#1173);
#762=LINE('',#6198,#1174);
#763=LINE('',#6201,#1175);
#764=LINE('',#6203,#1176);
#765=LINE('',#6205,#1177);
#766=LINE('',#6207,#1178);
#767=LINE('',#6208,#1179);
#768=LINE('',#6210,#1180);
#769=LINE('',#6212,#1181);
#770=LINE('',#6214,#1182);
#771=LINE('',#6216,#1183);
#772=LINE('',#6217,#1184);
#773=LINE('',#6222,#1185);
#774=LINE('',#6227,#1186);
#775=LINE('',#6229,#1187);
#776=LINE('',#6233,#1188);
#777=LINE('',#6235,#1189);
#778=LINE('',#6237,#1190);
#779=LINE('',#6239,#1191);
#780=LINE('',#6240,#1192);
#781=LINE('',#6242,#1193);
#782=LINE('',#6244,#1194);
#783=LINE('',#6248,#1195);
#784=LINE('',#6251,#1196);
#785=LINE('',#6254,#1197);
#786=LINE('',#6258,#1198);
#787=LINE('',#6264,#1199);
#788=LINE('',#6270,#1200);
#789=LINE('',#6274,#1201);
#790=LINE('',#6280,#1202);
#791=LINE('',#6284,#1203);
#792=LINE('',#6290,#1204);
#793=LINE('',#6294,#1205);
#794=LINE('',#6296,#1206);
#795=LINE('',#6298,#1207);
#796=LINE('',#6300,#1208);
#797=LINE('',#6302,#1209);
#798=LINE('',#6304,#1210);
#799=LINE('',#6306,#1211);
#800=LINE('',#6308,#1212);
#801=LINE('',#6310,#1213);
#802=LINE('',#6312,#1214);
#803=LINE('',#6314,#1215);
#804=LINE('',#6316,#1216);
#805=LINE('',#6318,#1217);
#806=LINE('',#6320,#1218);
#807=LINE('',#6322,#1219);
#808=LINE('',#6324,#1220);
#809=LINE('',#6326,#1221);
#810=LINE('',#6328,#1222);
#811=LINE('',#6330,#1223);
#812=LINE('',#6332,#1224);
#813=LINE('',#6334,#1225);
#814=LINE('',#6336,#1226);
#815=LINE('',#6338,#1227);
#816=LINE('',#6340,#1228);
#817=LINE('',#6342,#1229);
#818=LINE('',#6344,#1230);
#819=LINE('',#6345,#1231);
#820=LINE('',#6347,#1232);
#821=LINE('',#6348,#1233);
#822=LINE('',#6352,#1234);
#823=LINE('',#6354,#1235);
#824=LINE('',#6356,#1236);
#825=LINE('',#6357,#1237);
#826=LINE('',#6360,#1238);
#827=LINE('',#6362,#1239);
#828=LINE('',#6363,#1240);
#829=LINE('',#6365,#1241);
#830=LINE('',#6368,#1242);
#831=LINE('',#6369,#1243);
#832=LINE('',#6372,#1244);
#833=LINE('',#6374,#1245);
#834=LINE('',#6394,#1246);
#835=LINE('',#6405,#1247);
#836=LINE('',#6415,#1248);
#837=LINE('',#6425,#1249);
#838=LINE('',#6435,#1250);
#839=LINE('',#6438,#1251);
#840=LINE('',#6447,#1252);
#841=LINE('',#6480,#1253);
#842=LINE('',#6513,#1254);
#843=LINE('',#6539,#1255);
#844=LINE('',#6540,#1256);
#845=LINE('',#6541,#1257);
#846=LINE('',#6545,#1258);
#847=LINE('',#6547,#1259);
#848=LINE('',#6549,#1260);
#849=LINE('',#6550,#1261);
#850=LINE('',#6557,#1262);
#851=LINE('',#6560,#1263);
#852=LINE('',#6565,#1264);
#853=LINE('',#6567,#1265);
#854=LINE('',#6568,#1266);
#855=LINE('',#6572,#1267);
#856=LINE('',#6573,#1268);
#857=LINE('',#6575,#1269);
#858=LINE('',#6577,#1270);
#859=LINE('',#6581,#1271);
#860=LINE('',#6582,#1272);
#861=LINE('',#6585,#1273);
#862=LINE('',#6587,#1274);
#863=LINE('',#6590,#1275);
#864=LINE('',#6594,#1276);
#865=LINE('',#6596,#1277);
#866=LINE('',#6598,#1278);
#867=LINE('',#6599,#1279);
#868=LINE('',#6606,#1280);
#869=LINE('',#6609,#1281);
#870=LINE('',#6614,#1282);
#871=LINE('',#6616,#1283);
#872=LINE('',#6617,#1284);
#873=LINE('',#6620,#1285);
#874=LINE('',#6622,#1286);
#875=LINE('',#6623,#1287);
#876=LINE('',#6626,#1288);
#877=LINE('',#6628,#1289);
#878=LINE('',#6631,#1290);
#879=LINE('',#6635,#1291);
#880=LINE('',#6636,#1292);
#881=LINE('',#6638,#1293);
#882=LINE('',#6641,#1294);
#883=LINE('',#6646,#1295);
#884=LINE('',#6648,#1296);
#885=LINE('',#6649,#1297);
#886=LINE('',#6650,#1298);
#887=LINE('',#6652,#1299);
#888=LINE('',#6654,#1300);
#889=LINE('',#6655,#1301);
#890=LINE('',#6660,#1302);
#891=LINE('',#6666,#1303);
#892=LINE('',#6668,#1304);
#893=LINE('',#6671,#1305);
#894=LINE('',#6673,#1306);
#895=LINE('',#6674,#1307);
#896=LINE('',#6679,#1308);
#897=LINE('',#6680,#1309);
#898=LINE('',#6682,#1310);
#899=LINE('',#6688,#1311);
#900=LINE('',#6691,#1312);
#901=LINE('',#6694,#1313);
#902=LINE('',#6695,#1314);
#903=LINE('',#6699,#1315);
#904=LINE('',#6700,#1316);
#905=LINE('',#6702,#1317);
#906=LINE('',#6707,#1318);
#907=LINE('',#6708,#1319);
#908=LINE('',#6711,#1320);
#909=LINE('',#6712,#1321);
#910=LINE('',#6717,#1322);
#911=LINE('',#6718,#1323);
#912=LINE('',#6722,#1324);
#913=LINE('',#6724,#1325);
#914=LINE('',#6726,#1326);
#915=LINE('',#6727,#1327);
#916=LINE('',#6730,#1328);
#917=LINE('',#6731,#1329);
#918=LINE('',#6732,#1330);
#919=LINE('',#6734,#1331);
#920=LINE('',#6736,#1332);
#921=LINE('',#6738,#1333);
#922=LINE('',#6741,#1334);
#923=LINE('',#6742,#1335);
#924=LINE('',#6746,#1336);
#925=LINE('',#6748,#1337);
#926=LINE('',#6750,#1338);
#927=LINE('',#6751,#1339);
#928=LINE('',#6754,#1340);
#929=LINE('',#6755,#1341);
#930=LINE('',#6756,#1342);
#931=LINE('',#6758,#1343);
#932=LINE('',#6760,#1344);
#933=LINE('',#6762,#1345);
#934=LINE('',#6765,#1346);
#935=LINE('',#6766,#1347);
#936=LINE('',#6770,#1348);
#937=LINE('',#6772,#1349);
#938=LINE('',#6774,#1350);
#939=LINE('',#6775,#1351);
#940=LINE('',#6778,#1352);
#941=LINE('',#6779,#1353);
#942=LINE('',#6780,#1354);
#943=LINE('',#6782,#1355);
#944=LINE('',#6784,#1356);
#945=LINE('',#6786,#1357);
#946=LINE('',#6789,#1358);
#947=LINE('',#6790,#1359);
#948=LINE('',#6794,#1360);
#949=LINE('',#6796,#1361);
#950=LINE('',#6798,#1362);
#951=LINE('',#6799,#1363);
#952=LINE('',#6802,#1364);
#953=LINE('',#6803,#1365);
#954=LINE('',#6804,#1366);
#955=LINE('',#6806,#1367);
#956=LINE('',#6808,#1368);
#957=LINE('',#6810,#1369);
#958=LINE('',#6813,#1370);
#959=LINE('',#6814,#1371);
#960=LINE('',#6818,#1372);
#961=LINE('',#6820,#1373);
#962=LINE('',#6822,#1374);
#963=LINE('',#6823,#1375);
#964=LINE('',#6826,#1376);
#965=LINE('',#6827,#1377);
#966=LINE('',#6828,#1378);
#967=LINE('',#6830,#1379);
#968=LINE('',#6832,#1380);
#969=LINE('',#6834,#1381);
#970=LINE('',#6837,#1382);
#971=LINE('',#6838,#1383);
#972=LINE('',#6842,#1384);
#973=LINE('',#6844,#1385);
#974=LINE('',#6846,#1386);
#975=LINE('',#6847,#1387);
#976=LINE('',#6850,#1388);
#977=LINE('',#6851,#1389);
#978=LINE('',#6852,#1390);
#979=LINE('',#6854,#1391);
#980=LINE('',#6856,#1392);
#981=LINE('',#6858,#1393);
#982=LINE('',#6861,#1394);
#983=LINE('',#6862,#1395);
#984=LINE('',#6866,#1396);
#985=LINE('',#6868,#1397);
#986=LINE('',#6870,#1398);
#987=LINE('',#6871,#1399);
#988=LINE('',#6874,#1400);
#989=LINE('',#6875,#1401);
#990=LINE('',#6876,#1402);
#991=LINE('',#6878,#1403);
#992=LINE('',#6880,#1404);
#993=LINE('',#6882,#1405);
#994=LINE('',#6885,#1406);
#995=LINE('',#6886,#1407);
#996=LINE('',#6890,#1408);
#997=LINE('',#6892,#1409);
#998=LINE('',#6894,#1410);
#999=LINE('',#6895,#1411);
#1000=LINE('',#6898,#1412);
#1001=LINE('',#6899,#1413);
#1002=LINE('',#6900,#1414);
#1003=LINE('',#6902,#1415);
#1004=LINE('',#6904,#1416);
#1005=LINE('',#6906,#1417);
#1006=LINE('',#6909,#1418);
#1007=LINE('',#6910,#1419);
#1008=LINE('',#6914,#1420);
#1009=LINE('',#6916,#1421);
#1010=LINE('',#6918,#1422);
#1011=LINE('',#6919,#1423);
#1012=LINE('',#6922,#1424);
#1013=LINE('',#6923,#1425);
#1014=LINE('',#6924,#1426);
#1015=LINE('',#6926,#1427);
#1016=LINE('',#6928,#1428);
#1017=LINE('',#6930,#1429);
#1018=LINE('',#6933,#1430);
#1019=LINE('',#6934,#1431);
#1020=LINE('',#6938,#1432);
#1021=LINE('',#6940,#1433);
#1022=LINE('',#6942,#1434);
#1023=LINE('',#6943,#1435);
#1024=LINE('',#6946,#1436);
#1025=LINE('',#6947,#1437);
#1026=LINE('',#6948,#1438);
#1027=LINE('',#6950,#1439);
#1028=LINE('',#6952,#1440);
#1029=LINE('',#6954,#1441);
#1030=LINE('',#6957,#1442);
#1031=LINE('',#6958,#1443);
#1032=LINE('',#6962,#1444);
#1033=LINE('',#6964,#1445);
#1034=LINE('',#6966,#1446);
#1035=LINE('',#6967,#1447);
#1036=LINE('',#6970,#1448);
#1037=LINE('',#6971,#1449);
#1038=LINE('',#6972,#1450);
#1039=LINE('',#6974,#1451);
#1040=LINE('',#6976,#1452);
#1041=LINE('',#6978,#1453);
#1042=LINE('',#6981,#1454);
#1043=LINE('',#6982,#1455);
#1044=LINE('',#6986,#1456);
#1045=LINE('',#6988,#1457);
#1046=LINE('',#6990,#1458);
#1047=LINE('',#6991,#1459);
#1048=LINE('',#6994,#1460);
#1049=LINE('',#6995,#1461);
#1050=LINE('',#6996,#1462);
#1051=LINE('',#6998,#1463);
#1052=LINE('',#7000,#1464);
#1053=LINE('',#7002,#1465);
#1054=LINE('',#7005,#1466);
#1055=LINE('',#7006,#1467);
#1056=LINE('',#7009,#1468);
#1057=LINE('',#7010,#1469);
#1058=LINE('',#7014,#1470);
#1059=LINE('',#7016,#1471);
#1060=LINE('',#7018,#1472);
#1061=LINE('',#7019,#1473);
#1062=LINE('',#7021,#1474);
#1063=LINE('',#7022,#1475);
#1064=LINE('',#7023,#1476);
#1065=LINE('',#7025,#1477);
#1066=LINE('',#7027,#1478);
#1067=LINE('',#7034,#1479);
#1068=LINE('',#7037,#1480);
#1069=LINE('',#7040,#1481);
#1070=LINE('',#7042,#1482);
#1071=LINE('',#7049,#1483);
#1072=LINE('',#7052,#1484);
#1073=LINE('',#7058,#1485);
#1074=LINE('',#7061,#1486);
#1075=LINE('',#7063,#1487);
#1076=LINE('',#7064,#1488);
#1077=LINE('',#7066,#1489);
#1078=LINE('',#7067,#1490);
#1079=LINE('',#7069,#1491);
#1080=LINE('',#7070,#1492);
#1081=LINE('',#7072,#1493);
#1082=LINE('',#7076,#1494);
#1083=LINE('',#7077,#1495);
#1084=LINE('',#7078,#1496);
#1085=LINE('',#7081,#1497);
#1086=LINE('',#7082,#1498);
#1087=LINE('',#7084,#1499);
#1088=LINE('',#7085,#1500);
#1089=LINE('',#7087,#1501);
#1090=LINE('',#7088,#1502);
#1091=LINE('',#7089,#1503);
#1092=LINE('',#7100,#1504);
#1093=LINE('',#7102,#1505);
#1094=LINE('',#7103,#1506);
#1095=LINE('',#7106,#1507);
#1096=LINE('',#7108,#1508);
#1097=LINE('',#7109,#1509);
#1098=LINE('',#7112,#1510);
#1099=LINE('',#7131,#1511);
#1100=LINE('',#7137,#1512);
#1101=LINE('',#7148,#1513);
#1102=LINE('',#7150,#1514);
#1103=LINE('',#7151,#1515);
#1104=LINE('',#7152,#1516);
#1105=LINE('',#7154,#1517);
#1106=LINE('',#7157,#1518);
#1107=LINE('',#7158,#1519);
#1108=LINE('',#7159,#1520);
#1109=LINE('',#7161,#1521);
#1110=VECTOR('',#4275,10.);
#1111=VECTOR('',#4276,10.);
#1112=VECTOR('',#4277,10.);
#1113=VECTOR('',#4278,10.);
#1114=VECTOR('',#4285,10.);
#1115=VECTOR('',#4290,10.);
#1116=VECTOR('',#4295,10.);
#1117=VECTOR('',#4296,10.);
#1118=VECTOR('',#4299,10.);
#1119=VECTOR('',#4300,10.);
#1120=VECTOR('',#4301,10.);
#1121=VECTOR('',#4302,10.);
#1122=VECTOR('',#4305,10.);
#1123=VECTOR('',#4306,10.);
#1124=VECTOR('',#4307,10.);
#1125=VECTOR('',#4310,10.);
#1126=VECTOR('',#4311,10.);
#1127=VECTOR('',#4312,10.);
#1128=VECTOR('',#4315,10.);
#1129=VECTOR('',#4316,10.);
#1130=VECTOR('',#4321,10.);
#1131=VECTOR('',#4322,10.);
#1132=VECTOR('',#4323,10.);
#1133=VECTOR('',#4324,10.);
#1134=VECTOR('',#4325,10.);
#1135=VECTOR('',#4326,10.);
#1136=VECTOR('',#4327,10.);
#1137=VECTOR('',#4328,10.);
#1138=VECTOR('',#4329,10.);
#1139=VECTOR('',#4330,10.);
#1140=VECTOR('',#4331,10.);
#1141=VECTOR('',#4332,10.);
#1142=VECTOR('',#4333,10.);
#1143=VECTOR('',#4340,3.);
#1144=VECTOR('',#4351,3.);
#1145=VECTOR('',#4358,10.);
#1146=VECTOR('',#4359,10.);
#1147=VECTOR('',#4360,10.);
#1148=VECTOR('',#4361,10.);
#1149=VECTOR('',#4362,10.);
#1150=VECTOR('',#4363,10.);
#1151=VECTOR('',#4366,10.);
#1152=VECTOR('',#4367,10.);
#1153=VECTOR('',#4368,10.);
#1154=VECTOR('',#4371,10.);
#1155=VECTOR('',#4372,10.);
#1156=VECTOR('',#4375,10.);
#1157=VECTOR('',#4378,10.);
#1158=VECTOR('',#4383,2.05);
#1159=VECTOR('',#4384,10.);
#1160=VECTOR('',#4387,10.);
#1161=VECTOR('',#4394,10.);
#1162=VECTOR('',#4395,10.);
#1163=VECTOR('',#4396,10.);
#1164=VECTOR('',#4399,10.);
#1165=VECTOR('',#4400,10.);
#1166=VECTOR('',#4401,10.);
#1167=VECTOR('',#4404,10.);
#1168=VECTOR('',#4405,10.);
#1169=VECTOR('',#4406,10.);
#1170=VECTOR('',#4407,10.);
#1171=VECTOR('',#4410,10.);
#1172=VECTOR('',#4411,10.);
#1173=VECTOR('',#4414,10.);
#1174=VECTOR('',#4417,10.);
#1175=VECTOR('',#4420,10.);
#1176=VECTOR('',#4421,10.);
#1177=VECTOR('',#4422,10.);
#1178=VECTOR('',#4423,10.);
#1179=VECTOR('',#4424,10.);
#1180=VECTOR('',#4425,10.);
#1181=VECTOR('',#4426,10.);
#1182=VECTOR('',#4427,10.);
#1183=VECTOR('',#4428,10.);
#1184=VECTOR('',#4429,10.);
#1185=VECTOR('',#4434,10.);
#1186=VECTOR('',#4441,2.05);
#1187=VECTOR('',#4444,2.05);
#1188=VECTOR('',#4447,10.);
#1189=VECTOR('',#4448,10.);
#1190=VECTOR('',#4449,10.);
#1191=VECTOR('',#4450,10.);
#1192=VECTOR('',#4451,10.);
#1193=VECTOR('',#4452,10.);
#1194=VECTOR('',#4453,10.);
#1195=VECTOR('',#4456,10.);
#1196=VECTOR('',#4459,10.);
#1197=VECTOR('',#4460,10.);
#1198=VECTOR('',#4463,10.);
#1199=VECTOR('',#4468,10.);
#1200=VECTOR('',#4473,10.);
#1201=VECTOR('',#4476,10.);
#1202=VECTOR('',#4481,10.);
#1203=VECTOR('',#4484,10.);
#1204=VECTOR('',#4489,10.);
#1205=VECTOR('',#4494,10.);
#1206=VECTOR('',#4495,10.);
#1207=VECTOR('',#4496,10.);
#1208=VECTOR('',#4497,10.);
#1209=VECTOR('',#4498,10.);
#1210=VECTOR('',#4499,10.);
#1211=VECTOR('',#4500,10.);
#1212=VECTOR('',#4501,10.);
#1213=VECTOR('',#4502,10.);
#1214=VECTOR('',#4503,10.);
#1215=VECTOR('',#4504,10.);
#1216=VECTOR('',#4505,10.);
#1217=VECTOR('',#4506,10.);
#1218=VECTOR('',#4507,10.);
#1219=VECTOR('',#4508,10.);
#1220=VECTOR('',#4509,10.);
#1221=VECTOR('',#4510,10.);
#1222=VECTOR('',#4511,10.);
#1223=VECTOR('',#4512,10.);
#1224=VECTOR('',#4513,10.);
#1225=VECTOR('',#4514,10.);
#1226=VECTOR('',#4515,10.);
#1227=VECTOR('',#4516,10.);
#1228=VECTOR('',#4517,10.);
#1229=VECTOR('',#4518,10.);
#1230=VECTOR('',#4519,10.);
#1231=VECTOR('',#4520,10.);
#1232=VECTOR('',#4521,10.);
#1233=VECTOR('',#4522,10.);
#1234=VECTOR('',#4525,10.);
#1235=VECTOR('',#4526,10.);
#1236=VECTOR('',#4527,10.);
#1237=VECTOR('',#4528,10.);
#1238=VECTOR('',#4531,10.);
#1239=VECTOR('',#4532,10.);
#1240=VECTOR('',#4533,190.);
#1241=VECTOR('',#4536,10.);
#1242=VECTOR('',#4539,10.);
#1243=VECTOR('',#4540,10.);
#1244=VECTOR('',#4543,10.);
#1245=VECTOR('',#4544,5.50000000000001);
#1246=VECTOR('',#4549,10.);
#1247=VECTOR('',#4564,2.05);
#1248=VECTOR('',#4577,2.05);
#1249=VECTOR('',#4590,2.05);
#1250=VECTOR('',#4603,2.05);
#1251=VECTOR('',#4606,3.00000000000001);
#1252=VECTOR('',#4619,3.00000000000001);
#1253=VECTOR('',#4630,3.00000000000001);
#1254=VECTOR('',#4641,3.00000000000001);
#1255=VECTOR('',#4654,10.);
#1256=VECTOR('',#4655,10.);
#1257=VECTOR('',#4656,10.);
#1258=VECTOR('',#4659,10.);
#1259=VECTOR('',#4660,10.);
#1260=VECTOR('',#4661,10.);
#1261=VECTOR('',#4662,10.);
#1262=VECTOR('',#4669,10.);
#1263=VECTOR('',#4672,10.);
#1264=VECTOR('',#4679,10.);
#1265=VECTOR('',#4680,10.);
#1266=VECTOR('',#4681,10.);
#1267=VECTOR('',#4684,10.);
#1268=VECTOR('',#4685,10.);
#1269=VECTOR('',#4686,10.);
#1270=VECTOR('',#4687,10.);
#1271=VECTOR('',#4692,10.);
#1272=VECTOR('',#4693,10.);
#1273=VECTOR('',#4696,10.);
#1274=VECTOR('',#4697,10.);
#1275=VECTOR('',#4700,10.);
#1276=VECTOR('',#4703,10.);
#1277=VECTOR('',#4704,10.);
#1278=VECTOR('',#4705,10.);
#1279=VECTOR('',#4706,10.);
#1280=VECTOR('',#4713,10.);
#1281=VECTOR('',#4716,10.);
#1282=VECTOR('',#4723,10.);
#1283=VECTOR('',#4724,10.);
#1284=VECTOR('',#4725,10.);
#1285=VECTOR('',#4728,10.);
#1286=VECTOR('',#4729,10.);
#1287=VECTOR('',#4730,10.);
#1288=VECTOR('',#4733,10.);
#1289=VECTOR('',#4734,10.);
#1290=VECTOR('',#4737,10.);
#1291=VECTOR('',#4740,10.);
#1292=VECTOR('',#4741,10.);
#1293=VECTOR('',#4742,10.);
#1294=VECTOR('',#4747,10.);
#1295=VECTOR('',#4752,10.);
#1296=VECTOR('',#4753,10.);
#1297=VECTOR('',#4754,10.);
#1298=VECTOR('',#4755,10.);
#1299=VECTOR('',#4756,10.);
#1300=VECTOR('',#4757,10.);
#1301=VECTOR('',#4758,10.);
#1302=VECTOR('',#4765,10.);
#1303=VECTOR('',#4770,10.);
#1304=VECTOR('',#4771,10.);
#1305=VECTOR('',#4774,10.);
#1306=VECTOR('',#4775,10.);
#1307=VECTOR('',#4776,10.);
#1308=VECTOR('',#4783,10.);
#1309=VECTOR('',#4784,10.);
#1310=VECTOR('',#4787,10.);
#1311=VECTOR('',#4796,2.05);
#1312=VECTOR('',#4801,10.);
#1313=VECTOR('',#4806,10.);
#1314=VECTOR('',#4807,10.);
#1315=VECTOR('',#4812,10.);
#1316=VECTOR('',#4813,10.);
#1317=VECTOR('',#4816,10.);
#1318=VECTOR('',#4821,10.);
#1319=VECTOR('',#4822,10.);
#1320=VECTOR('',#4825,10.);
#1321=VECTOR('',#4826,10.);
#1322=VECTOR('',#4833,10.);
#1323=VECTOR('',#4834,10.);
#1324=VECTOR('',#4837,10.);
#1325=VECTOR('',#4838,10.);
#1326=VECTOR('',#4839,10.);
#1327=VECTOR('',#4840,10.);
#1328=VECTOR('',#4843,10.);
#1329=VECTOR('',#4844,10.);
#1330=VECTOR('',#4845,10.);
#1331=VECTOR('',#4848,10.);
#1332=VECTOR('',#4851,10.);
#1333=VECTOR('',#4854,10.);
#1334=VECTOR('',#4857,10.);
#1335=VECTOR('',#4858,10.);
#1336=VECTOR('',#4861,10.);
#1337=VECTOR('',#4862,10.);
#1338=VECTOR('',#4863,10.);
#1339=VECTOR('',#4864,10.);
#1340=VECTOR('',#4867,10.);
#1341=VECTOR('',#4868,10.);
#1342=VECTOR('',#4869,10.);
#1343=VECTOR('',#4872,10.);
#1344=VECTOR('',#4875,10.);
#1345=VECTOR('',#4878,10.);
#1346=VECTOR('',#4881,10.);
#1347=VECTOR('',#4882,10.);
#1348=VECTOR('',#4885,10.);
#1349=VECTOR('',#4886,10.);
#1350=VECTOR('',#4887,10.);
#1351=VECTOR('',#4888,10.);
#1352=VECTOR('',#4891,10.);
#1353=VECTOR('',#4892,10.);
#1354=VECTOR('',#4893,10.);
#1355=VECTOR('',#4896,10.);
#1356=VECTOR('',#4899,10.);
#1357=VECTOR('',#4902,10.);
#1358=VECTOR('',#4905,10.);
#1359=VECTOR('',#4906,10.);
#1360=VECTOR('',#4909,10.);
#1361=VECTOR('',#4910,10.);
#1362=VECTOR('',#4911,10.);
#1363=VECTOR('',#4912,10.);
#1364=VECTOR('',#4915,10.);
#1365=VECTOR('',#4916,10.);
#1366=VECTOR('',#4917,10.);
#1367=VECTOR('',#4920,10.);
#1368=VECTOR('',#4923,10.);
#1369=VECTOR('',#4926,10.);
#1370=VECTOR('',#4929,10.);
#1371=VECTOR('',#4930,10.);
#1372=VECTOR('',#4933,10.);
#1373=VECTOR('',#4934,10.);
#1374=VECTOR('',#4935,10.);
#1375=VECTOR('',#4936,10.);
#1376=VECTOR('',#4939,10.);
#1377=VECTOR('',#4940,10.);
#1378=VECTOR('',#4941,10.);
#1379=VECTOR('',#4944,10.);
#1380=VECTOR('',#4947,10.);
#1381=VECTOR('',#4950,10.);
#1382=VECTOR('',#4953,10.);
#1383=VECTOR('',#4954,10.);
#1384=VECTOR('',#4957,10.);
#1385=VECTOR('',#4958,10.);
#1386=VECTOR('',#4959,10.);
#1387=VECTOR('',#4960,10.);
#1388=VECTOR('',#4963,10.);
#1389=VECTOR('',#4964,10.);
#1390=VECTOR('',#4965,10.);
#1391=VECTOR('',#4968,10.);
#1392=VECTOR('',#4971,10.);
#1393=VECTOR('',#4974,10.);
#1394=VECTOR('',#4977,10.);
#1395=VECTOR('',#4978,10.);
#1396=VECTOR('',#4981,10.);
#1397=VECTOR('',#4982,10.);
#1398=VECTOR('',#4983,10.);
#1399=VECTOR('',#4984,10.);
#1400=VECTOR('',#4987,10.);
#1401=VECTOR('',#4988,10.);
#1402=VECTOR('',#4989,10.);
#1403=VECTOR('',#4992,10.);
#1404=VECTOR('',#4995,10.);
#1405=VECTOR('',#4998,10.);
#1406=VECTOR('',#5001,10.);
#1407=VECTOR('',#5002,10.);
#1408=VECTOR('',#5005,10.);
#1409=VECTOR('',#5006,10.);
#1410=VECTOR('',#5007,10.);
#1411=VECTOR('',#5008,10.);
#1412=VECTOR('',#5011,10.);
#1413=VECTOR('',#5012,10.);
#1414=VECTOR('',#5013,10.);
#1415=VECTOR('',#5016,10.);
#1416=VECTOR('',#5019,10.);
#1417=VECTOR('',#5022,10.);
#1418=VECTOR('',#5025,10.);
#1419=VECTOR('',#5026,10.);
#1420=VECTOR('',#5029,10.);
#1421=VECTOR('',#5030,10.);
#1422=VECTOR('',#5031,10.);
#1423=VECTOR('',#5032,10.);
#1424=VECTOR('',#5035,10.);
#1425=VECTOR('',#5036,10.);
#1426=VECTOR('',#5037,10.);
#1427=VECTOR('',#5040,10.);
#1428=VECTOR('',#5043,10.);
#1429=VECTOR('',#5046,10.);
#1430=VECTOR('',#5049,10.);
#1431=VECTOR('',#5050,10.);
#1432=VECTOR('',#5053,10.);
#1433=VECTOR('',#5054,10.);
#1434=VECTOR('',#5055,10.);
#1435=VECTOR('',#5056,10.);
#1436=VECTOR('',#5059,10.);
#1437=VECTOR('',#5060,10.);
#1438=VECTOR('',#5061,10.);
#1439=VECTOR('',#5064,10.);
#1440=VECTOR('',#5067,10.);
#1441=VECTOR('',#5070,10.);
#1442=VECTOR('',#5073,10.);
#1443=VECTOR('',#5074,10.);
#1444=VECTOR('',#5077,10.);
#1445=VECTOR('',#5078,10.);
#1446=VECTOR('',#5079,10.);
#1447=VECTOR('',#5080,10.);
#1448=VECTOR('',#5083,10.);
#1449=VECTOR('',#5084,10.);
#1450=VECTOR('',#5085,10.);
#1451=VECTOR('',#5088,10.);
#1452=VECTOR('',#5091,10.);
#1453=VECTOR('',#5094,10.);
#1454=VECTOR('',#5097,10.);
#1455=VECTOR('',#5098,10.);
#1456=VECTOR('',#5101,10.);
#1457=VECTOR('',#5102,10.);
#1458=VECTOR('',#5103,10.);
#1459=VECTOR('',#5104,10.);
#1460=VECTOR('',#5107,10.);
#1461=VECTOR('',#5108,10.);
#1462=VECTOR('',#5109,10.);
#1463=VECTOR('',#5112,10.);
#1464=VECTOR('',#5115,10.);
#1465=VECTOR('',#5118,10.);
#1466=VECTOR('',#5121,10.);
#1467=VECTOR('',#5122,10.);
#1468=VECTOR('',#5125,10.);
#1469=VECTOR('',#5126,10.);
#1470=VECTOR('',#5129,10.);
#1471=VECTOR('',#5130,10.);
#1472=VECTOR('',#5131,10.);
#1473=VECTOR('',#5132,10.);
#1474=VECTOR('',#5135,10.);
#1475=VECTOR('',#5136,10.);
#1476=VECTOR('',#5137,10.);
#1477=VECTOR('',#5140,10.);
#1478=VECTOR('',#5143,10.);
#1479=VECTOR('',#5150,10.);
#1480=VECTOR('',#5153,10.);
#1481=VECTOR('',#5156,10.);
#1482=VECTOR('',#5157,10.);
#1483=VECTOR('',#5164,10.);
#1484=VECTOR('',#5167,10.);
#1485=VECTOR('',#5172,10.);
#1486=VECTOR('',#5175,10.);
#1487=VECTOR('',#5178,10.);
#1488=VECTOR('',#5179,10.);
#1489=VECTOR('',#5182,10.);
#1490=VECTOR('',#5183,10.);
#1491=VECTOR('',#5186,10.);
#1492=VECTOR('',#5187,10.);
#1493=VECTOR('',#5188,5.50000000000001);
#1494=VECTOR('',#5195,10.);
#1495=VECTOR('',#5196,10.);
#1496=VECTOR('',#5197,5.50000000000001);
#1497=VECTOR('',#5202,10.);
#1498=VECTOR('',#5203,10.);
#1499=VECTOR('',#5206,10.);
#1500=VECTOR('',#5207,10.);
#1501=VECTOR('',#5210,10.);
#1502=VECTOR('',#5211,10.);
#1503=VECTOR('',#5212,5.50000000000001);
#1504=VECTOR('',#5233,10.);
#1505=VECTOR('',#5236,10.);
#1506=VECTOR('',#5237,10.);
#1507=VECTOR('',#5242,10.);
#1508=VECTOR('',#5245,10.);
#1509=VECTOR('',#5246,10.);
#1510=VECTOR('',#5251,10.);
#1511=VECTOR('',#5282,2.04999999999998);
#1512=VECTOR('',#5291,2.04999999999998);
#1513=VECTOR('',#5310,10.);
#1514=VECTOR('',#5311,190.);
#1515=VECTOR('',#5312,10.);
#1516=VECTOR('',#5313,10.);
#1517=VECTOR('',#5316,10.);
#1518=VECTOR('',#5319,10.);
#1519=VECTOR('',#5320,10.);
#1520=VECTOR('',#5321,10.);
#1521=VECTOR('',#5324,10.);
#1522=VERTEX_POINT('',#5331);
#1523=VERTEX_POINT('',#5332);
#1524=VERTEX_POINT('',#5334);
#1525=VERTEX_POINT('',#5336);
#1526=VERTEX_POINT('',#5340);
#1527=VERTEX_POINT('',#5342);
#1528=VERTEX_POINT('',#5346);
#1529=VERTEX_POINT('',#5348);
#1530=VERTEX_POINT('',#5355);
#1531=VERTEX_POINT('',#5356);
#1532=VERTEX_POINT('',#5358);
#1533=VERTEX_POINT('',#5360);
#1534=VERTEX_POINT('',#5364);
#1535=VERTEX_POINT('',#5366);
#1536=VERTEX_POINT('',#5370);
#1537=VERTEX_POINT('',#5372);
#1538=VERTEX_POINT('',#5380);
#1539=VERTEX_POINT('',#5381);
#1540=VERTEX_POINT('',#5413);
#1541=VERTEX_POINT('',#5415);
#1542=VERTEX_POINT('',#5417);
#1543=VERTEX_POINT('',#5419);
#1544=VERTEX_POINT('',#5421);
#1545=VERTEX_POINT('',#5423);
#1546=VERTEX_POINT('',#5425);
#1547=VERTEX_POINT('',#5430);
#1548=VERTEX_POINT('',#5432);
#1549=VERTEX_POINT('',#5434);
#1550=VERTEX_POINT('',#5436);
#1551=VERTEX_POINT('',#5438);
#1552=VERTEX_POINT('',#5440);
#1553=VERTEX_POINT('',#5443);
#1554=VERTEX_POINT('',#5446);
#1555=VERTEX_POINT('',#5448);
#1556=VERTEX_POINT('',#5452);
#1557=VERTEX_POINT('',#5455);
#1558=VERTEX_POINT('',#5457);
#1559=VERTEX_POINT('',#5461);
#1560=VERTEX_POINT('',#5503);
#1561=VERTEX_POINT('',#5569);
#1562=VERTEX_POINT('',#5643);
#1563=VERTEX_POINT('',#5654);
#1564=VERTEX_POINT('',#5656);
#1565=VERTEX_POINT('',#5661);
#1566=VERTEX_POINT('',#5676);
#1567=VERTEX_POINT('',#5677);
#1568=VERTEX_POINT('',#5682);
#1569=VERTEX_POINT('',#5762);
#1570=VERTEX_POINT('',#5838);
#1571=VERTEX_POINT('',#5839);
#1572=VERTEX_POINT('',#5856);
#1573=VERTEX_POINT('',#5858);
#1574=VERTEX_POINT('',#5879);
#1575=VERTEX_POINT('',#5884);
#1576=VERTEX_POINT('',#5901);
#1577=VERTEX_POINT('',#5933);
#1578=VERTEX_POINT('',#5935);
#1579=VERTEX_POINT('',#5951);
#1580=VERTEX_POINT('',#5953);
#1581=VERTEX_POINT('',#5961);
#1582=VERTEX_POINT('',#5966);
#1583=VERTEX_POINT('',#6072);
#1584=VERTEX_POINT('',#6079);
#1585=VERTEX_POINT('',#6115);
#1586=VERTEX_POINT('',#6120);
#1587=VERTEX_POINT('',#6125);
#1588=VERTEX_POINT('',#6139);
#1589=VERTEX_POINT('',#6141);
#1590=VERTEX_POINT('',#6145);
#1591=VERTEX_POINT('',#6149);
#1592=VERTEX_POINT('',#6150);
#1593=VERTEX_POINT('',#6152);
#1594=VERTEX_POINT('',#6154);
#1595=VERTEX_POINT('',#6156);
#1596=VERTEX_POINT('',#6158);
#1597=VERTEX_POINT('',#6161);
#1598=VERTEX_POINT('',#6163);
#1599=VERTEX_POINT('',#6166);
#1600=VERTEX_POINT('',#6170);
#1601=VERTEX_POINT('',#6172);
#1602=VERTEX_POINT('',#6176);
#1603=VERTEX_POINT('',#6178);
#1604=VERTEX_POINT('',#6182);
#1605=VERTEX_POINT('',#6184);
#1606=VERTEX_POINT('',#6186);
#1607=VERTEX_POINT('',#6190);
#1608=VERTEX_POINT('',#6194);
#1609=VERTEX_POINT('',#6196);
#1610=VERTEX_POINT('',#6200);
#1611=VERTEX_POINT('',#6202);
#1612=VERTEX_POINT('',#6204);
#1613=VERTEX_POINT('',#6206);
#1614=VERTEX_POINT('',#6209);
#1615=VERTEX_POINT('',#6211);
#1616=VERTEX_POINT('',#6213);
#1617=VERTEX_POINT('',#6215);
#1618=VERTEX_POINT('',#6218);
#1619=VERTEX_POINT('',#6221);
#1620=VERTEX_POINT('',#6223);
#1621=VERTEX_POINT('',#6231);
#1622=VERTEX_POINT('',#6232);
#1623=VERTEX_POINT('',#6234);
#1624=VERTEX_POINT('',#6236);
#1625=VERTEX_POINT('',#6238);
#1626=VERTEX_POINT('',#6241);
#1627=VERTEX_POINT('',#6243);
#1628=VERTEX_POINT('',#6245);
#1629=VERTEX_POINT('',#6247);
#1630=VERTEX_POINT('',#6249);
#1631=VERTEX_POINT('',#6252);
#1632=VERTEX_POINT('',#6253);
#1633=VERTEX_POINT('',#6255);
#1634=VERTEX_POINT('',#6257);
#1635=VERTEX_POINT('',#6259);
#1636=VERTEX_POINT('',#6262);
#1637=VERTEX_POINT('',#6263);
#1638=VERTEX_POINT('',#6265);
#1639=VERTEX_POINT('',#6267);
#1640=VERTEX_POINT('',#6269);
#1641=VERTEX_POINT('',#6272);
#1642=VERTEX_POINT('',#6273);
#1643=VERTEX_POINT('',#6275);
#1644=VERTEX_POINT('',#6277);
#1645=VERTEX_POINT('',#6279);
#1646=VERTEX_POINT('',#6282);
#1647=VERTEX_POINT('',#6283);
#1648=VERTEX_POINT('',#6285);
#1649=VERTEX_POINT('',#6287);
#1650=VERTEX_POINT('',#6289);
#1651=VERTEX_POINT('',#6293);
#1652=VERTEX_POINT('',#6295);
#1653=VERTEX_POINT('',#6297);
#1654=VERTEX_POINT('',#6299);
#1655=VERTEX_POINT('',#6301);
#1656=VERTEX_POINT('',#6303);
#1657=VERTEX_POINT('',#6305);
#1658=VERTEX_POINT('',#6307);
#1659=VERTEX_POINT('',#6309);
#1660=VERTEX_POINT('',#6311);
#1661=VERTEX_POINT('',#6313);
#1662=VERTEX_POINT('',#6315);
#1663=VERTEX_POINT('',#6317);
#1664=VERTEX_POINT('',#6319);
#1665=VERTEX_POINT('',#6321);
#1666=VERTEX_POINT('',#6323);
#1667=VERTEX_POINT('',#6325);
#1668=VERTEX_POINT('',#6327);
#1669=VERTEX_POINT('',#6329);
#1670=VERTEX_POINT('',#6331);
#1671=VERTEX_POINT('',#6333);
#1672=VERTEX_POINT('',#6335);
#1673=VERTEX_POINT('',#6337);
#1674=VERTEX_POINT('',#6339);
#1675=VERTEX_POINT('',#6341);
#1676=VERTEX_POINT('',#6343);
#1677=VERTEX_POINT('',#6346);
#1678=VERTEX_POINT('',#6350);
#1679=VERTEX_POINT('',#6351);
#1680=VERTEX_POINT('',#6353);
#1681=VERTEX_POINT('',#6355);
#1682=VERTEX_POINT('',#6359);
#1683=VERTEX_POINT('',#6361);
#1684=VERTEX_POINT('',#6367);
#1685=VERTEX_POINT('',#6371);
#1686=VERTEX_POINT('',#6373);
#1687=VERTEX_POINT('',#6375);
#1688=VERTEX_POINT('',#6377);
#1689=VERTEX_POINT('',#6393);
#1690=VERTEX_POINT('',#6397);
#1691=VERTEX_POINT('',#6400);
#1692=VERTEX_POINT('',#6402);
#1693=VERTEX_POINT('',#6407);
#1694=VERTEX_POINT('',#6410);
#1695=VERTEX_POINT('',#6412);
#1696=VERTEX_POINT('',#6417);
#1697=VERTEX_POINT('',#6420);
#1698=VERTEX_POINT('',#6422);
#1699=VERTEX_POINT('',#6427);
#1700=VERTEX_POINT('',#6430);
#1701=VERTEX_POINT('',#6432);
#1702=VERTEX_POINT('',#6437);
#1703=VERTEX_POINT('',#6441);
#1704=VERTEX_POINT('',#6446);
#1705=VERTEX_POINT('',#6450);
#1706=VERTEX_POINT('',#6452);
#1707=VERTEX_POINT('',#6463);
#1708=VERTEX_POINT('',#6470);
#1709=VERTEX_POINT('',#6479);
#1710=VERTEX_POINT('',#6483);
#1711=VERTEX_POINT('',#6485);
#1712=VERTEX_POINT('',#6494);
#1713=VERTEX_POINT('',#6501);
#1714=VERTEX_POINT('',#6512);
#1715=VERTEX_POINT('',#6516);
#1716=VERTEX_POINT('',#6518);
#1717=VERTEX_POINT('',#6520);
#1718=VERTEX_POINT('',#6537);
#1719=VERTEX_POINT('',#6538);
#1720=VERTEX_POINT('',#6543);
#1721=VERTEX_POINT('',#6544);
#1722=VERTEX_POINT('',#6546);
#1723=VERTEX_POINT('',#6548);
#1724=VERTEX_POINT('',#6551);
#1725=VERTEX_POINT('',#6552);
#1726=VERTEX_POINT('',#6556);
#1727=VERTEX_POINT('',#6558);
#1728=VERTEX_POINT('',#6564);
#1729=VERTEX_POINT('',#6566);
#1730=VERTEX_POINT('',#6570);
#1731=VERTEX_POINT('',#6571);
#1732=VERTEX_POINT('',#6574);
#1733=VERTEX_POINT('',#6576);
#1734=VERTEX_POINT('',#6580);
#1735=VERTEX_POINT('',#6584);
#1736=VERTEX_POINT('',#6586);
#1737=VERTEX_POINT('',#6588);
#1738=VERTEX_POINT('',#6592);
#1739=VERTEX_POINT('',#6593);
#1740=VERTEX_POINT('',#6595);
#1741=VERTEX_POINT('',#6597);
#1742=VERTEX_POINT('',#6600);
#1743=VERTEX_POINT('',#6601);
#1744=VERTEX_POINT('',#6605);
#1745=VERTEX_POINT('',#6607);
#1746=VERTEX_POINT('',#6613);
#1747=VERTEX_POINT('',#6615);
#1748=VERTEX_POINT('',#6619);
#1749=VERTEX_POINT('',#6621);
#1750=VERTEX_POINT('',#6625);
#1751=VERTEX_POINT('',#6627);
#1752=VERTEX_POINT('',#6629);
#1753=VERTEX_POINT('',#6633);
#1754=VERTEX_POINT('',#6634);
#1755=VERTEX_POINT('',#6637);
#1756=VERTEX_POINT('',#6643);
#1757=VERTEX_POINT('',#6644);
#1758=VERTEX_POINT('',#6647);
#1759=VERTEX_POINT('',#6651);
#1760=VERTEX_POINT('',#6653);
#1761=VERTEX_POINT('',#6659);
#1762=VERTEX_POINT('',#6661);
#1763=VERTEX_POINT('',#6663);
#1764=VERTEX_POINT('',#6665);
#1765=VERTEX_POINT('',#6667);
#1766=VERTEX_POINT('',#6669);
#1767=VERTEX_POINT('',#6672);
#1768=VERTEX_POINT('',#6678);
#1769=VERTEX_POINT('',#6685);
#1770=VERTEX_POINT('',#6698);
#1771=VERTEX_POINT('',#6704);
#1772=VERTEX_POINT('',#6705);
#1773=VERTEX_POINT('',#6710);
#1774=VERTEX_POINT('',#6716);
#1775=VERTEX_POINT('',#6720);
#1776=VERTEX_POINT('',#6721);
#1777=VERTEX_POINT('',#6723);
#1778=VERTEX_POINT('',#6725);
#1779=VERTEX_POINT('',#6729);
#1780=VERTEX_POINT('',#6740);
#1781=VERTEX_POINT('',#6744);
#1782=VERTEX_POINT('',#6745);
#1783=VERTEX_POINT('',#6747);
#1784=VERTEX_POINT('',#6749);
#1785=VERTEX_POINT('',#6753);
#1786=VERTEX_POINT('',#6764);
#1787=VERTEX_POINT('',#6768);
#1788=VERTEX_POINT('',#6769);
#1789=VERTEX_POINT('',#6771);
#1790=VERTEX_POINT('',#6773);
#1791=VERTEX_POINT('',#6777);
#1792=VERTEX_POINT('',#6788);
#1793=VERTEX_POINT('',#6792);
#1794=VERTEX_POINT('',#6793);
#1795=VERTEX_POINT('',#6795);
#1796=VERTEX_POINT('',#6797);
#1797=VERTEX_POINT('',#6801);
#1798=VERTEX_POINT('',#6812);
#1799=VERTEX_POINT('',#6816);
#1800=VERTEX_POINT('',#6817);
#1801=VERTEX_POINT('',#6819);
#1802=VERTEX_POINT('',#6821);
#1803=VERTEX_POINT('',#6825);
#1804=VERTEX_POINT('',#6836);
#1805=VERTEX_POINT('',#6840);
#1806=VERTEX_POINT('',#6841);
#1807=VERTEX_POINT('',#6843);
#1808=VERTEX_POINT('',#6845);
#1809=VERTEX_POINT('',#6849);
#1810=VERTEX_POINT('',#6860);
#1811=VERTEX_POINT('',#6864);
#1812=VERTEX_POINT('',#6865);
#1813=VERTEX_POINT('',#6867);
#1814=VERTEX_POINT('',#6869);
#1815=VERTEX_POINT('',#6873);
#1816=VERTEX_POINT('',#6884);
#1817=VERTEX_POINT('',#6888);
#1818=VERTEX_POINT('',#6889);
#1819=VERTEX_POINT('',#6891);
#1820=VERTEX_POINT('',#6893);
#1821=VERTEX_POINT('',#6897);
#1822=VERTEX_POINT('',#6908);
#1823=VERTEX_POINT('',#6912);
#1824=VERTEX_POINT('',#6913);
#1825=VERTEX_POINT('',#6915);
#1826=VERTEX_POINT('',#6917);
#1827=VERTEX_POINT('',#6921);
#1828=VERTEX_POINT('',#6932);
#1829=VERTEX_POINT('',#6936);
#1830=VERTEX_POINT('',#6937);
#1831=VERTEX_POINT('',#6939);
#1832=VERTEX_POINT('',#6941);
#1833=VERTEX_POINT('',#6945);
#1834=VERTEX_POINT('',#6956);
#1835=VERTEX_POINT('',#6960);
#1836=VERTEX_POINT('',#6961);
#1837=VERTEX_POINT('',#6963);
#1838=VERTEX_POINT('',#6965);
#1839=VERTEX_POINT('',#6969);
#1840=VERTEX_POINT('',#6980);
#1841=VERTEX_POINT('',#6984);
#1842=VERTEX_POINT('',#6985);
#1843=VERTEX_POINT('',#6987);
#1844=VERTEX_POINT('',#6989);
#1845=VERTEX_POINT('',#6993);
#1846=VERTEX_POINT('',#7004);
#1847=VERTEX_POINT('',#7008);
#1848=VERTEX_POINT('',#7012);
#1849=VERTEX_POINT('',#7013);
#1850=VERTEX_POINT('',#7015);
#1851=VERTEX_POINT('',#7017);
#1852=VERTEX_POINT('',#7030);
#1853=VERTEX_POINT('',#7031);
#1854=VERTEX_POINT('',#7033);
#1855=VERTEX_POINT('',#7035);
#1856=VERTEX_POINT('',#7039);
#1857=VERTEX_POINT('',#7041);
#1858=VERTEX_POINT('',#7045);
#1859=VERTEX_POINT('',#7046);
#1860=VERTEX_POINT('',#7048);
#1861=VERTEX_POINT('',#7050);
#1862=VERTEX_POINT('',#7054);
#1863=VERTEX_POINT('',#7055);
#1864=VERTEX_POINT('',#7057);
#1865=VERTEX_POINT('',#7059);
#1866=VERTEX_POINT('',#7071);
#1867=VERTEX_POINT('',#7117);
#1868=VERTEX_POINT('',#7122);
#1869=VERTEX_POINT('',#7129);
#1870=VERTEX_POINT('',#7135);
#1871=VERTEX_POINT('',#7147);
#1872=VERTEX_POINT('',#7149);
#1873=VERTEX_POINT('',#7156);
#1874=EDGE_CURVE('',#1522,#1523,#698,.T.);
#1875=EDGE_CURVE('',#1524,#1522,#699,.T.);
#1876=EDGE_CURVE('',#1525,#1524,#700,.T.);
#1877=EDGE_CURVE('',#1523,#1525,#701,.T.);
#1878=EDGE_CURVE('',#1526,#1525,#98,.T.);
#1879=EDGE_CURVE('',#1524,#1527,#99,.T.);
#1880=EDGE_CURVE('',#1527,#1526,#702,.T.);
#1881=EDGE_CURVE('',#1523,#1528,#100,.T.);
#1882=EDGE_CURVE('',#1528,#1529,#703,.T.);
#1883=EDGE_CURVE('',#1529,#1522,#101,.T.);
#1884=EDGE_CURVE('',#1529,#1527,#704,.T.);
#1885=EDGE_CURVE('',#1526,#1528,#705,.T.);
#1886=EDGE_CURVE('',#1530,#1531,#706,.T.);
#1887=EDGE_CURVE('',#1530,#1532,#707,.T.);
#1888=EDGE_CURVE('',#1533,#1532,#708,.T.);
#1889=EDGE_CURVE('',#1531,#1533,#709,.T.);
#1890=EDGE_CURVE('',#1531,#1534,#710,.T.);
#1891=EDGE_CURVE('',#1535,#1533,#711,.T.);
#1892=EDGE_CURVE('',#1534,#1535,#712,.T.);
#1893=EDGE_CURVE('',#1534,#1536,#713,.T.);
#1894=EDGE_CURVE('',#1537,#1535,#714,.T.);
#1895=EDGE_CURVE('',#1536,#1537,#715,.T.);
#1896=EDGE_CURVE('',#1536,#1530,#716,.T.);
#1897=EDGE_CURVE('',#1532,#1537,#717,.T.);
#1898=EDGE_CURVE('',#1538,#1539,#33,.T.);
#1899=EDGE_CURVE('',#1540,#1539,#718,.T.);
#1900=EDGE_CURVE('',#1541,#1540,#719,.T.);
#1901=EDGE_CURVE('',#1541,#1542,#720,.F.);
#1902=EDGE_CURVE('',#1542,#1543,#721,.T.);
#1903=EDGE_CURVE('',#1543,#1544,#722,.T.);
#1904=EDGE_CURVE('',#1544,#1545,#723,.T.);
#1905=EDGE_CURVE('',#1545,#1546,#34,.T.);
#1906=EDGE_CURVE('',#1546,#1547,#724,.T.);
#1907=EDGE_CURVE('',#1547,#1548,#725,.T.);
#1908=EDGE_CURVE('',#1548,#1549,#726,.T.);
#1909=EDGE_CURVE('',#1549,#1550,#727,.T.);
#1910=EDGE_CURVE('',#1550,#1551,#728,.T.);
#1911=EDGE_CURVE('',#1551,#1552,#729,.T.);
#1912=EDGE_CURVE('',#1552,#1538,#730,.T.);
#1913=EDGE_CURVE('',#1553,#1553,#102,.T.);
#1914=EDGE_CURVE('',#1554,#1554,#103,.T.);
#1915=EDGE_CURVE('',#1554,#1555,#731,.T.);
#1916=EDGE_CURVE('',#1555,#1555,#104,.T.);
#1917=EDGE_CURVE('',#1556,#1556,#105,.T.);
#1918=EDGE_CURVE('',#1557,#1557,#106,.T.);
#1919=EDGE_CURVE('',#1557,#1558,#732,.T.);
#1920=EDGE_CURVE('',#1558,#1558,#107,.T.);
#1921=EDGE_CURVE('',#1559,#1559,#108,.T.);
#1922=EDGE_CURVE('',#1560,#1538,#35,.T.);
#1923=EDGE_CURVE('',#1546,#1560,#36,.T.);
#1924=EDGE_CURVE('',#1561,#1545,#37,.T.);
#1925=EDGE_CURVE('',#1562,#1561,#38,.T.);
#1926=EDGE_CURVE('',#1562,#1563,#733,.T.);
#1927=EDGE_CURVE('',#1564,#1563,#39,.T.);
#1928=EDGE_CURVE('',#1565,#1564,#29,.T.);
#1929=EDGE_CURVE('',#1539,#1565,#734,.T.);
#1930=EDGE_CURVE('',#1566,#1567,#40,.T.);
#1931=EDGE_CURVE('',#1568,#1566,#41,.T.);
#1932=EDGE_CURVE('',#1569,#1568,#42,.T.);
#1933=EDGE_CURVE('',#1567,#1569,#43,.T.);
#1934=EDGE_CURVE('',#1570,#1571,#44,.T.);
#1935=EDGE_CURVE('',#1570,#1572,#735,.T.);
#1936=EDGE_CURVE('',#1573,#1572,#45,.T.);
#1937=EDGE_CURVE('',#1574,#1573,#46,.T.);
#1938=EDGE_CURVE('',#1575,#1574,#47,.T.);
#1939=EDGE_CURVE('',#1576,#1575,#48,.T.);
#1940=EDGE_CURVE('',#1577,#1576,#736,.T.);
#1941=EDGE_CURVE('',#1578,#1577,#30,.T.);
#1942=EDGE_CURVE('',#1578,#1579,#737,.T.);
#1943=EDGE_CURVE('',#1580,#1579,#49,.T.);
#1944=EDGE_CURVE('',#1581,#1580,#50,.T.);
#1945=EDGE_CURVE('',#1582,#1581,#51,.T.);
#1946=EDGE_CURVE('',#1571,#1582,#52,.T.);
#1947=EDGE_CURVE('',#1579,#1570,#53,.T.);
#1948=EDGE_CURVE('',#1583,#1578,#54,.T.);
#1949=EDGE_CURVE('',#1584,#1583,#738,.T.);
#1950=EDGE_CURVE('',#1563,#1584,#55,.T.);
#1951=EDGE_CURVE('',#1585,#1562,#56,.T.);
#1952=EDGE_CURVE('',#1586,#1585,#57,.T.);
#1953=EDGE_CURVE('',#1587,#1586,#58,.T.);
#1954=EDGE_CURVE('',#1572,#1587,#59,.T.);
#1955=EDGE_CURVE('',#1581,#1588,#739,.T.);
#1956=EDGE_CURVE('',#1588,#1589,#740,.T.);
#1957=EDGE_CURVE('',#1582,#1589,#741,.T.);
#1958=EDGE_CURVE('',#1590,#1580,#742,.T.);
#1959=EDGE_CURVE('',#1590,#1588,#743,.T.);
#1960=EDGE_CURVE('',#1591,#1592,#744,.T.);
#1961=EDGE_CURVE('',#1592,#1593,#109,.T.);
#1962=EDGE_CURVE('',#1594,#1593,#745,.T.);
#1963=EDGE_CURVE('',#1595,#1594,#19,.T.);
#1964=EDGE_CURVE('',#1596,#1595,#110,.T.);
#1965=EDGE_CURVE('',#1596,#1568,#746,.T.);
#1966=EDGE_CURVE('',#1566,#1597,#747,.T.);
#1967=EDGE_CURVE('',#1597,#1598,#111,.T.);
#1968=EDGE_CURVE('',#1598,#1569,#748,.T.);
#1969=EDGE_CURVE('',#1599,#1596,#112,.T.);
#1970=EDGE_CURVE('',#1591,#1599,#20,.T.);
#1971=EDGE_CURVE('',#1600,#1584,#749,.T.);
#1972=EDGE_CURVE('',#1601,#1600,#750,.T.);
#1973=EDGE_CURVE('',#1564,#1601,#751,.T.);
#1974=EDGE_CURVE('',#1602,#1578,#752,.T.);
#1975=EDGE_CURVE('',#1603,#1602,#753,.T.);
#1976=EDGE_CURVE('',#1583,#1603,#754,.T.);
#1977=EDGE_CURVE('',#1577,#1604,#755,.T.);
#1978=EDGE_CURVE('',#1605,#1604,#756,.T.);
#1979=EDGE_CURVE('',#1605,#1606,#757,.T.);
#1980=EDGE_CURVE('',#1602,#1606,#758,.T.);
#1981=EDGE_CURVE('',#1576,#1607,#759,.T.);
#1982=EDGE_CURVE('',#1604,#1607,#760,.T.);
#1983=EDGE_CURVE('',#1608,#1574,#761,.T.);
#1984=EDGE_CURVE('',#1608,#1609,#113,.F.);
#1985=EDGE_CURVE('',#1575,#1609,#762,.T.);
#1986=EDGE_CURVE('',#1609,#1610,#763,.T.);
#1987=EDGE_CURVE('',#1610,#1611,#764,.T.);
#1988=EDGE_CURVE('',#1611,#1612,#765,.T.);
#1989=EDGE_CURVE('',#1612,#1613,#766,.T.);
#1990=EDGE_CURVE('',#1613,#1608,#767,.T.);
#1991=EDGE_CURVE('',#1573,#1614,#768,.T.);
#1992=EDGE_CURVE('',#1614,#1615,#769,.T.);
#1993=EDGE_CURVE('',#1615,#1616,#770,.T.);
#1994=EDGE_CURVE('',#1617,#1616,#771,.T.);
#1995=EDGE_CURVE('',#1607,#1617,#772,.T.);
#1996=EDGE_CURVE('',#1618,#1618,#114,.T.);
#1997=EDGE_CURVE('',#1619,#1587,#773,.T.);
#1998=EDGE_CURVE('',#1620,#1619,#21,.T.);
#1999=EDGE_CURVE('',#1614,#1620,#115,.T.);
#2000=EDGE_CURVE('',#1553,#1556,#774,.T.);
#2001=EDGE_CURVE('',#1559,#1618,#775,.T.);
#2002=EDGE_CURVE('',#1621,#1622,#776,.T.);
#2003=EDGE_CURVE('',#1621,#1623,#777,.T.);
#2004=EDGE_CURVE('',#1624,#1623,#778,.T.);
#2005=EDGE_CURVE('',#1624,#1625,#779,.T.);
#2006=EDGE_CURVE('',#1606,#1625,#780,.T.);
#2007=EDGE_CURVE('',#1626,#1605,#781,.T.);
#2008=EDGE_CURVE('',#1626,#1627,#782,.T.);
#2009=EDGE_CURVE('',#1628,#1627,#116,.T.);
#2010=EDGE_CURVE('',#1628,#1629,#783,.T.);
#2011=EDGE_CURVE('',#1630,#1629,#117,.T.);
#2012=EDGE_CURVE('',#1630,#1622,#784,.T.);
#2013=EDGE_CURVE('',#1631,#1632,#785,.T.);
#2014=EDGE_CURVE('',#1632,#1633,#118,.T.);
#2015=EDGE_CURVE('',#1633,#1634,#786,.T.);
#2016=EDGE_CURVE('',#1634,#1635,#119,.T.);
#2017=EDGE_CURVE('',#1635,#1631,#120,.T.);
#2018=EDGE_CURVE('',#1636,#1637,#787,.T.);
#2019=EDGE_CURVE('',#1637,#1638,#121,.T.);
#2020=EDGE_CURVE('',#1638,#1639,#122,.T.);
#2021=EDGE_CURVE('',#1639,#1640,#788,.T.);
#2022=EDGE_CURVE('',#1640,#1636,#123,.T.);
#2023=EDGE_CURVE('',#1641,#1642,#789,.T.);
#2024=EDGE_CURVE('',#1642,#1643,#124,.T.);
#2025=EDGE_CURVE('',#1643,#1644,#125,.T.);
#2026=EDGE_CURVE('',#1644,#1645,#790,.T.);
#2027=EDGE_CURVE('',#1645,#1641,#126,.T.);
#2028=EDGE_CURVE('',#1646,#1647,#791,.T.);
#2029=EDGE_CURVE('',#1647,#1648,#127,.T.);
#2030=EDGE_CURVE('',#1648,#1649,#128,.T.);
#2031=EDGE_CURVE('',#1649,#1650,#792,.T.);
#2032=EDGE_CURVE('',#1650,#1646,#129,.T.);
#2033=EDGE_CURVE('',#1651,#1601,#793,.T.);
#2034=EDGE_CURVE('',#1652,#1651,#794,.T.);
#2035=EDGE_CURVE('',#1653,#1652,#795,.T.);
#2036=EDGE_CURVE('',#1654,#1653,#796,.T.);
#2037=EDGE_CURVE('',#1655,#1654,#797,.T.);
#2038=EDGE_CURVE('',#1656,#1655,#798,.T.);
#2039=EDGE_CURVE('',#1657,#1656,#799,.T.);
#2040=EDGE_CURVE('',#1658,#1657,#800,.T.);
#2041=EDGE_CURVE('',#1659,#1658,#801,.T.);
#2042=EDGE_CURVE('',#1660,#1659,#802,.T.);
#2043=EDGE_CURVE('',#1661,#1660,#803,.T.);
#2044=EDGE_CURVE('',#1662,#1661,#804,.T.);
#2045=EDGE_CURVE('',#1663,#1662,#805,.T.);
#2046=EDGE_CURVE('',#1664,#1663,#806,.T.);
#2047=EDGE_CURVE('',#1665,#1664,#807,.T.);
#2048=EDGE_CURVE('',#1666,#1665,#808,.T.);
#2049=EDGE_CURVE('',#1667,#1666,#809,.T.);
#2050=EDGE_CURVE('',#1668,#1667,#810,.T.);
#2051=EDGE_CURVE('',#1669,#1668,#811,.T.);
#2052=EDGE_CURVE('',#1670,#1669,#812,.T.);
#2053=EDGE_CURVE('',#1671,#1670,#813,.T.);
#2054=EDGE_CURVE('',#1672,#1671,#814,.T.);
#2055=EDGE_CURVE('',#1673,#1672,#815,.T.);
#2056=EDGE_CURVE('',#1674,#1673,#816,.T.);
#2057=EDGE_CURVE('',#1675,#1674,#817,.T.);
#2058=EDGE_CURVE('',#1676,#1675,#818,.T.);
#2059=EDGE_CURVE('',#1623,#1676,#819,.T.);
#2060=EDGE_CURVE('',#1677,#1621,#820,.T.);
#2061=EDGE_CURVE('',#1677,#1565,#821,.T.);
#2062=EDGE_CURVE('',#1678,#1679,#822,.T.);
#2063=EDGE_CURVE('',#1680,#1678,#823,.F.);
#2064=EDGE_CURVE('',#1681,#1680,#824,.T.);
#2065=EDGE_CURVE('',#1679,#1681,#825,.T.);
#2066=EDGE_CURVE('',#1622,#1682,#826,.T.);
#2067=EDGE_CURVE('',#1683,#1630,#827,.T.);
#2068=EDGE_CURVE('',#1682,#1683,#828,.T.);
#2069=EDGE_CURVE('',#1540,#1677,#829,.T.);
#2070=EDGE_CURVE('',#1586,#1684,#830,.T.);
#2071=EDGE_CURVE('',#1684,#1619,#831,.F.);
#2072=EDGE_CURVE('',#1685,#1631,#832,.T.);
#2073=EDGE_CURVE('',#1635,#1686,#833,.T.);
#2074=EDGE_CURVE('',#1687,#1686,#130,.T.);
#2075=EDGE_CURVE('',#1687,#1688,#60,.F.);
#2076=EDGE_CURVE('',#1686,#1688,#131,.T.);
#2077=EDGE_CURVE('',#1634,#1689,#834,.T.);
#2078=EDGE_CURVE('',#1689,#1685,#132,.T.);
#2079=EDGE_CURVE('',#1690,#1690,#133,.T.);
#2080=EDGE_CURVE('',#1691,#1691,#134,.T.);
#2081=EDGE_CURVE('',#1692,#1692,#135,.T.);
#2082=EDGE_CURVE('',#1692,#1690,#835,.T.);
#2083=EDGE_CURVE('',#1693,#1693,#136,.T.);
#2084=EDGE_CURVE('',#1694,#1694,#137,.T.);
#2085=EDGE_CURVE('',#1695,#1695,#138,.T.);
#2086=EDGE_CURVE('',#1695,#1693,#836,.T.);
#2087=EDGE_CURVE('',#1696,#1696,#139,.T.);
#2088=EDGE_CURVE('',#1697,#1697,#140,.T.);
#2089=EDGE_CURVE('',#1698,#1698,#141,.T.);
#2090=EDGE_CURVE('',#1698,#1696,#837,.T.);
#2091=EDGE_CURVE('',#1699,#1699,#142,.T.);
#2092=EDGE_CURVE('',#1700,#1700,#143,.T.);
#2093=EDGE_CURVE('',#1701,#1701,#144,.T.);
#2094=EDGE_CURVE('',#1701,#1699,#838,.T.);
#2095=EDGE_CURVE('',#1694,#1702,#839,.T.);
#2096=EDGE_CURVE('',#1702,#1702,#145,.T.);
#2097=EDGE_CURVE('',#1702,#1703,#146,.T.);
#2098=EDGE_CURVE('',#1703,#1688,#147,.T.);
#2099=EDGE_CURVE('',#1687,#1703,#148,.T.);
#2100=EDGE_CURVE('',#1691,#1704,#840,.T.);
#2101=EDGE_CURVE('',#1704,#1704,#149,.T.);
#2102=EDGE_CURVE('',#1704,#1705,#150,.T.);
#2103=EDGE_CURVE('',#1706,#1705,#61,.F.);
#2104=EDGE_CURVE('',#1707,#1706,#62,.F.);
#2105=EDGE_CURVE('',#1707,#1708,#151,.T.);
#2106=EDGE_CURVE('',#1705,#1708,#63,.F.);
#2107=EDGE_CURVE('',#1700,#1709,#841,.T.);
#2108=EDGE_CURVE('',#1709,#1709,#152,.T.);
#2109=EDGE_CURVE('',#1709,#1710,#153,.T.);
#2110=EDGE_CURVE('',#1711,#1710,#64,.F.);
#2111=EDGE_CURVE('',#1712,#1711,#65,.F.);
#2112=EDGE_CURVE('',#1712,#1713,#154,.T.);
#2113=EDGE_CURVE('',#1710,#1713,#66,.F.);
#2114=EDGE_CURVE('',#1697,#1714,#842,.T.);
#2115=EDGE_CURVE('',#1714,#1714,#155,.T.);
#2116=EDGE_CURVE('',#1714,#1715,#156,.T.);
#2117=EDGE_CURVE('',#1715,#1716,#157,.T.);
#2118=EDGE_CURVE('',#1717,#1716,#67,.F.);
#2119=EDGE_CURVE('',#1717,#1715,#158,.T.);
#2120=EDGE_CURVE('',#1718,#1719,#843,.T.);
#2121=EDGE_CURVE('',#1719,#1681,#844,.F.);
#2122=EDGE_CURVE('',#1718,#1680,#845,.F.);
#2123=EDGE_CURVE('',#1720,#1721,#846,.T.);
#2124=EDGE_CURVE('',#1722,#1720,#847,.T.);
#2125=EDGE_CURVE('',#1723,#1722,#848,.T.);
#2126=EDGE_CURVE('',#1723,#1721,#849,.F.);
#2127=EDGE_CURVE('',#1724,#1725,#159,.T.);
#2128=EDGE_CURVE('',#1725,#1724,#160,.T.);
#2129=EDGE_CURVE('',#1724,#1726,#850,.T.);
#2130=EDGE_CURVE('',#1727,#1726,#161,.T.);
#2131=EDGE_CURVE('',#1725,#1727,#851,.T.);
#2132=EDGE_CURVE('',#1726,#1727,#162,.T.);
#2133=EDGE_CURVE('',#1723,#1728,#852,.T.);
#2134=EDGE_CURVE('',#1729,#1728,#853,.F.);
#2135=EDGE_CURVE('',#1721,#1729,#854,.F.);
#2136=EDGE_CURVE('',#1730,#1731,#855,.F.);
#2137=EDGE_CURVE('',#1728,#1731,#856,.T.);
#2138=EDGE_CURVE('',#1722,#1732,#857,.T.);
#2139=EDGE_CURVE('',#1733,#1732,#858,.T.);
#2140=EDGE_CURVE('',#1730,#1733,#163,.T.);
#2141=EDGE_CURVE('',#1720,#1734,#859,.T.);
#2142=EDGE_CURVE('',#1732,#1734,#860,.T.);
#2143=EDGE_CURVE('',#1735,#1729,#861,.T.);
#2144=EDGE_CURVE('',#1736,#1735,#862,.T.);
#2145=EDGE_CURVE('',#1737,#1736,#164,.T.);
#2146=EDGE_CURVE('',#1734,#1737,#863,.T.);
#2147=EDGE_CURVE('',#1738,#1739,#864,.T.);
#2148=EDGE_CURVE('',#1739,#1740,#865,.T.);
#2149=EDGE_CURVE('',#1740,#1741,#866,.T.);
#2150=EDGE_CURVE('',#1738,#1741,#867,.T.);
#2151=EDGE_CURVE('',#1742,#1743,#165,.T.);
#2152=EDGE_CURVE('',#1743,#1742,#166,.T.);
#2153=EDGE_CURVE('',#1742,#1744,#868,.T.);
#2154=EDGE_CURVE('',#1745,#1744,#167,.T.);
#2155=EDGE_CURVE('',#1743,#1745,#869,.T.);
#2156=EDGE_CURVE('',#1744,#1745,#168,.T.);
#2157=EDGE_CURVE('',#1741,#1746,#870,.T.);
#2158=EDGE_CURVE('',#1747,#1746,#871,.F.);
#2159=EDGE_CURVE('',#1738,#1747,#872,.F.);
#2160=EDGE_CURVE('',#1739,#1748,#873,.T.);
#2161=EDGE_CURVE('',#1749,#1748,#874,.T.);
#2162=EDGE_CURVE('',#1740,#1749,#875,.T.);
#2163=EDGE_CURVE('',#1750,#1747,#876,.T.);
#2164=EDGE_CURVE('',#1751,#1750,#877,.T.);
#2165=EDGE_CURVE('',#1752,#1751,#169,.T.);
#2166=EDGE_CURVE('',#1748,#1752,#878,.T.);
#2167=EDGE_CURVE('',#1753,#1754,#879,.F.);
#2168=EDGE_CURVE('',#1746,#1754,#880,.T.);
#2169=EDGE_CURVE('',#1755,#1749,#881,.T.);
#2170=EDGE_CURVE('',#1753,#1755,#170,.T.);
#2171=EDGE_CURVE('',#1625,#1603,#882,.T.);
#2172=EDGE_CURVE('',#1756,#1757,#22,.T.);
#2173=EDGE_CURVE('',#1757,#1595,#883,.T.);
#2174=EDGE_CURVE('',#1758,#1594,#884,.F.);
#2175=EDGE_CURVE('',#1591,#1758,#885,.T.);
#2176=EDGE_CURVE('',#1599,#1543,#886,.T.);
#2177=EDGE_CURVE('',#1759,#1542,#887,.T.);
#2178=EDGE_CURVE('',#1760,#1759,#888,.F.);
#2179=EDGE_CURVE('',#1756,#1760,#889,.F.);
#2180=EDGE_CURVE('',#1757,#1544,#171,.T.);
#2181=EDGE_CURVE('',#1615,#1761,#890,.T.);
#2182=EDGE_CURVE('',#1761,#1762,#23,.T.);
#2183=EDGE_CURVE('',#1762,#1763,#24,.T.);
#2184=EDGE_CURVE('',#1763,#1764,#891,.T.);
#2185=EDGE_CURVE('',#1764,#1765,#892,.T.);
#2186=EDGE_CURVE('',#1765,#1766,#25,.T.);
#2187=EDGE_CURVE('',#1766,#1620,#893,.T.);
#2188=EDGE_CURVE('',#1767,#1684,#894,.T.);
#2189=EDGE_CURVE('',#1616,#1767,#895,.T.);
#2190=EDGE_CURVE('',#1766,#1761,#172,.T.);
#2191=EDGE_CURVE('',#1768,#1592,#896,.T.);
#2192=EDGE_CURVE('',#1593,#1768,#897,.T.);
#2193=EDGE_CURVE('',#1758,#1768,#898,.T.);
#2194=EDGE_CURVE('',#1765,#1769,#26,.T.);
#2195=EDGE_CURVE('',#1769,#1763,#27,.T.);
#2196=EDGE_CURVE('',#1762,#1571,#899,.T.);
#2197=EDGE_CURVE('',#1589,#1590,#173,.T.);
#2198=EDGE_CURVE('',#1769,#1764,#900,.T.);
#2199=EDGE_CURVE('',#1760,#1585,#901,.T.);
#2200=EDGE_CURVE('',#1759,#1767,#902,.F.);
#2201=EDGE_CURVE('',#1770,#1597,#903,.T.);
#2202=EDGE_CURVE('',#1598,#1770,#904,.T.);
#2203=EDGE_CURVE('',#1567,#1770,#905,.T.);
#2204=EDGE_CURVE('',#1771,#1772,#174,.T.);
#2205=EDGE_CURVE('',#1771,#1628,#906,.T.);
#2206=EDGE_CURVE('',#1627,#1772,#907,.T.);
#2207=EDGE_CURVE('',#1629,#1773,#908,.T.);
#2208=EDGE_CURVE('',#1773,#1771,#909,.F.);
#2209=EDGE_CURVE('',#1683,#1773,#175,.T.);
#2210=EDGE_CURVE('',#1676,#1774,#910,.T.);
#2211=EDGE_CURVE('',#1774,#1624,#911,.T.);
#2212=EDGE_CURVE('',#1775,#1776,#912,.T.);
#2213=EDGE_CURVE('',#1776,#1777,#913,.T.);
#2214=EDGE_CURVE('',#1777,#1778,#914,.T.);
#2215=EDGE_CURVE('',#1778,#1775,#915,.T.);
#2216=EDGE_CURVE('',#1779,#1774,#916,.T.);
#2217=EDGE_CURVE('',#1774,#1776,#917,.T.);
#2218=EDGE_CURVE('',#1779,#1775,#918,.T.);
#2219=EDGE_CURVE('',#1676,#1777,#919,.T.);
#2220=EDGE_CURVE('',#1675,#1778,#920,.T.);
#2221=EDGE_CURVE('',#1779,#1675,#921,.T.);
#2222=EDGE_CURVE('',#1674,#1780,#922,.T.);
#2223=EDGE_CURVE('',#1780,#1779,#923,.T.);
#2224=EDGE_CURVE('',#1781,#1782,#924,.T.);
#2225=EDGE_CURVE('',#1782,#1783,#925,.T.);
#2226=EDGE_CURVE('',#1783,#1784,#926,.T.);
#2227=EDGE_CURVE('',#1784,#1781,#927,.T.);
#2228=EDGE_CURVE('',#1785,#1780,#928,.T.);
#2229=EDGE_CURVE('',#1780,#1782,#929,.T.);
#2230=EDGE_CURVE('',#1785,#1781,#930,.T.);
#2231=EDGE_CURVE('',#1674,#1783,#931,.T.);
#2232=EDGE_CURVE('',#1673,#1784,#932,.T.);
#2233=EDGE_CURVE('',#1785,#1673,#933,.T.);
#2234=EDGE_CURVE('',#1672,#1786,#934,.T.);
#2235=EDGE_CURVE('',#1786,#1785,#935,.T.);
#2236=EDGE_CURVE('',#1787,#1788,#936,.T.);
#2237=EDGE_CURVE('',#1788,#1789,#937,.T.);
#2238=EDGE_CURVE('',#1789,#1790,#938,.T.);
#2239=EDGE_CURVE('',#1790,#1787,#939,.T.);
#2240=EDGE_CURVE('',#1791,#1786,#940,.T.);
#2241=EDGE_CURVE('',#1786,#1788,#941,.T.);
#2242=EDGE_CURVE('',#1791,#1787,#942,.T.);
#2243=EDGE_CURVE('',#1672,#1789,#943,.T.);
#2244=EDGE_CURVE('',#1671,#1790,#944,.T.);
#2245=EDGE_CURVE('',#1791,#1671,#945,.T.);
#2246=EDGE_CURVE('',#1670,#1792,#946,.T.);
#2247=EDGE_CURVE('',#1792,#1791,#947,.T.);
#2248=EDGE_CURVE('',#1793,#1794,#948,.T.);
#2249=EDGE_CURVE('',#1794,#1795,#949,.T.);
#2250=EDGE_CURVE('',#1795,#1796,#950,.T.);
#2251=EDGE_CURVE('',#1796,#1793,#951,.T.);
#2252=EDGE_CURVE('',#1797,#1792,#952,.T.);
#2253=EDGE_CURVE('',#1792,#1794,#953,.T.);
#2254=EDGE_CURVE('',#1797,#1793,#954,.T.);
#2255=EDGE_CURVE('',#1670,#1795,#955,.T.);
#2256=EDGE_CURVE('',#1669,#1796,#956,.T.);
#2257=EDGE_CURVE('',#1797,#1669,#957,.T.);
#2258=EDGE_CURVE('',#1668,#1798,#958,.T.);
#2259=EDGE_CURVE('',#1798,#1797,#959,.T.);
#2260=EDGE_CURVE('',#1799,#1800,#960,.T.);
#2261=EDGE_CURVE('',#1800,#1801,#961,.T.);
#2262=EDGE_CURVE('',#1801,#1802,#962,.T.);
#2263=EDGE_CURVE('',#1802,#1799,#963,.T.);
#2264=EDGE_CURVE('',#1803,#1798,#964,.T.);
#2265=EDGE_CURVE('',#1798,#1800,#965,.T.);
#2266=EDGE_CURVE('',#1803,#1799,#966,.T.);
#2267=EDGE_CURVE('',#1668,#1801,#967,.T.);
#2268=EDGE_CURVE('',#1667,#1802,#968,.T.);
#2269=EDGE_CURVE('',#1803,#1667,#969,.T.);
#2270=EDGE_CURVE('',#1666,#1804,#970,.T.);
#2271=EDGE_CURVE('',#1804,#1803,#971,.T.);
#2272=EDGE_CURVE('',#1805,#1806,#972,.T.);
#2273=EDGE_CURVE('',#1806,#1807,#973,.T.);
#2274=EDGE_CURVE('',#1807,#1808,#974,.T.);
#2275=EDGE_CURVE('',#1808,#1805,#975,.T.);
#2276=EDGE_CURVE('',#1809,#1804,#976,.T.);
#2277=EDGE_CURVE('',#1804,#1806,#977,.T.);
#2278=EDGE_CURVE('',#1809,#1805,#978,.T.);
#2279=EDGE_CURVE('',#1666,#1807,#979,.T.);
#2280=EDGE_CURVE('',#1665,#1808,#980,.T.);
#2281=EDGE_CURVE('',#1809,#1665,#981,.T.);
#2282=EDGE_CURVE('',#1664,#1810,#982,.T.);
#2283=EDGE_CURVE('',#1810,#1809,#983,.T.);
#2284=EDGE_CURVE('',#1811,#1812,#984,.T.);
#2285=EDGE_CURVE('',#1812,#1813,#985,.T.);
#2286=EDGE_CURVE('',#1813,#1814,#986,.T.);
#2287=EDGE_CURVE('',#1814,#1811,#987,.T.);
#2288=EDGE_CURVE('',#1815,#1810,#988,.T.);
#2289=EDGE_CURVE('',#1810,#1812,#989,.T.);
#2290=EDGE_CURVE('',#1815,#1811,#990,.T.);
#2291=EDGE_CURVE('',#1664,#1813,#991,.T.);
#2292=EDGE_CURVE('',#1663,#1814,#992,.T.);
#2293=EDGE_CURVE('',#1815,#1663,#993,.T.);
#2294=EDGE_CURVE('',#1662,#1816,#994,.T.);
#2295=EDGE_CURVE('',#1816,#1815,#995,.T.);
#2296=EDGE_CURVE('',#1817,#1818,#996,.T.);
#2297=EDGE_CURVE('',#1818,#1819,#997,.T.);
#2298=EDGE_CURVE('',#1819,#1820,#998,.T.);
#2299=EDGE_CURVE('',#1820,#1817,#999,.T.);
#2300=EDGE_CURVE('',#1821,#1816,#1000,.T.);
#2301=EDGE_CURVE('',#1816,#1818,#1001,.T.);
#2302=EDGE_CURVE('',#1821,#1817,#1002,.T.);
#2303=EDGE_CURVE('',#1662,#1819,#1003,.T.);
#2304=EDGE_CURVE('',#1661,#1820,#1004,.T.);
#2305=EDGE_CURVE('',#1821,#1661,#1005,.T.);
#2306=EDGE_CURVE('',#1660,#1822,#1006,.T.);
#2307=EDGE_CURVE('',#1822,#1821,#1007,.T.);
#2308=EDGE_CURVE('',#1823,#1824,#1008,.T.);
#2309=EDGE_CURVE('',#1824,#1825,#1009,.T.);
#2310=EDGE_CURVE('',#1825,#1826,#1010,.T.);
#2311=EDGE_CURVE('',#1826,#1823,#1011,.T.);
#2312=EDGE_CURVE('',#1827,#1822,#1012,.T.);
#2313=EDGE_CURVE('',#1822,#1824,#1013,.T.);
#2314=EDGE_CURVE('',#1827,#1823,#1014,.T.);
#2315=EDGE_CURVE('',#1660,#1825,#1015,.T.);
#2316=EDGE_CURVE('',#1659,#1826,#1016,.T.);
#2317=EDGE_CURVE('',#1827,#1659,#1017,.T.);
#2318=EDGE_CURVE('',#1658,#1828,#1018,.T.);
#2319=EDGE_CURVE('',#1828,#1827,#1019,.T.);
#2320=EDGE_CURVE('',#1829,#1830,#1020,.T.);
#2321=EDGE_CURVE('',#1830,#1831,#1021,.T.);
#2322=EDGE_CURVE('',#1831,#1832,#1022,.T.);
#2323=EDGE_CURVE('',#1832,#1829,#1023,.T.);
#2324=EDGE_CURVE('',#1833,#1828,#1024,.T.);
#2325=EDGE_CURVE('',#1828,#1830,#1025,.T.);
#2326=EDGE_CURVE('',#1833,#1829,#1026,.T.);
#2327=EDGE_CURVE('',#1658,#1831,#1027,.T.);
#2328=EDGE_CURVE('',#1657,#1832,#1028,.T.);
#2329=EDGE_CURVE('',#1833,#1657,#1029,.T.);
#2330=EDGE_CURVE('',#1656,#1834,#1030,.T.);
#2331=EDGE_CURVE('',#1834,#1833,#1031,.T.);
#2332=EDGE_CURVE('',#1835,#1836,#1032,.T.);
#2333=EDGE_CURVE('',#1836,#1837,#1033,.T.);
#2334=EDGE_CURVE('',#1837,#1838,#1034,.T.);
#2335=EDGE_CURVE('',#1838,#1835,#1035,.T.);
#2336=EDGE_CURVE('',#1839,#1834,#1036,.T.);
#2337=EDGE_CURVE('',#1834,#1836,#1037,.T.);
#2338=EDGE_CURVE('',#1839,#1835,#1038,.T.);
#2339=EDGE_CURVE('',#1656,#1837,#1039,.T.);
#2340=EDGE_CURVE('',#1655,#1838,#1040,.T.);
#2341=EDGE_CURVE('',#1839,#1655,#1041,.T.);
#2342=EDGE_CURVE('',#1654,#1840,#1042,.T.);
#2343=EDGE_CURVE('',#1840,#1839,#1043,.T.);
#2344=EDGE_CURVE('',#1841,#1842,#1044,.T.);
#2345=EDGE_CURVE('',#1842,#1843,#1045,.T.);
#2346=EDGE_CURVE('',#1843,#1844,#1046,.T.);
#2347=EDGE_CURVE('',#1844,#1841,#1047,.T.);
#2348=EDGE_CURVE('',#1845,#1840,#1048,.T.);
#2349=EDGE_CURVE('',#1840,#1842,#1049,.T.);
#2350=EDGE_CURVE('',#1845,#1841,#1050,.T.);
#2351=EDGE_CURVE('',#1654,#1843,#1051,.T.);
#2352=EDGE_CURVE('',#1653,#1844,#1052,.T.);
#2353=EDGE_CURVE('',#1845,#1653,#1053,.T.);
#2354=EDGE_CURVE('',#1652,#1846,#1054,.T.);
#2355=EDGE_CURVE('',#1846,#1845,#1055,.T.);
#2356=EDGE_CURVE('',#1847,#1651,#1056,.T.);
#2357=EDGE_CURVE('',#1600,#1847,#1057,.T.);
#2358=EDGE_CURVE('',#1848,#1849,#1058,.T.);
#2359=EDGE_CURVE('',#1849,#1850,#1059,.T.);
#2360=EDGE_CURVE('',#1850,#1851,#1060,.T.);
#2361=EDGE_CURVE('',#1851,#1848,#1061,.T.);
#2362=EDGE_CURVE('',#1847,#1846,#1062,.T.);
#2363=EDGE_CURVE('',#1846,#1849,#1063,.T.);
#2364=EDGE_CURVE('',#1847,#1848,#1064,.T.);
#2365=EDGE_CURVE('',#1652,#1850,#1065,.T.);
#2366=EDGE_CURVE('',#1651,#1851,#1066,.T.);
#2367=EDGE_CURVE('',#1852,#1853,#176,.F.);
#2368=EDGE_CURVE('',#1854,#1852,#1067,.F.);
#2369=EDGE_CURVE('',#1855,#1854,#177,.T.);
#2370=EDGE_CURVE('',#1853,#1855,#1068,.F.);
#2371=EDGE_CURVE('',#1685,#1856,#1069,.F.);
#2372=EDGE_CURVE('',#1857,#1689,#1070,.F.);
#2373=EDGE_CURVE('',#1856,#1857,#178,.F.);
#2374=EDGE_CURVE('',#1858,#1859,#179,.F.);
#2375=EDGE_CURVE('',#1860,#1858,#1071,.F.);
#2376=EDGE_CURVE('',#1861,#1860,#180,.T.);
#2377=EDGE_CURVE('',#1859,#1861,#1072,.F.);
#2378=EDGE_CURVE('',#1862,#1863,#181,.F.);
#2379=EDGE_CURVE('',#1864,#1862,#1073,.F.);
#2380=EDGE_CURVE('',#1865,#1864,#182,.T.);
#2381=EDGE_CURVE('',#1863,#1865,#1074,.F.);
#2382=EDGE_CURVE('',#1856,#1632,#1075,.T.);
#2383=EDGE_CURVE('',#1857,#1633,#1076,.T.);
#2384=EDGE_CURVE('',#1859,#1641,#1077,.T.);
#2385=EDGE_CURVE('',#1858,#1645,#1078,.T.);
#2386=EDGE_CURVE('',#1642,#1861,#1079,.T.);
#2387=EDGE_CURVE('',#1860,#1644,#1080,.T.);
#2388=EDGE_CURVE('',#1643,#1866,#1081,.T.);
#2389=EDGE_CURVE('',#1717,#1866,#183,.T.);
#2390=EDGE_CURVE('',#1866,#1716,#184,.T.);
#2391=EDGE_CURVE('',#1637,#1865,#1082,.T.);
#2392=EDGE_CURVE('',#1864,#1639,#1083,.T.);
#2393=EDGE_CURVE('',#1638,#1711,#1084,.T.);
#2394=EDGE_CURVE('',#1712,#1713,#185,.T.);
#2395=EDGE_CURVE('',#1863,#1636,#1085,.T.);
#2396=EDGE_CURVE('',#1862,#1640,#1086,.T.);
#2397=EDGE_CURVE('',#1853,#1646,#1087,.T.);
#2398=EDGE_CURVE('',#1852,#1650,#1088,.T.);
#2399=EDGE_CURVE('',#1647,#1855,#1089,.T.);
#2400=EDGE_CURVE('',#1854,#1649,#1090,.T.);
#2401=EDGE_CURVE('',#1648,#1706,#1091,.T.);
#2402=EDGE_CURVE('',#1707,#1708,#186,.T.);
#2403=EDGE_CURVE('',#1755,#1752,#1092,.T.);
#2404=EDGE_CURVE('',#1751,#1753,#1093,.T.);
#2405=EDGE_CURVE('',#1754,#1750,#1094,.F.);
#2406=EDGE_CURVE('',#1733,#1737,#1095,.T.);
#2407=EDGE_CURVE('',#1736,#1730,#1096,.T.);
#2408=EDGE_CURVE('',#1731,#1735,#1097,.F.);
#2409=EDGE_CURVE('',#1561,#1756,#1098,.T.);
#2410=EDGE_CURVE('',#1612,#1867,#187,.T.);
#2411=EDGE_CURVE('',#1867,#1611,#188,.T.);
#2412=EDGE_CURVE('',#1610,#1613,#189,.T.);
#2413=EDGE_CURVE('',#1550,#1868,#190,.T.);
#2414=EDGE_CURVE('',#1868,#1549,#191,.T.);
#2415=EDGE_CURVE('',#1548,#1551,#192,.T.);
#2416=EDGE_CURVE('',#1547,#1552,#193,.F.);
#2417=EDGE_CURVE('',#1869,#1869,#194,.T.);
#2418=EDGE_CURVE('',#1869,#1867,#1099,.T.);
#2419=EDGE_CURVE('',#1612,#1611,#195,.T.);
#2420=EDGE_CURVE('',#1870,#1870,#196,.T.);
#2421=EDGE_CURVE('',#1870,#1868,#1100,.T.);
#2422=EDGE_CURVE('',#1550,#1549,#197,.T.);
#2423=EDGE_CURVE('',#1609,#1608,#198,.F.);
#2424=EDGE_CURVE('',#1552,#1547,#199,.F.);
#2425=EDGE_CURVE('',#1682,#1871,#1101,.T.);
#2426=EDGE_CURVE('',#1772,#1872,#1102,.T.);
#2427=EDGE_CURVE('',#1679,#1872,#1103,.T.);
#2428=EDGE_CURVE('',#1871,#1719,#1104,.F.);
#2429=EDGE_CURVE('',#1872,#1626,#1105,.T.);
#2430=EDGE_CURVE('',#1873,#1541,#1106,.T.);
#2431=EDGE_CURVE('',#1873,#1718,#1107,.F.);
#2432=EDGE_CURVE('',#1617,#1678,#1108,.T.);
#2433=EDGE_CURVE('',#1871,#1873,#1109,.T.);
#2434=ORIENTED_EDGE('',*,*,#1874,.F.);
#2435=ORIENTED_EDGE('',*,*,#1875,.F.);
#2436=ORIENTED_EDGE('',*,*,#1876,.F.);
#2437=ORIENTED_EDGE('',*,*,#1877,.F.);
#2438=ORIENTED_EDGE('',*,*,#1878,.T.);
#2439=ORIENTED_EDGE('',*,*,#1876,.T.);
#2440=ORIENTED_EDGE('',*,*,#1879,.T.);
#2441=ORIENTED_EDGE('',*,*,#1880,.T.);
#2442=ORIENTED_EDGE('',*,*,#1881,.T.);
#2443=ORIENTED_EDGE('',*,*,#1882,.T.);
#2444=ORIENTED_EDGE('',*,*,#1883,.T.);
#2445=ORIENTED_EDGE('',*,*,#1874,.T.);
#2446=ORIENTED_EDGE('',*,*,#1880,.F.);
#2447=ORIENTED_EDGE('',*,*,#1884,.F.);
#2448=ORIENTED_EDGE('',*,*,#1882,.F.);
#2449=ORIENTED_EDGE('',*,*,#1885,.F.);
#2450=ORIENTED_EDGE('',*,*,#1886,.F.);
#2451=ORIENTED_EDGE('',*,*,#1887,.T.);
#2452=ORIENTED_EDGE('',*,*,#1888,.F.);
#2453=ORIENTED_EDGE('',*,*,#1889,.F.);
#2454=ORIENTED_EDGE('',*,*,#1890,.F.);
#2455=ORIENTED_EDGE('',*,*,#1889,.T.);
#2456=ORIENTED_EDGE('',*,*,#1891,.F.);
#2457=ORIENTED_EDGE('',*,*,#1892,.F.);
#2458=ORIENTED_EDGE('',*,*,#1893,.F.);
#2459=ORIENTED_EDGE('',*,*,#1892,.T.);
#2460=ORIENTED_EDGE('',*,*,#1894,.F.);
#2461=ORIENTED_EDGE('',*,*,#1895,.F.);
#2462=ORIENTED_EDGE('',*,*,#1896,.F.);
#2463=ORIENTED_EDGE('',*,*,#1895,.T.);
#2464=ORIENTED_EDGE('',*,*,#1897,.F.);
#2465=ORIENTED_EDGE('',*,*,#1887,.F.);
#2466=ORIENTED_EDGE('',*,*,#1897,.T.);
#2467=ORIENTED_EDGE('',*,*,#1894,.T.);
#2468=ORIENTED_EDGE('',*,*,#1891,.T.);
#2469=ORIENTED_EDGE('',*,*,#1888,.T.);
#2470=ORIENTED_EDGE('',*,*,#1877,.T.);
#2471=ORIENTED_EDGE('',*,*,#1878,.F.);
#2472=ORIENTED_EDGE('',*,*,#1885,.T.);
#2473=ORIENTED_EDGE('',*,*,#1881,.F.);
#2474=ORIENTED_EDGE('',*,*,#1898,.T.);
#2475=ORIENTED_EDGE('',*,*,#1899,.F.);
#2476=ORIENTED_EDGE('',*,*,#1900,.F.);
#2477=ORIENTED_EDGE('',*,*,#1901,.T.);
#2478=ORIENTED_EDGE('',*,*,#1902,.T.);
#2479=ORIENTED_EDGE('',*,*,#1903,.T.);
#2480=ORIENTED_EDGE('',*,*,#1904,.T.);
#2481=ORIENTED_EDGE('',*,*,#1905,.T.);
#2482=ORIENTED_EDGE('',*,*,#1906,.T.);
#2483=ORIENTED_EDGE('',*,*,#1907,.T.);
#2484=ORIENTED_EDGE('',*,*,#1908,.T.);
#2485=ORIENTED_EDGE('',*,*,#1909,.T.);
#2486=ORIENTED_EDGE('',*,*,#1910,.T.);
#2487=ORIENTED_EDGE('',*,*,#1911,.T.);
#2488=ORIENTED_EDGE('',*,*,#1912,.T.);
#2489=ORIENTED_EDGE('',*,*,#1913,.T.);
#2490=ORIENTED_EDGE('',*,*,#1886,.T.);
#2491=ORIENTED_EDGE('',*,*,#1890,.T.);
#2492=ORIENTED_EDGE('',*,*,#1893,.T.);
#2493=ORIENTED_EDGE('',*,*,#1896,.T.);
#2494=ORIENTED_EDGE('',*,*,#1914,.F.);
#2495=ORIENTED_EDGE('',*,*,#1915,.T.);
#2496=ORIENTED_EDGE('',*,*,#1916,.T.);
#2497=ORIENTED_EDGE('',*,*,#1915,.F.);
#2498=ORIENTED_EDGE('',*,*,#1916,.F.);
#2499=ORIENTED_EDGE('',*,*,#1917,.F.);
#2500=ORIENTED_EDGE('',*,*,#1918,.F.);
#2501=ORIENTED_EDGE('',*,*,#1919,.T.);
#2502=ORIENTED_EDGE('',*,*,#1920,.T.);
#2503=ORIENTED_EDGE('',*,*,#1919,.F.);
#2504=ORIENTED_EDGE('',*,*,#1920,.F.);
#2505=ORIENTED_EDGE('',*,*,#1921,.F.);
#2506=ORIENTED_EDGE('',*,*,#1898,.F.);
#2507=ORIENTED_EDGE('',*,*,#1922,.F.);
#2508=ORIENTED_EDGE('',*,*,#1923,.F.);
#2509=ORIENTED_EDGE('',*,*,#1905,.F.);
#2510=ORIENTED_EDGE('',*,*,#1924,.F.);
#2511=ORIENTED_EDGE('',*,*,#1925,.F.);
#2512=ORIENTED_EDGE('',*,*,#1926,.T.);
#2513=ORIENTED_EDGE('',*,*,#1927,.F.);
#2514=ORIENTED_EDGE('',*,*,#1928,.F.);
#2515=ORIENTED_EDGE('',*,*,#1929,.F.);
#2516=ORIENTED_EDGE('',*,*,#1930,.F.);
#2517=ORIENTED_EDGE('',*,*,#1931,.F.);
#2518=ORIENTED_EDGE('',*,*,#1932,.F.);
#2519=ORIENTED_EDGE('',*,*,#1933,.F.);
#2520=ORIENTED_EDGE('',*,*,#1934,.F.);
#2521=ORIENTED_EDGE('',*,*,#1935,.T.);
#2522=ORIENTED_EDGE('',*,*,#1936,.F.);
#2523=ORIENTED_EDGE('',*,*,#1937,.F.);
#2524=ORIENTED_EDGE('',*,*,#1938,.F.);
#2525=ORIENTED_EDGE('',*,*,#1939,.F.);
#2526=ORIENTED_EDGE('',*,*,#1940,.F.);
#2527=ORIENTED_EDGE('',*,*,#1941,.F.);
#2528=ORIENTED_EDGE('',*,*,#1942,.T.);
#2529=ORIENTED_EDGE('',*,*,#1943,.F.);
#2530=ORIENTED_EDGE('',*,*,#1944,.F.);
#2531=ORIENTED_EDGE('',*,*,#1945,.F.);
#2532=ORIENTED_EDGE('',*,*,#1946,.F.);
#2533=ORIENTED_EDGE('',*,*,#1947,.F.);
#2534=ORIENTED_EDGE('',*,*,#1942,.F.);
#2535=ORIENTED_EDGE('',*,*,#1948,.F.);
#2536=ORIENTED_EDGE('',*,*,#1949,.F.);
#2537=ORIENTED_EDGE('',*,*,#1950,.F.);
#2538=ORIENTED_EDGE('',*,*,#1926,.F.);
#2539=ORIENTED_EDGE('',*,*,#1951,.F.);
#2540=ORIENTED_EDGE('',*,*,#1952,.F.);
#2541=ORIENTED_EDGE('',*,*,#1953,.F.);
#2542=ORIENTED_EDGE('',*,*,#1954,.F.);
#2543=ORIENTED_EDGE('',*,*,#1935,.F.);
#2544=ORIENTED_EDGE('',*,*,#1945,.T.);
#2545=ORIENTED_EDGE('',*,*,#1955,.T.);
#2546=ORIENTED_EDGE('',*,*,#1956,.T.);
#2547=ORIENTED_EDGE('',*,*,#1957,.F.);
#2548=ORIENTED_EDGE('',*,*,#1944,.T.);
#2549=ORIENTED_EDGE('',*,*,#1958,.F.);
#2550=ORIENTED_EDGE('',*,*,#1959,.T.);
#2551=ORIENTED_EDGE('',*,*,#1955,.F.);
#2552=ORIENTED_EDGE('',*,*,#1960,.T.);
#2553=ORIENTED_EDGE('',*,*,#1961,.T.);
#2554=ORIENTED_EDGE('',*,*,#1962,.F.);
#2555=ORIENTED_EDGE('',*,*,#1963,.F.);
#2556=ORIENTED_EDGE('',*,*,#1964,.F.);
#2557=ORIENTED_EDGE('',*,*,#1965,.T.);
#2558=ORIENTED_EDGE('',*,*,#1931,.T.);
#2559=ORIENTED_EDGE('',*,*,#1966,.T.);
#2560=ORIENTED_EDGE('',*,*,#1967,.T.);
#2561=ORIENTED_EDGE('',*,*,#1968,.T.);
#2562=ORIENTED_EDGE('',*,*,#1932,.T.);
#2563=ORIENTED_EDGE('',*,*,#1965,.F.);
#2564=ORIENTED_EDGE('',*,*,#1969,.F.);
#2565=ORIENTED_EDGE('',*,*,#1970,.F.);
#2566=ORIENTED_EDGE('',*,*,#1927,.T.);
#2567=ORIENTED_EDGE('',*,*,#1950,.T.);
#2568=ORIENTED_EDGE('',*,*,#1971,.F.);
#2569=ORIENTED_EDGE('',*,*,#1972,.F.);
#2570=ORIENTED_EDGE('',*,*,#1973,.F.);
#2571=ORIENTED_EDGE('',*,*,#1948,.T.);
#2572=ORIENTED_EDGE('',*,*,#1974,.F.);
#2573=ORIENTED_EDGE('',*,*,#1975,.F.);
#2574=ORIENTED_EDGE('',*,*,#1976,.F.);
#2575=ORIENTED_EDGE('',*,*,#1941,.T.);
#2576=ORIENTED_EDGE('',*,*,#1977,.T.);
#2577=ORIENTED_EDGE('',*,*,#1978,.F.);
#2578=ORIENTED_EDGE('',*,*,#1979,.T.);
#2579=ORIENTED_EDGE('',*,*,#1980,.F.);
#2580=ORIENTED_EDGE('',*,*,#1974,.T.);
#2581=ORIENTED_EDGE('',*,*,#1918,.T.);
#2582=ORIENTED_EDGE('',*,*,#1977,.F.);
#2583=ORIENTED_EDGE('',*,*,#1940,.T.);
#2584=ORIENTED_EDGE('',*,*,#1981,.T.);
#2585=ORIENTED_EDGE('',*,*,#1982,.F.);
#2586=ORIENTED_EDGE('',*,*,#1938,.T.);
#2587=ORIENTED_EDGE('',*,*,#1983,.F.);
#2588=ORIENTED_EDGE('',*,*,#1984,.T.);
#2589=ORIENTED_EDGE('',*,*,#1985,.F.);
#2590=ORIENTED_EDGE('',*,*,#1939,.T.);
#2591=ORIENTED_EDGE('',*,*,#1985,.T.);
#2592=ORIENTED_EDGE('',*,*,#1986,.T.);
#2593=ORIENTED_EDGE('',*,*,#1987,.T.);
#2594=ORIENTED_EDGE('',*,*,#1988,.T.);
#2595=ORIENTED_EDGE('',*,*,#1989,.T.);
#2596=ORIENTED_EDGE('',*,*,#1990,.T.);
#2597=ORIENTED_EDGE('',*,*,#1983,.T.);
#2598=ORIENTED_EDGE('',*,*,#1937,.T.);
#2599=ORIENTED_EDGE('',*,*,#1991,.T.);
#2600=ORIENTED_EDGE('',*,*,#1992,.T.);
#2601=ORIENTED_EDGE('',*,*,#1993,.T.);
#2602=ORIENTED_EDGE('',*,*,#1994,.F.);
#2603=ORIENTED_EDGE('',*,*,#1995,.F.);
#2604=ORIENTED_EDGE('',*,*,#1981,.F.);
#2605=ORIENTED_EDGE('',*,*,#1996,.T.);
#2606=ORIENTED_EDGE('',*,*,#1936,.T.);
#2607=ORIENTED_EDGE('',*,*,#1954,.T.);
#2608=ORIENTED_EDGE('',*,*,#1997,.F.);
#2609=ORIENTED_EDGE('',*,*,#1998,.F.);
#2610=ORIENTED_EDGE('',*,*,#1999,.F.);
#2611=ORIENTED_EDGE('',*,*,#1991,.F.);
#2612=ORIENTED_EDGE('',*,*,#1913,.F.);
#2613=ORIENTED_EDGE('',*,*,#2000,.T.);
#2614=ORIENTED_EDGE('',*,*,#1917,.T.);
#2615=ORIENTED_EDGE('',*,*,#2000,.F.);
#2616=ORIENTED_EDGE('',*,*,#1921,.T.);
#2617=ORIENTED_EDGE('',*,*,#2001,.T.);
#2618=ORIENTED_EDGE('',*,*,#1996,.F.);
#2619=ORIENTED_EDGE('',*,*,#2001,.F.);
#2620=ORIENTED_EDGE('',*,*,#2002,.F.);
#2621=ORIENTED_EDGE('',*,*,#2003,.T.);
#2622=ORIENTED_EDGE('',*,*,#2004,.F.);
#2623=ORIENTED_EDGE('',*,*,#2005,.T.);
#2624=ORIENTED_EDGE('',*,*,#2006,.F.);
#2625=ORIENTED_EDGE('',*,*,#1979,.F.);
#2626=ORIENTED_EDGE('',*,*,#2007,.F.);
#2627=ORIENTED_EDGE('',*,*,#2008,.T.);
#2628=ORIENTED_EDGE('',*,*,#2009,.F.);
#2629=ORIENTED_EDGE('',*,*,#2010,.T.);
#2630=ORIENTED_EDGE('',*,*,#2011,.F.);
#2631=ORIENTED_EDGE('',*,*,#2012,.T.);
#2632=ORIENTED_EDGE('',*,*,#2013,.T.);
#2633=ORIENTED_EDGE('',*,*,#2014,.T.);
#2634=ORIENTED_EDGE('',*,*,#2015,.T.);
#2635=ORIENTED_EDGE('',*,*,#2016,.T.);
#2636=ORIENTED_EDGE('',*,*,#2017,.T.);
#2637=ORIENTED_EDGE('',*,*,#2018,.T.);
#2638=ORIENTED_EDGE('',*,*,#2019,.T.);
#2639=ORIENTED_EDGE('',*,*,#2020,.T.);
#2640=ORIENTED_EDGE('',*,*,#2021,.T.);
#2641=ORIENTED_EDGE('',*,*,#2022,.T.);
#2642=ORIENTED_EDGE('',*,*,#2023,.T.);
#2643=ORIENTED_EDGE('',*,*,#2024,.T.);
#2644=ORIENTED_EDGE('',*,*,#2025,.T.);
#2645=ORIENTED_EDGE('',*,*,#2026,.T.);
#2646=ORIENTED_EDGE('',*,*,#2027,.T.);
#2647=ORIENTED_EDGE('',*,*,#2028,.T.);
#2648=ORIENTED_EDGE('',*,*,#2029,.T.);
#2649=ORIENTED_EDGE('',*,*,#2030,.T.);
#2650=ORIENTED_EDGE('',*,*,#2031,.T.);
#2651=ORIENTED_EDGE('',*,*,#2032,.T.);
#2652=ORIENTED_EDGE('',*,*,#1928,.T.);
#2653=ORIENTED_EDGE('',*,*,#1973,.T.);
#2654=ORIENTED_EDGE('',*,*,#2033,.F.);
#2655=ORIENTED_EDGE('',*,*,#2034,.F.);
#2656=ORIENTED_EDGE('',*,*,#2035,.F.);
#2657=ORIENTED_EDGE('',*,*,#2036,.F.);
#2658=ORIENTED_EDGE('',*,*,#2037,.F.);
#2659=ORIENTED_EDGE('',*,*,#2038,.F.);
#2660=ORIENTED_EDGE('',*,*,#2039,.F.);
#2661=ORIENTED_EDGE('',*,*,#2040,.F.);
#2662=ORIENTED_EDGE('',*,*,#2041,.F.);
#2663=ORIENTED_EDGE('',*,*,#2042,.F.);
#2664=ORIENTED_EDGE('',*,*,#2043,.F.);
#2665=ORIENTED_EDGE('',*,*,#2044,.F.);
#2666=ORIENTED_EDGE('',*,*,#2045,.F.);
#2667=ORIENTED_EDGE('',*,*,#2046,.F.);
#2668=ORIENTED_EDGE('',*,*,#2047,.F.);
#2669=ORIENTED_EDGE('',*,*,#2048,.F.);
#2670=ORIENTED_EDGE('',*,*,#2049,.F.);
#2671=ORIENTED_EDGE('',*,*,#2050,.F.);
#2672=ORIENTED_EDGE('',*,*,#2051,.F.);
#2673=ORIENTED_EDGE('',*,*,#2052,.F.);
#2674=ORIENTED_EDGE('',*,*,#2053,.F.);
#2675=ORIENTED_EDGE('',*,*,#2054,.F.);
#2676=ORIENTED_EDGE('',*,*,#2055,.F.);
#2677=ORIENTED_EDGE('',*,*,#2056,.F.);
#2678=ORIENTED_EDGE('',*,*,#2057,.F.);
#2679=ORIENTED_EDGE('',*,*,#2058,.F.);
#2680=ORIENTED_EDGE('',*,*,#2059,.F.);
#2681=ORIENTED_EDGE('',*,*,#2003,.F.);
#2682=ORIENTED_EDGE('',*,*,#2060,.F.);
#2683=ORIENTED_EDGE('',*,*,#2061,.T.);
#2684=ORIENTED_EDGE('',*,*,#1884,.T.);
#2685=ORIENTED_EDGE('',*,*,#1879,.F.);
#2686=ORIENTED_EDGE('',*,*,#1875,.T.);
#2687=ORIENTED_EDGE('',*,*,#1883,.F.);
#2688=ORIENTED_EDGE('',*,*,#1914,.T.);
#2689=ORIENTED_EDGE('',*,*,#2062,.F.);
#2690=ORIENTED_EDGE('',*,*,#2063,.F.);
#2691=ORIENTED_EDGE('',*,*,#2064,.F.);
#2692=ORIENTED_EDGE('',*,*,#2065,.F.);
#2693=ORIENTED_EDGE('',*,*,#2066,.F.);
#2694=ORIENTED_EDGE('',*,*,#2012,.F.);
#2695=ORIENTED_EDGE('',*,*,#2067,.F.);
#2696=ORIENTED_EDGE('',*,*,#2068,.F.);
#2697=ORIENTED_EDGE('',*,*,#1899,.T.);
#2698=ORIENTED_EDGE('',*,*,#1929,.T.);
#2699=ORIENTED_EDGE('',*,*,#2061,.F.);
#2700=ORIENTED_EDGE('',*,*,#2069,.F.);
#2701=ORIENTED_EDGE('',*,*,#1953,.T.);
#2702=ORIENTED_EDGE('',*,*,#2070,.T.);
#2703=ORIENTED_EDGE('',*,*,#2071,.T.);
#2704=ORIENTED_EDGE('',*,*,#1997,.T.);
#2705=ORIENTED_EDGE('',*,*,#2072,.T.);
#2706=ORIENTED_EDGE('',*,*,#2017,.F.);
#2707=ORIENTED_EDGE('',*,*,#2073,.T.);
#2708=ORIENTED_EDGE('',*,*,#2074,.F.);
#2709=ORIENTED_EDGE('',*,*,#2075,.T.);
#2710=ORIENTED_EDGE('',*,*,#2076,.F.);
#2711=ORIENTED_EDGE('',*,*,#2073,.F.);
#2712=ORIENTED_EDGE('',*,*,#2016,.F.);
#2713=ORIENTED_EDGE('',*,*,#2077,.T.);
#2714=ORIENTED_EDGE('',*,*,#2078,.T.);
#2715=ORIENTED_EDGE('',*,*,#2079,.T.);
#2716=ORIENTED_EDGE('',*,*,#2080,.T.);
#2717=ORIENTED_EDGE('',*,*,#2081,.T.);
#2718=ORIENTED_EDGE('',*,*,#2081,.F.);
#2719=ORIENTED_EDGE('',*,*,#2082,.T.);
#2720=ORIENTED_EDGE('',*,*,#2079,.F.);
#2721=ORIENTED_EDGE('',*,*,#2082,.F.);
#2722=ORIENTED_EDGE('',*,*,#2083,.T.);
#2723=ORIENTED_EDGE('',*,*,#2084,.T.);
#2724=ORIENTED_EDGE('',*,*,#2085,.T.);
#2725=ORIENTED_EDGE('',*,*,#2085,.F.);
#2726=ORIENTED_EDGE('',*,*,#2086,.T.);
#2727=ORIENTED_EDGE('',*,*,#2083,.F.);
#2728=ORIENTED_EDGE('',*,*,#2086,.F.);
#2729=ORIENTED_EDGE('',*,*,#2087,.T.);
#2730=ORIENTED_EDGE('',*,*,#2088,.T.);
#2731=ORIENTED_EDGE('',*,*,#2089,.T.);
#2732=ORIENTED_EDGE('',*,*,#2089,.F.);
#2733=ORIENTED_EDGE('',*,*,#2090,.T.);
#2734=ORIENTED_EDGE('',*,*,#2087,.F.);
#2735=ORIENTED_EDGE('',*,*,#2090,.F.);
#2736=ORIENTED_EDGE('',*,*,#2091,.T.);
#2737=ORIENTED_EDGE('',*,*,#2092,.T.);
#2738=ORIENTED_EDGE('',*,*,#2093,.T.);
#2739=ORIENTED_EDGE('',*,*,#2093,.F.);
#2740=ORIENTED_EDGE('',*,*,#2094,.T.);
#2741=ORIENTED_EDGE('',*,*,#2091,.F.);
#2742=ORIENTED_EDGE('',*,*,#2094,.F.);
#2743=ORIENTED_EDGE('',*,*,#2084,.F.);
#2744=ORIENTED_EDGE('',*,*,#2095,.T.);
#2745=ORIENTED_EDGE('',*,*,#2096,.F.);
#2746=ORIENTED_EDGE('',*,*,#2095,.F.);
#2747=ORIENTED_EDGE('',*,*,#2096,.T.);
#2748=ORIENTED_EDGE('',*,*,#2097,.T.);
#2749=ORIENTED_EDGE('',*,*,#2098,.T.);
#2750=ORIENTED_EDGE('',*,*,#2075,.F.);
#2751=ORIENTED_EDGE('',*,*,#2099,.T.);
#2752=ORIENTED_EDGE('',*,*,#2097,.F.);
#2753=ORIENTED_EDGE('',*,*,#2080,.F.);
#2754=ORIENTED_EDGE('',*,*,#2100,.T.);
#2755=ORIENTED_EDGE('',*,*,#2101,.F.);
#2756=ORIENTED_EDGE('',*,*,#2100,.F.);
#2757=ORIENTED_EDGE('',*,*,#2101,.T.);
#2758=ORIENTED_EDGE('',*,*,#2102,.T.);
#2759=ORIENTED_EDGE('',*,*,#2103,.F.);
#2760=ORIENTED_EDGE('',*,*,#2104,.F.);
#2761=ORIENTED_EDGE('',*,*,#2105,.T.);
#2762=ORIENTED_EDGE('',*,*,#2106,.F.);
#2763=ORIENTED_EDGE('',*,*,#2102,.F.);
#2764=ORIENTED_EDGE('',*,*,#2092,.F.);
#2765=ORIENTED_EDGE('',*,*,#2107,.T.);
#2766=ORIENTED_EDGE('',*,*,#2108,.F.);
#2767=ORIENTED_EDGE('',*,*,#2107,.F.);
#2768=ORIENTED_EDGE('',*,*,#2108,.T.);
#2769=ORIENTED_EDGE('',*,*,#2109,.T.);
#2770=ORIENTED_EDGE('',*,*,#2110,.F.);
#2771=ORIENTED_EDGE('',*,*,#2111,.F.);
#2772=ORIENTED_EDGE('',*,*,#2112,.T.);
#2773=ORIENTED_EDGE('',*,*,#2113,.F.);
#2774=ORIENTED_EDGE('',*,*,#2109,.F.);
#2775=ORIENTED_EDGE('',*,*,#2088,.F.);
#2776=ORIENTED_EDGE('',*,*,#2114,.T.);
#2777=ORIENTED_EDGE('',*,*,#2115,.F.);
#2778=ORIENTED_EDGE('',*,*,#2114,.F.);
#2779=ORIENTED_EDGE('',*,*,#2115,.T.);
#2780=ORIENTED_EDGE('',*,*,#2116,.T.);
#2781=ORIENTED_EDGE('',*,*,#2117,.T.);
#2782=ORIENTED_EDGE('',*,*,#2118,.F.);
#2783=ORIENTED_EDGE('',*,*,#2119,.T.);
#2784=ORIENTED_EDGE('',*,*,#2116,.F.);
#2785=ORIENTED_EDGE('',*,*,#2120,.T.);
#2786=ORIENTED_EDGE('',*,*,#2121,.T.);
#2787=ORIENTED_EDGE('',*,*,#2064,.T.);
#2788=ORIENTED_EDGE('',*,*,#2122,.F.);
#2789=ORIENTED_EDGE('',*,*,#2123,.F.);
#2790=ORIENTED_EDGE('',*,*,#2124,.F.);
#2791=ORIENTED_EDGE('',*,*,#2125,.F.);
#2792=ORIENTED_EDGE('',*,*,#2126,.T.);
#2793=ORIENTED_EDGE('',*,*,#2127,.T.);
#2794=ORIENTED_EDGE('',*,*,#2128,.T.);
#2795=ORIENTED_EDGE('',*,*,#2127,.F.);
#2796=ORIENTED_EDGE('',*,*,#2129,.T.);
#2797=ORIENTED_EDGE('',*,*,#2130,.F.);
#2798=ORIENTED_EDGE('',*,*,#2131,.F.);
#2799=ORIENTED_EDGE('',*,*,#2128,.F.);
#2800=ORIENTED_EDGE('',*,*,#2131,.T.);
#2801=ORIENTED_EDGE('',*,*,#2132,.F.);
#2802=ORIENTED_EDGE('',*,*,#2129,.F.);
#2803=ORIENTED_EDGE('',*,*,#2126,.F.);
#2804=ORIENTED_EDGE('',*,*,#2133,.T.);
#2805=ORIENTED_EDGE('',*,*,#2134,.F.);
#2806=ORIENTED_EDGE('',*,*,#2135,.F.);
#2807=ORIENTED_EDGE('',*,*,#2136,.T.);
#2808=ORIENTED_EDGE('',*,*,#2137,.F.);
#2809=ORIENTED_EDGE('',*,*,#2133,.F.);
#2810=ORIENTED_EDGE('',*,*,#2125,.T.);
#2811=ORIENTED_EDGE('',*,*,#2138,.T.);
#2812=ORIENTED_EDGE('',*,*,#2139,.F.);
#2813=ORIENTED_EDGE('',*,*,#2140,.F.);
#2814=ORIENTED_EDGE('',*,*,#2124,.T.);
#2815=ORIENTED_EDGE('',*,*,#2141,.T.);
#2816=ORIENTED_EDGE('',*,*,#2142,.F.);
#2817=ORIENTED_EDGE('',*,*,#2138,.F.);
#2818=ORIENTED_EDGE('',*,*,#2143,.F.);
#2819=ORIENTED_EDGE('',*,*,#2144,.F.);
#2820=ORIENTED_EDGE('',*,*,#2145,.F.);
#2821=ORIENTED_EDGE('',*,*,#2146,.F.);
#2822=ORIENTED_EDGE('',*,*,#2141,.F.);
#2823=ORIENTED_EDGE('',*,*,#2123,.T.);
#2824=ORIENTED_EDGE('',*,*,#2135,.T.);
#2825=ORIENTED_EDGE('',*,*,#2147,.T.);
#2826=ORIENTED_EDGE('',*,*,#2148,.T.);
#2827=ORIENTED_EDGE('',*,*,#2149,.T.);
#2828=ORIENTED_EDGE('',*,*,#2150,.F.);
#2829=ORIENTED_EDGE('',*,*,#2151,.T.);
#2830=ORIENTED_EDGE('',*,*,#2152,.T.);
#2831=ORIENTED_EDGE('',*,*,#2151,.F.);
#2832=ORIENTED_EDGE('',*,*,#2153,.T.);
#2833=ORIENTED_EDGE('',*,*,#2154,.F.);
#2834=ORIENTED_EDGE('',*,*,#2155,.F.);
#2835=ORIENTED_EDGE('',*,*,#2152,.F.);
#2836=ORIENTED_EDGE('',*,*,#2155,.T.);
#2837=ORIENTED_EDGE('',*,*,#2156,.F.);
#2838=ORIENTED_EDGE('',*,*,#2153,.F.);
#2839=ORIENTED_EDGE('',*,*,#2150,.T.);
#2840=ORIENTED_EDGE('',*,*,#2157,.T.);
#2841=ORIENTED_EDGE('',*,*,#2158,.F.);
#2842=ORIENTED_EDGE('',*,*,#2159,.F.);
#2843=ORIENTED_EDGE('',*,*,#2148,.F.);
#2844=ORIENTED_EDGE('',*,*,#2160,.T.);
#2845=ORIENTED_EDGE('',*,*,#2161,.F.);
#2846=ORIENTED_EDGE('',*,*,#2162,.F.);
#2847=ORIENTED_EDGE('',*,*,#2163,.F.);
#2848=ORIENTED_EDGE('',*,*,#2164,.F.);
#2849=ORIENTED_EDGE('',*,*,#2165,.F.);
#2850=ORIENTED_EDGE('',*,*,#2166,.F.);
#2851=ORIENTED_EDGE('',*,*,#2160,.F.);
#2852=ORIENTED_EDGE('',*,*,#2147,.F.);
#2853=ORIENTED_EDGE('',*,*,#2159,.T.);
#2854=ORIENTED_EDGE('',*,*,#2167,.T.);
#2855=ORIENTED_EDGE('',*,*,#2168,.F.);
#2856=ORIENTED_EDGE('',*,*,#2157,.F.);
#2857=ORIENTED_EDGE('',*,*,#2149,.F.);
#2858=ORIENTED_EDGE('',*,*,#2162,.T.);
#2859=ORIENTED_EDGE('',*,*,#2169,.F.);
#2860=ORIENTED_EDGE('',*,*,#2170,.F.);
#2861=ORIENTED_EDGE('',*,*,#1980,.T.);
#2862=ORIENTED_EDGE('',*,*,#2006,.T.);
#2863=ORIENTED_EDGE('',*,*,#2171,.T.);
#2864=ORIENTED_EDGE('',*,*,#1975,.T.);
#2865=ORIENTED_EDGE('',*,*,#2172,.T.);
#2866=ORIENTED_EDGE('',*,*,#2173,.T.);
#2867=ORIENTED_EDGE('',*,*,#1963,.T.);
#2868=ORIENTED_EDGE('',*,*,#2174,.F.);
#2869=ORIENTED_EDGE('',*,*,#2175,.F.);
#2870=ORIENTED_EDGE('',*,*,#1970,.T.);
#2871=ORIENTED_EDGE('',*,*,#2176,.T.);
#2872=ORIENTED_EDGE('',*,*,#1902,.F.);
#2873=ORIENTED_EDGE('',*,*,#2177,.F.);
#2874=ORIENTED_EDGE('',*,*,#2178,.F.);
#2875=ORIENTED_EDGE('',*,*,#2179,.F.);
#2876=ORIENTED_EDGE('',*,*,#2173,.F.);
#2877=ORIENTED_EDGE('',*,*,#2180,.T.);
#2878=ORIENTED_EDGE('',*,*,#1903,.F.);
#2879=ORIENTED_EDGE('',*,*,#2176,.F.);
#2880=ORIENTED_EDGE('',*,*,#1969,.T.);
#2881=ORIENTED_EDGE('',*,*,#1964,.T.);
#2882=ORIENTED_EDGE('',*,*,#2181,.T.);
#2883=ORIENTED_EDGE('',*,*,#2182,.T.);
#2884=ORIENTED_EDGE('',*,*,#2183,.T.);
#2885=ORIENTED_EDGE('',*,*,#2184,.T.);
#2886=ORIENTED_EDGE('',*,*,#2185,.T.);
#2887=ORIENTED_EDGE('',*,*,#2186,.T.);
#2888=ORIENTED_EDGE('',*,*,#2187,.T.);
#2889=ORIENTED_EDGE('',*,*,#1998,.T.);
#2890=ORIENTED_EDGE('',*,*,#2071,.F.);
#2891=ORIENTED_EDGE('',*,*,#2188,.F.);
#2892=ORIENTED_EDGE('',*,*,#2189,.F.);
#2893=ORIENTED_EDGE('',*,*,#1993,.F.);
#2894=ORIENTED_EDGE('',*,*,#2181,.F.);
#2895=ORIENTED_EDGE('',*,*,#1992,.F.);
#2896=ORIENTED_EDGE('',*,*,#1999,.T.);
#2897=ORIENTED_EDGE('',*,*,#2187,.F.);
#2898=ORIENTED_EDGE('',*,*,#2190,.T.);
#2899=ORIENTED_EDGE('',*,*,#1961,.F.);
#2900=ORIENTED_EDGE('',*,*,#2191,.F.);
#2901=ORIENTED_EDGE('',*,*,#2192,.F.);
#2902=ORIENTED_EDGE('',*,*,#2174,.T.);
#2903=ORIENTED_EDGE('',*,*,#1962,.T.);
#2904=ORIENTED_EDGE('',*,*,#2192,.T.);
#2905=ORIENTED_EDGE('',*,*,#2193,.F.);
#2906=ORIENTED_EDGE('',*,*,#2175,.T.);
#2907=ORIENTED_EDGE('',*,*,#2193,.T.);
#2908=ORIENTED_EDGE('',*,*,#2191,.T.);
#2909=ORIENTED_EDGE('',*,*,#1960,.F.);
#2910=ORIENTED_EDGE('',*,*,#2186,.F.);
#2911=ORIENTED_EDGE('',*,*,#2194,.T.);
#2912=ORIENTED_EDGE('',*,*,#2195,.T.);
#2913=ORIENTED_EDGE('',*,*,#2183,.F.);
#2914=ORIENTED_EDGE('',*,*,#2196,.T.);
#2915=ORIENTED_EDGE('',*,*,#1946,.T.);
#2916=ORIENTED_EDGE('',*,*,#1957,.T.);
#2917=ORIENTED_EDGE('',*,*,#2197,.T.);
#2918=ORIENTED_EDGE('',*,*,#1958,.T.);
#2919=ORIENTED_EDGE('',*,*,#1943,.T.);
#2920=ORIENTED_EDGE('',*,*,#1947,.T.);
#2921=ORIENTED_EDGE('',*,*,#1934,.T.);
#2922=ORIENTED_EDGE('',*,*,#2196,.F.);
#2923=ORIENTED_EDGE('',*,*,#2182,.F.);
#2924=ORIENTED_EDGE('',*,*,#2190,.F.);
#2925=ORIENTED_EDGE('',*,*,#2194,.F.);
#2926=ORIENTED_EDGE('',*,*,#2185,.F.);
#2927=ORIENTED_EDGE('',*,*,#2198,.F.);
#2928=ORIENTED_EDGE('',*,*,#2195,.F.);
#2929=ORIENTED_EDGE('',*,*,#2198,.T.);
#2930=ORIENTED_EDGE('',*,*,#2184,.F.);
#2931=ORIENTED_EDGE('',*,*,#1952,.T.);
#2932=ORIENTED_EDGE('',*,*,#2199,.F.);
#2933=ORIENTED_EDGE('',*,*,#2178,.T.);
#2934=ORIENTED_EDGE('',*,*,#2200,.T.);
#2935=ORIENTED_EDGE('',*,*,#2188,.T.);
#2936=ORIENTED_EDGE('',*,*,#2070,.F.);
#2937=ORIENTED_EDGE('',*,*,#2197,.F.);
#2938=ORIENTED_EDGE('',*,*,#1956,.F.);
#2939=ORIENTED_EDGE('',*,*,#1959,.F.);
#2940=ORIENTED_EDGE('',*,*,#1967,.F.);
#2941=ORIENTED_EDGE('',*,*,#2201,.F.);
#2942=ORIENTED_EDGE('',*,*,#2202,.F.);
#2943=ORIENTED_EDGE('',*,*,#1930,.T.);
#2944=ORIENTED_EDGE('',*,*,#2203,.T.);
#2945=ORIENTED_EDGE('',*,*,#2201,.T.);
#2946=ORIENTED_EDGE('',*,*,#1966,.F.);
#2947=ORIENTED_EDGE('',*,*,#2204,.F.);
#2948=ORIENTED_EDGE('',*,*,#2205,.T.);
#2949=ORIENTED_EDGE('',*,*,#2009,.T.);
#2950=ORIENTED_EDGE('',*,*,#2206,.T.);
#2951=ORIENTED_EDGE('',*,*,#2207,.F.);
#2952=ORIENTED_EDGE('',*,*,#2010,.F.);
#2953=ORIENTED_EDGE('',*,*,#2205,.F.);
#2954=ORIENTED_EDGE('',*,*,#2208,.F.);
#2955=ORIENTED_EDGE('',*,*,#2209,.F.);
#2956=ORIENTED_EDGE('',*,*,#2067,.T.);
#2957=ORIENTED_EDGE('',*,*,#2011,.T.);
#2958=ORIENTED_EDGE('',*,*,#2207,.T.);
#2959=ORIENTED_EDGE('',*,*,#2210,.T.);
#2960=ORIENTED_EDGE('',*,*,#2211,.T.);
#2961=ORIENTED_EDGE('',*,*,#2004,.T.);
#2962=ORIENTED_EDGE('',*,*,#2059,.T.);
#2963=ORIENTED_EDGE('',*,*,#2212,.T.);
#2964=ORIENTED_EDGE('',*,*,#2213,.T.);
#2965=ORIENTED_EDGE('',*,*,#2214,.T.);
#2966=ORIENTED_EDGE('',*,*,#2215,.T.);
#2967=ORIENTED_EDGE('',*,*,#2216,.T.);
#2968=ORIENTED_EDGE('',*,*,#2217,.T.);
#2969=ORIENTED_EDGE('',*,*,#2212,.F.);
#2970=ORIENTED_EDGE('',*,*,#2218,.F.);
#2971=ORIENTED_EDGE('',*,*,#2210,.F.);
#2972=ORIENTED_EDGE('',*,*,#2219,.T.);
#2973=ORIENTED_EDGE('',*,*,#2213,.F.);
#2974=ORIENTED_EDGE('',*,*,#2217,.F.);
#2975=ORIENTED_EDGE('',*,*,#2058,.T.);
#2976=ORIENTED_EDGE('',*,*,#2220,.T.);
#2977=ORIENTED_EDGE('',*,*,#2214,.F.);
#2978=ORIENTED_EDGE('',*,*,#2219,.F.);
#2979=ORIENTED_EDGE('',*,*,#2221,.F.);
#2980=ORIENTED_EDGE('',*,*,#2218,.T.);
#2981=ORIENTED_EDGE('',*,*,#2215,.F.);
#2982=ORIENTED_EDGE('',*,*,#2220,.F.);
#2983=ORIENTED_EDGE('',*,*,#2222,.T.);
#2984=ORIENTED_EDGE('',*,*,#2223,.T.);
#2985=ORIENTED_EDGE('',*,*,#2221,.T.);
#2986=ORIENTED_EDGE('',*,*,#2057,.T.);
#2987=ORIENTED_EDGE('',*,*,#2224,.T.);
#2988=ORIENTED_EDGE('',*,*,#2225,.T.);
#2989=ORIENTED_EDGE('',*,*,#2226,.T.);
#2990=ORIENTED_EDGE('',*,*,#2227,.T.);
#2991=ORIENTED_EDGE('',*,*,#2228,.T.);
#2992=ORIENTED_EDGE('',*,*,#2229,.T.);
#2993=ORIENTED_EDGE('',*,*,#2224,.F.);
#2994=ORIENTED_EDGE('',*,*,#2230,.F.);
#2995=ORIENTED_EDGE('',*,*,#2222,.F.);
#2996=ORIENTED_EDGE('',*,*,#2231,.T.);
#2997=ORIENTED_EDGE('',*,*,#2225,.F.);
#2998=ORIENTED_EDGE('',*,*,#2229,.F.);
#2999=ORIENTED_EDGE('',*,*,#2056,.T.);
#3000=ORIENTED_EDGE('',*,*,#2232,.T.);
#3001=ORIENTED_EDGE('',*,*,#2226,.F.);
#3002=ORIENTED_EDGE('',*,*,#2231,.F.);
#3003=ORIENTED_EDGE('',*,*,#2233,.F.);
#3004=ORIENTED_EDGE('',*,*,#2230,.T.);
#3005=ORIENTED_EDGE('',*,*,#2227,.F.);
#3006=ORIENTED_EDGE('',*,*,#2232,.F.);
#3007=ORIENTED_EDGE('',*,*,#2234,.T.);
#3008=ORIENTED_EDGE('',*,*,#2235,.T.);
#3009=ORIENTED_EDGE('',*,*,#2233,.T.);
#3010=ORIENTED_EDGE('',*,*,#2055,.T.);
#3011=ORIENTED_EDGE('',*,*,#2236,.T.);
#3012=ORIENTED_EDGE('',*,*,#2237,.T.);
#3013=ORIENTED_EDGE('',*,*,#2238,.T.);
#3014=ORIENTED_EDGE('',*,*,#2239,.T.);
#3015=ORIENTED_EDGE('',*,*,#2240,.T.);
#3016=ORIENTED_EDGE('',*,*,#2241,.T.);
#3017=ORIENTED_EDGE('',*,*,#2236,.F.);
#3018=ORIENTED_EDGE('',*,*,#2242,.F.);
#3019=ORIENTED_EDGE('',*,*,#2234,.F.);
#3020=ORIENTED_EDGE('',*,*,#2243,.T.);
#3021=ORIENTED_EDGE('',*,*,#2237,.F.);
#3022=ORIENTED_EDGE('',*,*,#2241,.F.);
#3023=ORIENTED_EDGE('',*,*,#2054,.T.);
#3024=ORIENTED_EDGE('',*,*,#2244,.T.);
#3025=ORIENTED_EDGE('',*,*,#2238,.F.);
#3026=ORIENTED_EDGE('',*,*,#2243,.F.);
#3027=ORIENTED_EDGE('',*,*,#2245,.F.);
#3028=ORIENTED_EDGE('',*,*,#2242,.T.);
#3029=ORIENTED_EDGE('',*,*,#2239,.F.);
#3030=ORIENTED_EDGE('',*,*,#2244,.F.);
#3031=ORIENTED_EDGE('',*,*,#2246,.T.);
#3032=ORIENTED_EDGE('',*,*,#2247,.T.);
#3033=ORIENTED_EDGE('',*,*,#2245,.T.);
#3034=ORIENTED_EDGE('',*,*,#2053,.T.);
#3035=ORIENTED_EDGE('',*,*,#2248,.T.);
#3036=ORIENTED_EDGE('',*,*,#2249,.T.);
#3037=ORIENTED_EDGE('',*,*,#2250,.T.);
#3038=ORIENTED_EDGE('',*,*,#2251,.T.);
#3039=ORIENTED_EDGE('',*,*,#2252,.T.);
#3040=ORIENTED_EDGE('',*,*,#2253,.T.);
#3041=ORIENTED_EDGE('',*,*,#2248,.F.);
#3042=ORIENTED_EDGE('',*,*,#2254,.F.);
#3043=ORIENTED_EDGE('',*,*,#2246,.F.);
#3044=ORIENTED_EDGE('',*,*,#2255,.T.);
#3045=ORIENTED_EDGE('',*,*,#2249,.F.);
#3046=ORIENTED_EDGE('',*,*,#2253,.F.);
#3047=ORIENTED_EDGE('',*,*,#2052,.T.);
#3048=ORIENTED_EDGE('',*,*,#2256,.T.);
#3049=ORIENTED_EDGE('',*,*,#2250,.F.);
#3050=ORIENTED_EDGE('',*,*,#2255,.F.);
#3051=ORIENTED_EDGE('',*,*,#2257,.F.);
#3052=ORIENTED_EDGE('',*,*,#2254,.T.);
#3053=ORIENTED_EDGE('',*,*,#2251,.F.);
#3054=ORIENTED_EDGE('',*,*,#2256,.F.);
#3055=ORIENTED_EDGE('',*,*,#2258,.T.);
#3056=ORIENTED_EDGE('',*,*,#2259,.T.);
#3057=ORIENTED_EDGE('',*,*,#2257,.T.);
#3058=ORIENTED_EDGE('',*,*,#2051,.T.);
#3059=ORIENTED_EDGE('',*,*,#2260,.T.);
#3060=ORIENTED_EDGE('',*,*,#2261,.T.);
#3061=ORIENTED_EDGE('',*,*,#2262,.T.);
#3062=ORIENTED_EDGE('',*,*,#2263,.T.);
#3063=ORIENTED_EDGE('',*,*,#2264,.T.);
#3064=ORIENTED_EDGE('',*,*,#2265,.T.);
#3065=ORIENTED_EDGE('',*,*,#2260,.F.);
#3066=ORIENTED_EDGE('',*,*,#2266,.F.);
#3067=ORIENTED_EDGE('',*,*,#2258,.F.);
#3068=ORIENTED_EDGE('',*,*,#2267,.T.);
#3069=ORIENTED_EDGE('',*,*,#2261,.F.);
#3070=ORIENTED_EDGE('',*,*,#2265,.F.);
#3071=ORIENTED_EDGE('',*,*,#2050,.T.);
#3072=ORIENTED_EDGE('',*,*,#2268,.T.);
#3073=ORIENTED_EDGE('',*,*,#2262,.F.);
#3074=ORIENTED_EDGE('',*,*,#2267,.F.);
#3075=ORIENTED_EDGE('',*,*,#2269,.F.);
#3076=ORIENTED_EDGE('',*,*,#2266,.T.);
#3077=ORIENTED_EDGE('',*,*,#2263,.F.);
#3078=ORIENTED_EDGE('',*,*,#2268,.F.);
#3079=ORIENTED_EDGE('',*,*,#2270,.T.);
#3080=ORIENTED_EDGE('',*,*,#2271,.T.);
#3081=ORIENTED_EDGE('',*,*,#2269,.T.);
#3082=ORIENTED_EDGE('',*,*,#2049,.T.);
#3083=ORIENTED_EDGE('',*,*,#2272,.T.);
#3084=ORIENTED_EDGE('',*,*,#2273,.T.);
#3085=ORIENTED_EDGE('',*,*,#2274,.T.);
#3086=ORIENTED_EDGE('',*,*,#2275,.T.);
#3087=ORIENTED_EDGE('',*,*,#2276,.T.);
#3088=ORIENTED_EDGE('',*,*,#2277,.T.);
#3089=ORIENTED_EDGE('',*,*,#2272,.F.);
#3090=ORIENTED_EDGE('',*,*,#2278,.F.);
#3091=ORIENTED_EDGE('',*,*,#2270,.F.);
#3092=ORIENTED_EDGE('',*,*,#2279,.T.);
#3093=ORIENTED_EDGE('',*,*,#2273,.F.);
#3094=ORIENTED_EDGE('',*,*,#2277,.F.);
#3095=ORIENTED_EDGE('',*,*,#2048,.T.);
#3096=ORIENTED_EDGE('',*,*,#2280,.T.);
#3097=ORIENTED_EDGE('',*,*,#2274,.F.);
#3098=ORIENTED_EDGE('',*,*,#2279,.F.);
#3099=ORIENTED_EDGE('',*,*,#2281,.F.);
#3100=ORIENTED_EDGE('',*,*,#2278,.T.);
#3101=ORIENTED_EDGE('',*,*,#2275,.F.);
#3102=ORIENTED_EDGE('',*,*,#2280,.F.);
#3103=ORIENTED_EDGE('',*,*,#2282,.T.);
#3104=ORIENTED_EDGE('',*,*,#2283,.T.);
#3105=ORIENTED_EDGE('',*,*,#2281,.T.);
#3106=ORIENTED_EDGE('',*,*,#2047,.T.);
#3107=ORIENTED_EDGE('',*,*,#2284,.T.);
#3108=ORIENTED_EDGE('',*,*,#2285,.T.);
#3109=ORIENTED_EDGE('',*,*,#2286,.T.);
#3110=ORIENTED_EDGE('',*,*,#2287,.T.);
#3111=ORIENTED_EDGE('',*,*,#2288,.T.);
#3112=ORIENTED_EDGE('',*,*,#2289,.T.);
#3113=ORIENTED_EDGE('',*,*,#2284,.F.);
#3114=ORIENTED_EDGE('',*,*,#2290,.F.);
#3115=ORIENTED_EDGE('',*,*,#2282,.F.);
#3116=ORIENTED_EDGE('',*,*,#2291,.T.);
#3117=ORIENTED_EDGE('',*,*,#2285,.F.);
#3118=ORIENTED_EDGE('',*,*,#2289,.F.);
#3119=ORIENTED_EDGE('',*,*,#2046,.T.);
#3120=ORIENTED_EDGE('',*,*,#2292,.T.);
#3121=ORIENTED_EDGE('',*,*,#2286,.F.);
#3122=ORIENTED_EDGE('',*,*,#2291,.F.);
#3123=ORIENTED_EDGE('',*,*,#2293,.F.);
#3124=ORIENTED_EDGE('',*,*,#2290,.T.);
#3125=ORIENTED_EDGE('',*,*,#2287,.F.);
#3126=ORIENTED_EDGE('',*,*,#2292,.F.);
#3127=ORIENTED_EDGE('',*,*,#2294,.T.);
#3128=ORIENTED_EDGE('',*,*,#2295,.T.);
#3129=ORIENTED_EDGE('',*,*,#2293,.T.);
#3130=ORIENTED_EDGE('',*,*,#2045,.T.);
#3131=ORIENTED_EDGE('',*,*,#2296,.T.);
#3132=ORIENTED_EDGE('',*,*,#2297,.T.);
#3133=ORIENTED_EDGE('',*,*,#2298,.T.);
#3134=ORIENTED_EDGE('',*,*,#2299,.T.);
#3135=ORIENTED_EDGE('',*,*,#2300,.T.);
#3136=ORIENTED_EDGE('',*,*,#2301,.T.);
#3137=ORIENTED_EDGE('',*,*,#2296,.F.);
#3138=ORIENTED_EDGE('',*,*,#2302,.F.);
#3139=ORIENTED_EDGE('',*,*,#2294,.F.);
#3140=ORIENTED_EDGE('',*,*,#2303,.T.);
#3141=ORIENTED_EDGE('',*,*,#2297,.F.);
#3142=ORIENTED_EDGE('',*,*,#2301,.F.);
#3143=ORIENTED_EDGE('',*,*,#2044,.T.);
#3144=ORIENTED_EDGE('',*,*,#2304,.T.);
#3145=ORIENTED_EDGE('',*,*,#2298,.F.);
#3146=ORIENTED_EDGE('',*,*,#2303,.F.);
#3147=ORIENTED_EDGE('',*,*,#2305,.F.);
#3148=ORIENTED_EDGE('',*,*,#2302,.T.);
#3149=ORIENTED_EDGE('',*,*,#2299,.F.);
#3150=ORIENTED_EDGE('',*,*,#2304,.F.);
#3151=ORIENTED_EDGE('',*,*,#2306,.T.);
#3152=ORIENTED_EDGE('',*,*,#2307,.T.);
#3153=ORIENTED_EDGE('',*,*,#2305,.T.);
#3154=ORIENTED_EDGE('',*,*,#2043,.T.);
#3155=ORIENTED_EDGE('',*,*,#2308,.T.);
#3156=ORIENTED_EDGE('',*,*,#2309,.T.);
#3157=ORIENTED_EDGE('',*,*,#2310,.T.);
#3158=ORIENTED_EDGE('',*,*,#2311,.T.);
#3159=ORIENTED_EDGE('',*,*,#2312,.T.);
#3160=ORIENTED_EDGE('',*,*,#2313,.T.);
#3161=ORIENTED_EDGE('',*,*,#2308,.F.);
#3162=ORIENTED_EDGE('',*,*,#2314,.F.);
#3163=ORIENTED_EDGE('',*,*,#2306,.F.);
#3164=ORIENTED_EDGE('',*,*,#2315,.T.);
#3165=ORIENTED_EDGE('',*,*,#2309,.F.);
#3166=ORIENTED_EDGE('',*,*,#2313,.F.);
#3167=ORIENTED_EDGE('',*,*,#2042,.T.);
#3168=ORIENTED_EDGE('',*,*,#2316,.T.);
#3169=ORIENTED_EDGE('',*,*,#2310,.F.);
#3170=ORIENTED_EDGE('',*,*,#2315,.F.);
#3171=ORIENTED_EDGE('',*,*,#2317,.F.);
#3172=ORIENTED_EDGE('',*,*,#2314,.T.);
#3173=ORIENTED_EDGE('',*,*,#2311,.F.);
#3174=ORIENTED_EDGE('',*,*,#2316,.F.);
#3175=ORIENTED_EDGE('',*,*,#2318,.T.);
#3176=ORIENTED_EDGE('',*,*,#2319,.T.);
#3177=ORIENTED_EDGE('',*,*,#2317,.T.);
#3178=ORIENTED_EDGE('',*,*,#2041,.T.);
#3179=ORIENTED_EDGE('',*,*,#2320,.T.);
#3180=ORIENTED_EDGE('',*,*,#2321,.T.);
#3181=ORIENTED_EDGE('',*,*,#2322,.T.);
#3182=ORIENTED_EDGE('',*,*,#2323,.T.);
#3183=ORIENTED_EDGE('',*,*,#2324,.T.);
#3184=ORIENTED_EDGE('',*,*,#2325,.T.);
#3185=ORIENTED_EDGE('',*,*,#2320,.F.);
#3186=ORIENTED_EDGE('',*,*,#2326,.F.);
#3187=ORIENTED_EDGE('',*,*,#2318,.F.);
#3188=ORIENTED_EDGE('',*,*,#2327,.T.);
#3189=ORIENTED_EDGE('',*,*,#2321,.F.);
#3190=ORIENTED_EDGE('',*,*,#2325,.F.);
#3191=ORIENTED_EDGE('',*,*,#2040,.T.);
#3192=ORIENTED_EDGE('',*,*,#2328,.T.);
#3193=ORIENTED_EDGE('',*,*,#2322,.F.);
#3194=ORIENTED_EDGE('',*,*,#2327,.F.);
#3195=ORIENTED_EDGE('',*,*,#2329,.F.);
#3196=ORIENTED_EDGE('',*,*,#2326,.T.);
#3197=ORIENTED_EDGE('',*,*,#2323,.F.);
#3198=ORIENTED_EDGE('',*,*,#2328,.F.);
#3199=ORIENTED_EDGE('',*,*,#2330,.T.);
#3200=ORIENTED_EDGE('',*,*,#2331,.T.);
#3201=ORIENTED_EDGE('',*,*,#2329,.T.);
#3202=ORIENTED_EDGE('',*,*,#2039,.T.);
#3203=ORIENTED_EDGE('',*,*,#2332,.T.);
#3204=ORIENTED_EDGE('',*,*,#2333,.T.);
#3205=ORIENTED_EDGE('',*,*,#2334,.T.);
#3206=ORIENTED_EDGE('',*,*,#2335,.T.);
#3207=ORIENTED_EDGE('',*,*,#2336,.T.);
#3208=ORIENTED_EDGE('',*,*,#2337,.T.);
#3209=ORIENTED_EDGE('',*,*,#2332,.F.);
#3210=ORIENTED_EDGE('',*,*,#2338,.F.);
#3211=ORIENTED_EDGE('',*,*,#2330,.F.);
#3212=ORIENTED_EDGE('',*,*,#2339,.T.);
#3213=ORIENTED_EDGE('',*,*,#2333,.F.);
#3214=ORIENTED_EDGE('',*,*,#2337,.F.);
#3215=ORIENTED_EDGE('',*,*,#2038,.T.);
#3216=ORIENTED_EDGE('',*,*,#2340,.T.);
#3217=ORIENTED_EDGE('',*,*,#2334,.F.);
#3218=ORIENTED_EDGE('',*,*,#2339,.F.);
#3219=ORIENTED_EDGE('',*,*,#2341,.F.);
#3220=ORIENTED_EDGE('',*,*,#2338,.T.);
#3221=ORIENTED_EDGE('',*,*,#2335,.F.);
#3222=ORIENTED_EDGE('',*,*,#2340,.F.);
#3223=ORIENTED_EDGE('',*,*,#2342,.T.);
#3224=ORIENTED_EDGE('',*,*,#2343,.T.);
#3225=ORIENTED_EDGE('',*,*,#2341,.T.);
#3226=ORIENTED_EDGE('',*,*,#2037,.T.);
#3227=ORIENTED_EDGE('',*,*,#2344,.T.);
#3228=ORIENTED_EDGE('',*,*,#2345,.T.);
#3229=ORIENTED_EDGE('',*,*,#2346,.T.);
#3230=ORIENTED_EDGE('',*,*,#2347,.T.);
#3231=ORIENTED_EDGE('',*,*,#2348,.T.);
#3232=ORIENTED_EDGE('',*,*,#2349,.T.);
#3233=ORIENTED_EDGE('',*,*,#2344,.F.);
#3234=ORIENTED_EDGE('',*,*,#2350,.F.);
#3235=ORIENTED_EDGE('',*,*,#2342,.F.);
#3236=ORIENTED_EDGE('',*,*,#2351,.T.);
#3237=ORIENTED_EDGE('',*,*,#2345,.F.);
#3238=ORIENTED_EDGE('',*,*,#2349,.F.);
#3239=ORIENTED_EDGE('',*,*,#2036,.T.);
#3240=ORIENTED_EDGE('',*,*,#2352,.T.);
#3241=ORIENTED_EDGE('',*,*,#2346,.F.);
#3242=ORIENTED_EDGE('',*,*,#2351,.F.);
#3243=ORIENTED_EDGE('',*,*,#2353,.F.);
#3244=ORIENTED_EDGE('',*,*,#2350,.T.);
#3245=ORIENTED_EDGE('',*,*,#2347,.F.);
#3246=ORIENTED_EDGE('',*,*,#2352,.F.);
#3247=ORIENTED_EDGE('',*,*,#2354,.T.);
#3248=ORIENTED_EDGE('',*,*,#2355,.T.);
#3249=ORIENTED_EDGE('',*,*,#2353,.T.);
#3250=ORIENTED_EDGE('',*,*,#2035,.T.);
#3251=ORIENTED_EDGE('',*,*,#2356,.T.);
#3252=ORIENTED_EDGE('',*,*,#2033,.T.);
#3253=ORIENTED_EDGE('',*,*,#1972,.T.);
#3254=ORIENTED_EDGE('',*,*,#2357,.T.);
#3255=ORIENTED_EDGE('',*,*,#2358,.T.);
#3256=ORIENTED_EDGE('',*,*,#2359,.T.);
#3257=ORIENTED_EDGE('',*,*,#2360,.T.);
#3258=ORIENTED_EDGE('',*,*,#2361,.T.);
#3259=ORIENTED_EDGE('',*,*,#2362,.T.);
#3260=ORIENTED_EDGE('',*,*,#2363,.T.);
#3261=ORIENTED_EDGE('',*,*,#2358,.F.);
#3262=ORIENTED_EDGE('',*,*,#2364,.F.);
#3263=ORIENTED_EDGE('',*,*,#2354,.F.);
#3264=ORIENTED_EDGE('',*,*,#2365,.T.);
#3265=ORIENTED_EDGE('',*,*,#2359,.F.);
#3266=ORIENTED_EDGE('',*,*,#2363,.F.);
#3267=ORIENTED_EDGE('',*,*,#2034,.T.);
#3268=ORIENTED_EDGE('',*,*,#2366,.T.);
#3269=ORIENTED_EDGE('',*,*,#2360,.F.);
#3270=ORIENTED_EDGE('',*,*,#2365,.F.);
#3271=ORIENTED_EDGE('',*,*,#2356,.F.);
#3272=ORIENTED_EDGE('',*,*,#2364,.T.);
#3273=ORIENTED_EDGE('',*,*,#2361,.F.);
#3274=ORIENTED_EDGE('',*,*,#2366,.F.);
#3275=ORIENTED_EDGE('',*,*,#2367,.F.);
#3276=ORIENTED_EDGE('',*,*,#2368,.F.);
#3277=ORIENTED_EDGE('',*,*,#2369,.F.);
#3278=ORIENTED_EDGE('',*,*,#2370,.F.);
#3279=ORIENTED_EDGE('',*,*,#2371,.F.);
#3280=ORIENTED_EDGE('',*,*,#2078,.F.);
#3281=ORIENTED_EDGE('',*,*,#2372,.F.);
#3282=ORIENTED_EDGE('',*,*,#2373,.F.);
#3283=ORIENTED_EDGE('',*,*,#2374,.F.);
#3284=ORIENTED_EDGE('',*,*,#2375,.F.);
#3285=ORIENTED_EDGE('',*,*,#2376,.F.);
#3286=ORIENTED_EDGE('',*,*,#2377,.F.);
#3287=ORIENTED_EDGE('',*,*,#2378,.F.);
#3288=ORIENTED_EDGE('',*,*,#2379,.F.);
#3289=ORIENTED_EDGE('',*,*,#2380,.F.);
#3290=ORIENTED_EDGE('',*,*,#2381,.F.);
#3291=ORIENTED_EDGE('',*,*,#2382,.F.);
#3292=ORIENTED_EDGE('',*,*,#2373,.T.);
#3293=ORIENTED_EDGE('',*,*,#2383,.T.);
#3294=ORIENTED_EDGE('',*,*,#2014,.F.);
#3295=ORIENTED_EDGE('',*,*,#2384,.T.);
#3296=ORIENTED_EDGE('',*,*,#2027,.F.);
#3297=ORIENTED_EDGE('',*,*,#2385,.F.);
#3298=ORIENTED_EDGE('',*,*,#2374,.T.);
#3299=ORIENTED_EDGE('',*,*,#2386,.T.);
#3300=ORIENTED_EDGE('',*,*,#2376,.T.);
#3301=ORIENTED_EDGE('',*,*,#2387,.T.);
#3302=ORIENTED_EDGE('',*,*,#2025,.F.);
#3303=ORIENTED_EDGE('',*,*,#2388,.T.);
#3304=ORIENTED_EDGE('',*,*,#2389,.F.);
#3305=ORIENTED_EDGE('',*,*,#2118,.T.);
#3306=ORIENTED_EDGE('',*,*,#2390,.F.);
#3307=ORIENTED_EDGE('',*,*,#2388,.F.);
#3308=ORIENTED_EDGE('',*,*,#2024,.F.);
#3309=ORIENTED_EDGE('',*,*,#2391,.T.);
#3310=ORIENTED_EDGE('',*,*,#2380,.T.);
#3311=ORIENTED_EDGE('',*,*,#2392,.T.);
#3312=ORIENTED_EDGE('',*,*,#2020,.F.);
#3313=ORIENTED_EDGE('',*,*,#2393,.T.);
#3314=ORIENTED_EDGE('',*,*,#2110,.T.);
#3315=ORIENTED_EDGE('',*,*,#2113,.T.);
#3316=ORIENTED_EDGE('',*,*,#2394,.F.);
#3317=ORIENTED_EDGE('',*,*,#2111,.T.);
#3318=ORIENTED_EDGE('',*,*,#2393,.F.);
#3319=ORIENTED_EDGE('',*,*,#2019,.F.);
#3320=ORIENTED_EDGE('',*,*,#2395,.T.);
#3321=ORIENTED_EDGE('',*,*,#2022,.F.);
#3322=ORIENTED_EDGE('',*,*,#2396,.F.);
#3323=ORIENTED_EDGE('',*,*,#2378,.T.);
#3324=ORIENTED_EDGE('',*,*,#2397,.T.);
#3325=ORIENTED_EDGE('',*,*,#2032,.F.);
#3326=ORIENTED_EDGE('',*,*,#2398,.F.);
#3327=ORIENTED_EDGE('',*,*,#2367,.T.);
#3328=ORIENTED_EDGE('',*,*,#2399,.T.);
#3329=ORIENTED_EDGE('',*,*,#2369,.T.);
#3330=ORIENTED_EDGE('',*,*,#2400,.T.);
#3331=ORIENTED_EDGE('',*,*,#2030,.F.);
#3332=ORIENTED_EDGE('',*,*,#2401,.T.);
#3333=ORIENTED_EDGE('',*,*,#2103,.T.);
#3334=ORIENTED_EDGE('',*,*,#2106,.T.);
#3335=ORIENTED_EDGE('',*,*,#2402,.F.);
#3336=ORIENTED_EDGE('',*,*,#2104,.T.);
#3337=ORIENTED_EDGE('',*,*,#2401,.F.);
#3338=ORIENTED_EDGE('',*,*,#2029,.F.);
#3339=ORIENTED_EDGE('',*,*,#2013,.F.);
#3340=ORIENTED_EDGE('',*,*,#2072,.F.);
#3341=ORIENTED_EDGE('',*,*,#2371,.T.);
#3342=ORIENTED_EDGE('',*,*,#2382,.T.);
#3343=ORIENTED_EDGE('',*,*,#2015,.F.);
#3344=ORIENTED_EDGE('',*,*,#2383,.F.);
#3345=ORIENTED_EDGE('',*,*,#2372,.T.);
#3346=ORIENTED_EDGE('',*,*,#2077,.F.);
#3347=ORIENTED_EDGE('',*,*,#2026,.F.);
#3348=ORIENTED_EDGE('',*,*,#2387,.F.);
#3349=ORIENTED_EDGE('',*,*,#2375,.T.);
#3350=ORIENTED_EDGE('',*,*,#2385,.T.);
#3351=ORIENTED_EDGE('',*,*,#2023,.F.);
#3352=ORIENTED_EDGE('',*,*,#2384,.F.);
#3353=ORIENTED_EDGE('',*,*,#2377,.T.);
#3354=ORIENTED_EDGE('',*,*,#2386,.F.);
#3355=ORIENTED_EDGE('',*,*,#2018,.F.);
#3356=ORIENTED_EDGE('',*,*,#2395,.F.);
#3357=ORIENTED_EDGE('',*,*,#2381,.T.);
#3358=ORIENTED_EDGE('',*,*,#2391,.F.);
#3359=ORIENTED_EDGE('',*,*,#2021,.F.);
#3360=ORIENTED_EDGE('',*,*,#2392,.F.);
#3361=ORIENTED_EDGE('',*,*,#2379,.T.);
#3362=ORIENTED_EDGE('',*,*,#2396,.T.);
#3363=ORIENTED_EDGE('',*,*,#2031,.F.);
#3364=ORIENTED_EDGE('',*,*,#2400,.F.);
#3365=ORIENTED_EDGE('',*,*,#2368,.T.);
#3366=ORIENTED_EDGE('',*,*,#2398,.T.);
#3367=ORIENTED_EDGE('',*,*,#2028,.F.);
#3368=ORIENTED_EDGE('',*,*,#2397,.F.);
#3369=ORIENTED_EDGE('',*,*,#2370,.T.);
#3370=ORIENTED_EDGE('',*,*,#2399,.F.);
#3371=ORIENTED_EDGE('',*,*,#2403,.F.);
#3372=ORIENTED_EDGE('',*,*,#2169,.T.);
#3373=ORIENTED_EDGE('',*,*,#2161,.T.);
#3374=ORIENTED_EDGE('',*,*,#2166,.T.);
#3375=ORIENTED_EDGE('',*,*,#2154,.T.);
#3376=ORIENTED_EDGE('',*,*,#2156,.T.);
#3377=ORIENTED_EDGE('',*,*,#2404,.F.);
#3378=ORIENTED_EDGE('',*,*,#2164,.T.);
#3379=ORIENTED_EDGE('',*,*,#2405,.F.);
#3380=ORIENTED_EDGE('',*,*,#2167,.F.);
#3381=ORIENTED_EDGE('',*,*,#2165,.T.);
#3382=ORIENTED_EDGE('',*,*,#2404,.T.);
#3383=ORIENTED_EDGE('',*,*,#2170,.T.);
#3384=ORIENTED_EDGE('',*,*,#2403,.T.);
#3385=ORIENTED_EDGE('',*,*,#2406,.F.);
#3386=ORIENTED_EDGE('',*,*,#2139,.T.);
#3387=ORIENTED_EDGE('',*,*,#2142,.T.);
#3388=ORIENTED_EDGE('',*,*,#2146,.T.);
#3389=ORIENTED_EDGE('',*,*,#2130,.T.);
#3390=ORIENTED_EDGE('',*,*,#2132,.T.);
#3391=ORIENTED_EDGE('',*,*,#2407,.F.);
#3392=ORIENTED_EDGE('',*,*,#2144,.T.);
#3393=ORIENTED_EDGE('',*,*,#2408,.F.);
#3394=ORIENTED_EDGE('',*,*,#2136,.F.);
#3395=ORIENTED_EDGE('',*,*,#2145,.T.);
#3396=ORIENTED_EDGE('',*,*,#2407,.T.);
#3397=ORIENTED_EDGE('',*,*,#2140,.T.);
#3398=ORIENTED_EDGE('',*,*,#2406,.T.);
#3399=ORIENTED_EDGE('',*,*,#1924,.T.);
#3400=ORIENTED_EDGE('',*,*,#1904,.F.);
#3401=ORIENTED_EDGE('',*,*,#2180,.F.);
#3402=ORIENTED_EDGE('',*,*,#2172,.F.);
#3403=ORIENTED_EDGE('',*,*,#2409,.F.);
#3404=ORIENTED_EDGE('',*,*,#1925,.T.);
#3405=ORIENTED_EDGE('',*,*,#2409,.T.);
#3406=ORIENTED_EDGE('',*,*,#2179,.T.);
#3407=ORIENTED_EDGE('',*,*,#2199,.T.);
#3408=ORIENTED_EDGE('',*,*,#1951,.T.);
#3409=ORIENTED_EDGE('',*,*,#1949,.T.);
#3410=ORIENTED_EDGE('',*,*,#1976,.T.);
#3411=ORIENTED_EDGE('',*,*,#2171,.F.);
#3412=ORIENTED_EDGE('',*,*,#2005,.F.);
#3413=ORIENTED_EDGE('',*,*,#2211,.F.);
#3414=ORIENTED_EDGE('',*,*,#2216,.F.);
#3415=ORIENTED_EDGE('',*,*,#2223,.F.);
#3416=ORIENTED_EDGE('',*,*,#2228,.F.);
#3417=ORIENTED_EDGE('',*,*,#2235,.F.);
#3418=ORIENTED_EDGE('',*,*,#2240,.F.);
#3419=ORIENTED_EDGE('',*,*,#2247,.F.);
#3420=ORIENTED_EDGE('',*,*,#2252,.F.);
#3421=ORIENTED_EDGE('',*,*,#2259,.F.);
#3422=ORIENTED_EDGE('',*,*,#2264,.F.);
#3423=ORIENTED_EDGE('',*,*,#2271,.F.);
#3424=ORIENTED_EDGE('',*,*,#2276,.F.);
#3425=ORIENTED_EDGE('',*,*,#2283,.F.);
#3426=ORIENTED_EDGE('',*,*,#2288,.F.);
#3427=ORIENTED_EDGE('',*,*,#2295,.F.);
#3428=ORIENTED_EDGE('',*,*,#2300,.F.);
#3429=ORIENTED_EDGE('',*,*,#2307,.F.);
#3430=ORIENTED_EDGE('',*,*,#2312,.F.);
#3431=ORIENTED_EDGE('',*,*,#2319,.F.);
#3432=ORIENTED_EDGE('',*,*,#2324,.F.);
#3433=ORIENTED_EDGE('',*,*,#2331,.F.);
#3434=ORIENTED_EDGE('',*,*,#2336,.F.);
#3435=ORIENTED_EDGE('',*,*,#2343,.F.);
#3436=ORIENTED_EDGE('',*,*,#2348,.F.);
#3437=ORIENTED_EDGE('',*,*,#2355,.F.);
#3438=ORIENTED_EDGE('',*,*,#2362,.F.);
#3439=ORIENTED_EDGE('',*,*,#2357,.F.);
#3440=ORIENTED_EDGE('',*,*,#1971,.T.);
#3441=ORIENTED_EDGE('',*,*,#1933,.T.);
#3442=ORIENTED_EDGE('',*,*,#1968,.F.);
#3443=ORIENTED_EDGE('',*,*,#2202,.T.);
#3444=ORIENTED_EDGE('',*,*,#2203,.F.);
#3445=ORIENTED_EDGE('',*,*,#2410,.T.);
#3446=ORIENTED_EDGE('',*,*,#2411,.T.);
#3447=ORIENTED_EDGE('',*,*,#1987,.F.);
#3448=ORIENTED_EDGE('',*,*,#2412,.T.);
#3449=ORIENTED_EDGE('',*,*,#1989,.F.);
#3450=ORIENTED_EDGE('',*,*,#2413,.T.);
#3451=ORIENTED_EDGE('',*,*,#2414,.T.);
#3452=ORIENTED_EDGE('',*,*,#1908,.F.);
#3453=ORIENTED_EDGE('',*,*,#2415,.T.);
#3454=ORIENTED_EDGE('',*,*,#1910,.F.);
#3455=ORIENTED_EDGE('',*,*,#2416,.T.);
#3456=ORIENTED_EDGE('',*,*,#1911,.F.);
#3457=ORIENTED_EDGE('',*,*,#2415,.F.);
#3458=ORIENTED_EDGE('',*,*,#1907,.F.);
#3459=ORIENTED_EDGE('',*,*,#2417,.T.);
#3460=ORIENTED_EDGE('',*,*,#2418,.T.);
#3461=ORIENTED_EDGE('',*,*,#2410,.F.);
#3462=ORIENTED_EDGE('',*,*,#2419,.T.);
#3463=ORIENTED_EDGE('',*,*,#2411,.F.);
#3464=ORIENTED_EDGE('',*,*,#2418,.F.);
#3465=ORIENTED_EDGE('',*,*,#1988,.F.);
#3466=ORIENTED_EDGE('',*,*,#2419,.F.);
#3467=ORIENTED_EDGE('',*,*,#2420,.T.);
#3468=ORIENTED_EDGE('',*,*,#2421,.T.);
#3469=ORIENTED_EDGE('',*,*,#2413,.F.);
#3470=ORIENTED_EDGE('',*,*,#2422,.T.);
#3471=ORIENTED_EDGE('',*,*,#2414,.F.);
#3472=ORIENTED_EDGE('',*,*,#2421,.F.);
#3473=ORIENTED_EDGE('',*,*,#1909,.F.);
#3474=ORIENTED_EDGE('',*,*,#2422,.F.);
#3475=ORIENTED_EDGE('',*,*,#2423,.T.);
#3476=ORIENTED_EDGE('',*,*,#1990,.F.);
#3477=ORIENTED_EDGE('',*,*,#2412,.F.);
#3478=ORIENTED_EDGE('',*,*,#1986,.F.);
#3479=ORIENTED_EDGE('',*,*,#2423,.F.);
#3480=ORIENTED_EDGE('',*,*,#1984,.F.);
#3481=ORIENTED_EDGE('',*,*,#2417,.F.);
#3482=ORIENTED_EDGE('',*,*,#2416,.F.);
#3483=ORIENTED_EDGE('',*,*,#2424,.F.);
#3484=ORIENTED_EDGE('',*,*,#2420,.F.);
#3485=ORIENTED_EDGE('',*,*,#1922,.T.);
#3486=ORIENTED_EDGE('',*,*,#1912,.F.);
#3487=ORIENTED_EDGE('',*,*,#2424,.T.);
#3488=ORIENTED_EDGE('',*,*,#1906,.F.);
#3489=ORIENTED_EDGE('',*,*,#1923,.T.);
#3490=ORIENTED_EDGE('',*,*,#2425,.F.);
#3491=ORIENTED_EDGE('',*,*,#2068,.T.);
#3492=ORIENTED_EDGE('',*,*,#2209,.T.);
#3493=ORIENTED_EDGE('',*,*,#2208,.T.);
#3494=ORIENTED_EDGE('',*,*,#2204,.T.);
#3495=ORIENTED_EDGE('',*,*,#2426,.T.);
#3496=ORIENTED_EDGE('',*,*,#2427,.F.);
#3497=ORIENTED_EDGE('',*,*,#2065,.T.);
#3498=ORIENTED_EDGE('',*,*,#2121,.F.);
#3499=ORIENTED_EDGE('',*,*,#2428,.F.);
#3500=ORIENTED_EDGE('',*,*,#2429,.F.);
#3501=ORIENTED_EDGE('',*,*,#2426,.F.);
#3502=ORIENTED_EDGE('',*,*,#2206,.F.);
#3503=ORIENTED_EDGE('',*,*,#2008,.F.);
#3504=ORIENTED_EDGE('',*,*,#2430,.F.);
#3505=ORIENTED_EDGE('',*,*,#2431,.T.);
#3506=ORIENTED_EDGE('',*,*,#2122,.T.);
#3507=ORIENTED_EDGE('',*,*,#2063,.T.);
#3508=ORIENTED_EDGE('',*,*,#2432,.F.);
#3509=ORIENTED_EDGE('',*,*,#1994,.T.);
#3510=ORIENTED_EDGE('',*,*,#2189,.T.);
#3511=ORIENTED_EDGE('',*,*,#2200,.F.);
#3512=ORIENTED_EDGE('',*,*,#2177,.T.);
#3513=ORIENTED_EDGE('',*,*,#1901,.F.);
#3514=ORIENTED_EDGE('',*,*,#2163,.T.);
#3515=ORIENTED_EDGE('',*,*,#2158,.T.);
#3516=ORIENTED_EDGE('',*,*,#2168,.T.);
#3517=ORIENTED_EDGE('',*,*,#2405,.T.);
#3518=ORIENTED_EDGE('',*,*,#2119,.F.);
#3519=ORIENTED_EDGE('',*,*,#2389,.T.);
#3520=ORIENTED_EDGE('',*,*,#2390,.T.);
#3521=ORIENTED_EDGE('',*,*,#2117,.F.);
#3522=ORIENTED_EDGE('',*,*,#2099,.F.);
#3523=ORIENTED_EDGE('',*,*,#2074,.T.);
#3524=ORIENTED_EDGE('',*,*,#2076,.T.);
#3525=ORIENTED_EDGE('',*,*,#2098,.F.);
#3526=ORIENTED_EDGE('',*,*,#2105,.F.);
#3527=ORIENTED_EDGE('',*,*,#2402,.T.);
#3528=ORIENTED_EDGE('',*,*,#2112,.F.);
#3529=ORIENTED_EDGE('',*,*,#2394,.T.);
#3530=ORIENTED_EDGE('',*,*,#2408,.T.);
#3531=ORIENTED_EDGE('',*,*,#2143,.T.);
#3532=ORIENTED_EDGE('',*,*,#2134,.T.);
#3533=ORIENTED_EDGE('',*,*,#2137,.T.);
#3534=ORIENTED_EDGE('',*,*,#2433,.F.);
#3535=ORIENTED_EDGE('',*,*,#2428,.T.);
#3536=ORIENTED_EDGE('',*,*,#2120,.F.);
#3537=ORIENTED_EDGE('',*,*,#2431,.F.);
#3538=ORIENTED_EDGE('',*,*,#2425,.T.);
#3539=ORIENTED_EDGE('',*,*,#2433,.T.);
#3540=ORIENTED_EDGE('',*,*,#2430,.T.);
#3541=ORIENTED_EDGE('',*,*,#1900,.T.);
#3542=ORIENTED_EDGE('',*,*,#2069,.T.);
#3543=ORIENTED_EDGE('',*,*,#2060,.T.);
#3544=ORIENTED_EDGE('',*,*,#2002,.T.);
#3545=ORIENTED_EDGE('',*,*,#2066,.T.);
#3546=ORIENTED_EDGE('',*,*,#2427,.T.);
#3547=ORIENTED_EDGE('',*,*,#2429,.T.);
#3548=ORIENTED_EDGE('',*,*,#2007,.T.);
#3549=ORIENTED_EDGE('',*,*,#1978,.T.);
#3550=ORIENTED_EDGE('',*,*,#1982,.T.);
#3551=ORIENTED_EDGE('',*,*,#1995,.T.);
#3552=ORIENTED_EDGE('',*,*,#2432,.T.);
#3553=ORIENTED_EDGE('',*,*,#2062,.T.);
#3554=PLANE('',#3949);
#3555=PLANE('',#3956);
#3556=PLANE('',#3957);
#3557=PLANE('',#3958);
#3558=PLANE('',#3959);
#3559=PLANE('',#3960);
#3560=PLANE('',#3961);
#3561=PLANE('',#3962);
#3562=PLANE('',#3967);
#3563=PLANE('',#3972);
#3564=PLANE('',#3974);
#3565=PLANE('',#3975);
#3566=PLANE('',#3983);
#3567=PLANE('',#3984);
#3568=PLANE('',#3985);
#3569=PLANE('',#3986);
#3570=PLANE('',#3989);
#3571=PLANE('',#3996);
#3572=PLANE('',#4011);
#3573=PLANE('',#4012);
#3574=PLANE('',#4013);
#3575=PLANE('',#4014);
#3576=PLANE('',#4015);
#3577=PLANE('',#4020);
#3578=PLANE('',#4022);
#3579=PLANE('',#4026);
#3580=PLANE('',#4028);
#3581=PLANE('',#4032);
#3582=PLANE('',#4034);
#3583=PLANE('',#4038);
#3584=PLANE('',#4040);
#3585=PLANE('',#4066);
#3586=PLANE('',#4067);
#3587=PLANE('',#4074);
#3588=PLANE('',#4075);
#3589=PLANE('',#4077);
#3590=PLANE('',#4078);
#3591=PLANE('',#4080);
#3592=PLANE('',#4087);
#3593=PLANE('',#4088);
#3594=PLANE('',#4089);
#3595=PLANE('',#4091);
#3596=PLANE('',#4093);
#3597=PLANE('',#4094);
#3598=PLANE('',#4096);
#3599=PLANE('',#4098);
#3600=PLANE('',#4102);
#3601=PLANE('',#4104);
#3602=PLANE('',#4105);
#3603=PLANE('',#4106);
#3604=PLANE('',#4111);
#3605=PLANE('',#4112);
#3606=PLANE('',#4113);
#3607=PLANE('',#4114);
#3608=PLANE('',#4115);
#3609=PLANE('',#4116);
#3610=PLANE('',#4119);
#3611=PLANE('',#4122);
#3612=PLANE('',#4123);
#3613=PLANE('',#4124);
#3614=PLANE('',#4125);
#3615=PLANE('',#4126);
#3616=PLANE('',#4127);
#3617=PLANE('',#4128);
#3618=PLANE('',#4129);
#3619=PLANE('',#4130);
#3620=PLANE('',#4131);
#3621=PLANE('',#4132);
#3622=PLANE('',#4133);
#3623=PLANE('',#4134);
#3624=PLANE('',#4135);
#3625=PLANE('',#4136);
#3626=PLANE('',#4137);
#3627=PLANE('',#4138);
#3628=PLANE('',#4139);
#3629=PLANE('',#4140);
#3630=PLANE('',#4141);
#3631=PLANE('',#4142);
#3632=PLANE('',#4143);
#3633=PLANE('',#4144);
#3634=PLANE('',#4145);
#3635=PLANE('',#4146);
#3636=PLANE('',#4147);
#3637=PLANE('',#4148);
#3638=PLANE('',#4149);
#3639=PLANE('',#4150);
#3640=PLANE('',#4151);
#3641=PLANE('',#4152);
#3642=PLANE('',#4153);
#3643=PLANE('',#4154);
#3644=PLANE('',#4155);
#3645=PLANE('',#4156);
#3646=PLANE('',#4157);
#3647=PLANE('',#4158);
#3648=PLANE('',#4159);
#3649=PLANE('',#4160);
#3650=PLANE('',#4161);
#3651=PLANE('',#4162);
#3652=PLANE('',#4163);
#3653=PLANE('',#4164);
#3654=PLANE('',#4165);
#3655=PLANE('',#4166);
#3656=PLANE('',#4167);
#3657=PLANE('',#4168);
#3658=PLANE('',#4169);
#3659=PLANE('',#4170);
#3660=PLANE('',#4171);
#3661=PLANE('',#4172);
#3662=PLANE('',#4173);
#3663=PLANE('',#4174);
#3664=PLANE('',#4175);
#3665=PLANE('',#4176);
#3666=PLANE('',#4177);
#3667=PLANE('',#4178);
#3668=PLANE('',#4179);
#3669=PLANE('',#4180);
#3670=PLANE('',#4181);
#3671=PLANE('',#4182);
#3672=PLANE('',#4183);
#3673=PLANE('',#4184);
#3674=PLANE('',#4185);
#3675=PLANE('',#4186);
#3676=PLANE('',#4187);
#3677=PLANE('',#4188);
#3678=PLANE('',#4189);
#3679=PLANE('',#4190);
#3680=PLANE('',#4191);
#3681=PLANE('',#4192);
#3682=PLANE('',#4193);
#3683=PLANE('',#4194);
#3684=PLANE('',#4195);
#3685=PLANE('',#4196);
#3686=PLANE('',#4197);
#3687=PLANE('',#4198);
#3688=PLANE('',#4199);
#3689=PLANE('',#4200);
#3690=PLANE('',#4201);
#3691=PLANE('',#4204);
#3692=PLANE('',#4206);
#3693=PLANE('',#4209);
#3694=PLANE('',#4223);
#3695=PLANE('',#4224);
#3696=PLANE('',#4225);
#3697=PLANE('',#4226);
#3698=PLANE('',#4227);
#3699=PLANE('',#4228);
#3700=PLANE('',#4229);
#3701=PLANE('',#4230);
#3702=PLANE('',#4231);
#3703=PLANE('',#4232);
#3704=PLANE('',#4234);
#3705=PLANE('',#4235);
#3706=PLANE('',#4238);
#3707=PLANE('',#4239);
#3708=PLANE('',#4240);
#3709=PLANE('',#4241);
#3710=PLANE('',#4245);
#3711=PLANE('',#4254);
#3712=PLANE('',#4258);
#3713=PLANE('',#4261);
#3714=PLANE('',#4262);
#3715=PLANE('',#4265);
#3716=PLANE('',#4266);
#3717=PLANE('',#4267);
#3718=PLANE('',#4268);
#3719=PLANE('',#4269);
#3720=PLANE('',#4270);
#3721=ADVANCED_FACE('',(#240),#3554,.T.);
#3722=ADVANCED_FACE('',(#241),#200,.F.);
#3723=ADVANCED_FACE('',(#242),#201,.F.);
#3724=ADVANCED_FACE('',(#243),#3555,.T.);
#3725=ADVANCED_FACE('',(#244),#3556,.T.);
#3726=ADVANCED_FACE('',(#245),#3557,.T.);
#3727=ADVANCED_FACE('',(#246),#3558,.T.);
#3728=ADVANCED_FACE('',(#247),#3559,.T.);
#3729=ADVANCED_FACE('',(#248,#68),#3560,.T.);
#3730=ADVANCED_FACE('',(#249,#69,#70),#3561,.F.);
#3731=ADVANCED_FACE('',(#250),#202,.F.);
#3732=ADVANCED_FACE('',(#251,#71),#3562,.T.);
#3733=ADVANCED_FACE('',(#252),#203,.F.);
#3734=ADVANCED_FACE('',(#253,#72),#3563,.T.);
#3735=ADVANCED_FACE('',(#254,#73),#31,.F.);
#3736=ADVANCED_FACE('',(#255),#32,.F.);
#3737=ADVANCED_FACE('',(#256),#28,.F.);
#3738=ADVANCED_FACE('',(#257),#3564,.F.);
#3739=ADVANCED_FACE('',(#258),#3565,.F.);
#3740=ADVANCED_FACE('',(#259),#204,.F.);
#3741=ADVANCED_FACE('',(#260),#3566,.F.);
#3742=ADVANCED_FACE('',(#261),#3567,.F.);
#3743=ADVANCED_FACE('',(#262,#74),#3568,.T.);
#3744=ADVANCED_FACE('',(#263),#3569,.F.);
#3745=ADVANCED_FACE('',(#264),#205,.F.);
#3746=ADVANCED_FACE('',(#265,#75),#3570,.F.);
#3747=ADVANCED_FACE('',(#266),#206,.T.);
#3748=ADVANCED_FACE('',(#267),#207,.F.);
#3749=ADVANCED_FACE('',(#268),#208,.F.);
#3750=ADVANCED_FACE('',(#269,#76,#77,#78,#79),#3571,.T.);
#3751=ADVANCED_FACE('',(#270,#80,#81),#3572,.T.);
#3752=ADVANCED_FACE('',(#271),#3573,.F.);
#3753=ADVANCED_FACE('',(#272),#3574,.F.);
#3754=ADVANCED_FACE('',(#273),#3575,.F.);
#3755=ADVANCED_FACE('',(#274),#3576,.T.);
#3756=ADVANCED_FACE('',(#275),#209,.F.);
#3757=ADVANCED_FACE('',(#276),#3577,.F.);
#3758=ADVANCED_FACE('',(#277,#82),#3578,.T.);
#3759=ADVANCED_FACE('',(#278),#210,.F.);
#3760=ADVANCED_FACE('',(#279),#3579,.F.);
#3761=ADVANCED_FACE('',(#280,#83),#3580,.T.);
#3762=ADVANCED_FACE('',(#281),#211,.F.);
#3763=ADVANCED_FACE('',(#282),#3581,.F.);
#3764=ADVANCED_FACE('',(#283,#84),#3582,.T.);
#3765=ADVANCED_FACE('',(#284),#212,.F.);
#3766=ADVANCED_FACE('',(#285),#3583,.F.);
#3767=ADVANCED_FACE('',(#286,#85),#3584,.T.);
#3768=ADVANCED_FACE('',(#287),#213,.F.);
#3769=ADVANCED_FACE('',(#288),#214,.T.);
#3770=ADVANCED_FACE('',(#289),#15,.F.);
#3771=ADVANCED_FACE('',(#290),#215,.T.);
#3772=ADVANCED_FACE('',(#291),#16,.F.);
#3773=ADVANCED_FACE('',(#292),#216,.T.);
#3774=ADVANCED_FACE('',(#293),#17,.F.);
#3775=ADVANCED_FACE('',(#294),#217,.T.);
#3776=ADVANCED_FACE('',(#295),#18,.F.);
#3777=ADVANCED_FACE('',(#296),#3585,.F.);
#3778=ADVANCED_FACE('',(#297,#86),#3586,.T.);
#3779=ADVANCED_FACE('',(#298),#218,.F.);
#3780=ADVANCED_FACE('',(#299),#219,.F.);
#3781=ADVANCED_FACE('',(#300),#3587,.T.);
#3782=ADVANCED_FACE('',(#301),#3588,.T.);
#3783=ADVANCED_FACE('',(#302),#3589,.T.);
#3784=ADVANCED_FACE('',(#303),#3590,.T.);
#3785=ADVANCED_FACE('',(#304,#87),#3591,.T.);
#3786=ADVANCED_FACE('',(#305),#220,.F.);
#3787=ADVANCED_FACE('',(#306),#221,.F.);
#3788=ADVANCED_FACE('',(#307),#3592,.T.);
#3789=ADVANCED_FACE('',(#308),#3593,.T.);
#3790=ADVANCED_FACE('',(#309),#3594,.T.);
#3791=ADVANCED_FACE('',(#310),#3595,.T.);
#3792=ADVANCED_FACE('',(#311),#3596,.T.);
#3793=ADVANCED_FACE('',(#312),#3597,.F.);
#3794=ADVANCED_FACE('',(#313),#3598,.F.);
#3795=ADVANCED_FACE('',(#314),#3599,.F.);
#3796=ADVANCED_FACE('',(#315),#3600,.F.);
#3797=ADVANCED_FACE('',(#316),#3601,.T.);
#3798=ADVANCED_FACE('',(#317),#3602,.F.);
#3799=ADVANCED_FACE('',(#318),#3603,.F.);
#3800=ADVANCED_FACE('',(#319),#222,.F.);
#3801=ADVANCED_FACE('',(#320),#3604,.T.);
#3802=ADVANCED_FACE('',(#321),#3605,.T.);
#3803=ADVANCED_FACE('',(#322),#3606,.F.);
#3804=ADVANCED_FACE('',(#323),#3607,.F.);
#3805=ADVANCED_FACE('',(#324),#3608,.F.);
#3806=ADVANCED_FACE('',(#325),#3609,.F.);
#3807=ADVANCED_FACE('',(#326),#223,.F.);
#3808=ADVANCED_FACE('',(#327),#3610,.F.);
#3809=ADVANCED_FACE('',(#328),#224,.F.);
#3810=ADVANCED_FACE('',(#329),#3611,.T.);
#3811=ADVANCED_FACE('',(#330),#3612,.T.);
#3812=ADVANCED_FACE('',(#331),#3613,.T.);
#3813=ADVANCED_FACE('',(#332),#3614,.T.);
#3814=ADVANCED_FACE('',(#333),#3615,.T.);
#3815=ADVANCED_FACE('',(#334),#3616,.T.);
#3816=ADVANCED_FACE('',(#335),#3617,.T.);
#3817=ADVANCED_FACE('',(#336),#3618,.T.);
#3818=ADVANCED_FACE('',(#337),#3619,.T.);
#3819=ADVANCED_FACE('',(#338),#3620,.T.);
#3820=ADVANCED_FACE('',(#339),#3621,.T.);
#3821=ADVANCED_FACE('',(#340),#3622,.T.);
#3822=ADVANCED_FACE('',(#341),#3623,.T.);
#3823=ADVANCED_FACE('',(#342),#3624,.T.);
#3824=ADVANCED_FACE('',(#343),#3625,.T.);
#3825=ADVANCED_FACE('',(#344),#3626,.T.);
#3826=ADVANCED_FACE('',(#345),#3627,.T.);
#3827=ADVANCED_FACE('',(#346),#3628,.T.);
#3828=ADVANCED_FACE('',(#347),#3629,.T.);
#3829=ADVANCED_FACE('',(#348),#3630,.T.);
#3830=ADVANCED_FACE('',(#349),#3631,.T.);
#3831=ADVANCED_FACE('',(#350),#3632,.T.);
#3832=ADVANCED_FACE('',(#351),#3633,.T.);
#3833=ADVANCED_FACE('',(#352),#3634,.T.);
#3834=ADVANCED_FACE('',(#353),#3635,.T.);
#3835=ADVANCED_FACE('',(#354),#3636,.T.);
#3836=ADVANCED_FACE('',(#355),#3637,.T.);
#3837=ADVANCED_FACE('',(#356),#3638,.T.);
#3838=ADVANCED_FACE('',(#357),#3639,.T.);
#3839=ADVANCED_FACE('',(#358),#3640,.T.);
#3840=ADVANCED_FACE('',(#359),#3641,.T.);
#3841=ADVANCED_FACE('',(#360),#3642,.T.);
#3842=ADVANCED_FACE('',(#361),#3643,.T.);
#3843=ADVANCED_FACE('',(#362),#3644,.T.);
#3844=ADVANCED_FACE('',(#363),#3645,.T.);
#3845=ADVANCED_FACE('',(#364),#3646,.T.);
#3846=ADVANCED_FACE('',(#365),#3647,.T.);
#3847=ADVANCED_FACE('',(#366),#3648,.T.);
#3848=ADVANCED_FACE('',(#367),#3649,.T.);
#3849=ADVANCED_FACE('',(#368),#3650,.T.);
#3850=ADVANCED_FACE('',(#369),#3651,.T.);
#3851=ADVANCED_FACE('',(#370),#3652,.T.);
#3852=ADVANCED_FACE('',(#371),#3653,.T.);
#3853=ADVANCED_FACE('',(#372),#3654,.T.);
#3854=ADVANCED_FACE('',(#373),#3655,.T.);
#3855=ADVANCED_FACE('',(#374),#3656,.T.);
#3856=ADVANCED_FACE('',(#375),#3657,.T.);
#3857=ADVANCED_FACE('',(#376),#3658,.T.);
#3858=ADVANCED_FACE('',(#377),#3659,.T.);
#3859=ADVANCED_FACE('',(#378),#3660,.T.);
#3860=ADVANCED_FACE('',(#379),#3661,.T.);
#3861=ADVANCED_FACE('',(#380),#3662,.T.);
#3862=ADVANCED_FACE('',(#381),#3663,.T.);
#3863=ADVANCED_FACE('',(#382),#3664,.T.);
#3864=ADVANCED_FACE('',(#383),#3665,.T.);
#3865=ADVANCED_FACE('',(#384),#3666,.T.);
#3866=ADVANCED_FACE('',(#385),#3667,.T.);
#3867=ADVANCED_FACE('',(#386),#3668,.T.);
#3868=ADVANCED_FACE('',(#387),#3669,.T.);
#3869=ADVANCED_FACE('',(#388),#3670,.T.);
#3870=ADVANCED_FACE('',(#389),#3671,.T.);
#3871=ADVANCED_FACE('',(#390),#3672,.T.);
#3872=ADVANCED_FACE('',(#391),#3673,.T.);
#3873=ADVANCED_FACE('',(#392),#3674,.T.);
#3874=ADVANCED_FACE('',(#393),#3675,.T.);
#3875=ADVANCED_FACE('',(#394),#3676,.T.);
#3876=ADVANCED_FACE('',(#395),#3677,.T.);
#3877=ADVANCED_FACE('',(#396),#3678,.T.);
#3878=ADVANCED_FACE('',(#397),#3679,.T.);
#3879=ADVANCED_FACE('',(#398),#3680,.T.);
#3880=ADVANCED_FACE('',(#399),#3681,.T.);
#3881=ADVANCED_FACE('',(#400),#3682,.T.);
#3882=ADVANCED_FACE('',(#401),#3683,.T.);
#3883=ADVANCED_FACE('',(#402),#3684,.T.);
#3884=ADVANCED_FACE('',(#403),#3685,.T.);
#3885=ADVANCED_FACE('',(#404),#3686,.T.);
#3886=ADVANCED_FACE('',(#405),#3687,.T.);
#3887=ADVANCED_FACE('',(#406),#3688,.T.);
#3888=ADVANCED_FACE('',(#407),#3689,.T.);
#3889=ADVANCED_FACE('',(#408),#3690,.T.);
#3890=ADVANCED_FACE('',(#409),#3691,.T.);
#3891=ADVANCED_FACE('',(#410),#3692,.T.);
#3892=ADVANCED_FACE('',(#411),#3693,.T.);
#3893=ADVANCED_FACE('',(#412),#225,.F.);
#3894=ADVANCED_FACE('',(#413),#226,.F.);
#3895=ADVANCED_FACE('',(#414),#227,.F.);
#3896=ADVANCED_FACE('',(#415),#228,.F.);
#3897=ADVANCED_FACE('',(#416),#229,.F.);
#3898=ADVANCED_FACE('',(#417),#230,.F.);
#3899=ADVANCED_FACE('',(#418),#231,.F.);
#3900=ADVANCED_FACE('',(#419),#3694,.F.);
#3901=ADVANCED_FACE('',(#420),#3695,.F.);
#3902=ADVANCED_FACE('',(#421),#3696,.F.);
#3903=ADVANCED_FACE('',(#422),#3697,.F.);
#3904=ADVANCED_FACE('',(#423),#3698,.F.);
#3905=ADVANCED_FACE('',(#424),#3699,.F.);
#3906=ADVANCED_FACE('',(#425),#3700,.F.);
#3907=ADVANCED_FACE('',(#426),#3701,.F.);
#3908=ADVANCED_FACE('',(#427,#88),#3702,.F.);
#3909=ADVANCED_FACE('',(#428),#3703,.T.);
#3910=ADVANCED_FACE('',(#429),#232,.F.);
#3911=ADVANCED_FACE('',(#430,#89),#3704,.F.);
#3912=ADVANCED_FACE('',(#431),#3705,.T.);
#3913=ADVANCED_FACE('',(#432),#233,.F.);
#3914=ADVANCED_FACE('',(#433),#234,.T.);
#3915=ADVANCED_FACE('',(#434),#3706,.T.);
#3916=ADVANCED_FACE('',(#435),#3707,.T.);
#3917=ADVANCED_FACE('',(#436),#3708,.F.);
#3918=ADVANCED_FACE('',(#437),#3709,.F.);
#3919=ADVANCED_FACE('',(#438),#3710,.F.);
#3920=ADVANCED_FACE('',(#439),#235,.T.);
#3921=ADVANCED_FACE('',(#440),#236,.F.);
#3922=ADVANCED_FACE('',(#441),#3711,.T.);
#3923=ADVANCED_FACE('',(#442),#237,.F.);
#3924=ADVANCED_FACE('',(#443),#3712,.T.);
#3925=ADVANCED_FACE('',(#444),#238,.T.);
#3926=ADVANCED_FACE('',(#445,#90),#3713,.T.);
#3927=ADVANCED_FACE('',(#446,#91),#3714,.T.);
#3928=ADVANCED_FACE('',(#447),#239,.F.);
#3929=ADVANCED_FACE('',(#448),#3715,.T.);
#3930=ADVANCED_FACE('',(#449),#3716,.F.);
#3931=ADVANCED_FACE('',(#450,#92,#93,#94,#95,#96,#97),#3717,.F.);
#3932=ADVANCED_FACE('',(#451),#3718,.F.);
#3933=ADVANCED_FACE('',(#452),#3719,.T.);
#3934=ADVANCED_FACE('',(#453),#3720,.T.);
#3935=CLOSED_SHELL('',(#3721,#3722,#3723,#3724,#3725,#3726,#3727,#3728,
#3729,#3730,#3731,#3732,#3733,#3734,#3735,#3736,#3737,#3738,#3739,#3740,
#3741,#3742,#3743,#3744,#3745,#3746,#3747,#3748,#3749,#3750,#3751,#3752,
#3753,#3754,#3755,#3756,#3757,#3758,#3759,#3760,#3761,#3762,#3763,#3764,
#3765,#3766,#3767,#3768,#3769,#3770,#3771,#3772,#3773,#3774,#3775,#3776,
#3777,#3778,#3779,#3780,#3781,#3782,#3783,#3784,#3785,#3786,#3787,#3788,
#3789,#3790,#3791,#3792,#3793,#3794,#3795,#3796,#3797,#3798,#3799,#3800,
#3801,#3802,#3803,#3804,#3805,#3806,#3807,#3808,#3809,#3810,#3811,#3812,
#3813,#3814,#3815,#3816,#3817,#3818,#3819,#3820,#3821,#3822,#3823,#3824,
#3825,#3826,#3827,#3828,#3829,#3830,#3831,#3832,#3833,#3834,#3835,#3836,
#3837,#3838,#3839,#3840,#3841,#3842,#3843,#3844,#3845,#3846,#3847,#3848,
#3849,#3850,#3851,#3852,#3853,#3854,#3855,#3856,#3857,#3858,#3859,#3860,
#3861,#3862,#3863,#3864,#3865,#3866,#3867,#3868,#3869,#3870,#3871,#3872,
#3873,#3874,#3875,#3876,#3877,#3878,#3879,#3880,#3881,#3882,#3883,#3884,
#3885,#3886,#3887,#3888,#3889,#3890,#3891,#3892,#3893,#3894,#3895,#3896,
#3897,#3898,#3899,#3900,#3901,#3902,#3903,#3904,#3905,#3906,#3907,#3908,
#3909,#3910,#3911,#3912,#3913,#3914,#3915,#3916,#3917,#3918,#3919,#3920,
#3921,#3922,#3923,#3924,#3925,#3926,#3927,#3928,#3929,#3930,#3931,#3932,
#3933,#3934));
#3936=DERIVED_UNIT_ELEMENT(#3938,1.);
#3937=DERIVED_UNIT_ELEMENT(#7169,-3.);
#3938=(
MASS_UNIT()
NAMED_UNIT(*)
SI_UNIT(.KILO.,.GRAM.)
);
#3939=DERIVED_UNIT((#3936,#3937));
#3940=MEASURE_REPRESENTATION_ITEM('density measure',
POSITIVE_RATIO_MEASURE(7850.),#3939);
#3941=PROPERTY_DEFINITION_REPRESENTATION(#3946,#3943);
#3942=PROPERTY_DEFINITION_REPRESENTATION(#3947,#3944);
#3943=REPRESENTATION('material name',(#3945),#7166);
#3944=REPRESENTATION('density',(#3940),#7166);
#3945=DESCRIPTIVE_REPRESENTATION_ITEM('Steel','Steel');
#3946=PROPERTY_DEFINITION('material property','material name',#7176);
#3947=PROPERTY_DEFINITION('material property','density of part',#7176);
#3948=AXIS2_PLACEMENT_3D('',#5329,#4271,#4272);
#3949=AXIS2_PLACEMENT_3D('',#5330,#4273,#4274);
#3950=AXIS2_PLACEMENT_3D('',#5339,#4279,#4280);
#3951=AXIS2_PLACEMENT_3D('',#5341,#4281,#4282);
#3952=AXIS2_PLACEMENT_3D('',#5343,#4283,#4284);
#3953=AXIS2_PLACEMENT_3D('',#5345,#4286,#4287);
#3954=AXIS2_PLACEMENT_3D('',#5347,#4288,#4289);
#3955=AXIS2_PLACEMENT_3D('',#5350,#4291,#4292);
#3956=AXIS2_PLACEMENT_3D('',#5351,#4293,#4294);
#3957=AXIS2_PLACEMENT_3D('',#5354,#4297,#4298);
#3958=AXIS2_PLACEMENT_3D('',#5363,#4303,#4304);
#3959=AXIS2_PLACEMENT_3D('',#5369,#4308,#4309);
#3960=AXIS2_PLACEMENT_3D('',#5375,#4313,#4314);
#3961=AXIS2_PLACEMENT_3D('',#5378,#4317,#4318);
#3962=AXIS2_PLACEMENT_3D('',#5379,#4319,#4320);
#3963=AXIS2_PLACEMENT_3D('',#5444,#4334,#4335);
#3964=AXIS2_PLACEMENT_3D('',#5445,#4336,#4337);
#3965=AXIS2_PLACEMENT_3D('',#5447,#4338,#4339);
#3966=AXIS2_PLACEMENT_3D('',#5450,#4341,#4342);
#3967=AXIS2_PLACEMENT_3D('',#5451,#4343,#4344);
#3968=AXIS2_PLACEMENT_3D('',#5453,#4345,#4346);
#3969=AXIS2_PLACEMENT_3D('',#5454,#4347,#4348);
#3970=AXIS2_PLACEMENT_3D('',#5456,#4349,#4350);
#3971=AXIS2_PLACEMENT_3D('',#5459,#4352,#4353);
#3972=AXIS2_PLACEMENT_3D('',#5460,#4354,#4355);
#3973=AXIS2_PLACEMENT_3D('',#5462,#4356,#4357);
#3974=AXIS2_PLACEMENT_3D('',#6138,#4364,#4365);
#3975=AXIS2_PLACEMENT_3D('',#6144,#4369,#4370);
#3976=AXIS2_PLACEMENT_3D('',#6148,#4373,#4374);
#3977=AXIS2_PLACEMENT_3D('',#6153,#4376,#4377);
#3978=AXIS2_PLACEMENT_3D('',#6157,#4379,#4380);
#3979=AXIS2_PLACEMENT_3D('',#6159,#4381,#4382);
#3980=AXIS2_PLACEMENT_3D('',#6164,#4385,#4386);
#3981=AXIS2_PLACEMENT_3D('',#6167,#4388,#4389);
#3982=AXIS2_PLACEMENT_3D('',#6168,#4390,#4391);
#3983=AXIS2_PLACEMENT_3D('',#6169,#4392,#4393);
#3984=AXIS2_PLACEMENT_3D('',#6175,#4397,#4398);
#3985=AXIS2_PLACEMENT_3D('',#6181,#4402,#4403);
#3986=AXIS2_PLACEMENT_3D('',#6189,#4408,#4409);
#3987=AXIS2_PLACEMENT_3D('',#6193,#4412,#4413);
#3988=AXIS2_PLACEMENT_3D('',#6197,#4415,#4416);
#3989=AXIS2_PLACEMENT_3D('',#6199,#4418,#4419);
#3990=AXIS2_PLACEMENT_3D('',#6219,#4430,#4431);
#3991=AXIS2_PLACEMENT_3D('',#6220,#4432,#4433);
#3992=AXIS2_PLACEMENT_3D('',#6224,#4435,#4436);
#3993=AXIS2_PLACEMENT_3D('',#6225,#4437,#4438);
#3994=AXIS2_PLACEMENT_3D('',#6226,#4439,#4440);
#3995=AXIS2_PLACEMENT_3D('',#6228,#4442,#4443);
#3996=AXIS2_PLACEMENT_3D('',#6230,#4445,#4446);
#3997=AXIS2_PLACEMENT_3D('',#6246,#4454,#4455);
#3998=AXIS2_PLACEMENT_3D('',#6250,#4457,#4458);
#3999=AXIS2_PLACEMENT_3D('',#6256,#4461,#4462);
#4000=AXIS2_PLACEMENT_3D('',#6260,#4464,#4465);
#4001=AXIS2_PLACEMENT_3D('',#6261,#4466,#4467);
#4002=AXIS2_PLACEMENT_3D('',#6266,#4469,#4470);
#4003=AXIS2_PLACEMENT_3D('',#6268,#4471,#4472);
#4004=AXIS2_PLACEMENT_3D('',#6271,#4474,#4475);
#4005=AXIS2_PLACEMENT_3D('',#6276,#4477,#4478);
#4006=AXIS2_PLACEMENT_3D('',#6278,#4479,#4480);
#4007=AXIS2_PLACEMENT_3D('',#6281,#4482,#4483);
#4008=AXIS2_PLACEMENT_3D('',#6286,#4485,#4486);
#4009=AXIS2_PLACEMENT_3D('',#6288,#4487,#4488);
#4010=AXIS2_PLACEMENT_3D('',#6291,#4490,#4491);
#4011=AXIS2_PLACEMENT_3D('',#6292,#4492,#4493);
#4012=AXIS2_PLACEMENT_3D('',#6349,#4523,#4524);
#4013=AXIS2_PLACEMENT_3D('',#6358,#4529,#4530);
#4014=AXIS2_PLACEMENT_3D('',#6364,#4534,#4535);
#4015=AXIS2_PLACEMENT_3D('',#6366,#4537,#4538);
#4016=AXIS2_PLACEMENT_3D('',#6370,#4541,#4542);
#4017=AXIS2_PLACEMENT_3D('',#6376,#4545,#4546);
#4018=AXIS2_PLACEMENT_3D('',#6392,#4547,#4548);
#4019=AXIS2_PLACEMENT_3D('',#6395,#4550,#4551);
#4020=AXIS2_PLACEMENT_3D('',#6396,#4552,#4553);
#4021=AXIS2_PLACEMENT_3D('',#6398,#4554,#4555);
#4022=AXIS2_PLACEMENT_3D('',#6399,#4556,#4557);
#4023=AXIS2_PLACEMENT_3D('',#6401,#4558,#4559);
#4024=AXIS2_PLACEMENT_3D('',#6403,#4560,#4561);
#4025=AXIS2_PLACEMENT_3D('',#6404,#4562,#4563);
#4026=AXIS2_PLACEMENT_3D('',#6406,#4565,#4566);
#4027=AXIS2_PLACEMENT_3D('',#6408,#4567,#4568);
#4028=AXIS2_PLACEMENT_3D('',#6409,#4569,#4570);
#4029=AXIS2_PLACEMENT_3D('',#6411,#4571,#4572);
#4030=AXIS2_PLACEMENT_3D('',#6413,#4573,#4574);
#4031=AXIS2_PLACEMENT_3D('',#6414,#4575,#4576);
#4032=AXIS2_PLACEMENT_3D('',#6416,#4578,#4579);
#4033=AXIS2_PLACEMENT_3D('',#6418,#4580,#4581);
#4034=AXIS2_PLACEMENT_3D('',#6419,#4582,#4583);
#4035=AXIS2_PLACEMENT_3D('',#6421,#4584,#4585);
#4036=AXIS2_PLACEMENT_3D('',#6423,#4586,#4587);
#4037=AXIS2_PLACEMENT_3D('',#6424,#4588,#4589);
#4038=AXIS2_PLACEMENT_3D('',#6426,#4591,#4592);
#4039=AXIS2_PLACEMENT_3D('',#6428,#4593,#4594);
#4040=AXIS2_PLACEMENT_3D('',#6429,#4595,#4596);
#4041=AXIS2_PLACEMENT_3D('',#6431,#4597,#4598);
#4042=AXIS2_PLACEMENT_3D('',#6433,#4599,#4600);
#4043=AXIS2_PLACEMENT_3D('',#6434,#4601,#4602);
#4044=AXIS2_PLACEMENT_3D('',#6436,#4604,#4605);
#4045=AXIS2_PLACEMENT_3D('',#6439,#4607,#4608);
#4046=AXIS2_PLACEMENT_3D('',#6440,#4609,#4610);
#4047=AXIS2_PLACEMENT_3D('',#6442,#4611,#4612);
#4048=AXIS2_PLACEMENT_3D('',#6443,#4613,#4614);
#4049=AXIS2_PLACEMENT_3D('',#6444,#4615,#4616);
#4050=AXIS2_PLACEMENT_3D('',#6445,#4617,#4618);
#4051=AXIS2_PLACEMENT_3D('',#6448,#4620,#4621);
#4052=AXIS2_PLACEMENT_3D('',#6449,#4622,#4623);
#4053=AXIS2_PLACEMENT_3D('',#6451,#4624,#4625);
#4054=AXIS2_PLACEMENT_3D('',#6471,#4626,#4627);
#4055=AXIS2_PLACEMENT_3D('',#6478,#4628,#4629);
#4056=AXIS2_PLACEMENT_3D('',#6481,#4631,#4632);
#4057=AXIS2_PLACEMENT_3D('',#6482,#4633,#4634);
#4058=AXIS2_PLACEMENT_3D('',#6484,#4635,#4636);
#4059=AXIS2_PLACEMENT_3D('',#6502,#4637,#4638);
#4060=AXIS2_PLACEMENT_3D('',#6511,#4639,#4640);
#4061=AXIS2_PLACEMENT_3D('',#6514,#4642,#4643);
#4062=AXIS2_PLACEMENT_3D('',#6515,#4644,#4645);
#4063=AXIS2_PLACEMENT_3D('',#6517,#4646,#4647);
#4064=AXIS2_PLACEMENT_3D('',#6519,#4648,#4649);
#4065=AXIS2_PLACEMENT_3D('',#6535,#4650,#4651);
#4066=AXIS2_PLACEMENT_3D('',#6536,#4652,#4653);
#4067=AXIS2_PLACEMENT_3D('',#6542,#4657,#4658);
#4068=AXIS2_PLACEMENT_3D('',#6553,#4663,#4664);
#4069=AXIS2_PLACEMENT_3D('',#6554,#4665,#4666);
#4070=AXIS2_PLACEMENT_3D('',#6555,#4667,#4668);
#4071=AXIS2_PLACEMENT_3D('',#6559,#4670,#4671);
#4072=AXIS2_PLACEMENT_3D('',#6561,#4673,#4674);
#4073=AXIS2_PLACEMENT_3D('',#6562,#4675,#4676);
#4074=AXIS2_PLACEMENT_3D('',#6563,#4677,#4678);
#4075=AXIS2_PLACEMENT_3D('',#6569,#4682,#4683);
#4076=AXIS2_PLACEMENT_3D('',#6578,#4688,#4689);
#4077=AXIS2_PLACEMENT_3D('',#6579,#4690,#4691);
#4078=AXIS2_PLACEMENT_3D('',#6583,#4694,#4695);
#4079=AXIS2_PLACEMENT_3D('',#6589,#4698,#4699);
#4080=AXIS2_PLACEMENT_3D('',#6591,#4701,#4702);
#4081=AXIS2_PLACEMENT_3D('',#6602,#4707,#4708);
#4082=AXIS2_PLACEMENT_3D('',#6603,#4709,#4710);
#4083=AXIS2_PLACEMENT_3D('',#6604,#4711,#4712);
#4084=AXIS2_PLACEMENT_3D('',#6608,#4714,#4715);
#4085=AXIS2_PLACEMENT_3D('',#6610,#4717,#4718);
#4086=AXIS2_PLACEMENT_3D('',#6611,#4719,#4720);
#4087=AXIS2_PLACEMENT_3D('',#6612,#4721,#4722);
#4088=AXIS2_PLACEMENT_3D('',#6618,#4726,#4727);
#4089=AXIS2_PLACEMENT_3D('',#6624,#4731,#4732);
#4090=AXIS2_PLACEMENT_3D('',#6630,#4735,#4736);
#4091=AXIS2_PLACEMENT_3D('',#6632,#4738,#4739);
#4092=AXIS2_PLACEMENT_3D('',#6639,#4743,#4744);
#4093=AXIS2_PLACEMENT_3D('',#6640,#4745,#4746);
#4094=AXIS2_PLACEMENT_3D('',#6642,#4748,#4749);
#4095=AXIS2_PLACEMENT_3D('',#6645,#4750,#4751);
#4096=AXIS2_PLACEMENT_3D('',#6656,#4759,#4760);
#4097=AXIS2_PLACEMENT_3D('',#6657,#4761,#4762);
#4098=AXIS2_PLACEMENT_3D('',#6658,#4763,#4764);
#4099=AXIS2_PLACEMENT_3D('',#6662,#4766,#4767);
#4100=AXIS2_PLACEMENT_3D('',#6664,#4768,#4769);
#4101=AXIS2_PLACEMENT_3D('',#6670,#4772,#4773);
#4102=AXIS2_PLACEMENT_3D('',#6675,#4777,#4778);
#4103=AXIS2_PLACEMENT_3D('',#6676,#4779,#4780);
#4104=AXIS2_PLACEMENT_3D('',#6677,#4781,#4782);
#4105=AXIS2_PLACEMENT_3D('',#6681,#4785,#4786);
#4106=AXIS2_PLACEMENT_3D('',#6683,#4788,#4789);
#4107=AXIS2_PLACEMENT_3D('',#6684,#4790,#4791);
#4108=AXIS2_PLACEMENT_3D('',#6686,#4792,#4793);
#4109=AXIS2_PLACEMENT_3D('',#6687,#4794,#4795);
#4110=AXIS2_PLACEMENT_3D('',#6689,#4797,#4798);
#4111=AXIS2_PLACEMENT_3D('',#6690,#4799,#4800);
#4112=AXIS2_PLACEMENT_3D('',#6692,#4802,#4803);
#4113=AXIS2_PLACEMENT_3D('',#6693,#4804,#4805);
#4114=AXIS2_PLACEMENT_3D('',#6696,#4808,#4809);
#4115=AXIS2_PLACEMENT_3D('',#6697,#4810,#4811);
#4116=AXIS2_PLACEMENT_3D('',#6701,#4814,#4815);
#4117=AXIS2_PLACEMENT_3D('',#6703,#4817,#4818);
#4118=AXIS2_PLACEMENT_3D('',#6706,#4819,#4820);
#4119=AXIS2_PLACEMENT_3D('',#6709,#4823,#4824);
#4120=AXIS2_PLACEMENT_3D('',#6713,#4827,#4828);
#4121=AXIS2_PLACEMENT_3D('',#6714,#4829,#4830);
#4122=AXIS2_PLACEMENT_3D('',#6715,#4831,#4832);
#4123=AXIS2_PLACEMENT_3D('',#6719,#4835,#4836);
#4124=AXIS2_PLACEMENT_3D('',#6728,#4841,#4842);
#4125=AXIS2_PLACEMENT_3D('',#6733,#4846,#4847);
#4126=AXIS2_PLACEMENT_3D('',#6735,#4849,#4850);
#4127=AXIS2_PLACEMENT_3D('',#6737,#4852,#4853);
#4128=AXIS2_PLACEMENT_3D('',#6739,#4855,#4856);
#4129=AXIS2_PLACEMENT_3D('',#6743,#4859,#4860);
#4130=AXIS2_PLACEMENT_3D('',#6752,#4865,#4866);
#4131=AXIS2_PLACEMENT_3D('',#6757,#4870,#4871);
#4132=AXIS2_PLACEMENT_3D('',#6759,#4873,#4874);
#4133=AXIS2_PLACEMENT_3D('',#6761,#4876,#4877);
#4134=AXIS2_PLACEMENT_3D('',#6763,#4879,#4880);
#4135=AXIS2_PLACEMENT_3D('',#6767,#4883,#4884);
#4136=AXIS2_PLACEMENT_3D('',#6776,#4889,#4890);
#4137=AXIS2_PLACEMENT_3D('',#6781,#4894,#4895);
#4138=AXIS2_PLACEMENT_3D('',#6783,#4897,#4898);
#4139=AXIS2_PLACEMENT_3D('',#6785,#4900,#4901);
#4140=AXIS2_PLACEMENT_3D('',#6787,#4903,#4904);
#4141=AXIS2_PLACEMENT_3D('',#6791,#4907,#4908);
#4142=AXIS2_PLACEMENT_3D('',#6800,#4913,#4914);
#4143=AXIS2_PLACEMENT_3D('',#6805,#4918,#4919);
#4144=AXIS2_PLACEMENT_3D('',#6807,#4921,#4922);
#4145=AXIS2_PLACEMENT_3D('',#6809,#4924,#4925);
#4146=AXIS2_PLACEMENT_3D('',#6811,#4927,#4928);
#4147=AXIS2_PLACEMENT_3D('',#6815,#4931,#4932);
#4148=AXIS2_PLACEMENT_3D('',#6824,#4937,#4938);
#4149=AXIS2_PLACEMENT_3D('',#6829,#4942,#4943);
#4150=AXIS2_PLACEMENT_3D('',#6831,#4945,#4946);
#4151=AXIS2_PLACEMENT_3D('',#6833,#4948,#4949);
#4152=AXIS2_PLACEMENT_3D('',#6835,#4951,#4952);
#4153=AXIS2_PLACEMENT_3D('',#6839,#4955,#4956);
#4154=AXIS2_PLACEMENT_3D('',#6848,#4961,#4962);
#4155=AXIS2_PLACEMENT_3D('',#6853,#4966,#4967);
#4156=AXIS2_PLACEMENT_3D('',#6855,#4969,#4970);
#4157=AXIS2_PLACEMENT_3D('',#6857,#4972,#4973);
#4158=AXIS2_PLACEMENT_3D('',#6859,#4975,#4976);
#4159=AXIS2_PLACEMENT_3D('',#6863,#4979,#4980);
#4160=AXIS2_PLACEMENT_3D('',#6872,#4985,#4986);
#4161=AXIS2_PLACEMENT_3D('',#6877,#4990,#4991);
#4162=AXIS2_PLACEMENT_3D('',#6879,#4993,#4994);
#4163=AXIS2_PLACEMENT_3D('',#6881,#4996,#4997);
#4164=AXIS2_PLACEMENT_3D('',#6883,#4999,#5000);
#4165=AXIS2_PLACEMENT_3D('',#6887,#5003,#5004);
#4166=AXIS2_PLACEMENT_3D('',#6896,#5009,#5010);
#4167=AXIS2_PLACEMENT_3D('',#6901,#5014,#5015);
#4168=AXIS2_PLACEMENT_3D('',#6903,#5017,#5018);
#4169=AXIS2_PLACEMENT_3D('',#6905,#5020,#5021);
#4170=AXIS2_PLACEMENT_3D('',#6907,#5023,#5024);
#4171=AXIS2_PLACEMENT_3D('',#6911,#5027,#5028);
#4172=AXIS2_PLACEMENT_3D('',#6920,#5033,#5034);
#4173=AXIS2_PLACEMENT_3D('',#6925,#5038,#5039);
#4174=AXIS2_PLACEMENT_3D('',#6927,#5041,#5042);
#4175=AXIS2_PLACEMENT_3D('',#6929,#5044,#5045);
#4176=AXIS2_PLACEMENT_3D('',#6931,#5047,#5048);
#4177=AXIS2_PLACEMENT_3D('',#6935,#5051,#5052);
#4178=AXIS2_PLACEMENT_3D('',#6944,#5057,#5058);
#4179=AXIS2_PLACEMENT_3D('',#6949,#5062,#5063);
#4180=AXIS2_PLACEMENT_3D('',#6951,#5065,#5066);
#4181=AXIS2_PLACEMENT_3D('',#6953,#5068,#5069);
#4182=AXIS2_PLACEMENT_3D('',#6955,#5071,#5072);
#4183=AXIS2_PLACEMENT_3D('',#6959,#5075,#5076);
#4184=AXIS2_PLACEMENT_3D('',#6968,#5081,#5082);
#4185=AXIS2_PLACEMENT_3D('',#6973,#5086,#5087);
#4186=AXIS2_PLACEMENT_3D('',#6975,#5089,#5090);
#4187=AXIS2_PLACEMENT_3D('',#6977,#5092,#5093);
#4188=AXIS2_PLACEMENT_3D('',#6979,#5095,#5096);
#4189=AXIS2_PLACEMENT_3D('',#6983,#5099,#5100);
#4190=AXIS2_PLACEMENT_3D('',#6992,#5105,#5106);
#4191=AXIS2_PLACEMENT_3D('',#6997,#5110,#5111);
#4192=AXIS2_PLACEMENT_3D('',#6999,#5113,#5114);
#4193=AXIS2_PLACEMENT_3D('',#7001,#5116,#5117);
#4194=AXIS2_PLACEMENT_3D('',#7003,#5119,#5120);
#4195=AXIS2_PLACEMENT_3D('',#7007,#5123,#5124);
#4196=AXIS2_PLACEMENT_3D('',#7011,#5127,#5128);
#4197=AXIS2_PLACEMENT_3D('',#7020,#5133,#5134);
#4198=AXIS2_PLACEMENT_3D('',#7024,#5138,#5139);
#4199=AXIS2_PLACEMENT_3D('',#7026,#5141,#5142);
#4200=AXIS2_PLACEMENT_3D('',#7028,#5144,#5145);
#4201=AXIS2_PLACEMENT_3D('',#7029,#5146,#5147);
#4202=AXIS2_PLACEMENT_3D('',#7032,#5148,#5149);
#4203=AXIS2_PLACEMENT_3D('',#7036,#5151,#5152);
#4204=AXIS2_PLACEMENT_3D('',#7038,#5154,#5155);
#4205=AXIS2_PLACEMENT_3D('',#7043,#5158,#5159);
#4206=AXIS2_PLACEMENT_3D('',#7044,#5160,#5161);
#4207=AXIS2_PLACEMENT_3D('',#7047,#5162,#5163);
#4208=AXIS2_PLACEMENT_3D('',#7051,#5165,#5166);
#4209=AXIS2_PLACEMENT_3D('',#7053,#5168,#5169);
#4210=AXIS2_PLACEMENT_3D('',#7056,#5170,#5171);
#4211=AXIS2_PLACEMENT_3D('',#7060,#5173,#5174);
#4212=AXIS2_PLACEMENT_3D('',#7062,#5176,#5177);
#4213=AXIS2_PLACEMENT_3D('',#7065,#5180,#5181);
#4214=AXIS2_PLACEMENT_3D('',#7068,#5184,#5185);
#4215=AXIS2_PLACEMENT_3D('',#7073,#5189,#5190);
#4216=AXIS2_PLACEMENT_3D('',#7074,#5191,#5192);
#4217=AXIS2_PLACEMENT_3D('',#7075,#5193,#5194);
#4218=AXIS2_PLACEMENT_3D('',#7079,#5198,#5199);
#4219=AXIS2_PLACEMENT_3D('',#7080,#5200,#5201);
#4220=AXIS2_PLACEMENT_3D('',#7083,#5204,#5205);
#4221=AXIS2_PLACEMENT_3D('',#7086,#5208,#5209);
#4222=AXIS2_PLACEMENT_3D('',#7090,#5213,#5214);
#4223=AXIS2_PLACEMENT_3D('',#7091,#5215,#5216);
#4224=AXIS2_PLACEMENT_3D('',#7092,#5217,#5218);
#4225=AXIS2_PLACEMENT_3D('',#7093,#5219,#5220);
#4226=AXIS2_PLACEMENT_3D('',#7094,#5221,#5222);
#4227=AXIS2_PLACEMENT_3D('',#7095,#5223,#5224);
#4228=AXIS2_PLACEMENT_3D('',#7096,#5225,#5226);
#4229=AXIS2_PLACEMENT_3D('',#7097,#5227,#5228);
#4230=AXIS2_PLACEMENT_3D('',#7098,#5229,#5230);
#4231=AXIS2_PLACEMENT_3D('',#7099,#5231,#5232);
#4232=AXIS2_PLACEMENT_3D('',#7101,#5234,#5235);
#4233=AXIS2_PLACEMENT_3D('',#7104,#5238,#5239);
#4234=AXIS2_PLACEMENT_3D('',#7105,#5240,#5241);
#4235=AXIS2_PLACEMENT_3D('',#7107,#5243,#5244);
#4236=AXIS2_PLACEMENT_3D('',#7110,#5247,#5248);
#4237=AXIS2_PLACEMENT_3D('',#7111,#5249,#5250);
#4238=AXIS2_PLACEMENT_3D('',#7113,#5252,#5253);
#4239=AXIS2_PLACEMENT_3D('',#7114,#5254,#5255);
#4240=AXIS2_PLACEMENT_3D('',#7115,#5256,#5257);
#4241=AXIS2_PLACEMENT_3D('',#7116,#5258,#5259);
#4242=AXIS2_PLACEMENT_3D('',#7118,#5260,#5261);
#4243=AXIS2_PLACEMENT_3D('',#7119,#5262,#5263);
#4244=AXIS2_PLACEMENT_3D('',#7120,#5264,#5265);
#4245=AXIS2_PLACEMENT_3D('',#7121,#5266,#5267);
#4246=AXIS2_PLACEMENT_3D('',#7123,#5268,#5269);
#4247=AXIS2_PLACEMENT_3D('',#7124,#5270,#5271);
#4248=AXIS2_PLACEMENT_3D('',#7125,#5272,#5273);
#4249=AXIS2_PLACEMENT_3D('',#7126,#5274,#5275);
#4250=AXIS2_PLACEMENT_3D('',#7127,#5276,#5277);
#4251=AXIS2_PLACEMENT_3D('',#7128,#5278,#5279);
#4252=AXIS2_PLACEMENT_3D('',#7130,#5280,#5281);
#4253=AXIS2_PLACEMENT_3D('',#7132,#5283,#5284);
#4254=AXIS2_PLACEMENT_3D('',#7133,#5285,#5286);
#4255=AXIS2_PLACEMENT_3D('',#7134,#5287,#5288);
#4256=AXIS2_PLACEMENT_3D('',#7136,#5289,#5290);
#4257=AXIS2_PLACEMENT_3D('',#7138,#5292,#5293);
#4258=AXIS2_PLACEMENT_3D('',#7139,#5294,#5295);
#4259=AXIS2_PLACEMENT_3D('',#7140,#5296,#5297);
#4260=AXIS2_PLACEMENT_3D('',#7141,#5298,#5299);
#4261=AXIS2_PLACEMENT_3D('',#7142,#5300,#5301);
#4262=AXIS2_PLACEMENT_3D('',#7143,#5302,#5303);
#4263=AXIS2_PLACEMENT_3D('',#7144,#5304,#5305);
#4264=AXIS2_PLACEMENT_3D('',#7145,#5306,#5307);
#4265=AXIS2_PLACEMENT_3D('',#7146,#5308,#5309);
#4266=AXIS2_PLACEMENT_3D('',#7153,#5314,#5315);
#4267=AXIS2_PLACEMENT_3D('',#7155,#5317,#5318);
#4268=AXIS2_PLACEMENT_3D('',#7160,#5322,#5323);
#4269=AXIS2_PLACEMENT_3D('',#7162,#5325,#5326);
#4270=AXIS2_PLACEMENT_3D('',#7163,#5327,#5328);
#4271=DIRECTION('axis',(0.,0.,1.));
#4272=DIRECTION('refdir',(1.,0.,0.));
#4273=DIRECTION('center_axis',(0.,0.,1.));
#4274=DIRECTION('ref_axis',(1.,0.,0.));
#4275=DIRECTION('',(0.,1.,0.));
#4276=DIRECTION('',(-1.,0.,0.));
#4277=DIRECTION('',(0.,-1.,0.));
#4278=DIRECTION('',(1.,0.,0.));
#4279=DIRECTION('center_axis',(0.,-1.,0.));
#4280=DIRECTION('ref_axis',(0.707106781186548,0.,0.707106781186548));
#4281=DIRECTION('center_axis',(0.,1.,0.));
#4282=DIRECTION('ref_axis',(0.707106781186548,0.,0.707106781186548));
#4283=DIRECTION('center_axis',(0.,-1.,0.));
#4284=DIRECTION('ref_axis',(0.707106781186548,0.,-0.707106781186548));
#4285=DIRECTION('',(0.,1.,0.));
#4286=DIRECTION('center_axis',(0.,-1.,0.));
#4287=DIRECTION('ref_axis',(-0.707106781186548,0.,0.707106781186548));
#4288=DIRECTION('center_axis',(0.,1.,0.));
#4289=DIRECTION('ref_axis',(-0.707106781186548,0.,-0.707106781186548));
#4290=DIRECTION('',(0.,-1.,0.));
#4291=DIRECTION('center_axis',(0.,-1.,0.));
#4292=DIRECTION('ref_axis',(-0.707106781186548,0.,0.707106781186548));
#4293=DIRECTION('center_axis',(0.,0.,-1.));
#4294=DIRECTION('ref_axis',(-1.,0.,0.));
#4295=DIRECTION('',(1.,0.,0.));
#4296=DIRECTION('',(-1.,0.,0.));
#4297=DIRECTION('center_axis',(1.,0.,0.));
#4298=DIRECTION('ref_axis',(0.,0.,-1.));
#4299=DIRECTION('',(0.,0.,1.));
#4300=DIRECTION('',(0.,1.,0.));
#4301=DIRECTION('',(0.,0.,-1.));
#4302=DIRECTION('',(0.,1.,0.));
#4303=DIRECTION('center_axis',(0.,0.,1.));
#4304=DIRECTION('ref_axis',(1.,0.,0.));
#4305=DIRECTION('',(-1.,0.,0.));
#4306=DIRECTION('',(1.,0.,0.));
#4307=DIRECTION('',(0.,1.,0.));
#4308=DIRECTION('center_axis',(-1.,0.,0.));
#4309=DIRECTION('ref_axis',(0.,0.,1.));
#4310=DIRECTION('',(0.,0.,-1.));
#4311=DIRECTION('',(0.,0.,1.));
#4312=DIRECTION('',(0.,1.,0.));
#4313=DIRECTION('center_axis',(0.,0.,-1.));
#4314=DIRECTION('ref_axis',(-1.,0.,0.));
#4315=DIRECTION('',(1.,0.,0.));
#4316=DIRECTION('',(-1.,0.,0.));
#4317=DIRECTION('center_axis',(0.,1.,0.));
#4318=DIRECTION('ref_axis',(0.,0.,1.));
#4319=DIRECTION('center_axis',(0.,-1.,0.));
#4320=DIRECTION('ref_axis',(-1.,0.,0.));
#4321=DIRECTION('',(1.,0.,0.));
#4322=DIRECTION('',(0.,0.,-1.));
#4323=DIRECTION('',(-1.,0.,0.));
#4324=DIRECTION('',(0.874474632195206,0.,-0.485071250072667));
#4325=DIRECTION('',(-1.,0.,0.));
#4326=DIRECTION('',(0.,0.,-1.));
#4327=DIRECTION('',(0.,0.,1.));
#4328=DIRECTION('',(0.,0.,1.));
#4329=DIRECTION('',(-1.,0.,-2.67117108087397E-17));
#4330=DIRECTION('',(-1.,0.,-2.67117108087397E-17));
#4331=DIRECTION('',(-1.,0.,-2.67117108087397E-17));
#4332=DIRECTION('',(0.,0.,-1.));
#4333=DIRECTION('',(0.,0.,-1.));
#4334=DIRECTION('center_axis',(0.,-1.,0.));
#4335=DIRECTION('ref_axis',(-1.,0.,0.));
#4336=DIRECTION('center_axis',(0.,1.,0.));
#4337=DIRECTION('ref_axis',(1.,0.,0.));
#4338=DIRECTION('center_axis',(0.,1.,0.));
#4339=DIRECTION('ref_axis',(1.,0.,0.));
#4340=DIRECTION('',(0.,1.,0.));
#4341=DIRECTION('center_axis',(0.,1.,0.));
#4342=DIRECTION('ref_axis',(1.,0.,0.));
#4343=DIRECTION('center_axis',(0.,-1.,0.));
#4344=DIRECTION('ref_axis',(1.,0.,0.));
#4345=DIRECTION('center_axis',(0.,-1.,0.));
#4346=DIRECTION('ref_axis',(-1.,0.,0.));
#4347=DIRECTION('center_axis',(0.,-1.,0.));
#4348=DIRECTION('ref_axis',(-1.,0.,0.));
#4349=DIRECTION('center_axis',(0.,-1.,0.));
#4350=DIRECTION('ref_axis',(-1.,0.,0.));
#4351=DIRECTION('',(0.,-1.,0.));
#4352=DIRECTION('center_axis',(0.,-1.,0.));
#4353=DIRECTION('ref_axis',(-1.,0.,0.));
#4354=DIRECTION('center_axis',(0.,1.,0.));
#4355=DIRECTION('ref_axis',(-1.,0.,0.));
#4356=DIRECTION('center_axis',(0.,1.,0.));
#4357=DIRECTION('ref_axis',(-1.,0.,0.));
#4358=DIRECTION('',(0.,-1.,0.));
#4359=DIRECTION('',(0.,-1.,0.));
#4360=DIRECTION('',(0.,-1.,0.));
#4361=DIRECTION('',(0.,-1.,0.));
#4362=DIRECTION('',(0.,-1.,0.));
#4363=DIRECTION('',(0.,1.,0.));
#4364=DIRECTION('center_axis',(-4.98773428552767E-15,1.,0.));
#4365=DIRECTION('ref_axis',(-1.,-4.98773428552767E-15,0.));
#4366=DIRECTION('',(0.,0.,1.));
#4367=DIRECTION('',(-1.,-4.98773428552767E-15,0.));
#4368=DIRECTION('',(0.,0.,1.));
#4369=DIRECTION('center_axis',(0.447213595499953,0.894427190999919,0.));
#4370=DIRECTION('ref_axis',(-0.894427190999919,0.447213595499953,0.));
#4371=DIRECTION('',(0.,0.,-1.));
#4372=DIRECTION('',(-0.894427190999919,0.447213595499952,0.));
#4373=DIRECTION('center_axis',(0.,0.,1.));
#4374=DIRECTION('ref_axis',(1.,0.,0.));
#4375=DIRECTION('',(0.,0.,1.));
#4376=DIRECTION('center_axis',(0.,0.,1.));
#4377=DIRECTION('ref_axis',(1.,0.,0.));
#4378=DIRECTION('',(0.,0.,1.));
#4379=DIRECTION('center_axis',(-0.392232270276368,0.588348405414553,-0.707106781186547));
#4380=DIRECTION('ref_axis',(0.392232270276368,-0.588348405414551,-0.707106781186548));
#4381=DIRECTION('center_axis',(0.,0.,-1.));
#4382=DIRECTION('ref_axis',(1.,0.,0.));
#4383=DIRECTION('',(0.,0.,-1.));
#4384=DIRECTION('',(0.,0.,1.));
#4385=DIRECTION('center_axis',(0.,0.,-1.));
#4386=DIRECTION('ref_axis',(1.,0.,0.));
#4387=DIRECTION('',(0.,0.,-1.));
#4388=DIRECTION('center_axis',(0.,0.,-1.));
#4389=DIRECTION('ref_axis',(1.,0.,0.));
#4390=DIRECTION('center_axis',(-0.392232270276368,0.588348405414553,-0.707106781186547));
#4391=DIRECTION('ref_axis',(0.392232270276368,-0.588348405414551,-0.707106781186548));
#4392=DIRECTION('center_axis',(-0.554700196225229,0.832050294337844,0.));
#4393=DIRECTION('ref_axis',(0.832050294337844,0.554700196225229,0.));
#4394=DIRECTION('',(0.,0.,-1.));
#4395=DIRECTION('',(0.832050294337844,0.554700196225229,0.));
#4396=DIRECTION('',(0.,0.,1.));
#4397=DIRECTION('center_axis',(-0.447213595499958,-0.894427190999916,0.));
#4398=DIRECTION('ref_axis',(-0.894427190999916,0.447213595499958,0.));
#4399=DIRECTION('',(0.,0.,-1.));
#4400=DIRECTION('',(-0.894427190999916,0.447213595499958,0.));
#4401=DIRECTION('',(0.,0.,1.));
#4402=DIRECTION('center_axis',(0.,1.,0.));
#4403=DIRECTION('ref_axis',(1.,0.,0.));
#4404=DIRECTION('',(-1.,0.,0.));
#4405=DIRECTION('',(0.,0.,-1.));
#4406=DIRECTION('',(1.,0.,0.));
#4407=DIRECTION('',(-0.912870929175277,0.,0.408248290463863));
#4408=DIRECTION('center_axis',(0.,0.,1.));
#4409=DIRECTION('ref_axis',(1.,0.,0.));
#4410=DIRECTION('',(-1.,0.,0.));
#4411=DIRECTION('',(0.,-1.,0.));
#4412=DIRECTION('center_axis',(0.,0.,1.));
#4413=DIRECTION('ref_axis',(-1.,0.,0.));
#4414=DIRECTION('',(0.,0.,-1.));
#4415=DIRECTION('center_axis',(2.67117108087397E-17,0.,-1.));
#4416=DIRECTION('ref_axis',(-1.,0.,0.));
#4417=DIRECTION('',(0.,0.,1.));
#4418=DIRECTION('center_axis',(0.,1.,0.));
#4419=DIRECTION('ref_axis',(1.,0.,0.));
#4420=DIRECTION('',(0.,0.,1.));
#4421=DIRECTION('',(1.,0.,2.67117108087397E-17));
#4422=DIRECTION('',(1.,0.,2.67117108087397E-17));
#4423=DIRECTION('',(1.,0.,2.67117108087397E-17));
#4424=DIRECTION('',(0.,0.,-1.));
#4425=DIRECTION('',(0.,0.,1.));
#4426=DIRECTION('',(1.,0.,0.));
#4427=DIRECTION('',(-0.912870929175277,0.,0.408248290463863));
#4428=DIRECTION('',(1.,0.,0.));
#4429=DIRECTION('',(0.,0.,1.));
#4430=DIRECTION('center_axis',(0.,1.,0.));
#4431=DIRECTION('ref_axis',(-1.,0.,0.));
#4432=DIRECTION('center_axis',(0.,0.,1.));
#4433=DIRECTION('ref_axis',(-0.22975292054736,-0.973248989467731,0.));
#4434=DIRECTION('',(0.,0.,-1.));
#4435=DIRECTION('center_axis',(0.316227766016838,0.632455532033675,0.707106781186548));
#4436=DIRECTION('ref_axis',(0.316227766016838,0.632455532033676,-0.707106781186547));
#4437=DIRECTION('center_axis',(0.,0.,1.));
#4438=DIRECTION('ref_axis',(1.,0.,0.));
#4439=DIRECTION('center_axis',(0.,-1.,0.));
#4440=DIRECTION('ref_axis',(-1.,0.,0.));
#4441=DIRECTION('',(0.,-1.,0.));
#4442=DIRECTION('center_axis',(0.,-1.,0.));
#4443=DIRECTION('ref_axis',(-1.,0.,0.));
#4444=DIRECTION('',(0.,-1.,0.));
#4445=DIRECTION('center_axis',(0.,0.,1.));
#4446=DIRECTION('ref_axis',(-1.,0.,0.));
#4447=DIRECTION('',(0.,1.,0.));
#4448=DIRECTION('',(1.,0.,0.));
#4449=DIRECTION('',(-0.832050294337844,-0.554700196225229,0.));
#4450=DIRECTION('',(-6.42931626515605E-16,1.,0.));
#4451=DIRECTION('',(0.894427190999916,-0.447213595499958,0.));
#4452=DIRECTION('',(0.,1.,0.));
#4453=DIRECTION('',(1.,1.31145094783847E-15,0.));
#4454=DIRECTION('center_axis',(0.,0.,1.));
#4455=DIRECTION('ref_axis',(0.707106781186554,0.707106781186541,0.));
#4456=DIRECTION('',(1.31145094783847E-15,-1.,0.));
#4457=DIRECTION('center_axis',(0.,0.,1.));
#4458=DIRECTION('ref_axis',(0.707106781186553,-0.707106781186542,0.));
#4459=DIRECTION('',(-1.,-1.31145094783847E-15,0.));
#4460=DIRECTION('',(-0.422618261740692,0.906307787036653,0.));
#4461=DIRECTION('center_axis',(0.,0.,-1.));
#4462=DIRECTION('ref_axis',(-1.,0.,0.));
#4463=DIRECTION('',(0.422618261740692,-0.906307787036653,0.));
#4464=DIRECTION('center_axis',(0.,0.,-1.));
#4465=DIRECTION('ref_axis',(-1.,0.,0.));
#4466=DIRECTION('center_axis',(0.,0.,-1.));
#4467=DIRECTION('ref_axis',(-1.,0.,0.));
#4468=DIRECTION('',(0.422618261740692,-0.906307787036653,0.));
#4469=DIRECTION('center_axis',(0.,0.,-1.));
#4470=DIRECTION('ref_axis',(-1.,0.,0.));
#4471=DIRECTION('center_axis',(0.,0.,-1.));
#4472=DIRECTION('ref_axis',(-1.,0.,0.));
#4473=DIRECTION('',(-0.422618261740692,0.906307787036653,0.));
#4474=DIRECTION('center_axis',(0.,0.,-1.));
#4475=DIRECTION('ref_axis',(-1.,0.,0.));
#4476=DIRECTION('',(0.422618261740692,-0.906307787036653,0.));
#4477=DIRECTION('center_axis',(0.,0.,-1.));
#4478=DIRECTION('ref_axis',(-1.,0.,0.));
#4479=DIRECTION('center_axis',(0.,0.,-1.));
#4480=DIRECTION('ref_axis',(-1.,0.,0.));
#4481=DIRECTION('',(-0.422618261740692,0.906307787036653,0.));
#4482=DIRECTION('center_axis',(0.,0.,-1.));
#4483=DIRECTION('ref_axis',(-1.,0.,0.));
#4484=DIRECTION('',(0.422618261740695,-0.906307787036652,0.));
#4485=DIRECTION('center_axis',(0.,0.,-1.));
#4486=DIRECTION('ref_axis',(-1.,0.,0.));
#4487=DIRECTION('center_axis',(0.,0.,-1.));
#4488=DIRECTION('ref_axis',(-1.,0.,0.));
#4489=DIRECTION('',(-0.422618261740695,0.906307787036652,0.));
#4490=DIRECTION('center_axis',(0.,0.,-1.));
#4491=DIRECTION('ref_axis',(-1.,0.,0.));
#4492=DIRECTION('center_axis',(0.,-1.,0.));
#4493=DIRECTION('ref_axis',(-1.,0.,0.));
#4494=DIRECTION('',(0.874474632195206,0.,-0.485071250072667));
#4495=DIRECTION('',(0.874474632195206,0.,-0.485071250072667));
#4496=DIRECTION('',(0.874474632195206,0.,-0.485071250072667));
#4497=DIRECTION('',(0.874474632195206,0.,-0.485071250072667));
#4498=DIRECTION('',(0.874474632195206,0.,-0.485071250072667));
#4499=DIRECTION('',(0.874474632195206,0.,-0.485071250072667));
#4500=DIRECTION('',(0.874474632195206,0.,-0.485071250072667));
#4501=DIRECTION('',(0.874474632195206,0.,-0.485071250072667));
#4502=DIRECTION('',(0.874474632195206,0.,-0.485071250072667));
#4503=DIRECTION('',(0.874474632195206,0.,-0.485071250072667));
#4504=DIRECTION('',(0.874474632195206,0.,-0.485071250072667));
#4505=DIRECTION('',(0.874474632195206,0.,-0.485071250072667));
#4506=DIRECTION('',(0.874474632195206,0.,-0.485071250072667));
#4507=DIRECTION('',(0.874474632195206,0.,-0.485071250072667));
#4508=DIRECTION('',(0.874474632195206,0.,-0.485071250072667));
#4509=DIRECTION('',(0.874474632195206,0.,-0.485071250072667));
#4510=DIRECTION('',(0.874474632195206,0.,-0.485071250072667));
#4511=DIRECTION('',(0.874474632195206,0.,-0.485071250072667));
#4512=DIRECTION('',(0.874474632195206,0.,-0.485071250072667));
#4513=DIRECTION('',(0.874474632195206,0.,-0.485071250072667));
#4514=DIRECTION('',(0.874474632195206,0.,-0.485071250072667));
#4515=DIRECTION('',(0.874474632195206,0.,-0.485071250072667));
#4516=DIRECTION('',(0.874474632195206,0.,-0.485071250072667));
#4517=DIRECTION('',(0.874474632195206,0.,-0.485071250072667));
#4518=DIRECTION('',(0.874474632195206,0.,-0.485071250072667));
#4519=DIRECTION('',(0.874474632195206,0.,-0.485071250072667));
#4520=DIRECTION('',(0.874474632195206,0.,-0.485071250072667));
#4521=DIRECTION('',(0.,0.,1.));
#4522=DIRECTION('',(1.,0.,0.));
#4523=DIRECTION('center_axis',(-1.31145094783847E-15,1.,0.));
#4524=DIRECTION('ref_axis',(0.,0.,1.));
#4525=DIRECTION('',(0.,0.,1.));
#4526=DIRECTION('',(1.,1.31145094783847E-15,0.));
#4527=DIRECTION('',(0.,0.,-1.));
#4528=DIRECTION('',(1.,1.31145094783847E-15,0.));
#4529=DIRECTION('center_axis',(1.31145094783847E-15,-1.,0.));
#4530=DIRECTION('ref_axis',(0.,0.,-1.));
#4531=DIRECTION('',(0.,0.,-1.));
#4532=DIRECTION('',(0.,0.,1.));
#4533=DIRECTION('',(1.,1.31145094783847E-15,0.));
#4534=DIRECTION('center_axis',(0.,0.,1.));
#4535=DIRECTION('ref_axis',(1.,0.,0.));
#4536=DIRECTION('',(0.,-1.,0.));
#4537=DIRECTION('center_axis',(-0.447213595499958,-0.894427190999916,0.));
#4538=DIRECTION('ref_axis',(-0.894427190999916,0.447213595499958,0.));
#4539=DIRECTION('',(0.,0.,1.));
#4540=DIRECTION('',(0.894427190999916,-0.447213595499958,0.));
#4541=DIRECTION('center_axis',(0.,0.,-1.));
#4542=DIRECTION('ref_axis',(-1.,0.,0.));
#4543=DIRECTION('',(0.,0.,1.));
#4544=DIRECTION('',(0.,0.,-1.));
#4545=DIRECTION('center_axis',(0.,0.,1.));
#4546=DIRECTION('ref_axis',(-1.,0.,0.));
#4547=DIRECTION('center_axis',(0.,0.,1.));
#4548=DIRECTION('ref_axis',(-1.,0.,0.));
#4549=DIRECTION('',(0.,0.,-1.));
#4550=DIRECTION('center_axis',(0.,0.,1.));
#4551=DIRECTION('ref_axis',(-1.,0.,0.));
#4552=DIRECTION('center_axis',(0.,0.,1.));
#4553=DIRECTION('ref_axis',(-1.,0.,0.));
#4554=DIRECTION('center_axis',(0.,0.,-1.));
#4555=DIRECTION('ref_axis',(1.,0.,0.));
#4556=DIRECTION('center_axis',(0.,0.,-1.));
#4557=DIRECTION('ref_axis',(1.,0.,0.));
#4558=DIRECTION('center_axis',(0.,0.,-1.));
#4559=DIRECTION('ref_axis',(1.,0.,0.));
#4560=DIRECTION('center_axis',(0.,0.,1.));
#4561=DIRECTION('ref_axis',(1.,0.,0.));
#4562=DIRECTION('center_axis',(0.,0.,-1.));
#4563=DIRECTION('ref_axis',(1.,0.,0.));
#4564=DIRECTION('',(0.,0.,1.));
#4565=DIRECTION('center_axis',(0.,0.,1.));
#4566=DIRECTION('ref_axis',(-1.,0.,0.));
#4567=DIRECTION('center_axis',(0.,0.,-1.));
#4568=DIRECTION('ref_axis',(1.,0.,0.));
#4569=DIRECTION('center_axis',(0.,0.,-1.));
#4570=DIRECTION('ref_axis',(1.,0.,0.));
#4571=DIRECTION('center_axis',(0.,0.,-1.));
#4572=DIRECTION('ref_axis',(1.,0.,0.));
#4573=DIRECTION('center_axis',(0.,0.,1.));
#4574=DIRECTION('ref_axis',(1.,0.,0.));
#4575=DIRECTION('center_axis',(0.,0.,-1.));
#4576=DIRECTION('ref_axis',(1.,0.,0.));
#4577=DIRECTION('',(0.,0.,1.));
#4578=DIRECTION('center_axis',(0.,0.,1.));
#4579=DIRECTION('ref_axis',(-1.,0.,0.));
#4580=DIRECTION('center_axis',(0.,0.,-1.));
#4581=DIRECTION('ref_axis',(1.,0.,0.));
#4582=DIRECTION('center_axis',(0.,0.,-1.));
#4583=DIRECTION('ref_axis',(1.,0.,0.));
#4584=DIRECTION('center_axis',(0.,0.,-1.));
#4585=DIRECTION('ref_axis',(1.,0.,0.));
#4586=DIRECTION('center_axis',(0.,0.,1.));
#4587=DIRECTION('ref_axis',(1.,0.,0.));
#4588=DIRECTION('center_axis',(0.,0.,-1.));
#4589=DIRECTION('ref_axis',(1.,0.,0.));
#4590=DIRECTION('',(0.,0.,1.));
#4591=DIRECTION('center_axis',(0.,0.,1.));
#4592=DIRECTION('ref_axis',(-1.,0.,0.));
#4593=DIRECTION('center_axis',(0.,0.,-1.));
#4594=DIRECTION('ref_axis',(1.,0.,0.));
#4595=DIRECTION('center_axis',(0.,0.,-1.));
#4596=DIRECTION('ref_axis',(1.,0.,0.));
#4597=DIRECTION('center_axis',(0.,0.,-1.));
#4598=DIRECTION('ref_axis',(1.,0.,0.));
#4599=DIRECTION('center_axis',(0.,0.,1.));
#4600=DIRECTION('ref_axis',(1.,0.,0.));
#4601=DIRECTION('center_axis',(0.,0.,-1.));
#4602=DIRECTION('ref_axis',(1.,0.,0.));
#4603=DIRECTION('',(0.,0.,1.));
#4604=DIRECTION('center_axis',(0.,0.,-1.));
#4605=DIRECTION('ref_axis',(1.,0.,0.));
#4606=DIRECTION('',(0.,0.,1.));
#4607=DIRECTION('center_axis',(0.,0.,1.));
#4608=DIRECTION('ref_axis',(1.,0.,0.));
#4609=DIRECTION('center_axis',(0.,0.,1.));
#4610=DIRECTION('ref_axis',(1.,0.,0.));
#4611=DIRECTION('center_axis',(0.,-1.,0.));
#4612=DIRECTION('ref_axis',(-1.,0.,0.));
#4613=DIRECTION('center_axis',(0.,0.,-1.));
#4614=DIRECTION('ref_axis',(1.,0.,0.));
#4615=DIRECTION('center_axis',(0.,0.,-1.));
#4616=DIRECTION('ref_axis',(1.,0.,0.));
#4617=DIRECTION('center_axis',(0.,0.,-1.));
#4618=DIRECTION('ref_axis',(1.,0.,0.));
#4619=DIRECTION('',(0.,0.,1.));
#4620=DIRECTION('center_axis',(0.,0.,1.));
#4621=DIRECTION('ref_axis',(1.,0.,0.));
#4622=DIRECTION('center_axis',(0.,0.,1.));
#4623=DIRECTION('ref_axis',(1.,0.,0.));
#4624=DIRECTION('center_axis',(0.,-1.,0.));
#4625=DIRECTION('ref_axis',(-1.,0.,0.));
#4626=DIRECTION('center_axis',(0.,0.,-1.));
#4627=DIRECTION('ref_axis',(1.,0.,0.));
#4628=DIRECTION('center_axis',(0.,0.,-1.));
#4629=DIRECTION('ref_axis',(1.,0.,0.));
#4630=DIRECTION('',(0.,0.,1.));
#4631=DIRECTION('center_axis',(0.,0.,1.));
#4632=DIRECTION('ref_axis',(1.,0.,0.));
#4633=DIRECTION('center_axis',(0.,0.,1.));
#4634=DIRECTION('ref_axis',(1.,0.,0.));
#4635=DIRECTION('center_axis',(0.,-1.,0.));
#4636=DIRECTION('ref_axis',(-1.,0.,0.));
#4637=DIRECTION('center_axis',(0.,0.,-1.));
#4638=DIRECTION('ref_axis',(1.,0.,0.));
#4639=DIRECTION('center_axis',(0.,0.,-1.));
#4640=DIRECTION('ref_axis',(1.,0.,0.));
#4641=DIRECTION('',(0.,0.,1.));
#4642=DIRECTION('center_axis',(0.,0.,1.));
#4643=DIRECTION('ref_axis',(1.,0.,0.));
#4644=DIRECTION('center_axis',(0.,0.,1.));
#4645=DIRECTION('ref_axis',(1.,0.,0.));
#4646=DIRECTION('center_axis',(0.,-1.,0.));
#4647=DIRECTION('ref_axis',(-1.,0.,0.));
#4648=DIRECTION('center_axis',(0.,0.,-1.));
#4649=DIRECTION('ref_axis',(1.,0.,0.));
#4650=DIRECTION('center_axis',(0.,0.,-1.));
#4651=DIRECTION('ref_axis',(1.,0.,0.));
#4652=DIRECTION('center_axis',(1.,1.31145094783847E-15,0.));
#4653=DIRECTION('ref_axis',(0.,0.,1.));
#4654=DIRECTION('',(0.,0.,1.));
#4655=DIRECTION('',(1.31145094783847E-15,-1.,0.));
#4656=DIRECTION('',(1.31145094783847E-15,-1.,0.));
#4657=DIRECTION('center_axis',(0.,0.,-1.));
#4658=DIRECTION('ref_axis',(1.,0.,0.));
#4659=DIRECTION('',(1.,0.,0.));
#4660=DIRECTION('',(0.,-1.,0.));
#4661=DIRECTION('',(-1.,0.,0.));
#4662=DIRECTION('',(0.,1.,0.));
#4663=DIRECTION('center_axis',(0.,0.,1.));
#4664=DIRECTION('ref_axis',(1.,0.,0.));
#4665=DIRECTION('center_axis',(0.,0.,1.));
#4666=DIRECTION('ref_axis',(1.,0.,0.));
#4667=DIRECTION('center_axis',(0.,0.,1.));
#4668=DIRECTION('ref_axis',(1.,0.,0.));
#4669=DIRECTION('',(0.,0.,1.));
#4670=DIRECTION('center_axis',(0.,0.,-1.));
#4671=DIRECTION('ref_axis',(1.,0.,0.));
#4672=DIRECTION('',(0.,0.,1.));
#4673=DIRECTION('center_axis',(0.,0.,1.));
#4674=DIRECTION('ref_axis',(-1.,8.26950764129793E-12,0.));
#4675=DIRECTION('center_axis',(0.,0.,-1.));
#4676=DIRECTION('ref_axis',(1.,0.,0.));
#4677=DIRECTION('center_axis',(1.,0.,0.));
#4678=DIRECTION('ref_axis',(0.,1.,0.));
#4679=DIRECTION('',(0.,0.,1.));
#4680=DIRECTION('',(0.,-1.,0.));
#4681=DIRECTION('',(0.,0.,-1.));
#4682=DIRECTION('center_axis',(0.,1.,0.));
#4683=DIRECTION('ref_axis',(-1.,0.,0.));
#4684=DIRECTION('',(0.,0.,-1.));
#4685=DIRECTION('',(-1.,0.,0.));
#4686=DIRECTION('',(0.,0.,1.));
#4687=DIRECTION('',(-1.,0.,0.));
#4688=DIRECTION('center_axis',(0.,1.,0.));
#4689=DIRECTION('ref_axis',(0.707106781186546,0.,-0.707106781186549));
#4690=DIRECTION('center_axis',(-1.,0.,0.));
#4691=DIRECTION('ref_axis',(0.,-1.,0.));
#4692=DIRECTION('',(0.,0.,1.));
#4693=DIRECTION('',(0.,-1.,0.));
#4694=DIRECTION('center_axis',(0.,-1.,0.));
#4695=DIRECTION('ref_axis',(1.,0.,0.));
#4696=DIRECTION('',(1.,0.,0.));
#4697=DIRECTION('',(0.,0.,1.));
#4698=DIRECTION('center_axis',(0.,-1.,0.));
#4699=DIRECTION('ref_axis',(0.707106781186546,0.,-0.707106781186549));
#4700=DIRECTION('',(1.,0.,0.));
#4701=DIRECTION('center_axis',(0.,0.,-1.));
#4702=DIRECTION('ref_axis',(1.,0.,0.));
#4703=DIRECTION('',(-1.,0.,0.));
#4704=DIRECTION('',(0.,1.,0.));
#4705=DIRECTION('',(1.,0.,0.));
#4706=DIRECTION('',(0.,1.,0.));
#4707=DIRECTION('center_axis',(0.,0.,1.));
#4708=DIRECTION('ref_axis',(1.,0.,0.));
#4709=DIRECTION('center_axis',(0.,0.,1.));
#4710=DIRECTION('ref_axis',(1.,0.,0.));
#4711=DIRECTION('center_axis',(0.,0.,1.));
#4712=DIRECTION('ref_axis',(1.,0.,0.));
#4713=DIRECTION('',(0.,0.,1.));
#4714=DIRECTION('center_axis',(0.,0.,-1.));
#4715=DIRECTION('ref_axis',(1.,0.,0.));
#4716=DIRECTION('',(0.,0.,1.));
#4717=DIRECTION('center_axis',(0.,0.,1.));
#4718=DIRECTION('ref_axis',(-1.,-2.17926673302922E-11,0.));
#4719=DIRECTION('center_axis',(0.,0.,-1.));
#4720=DIRECTION('ref_axis',(1.,0.,0.));
#4721=DIRECTION('center_axis',(1.,0.,0.));
#4722=DIRECTION('ref_axis',(0.,1.,0.));
#4723=DIRECTION('',(0.,0.,1.));
#4724=DIRECTION('',(0.,-1.,0.));
#4725=DIRECTION('',(0.,0.,-1.));
#4726=DIRECTION('center_axis',(-1.,0.,0.));
#4727=DIRECTION('ref_axis',(0.,-1.,0.));
#4728=DIRECTION('',(0.,0.,1.));
#4729=DIRECTION('',(0.,-1.,0.));
#4730=DIRECTION('',(0.,0.,1.));
#4731=DIRECTION('center_axis',(0.,-1.,0.));
#4732=DIRECTION('ref_axis',(1.,0.,0.));
#4733=DIRECTION('',(1.,0.,0.));
#4734=DIRECTION('',(0.,0.,1.));
#4735=DIRECTION('center_axis',(0.,-1.,0.));
#4736=DIRECTION('ref_axis',(0.707106781186546,0.,-0.707106781186549));
#4737=DIRECTION('',(1.,0.,0.));
#4738=DIRECTION('center_axis',(0.,1.,0.));
#4739=DIRECTION('ref_axis',(-1.,0.,0.));
#4740=DIRECTION('',(0.,0.,-1.));
#4741=DIRECTION('',(-1.,0.,0.));
#4742=DIRECTION('',(-1.,0.,0.));
#4743=DIRECTION('center_axis',(0.,1.,0.));
#4744=DIRECTION('ref_axis',(0.707106781186546,0.,-0.707106781186549));
#4745=DIRECTION('center_axis',(0.316227766016838,0.632455532033675,0.707106781186548));
#4746=DIRECTION('ref_axis',(0.912870929175277,0.,-0.408248290463863));
#4747=DIRECTION('',(-4.79212940591134E-16,0.745355992499931,-0.666666666666666));
#4748=DIRECTION('center_axis',(0.392232270276368,-0.588348405414553,0.707106781186547));
#4749=DIRECTION('ref_axis',(0.874474632195206,0.,-0.485071250072667));
#4750=DIRECTION('center_axis',(0.392232270276368,-0.588348405414553,0.707106781186547));
#4751=DIRECTION('ref_axis',(0.392232270276368,-0.588348405414551,-0.707106781186548));
#4752=DIRECTION('',(-0.832050294337844,-0.554700196225229,0.));
#4753=DIRECTION('',(-0.832050294337844,-0.554700196225229,-7.85046229341888E-17));
#4754=DIRECTION('',(0.874474632195206,0.,-0.485071250072667));
#4755=DIRECTION('',(-0.832050294337844,-0.554700196225229,0.));
#4756=DIRECTION('',(-0.832050294337844,-0.554700196225229,0.));
#4757=DIRECTION('',(4.9422547269173E-16,-0.768706114785807,-0.639602149066832));
#4758=DIRECTION('',(-0.832050294337844,-0.554700196225229,-7.85046229341888E-17));
#4759=DIRECTION('center_axis',(0.,0.,-1.));
#4760=DIRECTION('ref_axis',(1.,0.,0.));
#4761=DIRECTION('center_axis',(0.,0.,1.));
#4762=DIRECTION('ref_axis',(1.,0.,0.));
#4763=DIRECTION('center_axis',(0.316227766016838,0.632455532033675,0.707106781186548));
#4764=DIRECTION('ref_axis',(0.912870929175277,0.,-0.408248290463863));
#4765=DIRECTION('',(0.894427190999916,-0.447213595499958,0.));
#4766=DIRECTION('center_axis',(-0.316227766016838,-0.632455532033675,-0.707106781186548));
#4767=DIRECTION('ref_axis',(0.316227766016838,0.632455532033676,-0.707106781186547));
#4768=DIRECTION('center_axis',(-0.316227766016838,-0.632455532033675,-0.707106781186548));
#4769=DIRECTION('ref_axis',(0.316227766016838,0.632455532033676,-0.707106781186547));
#4770=DIRECTION('',(0.912870929175277,-5.04660194747395E-16,-0.408248290463862));
#4771=DIRECTION('',(0.894427190999917,-0.447213595499957,-4.46125357761678E-16));
#4772=DIRECTION('center_axis',(-0.316227766016838,-0.632455532033675,-0.707106781186548));
#4773=DIRECTION('ref_axis',(0.316227766016838,0.632455532033676,-0.707106781186547));
#4774=DIRECTION('',(0.894427190999916,-0.447213595499958,0.));
#4775=DIRECTION('',(-4.79212940591134E-16,0.745355992499931,-0.666666666666666));
#4776=DIRECTION('',(0.894427190999916,-0.447213595499958,0.));
#4777=DIRECTION('center_axis',(0.,0.,-1.));
#4778=DIRECTION('ref_axis',(1.,0.,0.));
#4779=DIRECTION('center_axis',(0.,0.,-1.));
#4780=DIRECTION('ref_axis',(1.,0.,0.));
#4781=DIRECTION('center_axis',(0.,0.,-1.));
#4782=DIRECTION('ref_axis',(1.,0.,0.));
#4783=DIRECTION('',(-1.,4.89342486226515E-18,0.));
#4784=DIRECTION('',(-0.832050294337843,-0.554700196225229,0.));
#4785=DIRECTION('center_axis',(-0.554700196225229,0.832050294337843,0.));
#4786=DIRECTION('ref_axis',(-0.832050294337843,-0.554700196225229,0.));
#4787=DIRECTION('',(0.,0.,1.));
#4788=DIRECTION('center_axis',(4.89342486226515E-18,1.,0.));
#4789=DIRECTION('ref_axis',(-1.,4.89342486226515E-18,0.));
#4790=DIRECTION('center_axis',(0.,0.,1.));
#4791=DIRECTION('ref_axis',(1.,0.,0.));
#4792=DIRECTION('center_axis',(-0.316227766016837,-0.632455532033676,0.707106781186548));
#4793=DIRECTION('ref_axis',(0.316227766016837,0.632455532033676,0.707106781186548));
#4794=DIRECTION('center_axis',(0.25819888974716,-0.774596669241484,0.577350269189625));
#4795=DIRECTION('ref_axis',(0.182574185835054,-0.547722557505166,-0.816496580927726));
#4796=DIRECTION('',(0.,0.,-1.));
#4797=DIRECTION('center_axis',(0.,0.,-1.));
#4798=DIRECTION('ref_axis',(1.,0.,0.));
#4799=DIRECTION('center_axis',(0.316227766016837,0.632455532033676,-0.707106781186548));
#4800=DIRECTION('ref_axis',(0.894427190999916,-0.447213595499957,-4.21300016229205E-16));
#4801=DIRECTION('',(-0.31622776601684,-0.632455532033675,-0.707106781186548));
#4802=DIRECTION('center_axis',(-0.25819888974716,0.774596669241484,-0.577350269189625));
#4803=DIRECTION('ref_axis',(0.912870929175277,-5.07335120257587E-16,-0.408248290463862));
#4804=DIRECTION('center_axis',(1.,6.42931626515605E-16,0.));
#4805=DIRECTION('ref_axis',(6.42931626515605E-16,-1.,0.));
#4806=DIRECTION('',(0.,0.,-1.));
#4807=DIRECTION('',(6.42931626515605E-16,-1.,0.));
#4808=DIRECTION('center_axis',(0.,0.,1.));
#4809=DIRECTION('ref_axis',(1.,0.,0.));
#4810=DIRECTION('center_axis',(0.,0.,1.));
#4811=DIRECTION('ref_axis',(1.,0.,0.));
#4812=DIRECTION('',(0.832050294337841,0.554700196225234,0.));
#4813=DIRECTION('',(1.,5.2155401236833E-15,0.));
#4814=DIRECTION('center_axis',(0.554700196225234,-0.832050294337841,0.));
#4815=DIRECTION('ref_axis',(0.832050294337841,0.554700196225234,0.));
#4816=DIRECTION('',(0.,0.,1.));
#4817=DIRECTION('center_axis',(0.,0.,-1.));
#4818=DIRECTION('ref_axis',(0.707106781186554,0.707106781186541,0.));
#4819=DIRECTION('center_axis',(0.,0.,1.));
#4820=DIRECTION('ref_axis',(0.707106781186554,0.707106781186541,0.));
#4821=DIRECTION('',(0.,0.,1.));
#4822=DIRECTION('',(0.,0.,-1.));
#4823=DIRECTION('center_axis',(1.,1.31145094783847E-15,0.));
#4824=DIRECTION('ref_axis',(0.,0.,1.));
#4825=DIRECTION('',(0.,0.,-1.));
#4826=DIRECTION('',(1.31145094783847E-15,-1.,0.));
#4827=DIRECTION('center_axis',(0.,0.,-1.));
#4828=DIRECTION('ref_axis',(0.707106781186553,-0.707106781186542,0.));
#4829=DIRECTION('center_axis',(0.,0.,1.));
#4830=DIRECTION('ref_axis',(0.707106781186553,-0.707106781186542,0.));
#4831=DIRECTION('center_axis',(0.392232270276368,-0.588348405414553,0.707106781186547));
#4832=DIRECTION('ref_axis',(0.874474632195206,0.,-0.485071250072667));
#4833=DIRECTION('',(0.832050294337844,0.554700196225229,0.));
#4834=DIRECTION('',(-4.9422547269173E-16,0.768706114785807,0.639602149066832));
#4835=DIRECTION('center_axis',(0.392232270276373,-0.58834840541455,0.707106781186547));
#4836=DIRECTION('ref_axis',(0.874474632195204,0.,-0.485071250072671));
#4837=DIRECTION('',(-2.11128899866283E-16,0.768706114785808,0.639602149066831));
#4838=DIRECTION('',(-0.832050294337844,-0.554700196225229,3.25678008769923E-17));
#4839=DIRECTION('',(0.874474632195206,2.21521703429696E-16,-0.485071250072665));
#4840=DIRECTION('',(0.832050294337844,0.554700196225229,-3.25678008769923E-17));
#4841=DIRECTION('center_axis',(-0.919866211007798,-0.25087260300213,0.301511344577767));
#4842=DIRECTION('ref_axis',(-1.75623848241597E-16,0.768706114785808,0.639602149066831));
#4843=DIRECTION('',(-4.9422547269173E-16,0.768706114785807,0.639602149066832));
#4844=DIRECTION('',(-0.392232270276373,0.58834840541455,-0.707106781186547));
#4845=DIRECTION('',(-0.392232270276373,0.58834840541455,-0.707106781186547));
#4846=DIRECTION('center_axis',(0.392232270276368,-0.588348405414551,-0.707106781186548));
#4847=DIRECTION('ref_axis',(-0.832050294337844,-0.554700196225229,1.71717776366588E-17));
#4848=DIRECTION('',(-0.392232270276373,0.58834840541455,-0.707106781186547));
#4849=DIRECTION('center_axis',(0.285390896492695,0.808607540062641,0.514495755427525));
#4850=DIRECTION('ref_axis',(0.874474632195207,2.48448566950415E-16,-0.485071250072665));
#4851=DIRECTION('',(-0.392232270276373,0.58834840541455,-0.707106781186547));
#4852=DIRECTION('center_axis',(-0.392232270276368,0.588348405414551,0.707106781186548));
#4853=DIRECTION('ref_axis',(0.832050294337844,0.554700196225229,-1.71717776366588E-17));
#4854=DIRECTION('',(-0.832050294337844,-0.554700196225229,0.));
#4855=DIRECTION('center_axis',(0.392232270276368,-0.588348405414553,0.707106781186547));
#4856=DIRECTION('ref_axis',(0.874474632195206,0.,-0.485071250072667));
#4857=DIRECTION('',(0.832050294337844,0.554700196225229,0.));
#4858=DIRECTION('',(-4.9422547269173E-16,0.768706114785807,0.639602149066832));
#4859=DIRECTION('center_axis',(0.392232270276373,-0.58834840541455,0.707106781186547));
#4860=DIRECTION('ref_axis',(0.874474632195204,0.,-0.485071250072671));
#4861=DIRECTION('',(-2.11128899866283E-16,0.768706114785808,0.639602149066831));
#4862=DIRECTION('',(-0.832050294337844,-0.554700196225229,3.25678008769923E-17));
#4863=DIRECTION('',(0.874474632195206,2.21521703429696E-16,-0.485071250072665));
#4864=DIRECTION('',(0.832050294337844,0.554700196225229,-3.25678008769923E-17));
#4865=DIRECTION('center_axis',(-0.919866211007798,-0.25087260300213,0.301511344577767));
#4866=DIRECTION('ref_axis',(-1.75623848241597E-16,0.768706114785808,0.639602149066831));
#4867=DIRECTION('',(-4.9422547269173E-16,0.768706114785807,0.639602149066832));
#4868=DIRECTION('',(-0.392232270276373,0.58834840541455,-0.707106781186547));
#4869=DIRECTION('',(-0.392232270276373,0.58834840541455,-0.707106781186547));
#4870=DIRECTION('center_axis',(0.392232270276368,-0.588348405414551,-0.707106781186548));
#4871=DIRECTION('ref_axis',(-0.832050294337844,-0.554700196225229,1.71717776366588E-17));
#4872=DIRECTION('',(-0.392232270276373,0.58834840541455,-0.707106781186547));
#4873=DIRECTION('center_axis',(0.285390896492695,0.808607540062641,0.514495755427525));
#4874=DIRECTION('ref_axis',(0.874474632195207,2.48448566950415E-16,-0.485071250072665));
#4875=DIRECTION('',(-0.392232270276373,0.58834840541455,-0.707106781186547));
#4876=DIRECTION('center_axis',(-0.392232270276368,0.588348405414551,0.707106781186548));
#4877=DIRECTION('ref_axis',(0.832050294337844,0.554700196225229,-1.71717776366588E-17));
#4878=DIRECTION('',(-0.832050294337844,-0.554700196225229,0.));
#4879=DIRECTION('center_axis',(0.392232270276368,-0.588348405414553,0.707106781186547));
#4880=DIRECTION('ref_axis',(0.874474632195206,0.,-0.485071250072667));
#4881=DIRECTION('',(0.832050294337844,0.554700196225229,0.));
#4882=DIRECTION('',(-4.9422547269173E-16,0.768706114785807,0.639602149066832));
#4883=DIRECTION('center_axis',(0.392232270276373,-0.58834840541455,0.707106781186547));
#4884=DIRECTION('ref_axis',(0.874474632195204,0.,-0.485071250072671));
#4885=DIRECTION('',(-2.11128899866283E-16,0.768706114785808,0.639602149066831));
#4886=DIRECTION('',(-0.832050294337844,-0.554700196225229,3.25678008769923E-17));
#4887=DIRECTION('',(0.874474632195206,2.21521703429696E-16,-0.485071250072665));
#4888=DIRECTION('',(0.832050294337844,0.554700196225229,-3.25678008769923E-17));
#4889=DIRECTION('center_axis',(-0.919866211007798,-0.25087260300213,0.301511344577767));
#4890=DIRECTION('ref_axis',(-1.75623848241597E-16,0.768706114785808,0.639602149066831));
#4891=DIRECTION('',(-4.9422547269173E-16,0.768706114785807,0.639602149066832));
#4892=DIRECTION('',(-0.392232270276373,0.58834840541455,-0.707106781186547));
#4893=DIRECTION('',(-0.392232270276373,0.58834840541455,-0.707106781186547));
#4894=DIRECTION('center_axis',(0.392232270276368,-0.588348405414551,-0.707106781186548));
#4895=DIRECTION('ref_axis',(-0.832050294337844,-0.554700196225229,1.71717776366588E-17));
#4896=DIRECTION('',(-0.392232270276373,0.58834840541455,-0.707106781186547));
#4897=DIRECTION('center_axis',(0.285390896492695,0.808607540062641,0.514495755427525));
#4898=DIRECTION('ref_axis',(0.874474632195207,2.48448566950415E-16,-0.485071250072665));
#4899=DIRECTION('',(-0.392232270276373,0.58834840541455,-0.707106781186547));
#4900=DIRECTION('center_axis',(-0.392232270276368,0.588348405414551,0.707106781186548));
#4901=DIRECTION('ref_axis',(0.832050294337844,0.554700196225229,-1.71717776366588E-17));
#4902=DIRECTION('',(-0.832050294337844,-0.554700196225229,0.));
#4903=DIRECTION('center_axis',(0.392232270276368,-0.588348405414553,0.707106781186547));
#4904=DIRECTION('ref_axis',(0.874474632195206,0.,-0.485071250072667));
#4905=DIRECTION('',(0.832050294337844,0.554700196225229,0.));
#4906=DIRECTION('',(-4.9422547269173E-16,0.768706114785807,0.639602149066832));
#4907=DIRECTION('center_axis',(0.392232270276373,-0.58834840541455,0.707106781186547));
#4908=DIRECTION('ref_axis',(0.874474632195204,0.,-0.485071250072671));
#4909=DIRECTION('',(-2.11128899866283E-16,0.768706114785808,0.639602149066831));
#4910=DIRECTION('',(-0.832050294337844,-0.554700196225229,3.25678008769923E-17));
#4911=DIRECTION('',(0.874474632195206,2.21521703429696E-16,-0.485071250072665));
#4912=DIRECTION('',(0.832050294337844,0.554700196225229,-3.25678008769923E-17));
#4913=DIRECTION('center_axis',(-0.919866211007798,-0.25087260300213,0.301511344577767));
#4914=DIRECTION('ref_axis',(-1.75623848241597E-16,0.768706114785808,0.639602149066831));
#4915=DIRECTION('',(-4.9422547269173E-16,0.768706114785807,0.639602149066832));
#4916=DIRECTION('',(-0.392232270276373,0.58834840541455,-0.707106781186547));
#4917=DIRECTION('',(-0.392232270276373,0.58834840541455,-0.707106781186547));
#4918=DIRECTION('center_axis',(0.392232270276368,-0.588348405414551,-0.707106781186548));
#4919=DIRECTION('ref_axis',(-0.832050294337844,-0.554700196225229,1.71717776366588E-17));
#4920=DIRECTION('',(-0.392232270276373,0.58834840541455,-0.707106781186547));
#4921=DIRECTION('center_axis',(0.285390896492695,0.808607540062641,0.514495755427525));
#4922=DIRECTION('ref_axis',(0.874474632195207,2.48448566950415E-16,-0.485071250072665));
#4923=DIRECTION('',(-0.392232270276373,0.58834840541455,-0.707106781186547));
#4924=DIRECTION('center_axis',(-0.392232270276368,0.588348405414551,0.707106781186548));
#4925=DIRECTION('ref_axis',(0.832050294337844,0.554700196225229,-1.71717776366588E-17));
#4926=DIRECTION('',(-0.832050294337844,-0.554700196225229,0.));
#4927=DIRECTION('center_axis',(0.392232270276368,-0.588348405414553,0.707106781186547));
#4928=DIRECTION('ref_axis',(0.874474632195206,0.,-0.485071250072667));
#4929=DIRECTION('',(0.832050294337844,0.554700196225229,0.));
#4930=DIRECTION('',(-4.9422547269173E-16,0.768706114785807,0.639602149066832));
#4931=DIRECTION('center_axis',(0.392232270276373,-0.58834840541455,0.707106781186547));
#4932=DIRECTION('ref_axis',(0.874474632195204,0.,-0.485071250072671));
#4933=DIRECTION('',(-2.11128899866283E-16,0.768706114785808,0.639602149066831));
#4934=DIRECTION('',(-0.832050294337844,-0.554700196225229,3.25678008769923E-17));
#4935=DIRECTION('',(0.874474632195206,2.21521703429696E-16,-0.485071250072665));
#4936=DIRECTION('',(0.832050294337844,0.554700196225229,-3.25678008769923E-17));
#4937=DIRECTION('center_axis',(-0.919866211007798,-0.25087260300213,0.301511344577767));
#4938=DIRECTION('ref_axis',(-1.75623848241597E-16,0.768706114785808,0.639602149066831));
#4939=DIRECTION('',(-4.9422547269173E-16,0.768706114785807,0.639602149066832));
#4940=DIRECTION('',(-0.392232270276373,0.58834840541455,-0.707106781186547));
#4941=DIRECTION('',(-0.392232270276373,0.58834840541455,-0.707106781186547));
#4942=DIRECTION('center_axis',(0.392232270276368,-0.588348405414551,-0.707106781186548));
#4943=DIRECTION('ref_axis',(-0.832050294337844,-0.554700196225229,1.71717776366588E-17));
#4944=DIRECTION('',(-0.392232270276373,0.58834840541455,-0.707106781186547));
#4945=DIRECTION('center_axis',(0.285390896492695,0.808607540062641,0.514495755427525));
#4946=DIRECTION('ref_axis',(0.874474632195207,2.48448566950415E-16,-0.485071250072665));
#4947=DIRECTION('',(-0.392232270276373,0.58834840541455,-0.707106781186547));
#4948=DIRECTION('center_axis',(-0.392232270276368,0.588348405414551,0.707106781186548));
#4949=DIRECTION('ref_axis',(0.832050294337844,0.554700196225229,-1.71717776366588E-17));
#4950=DIRECTION('',(-0.832050294337844,-0.554700196225229,0.));
#4951=DIRECTION('center_axis',(0.392232270276368,-0.588348405414553,0.707106781186547));
#4952=DIRECTION('ref_axis',(0.874474632195206,0.,-0.485071250072667));
#4953=DIRECTION('',(0.832050294337844,0.554700196225229,2.77555756156289E-17));
#4954=DIRECTION('',(-4.9422547269173E-16,0.768706114785807,0.639602149066832));
#4955=DIRECTION('center_axis',(0.392232270276373,-0.58834840541455,0.707106781186546));
#4956=DIRECTION('ref_axis',(0.874474632195203,0.,-0.485071250072671));
#4957=DIRECTION('',(-2.04126438702312E-16,0.768706114785808,0.639602149066831));
#4958=DIRECTION('',(-0.832050294337844,-0.554700196225229,3.25678008769923E-17));
#4959=DIRECTION('',(0.874474632195207,2.29487653658323E-16,-0.485071250072665));
#4960=DIRECTION('',(0.832050294337844,0.554700196225229,-3.25678008769923E-17));
#4961=DIRECTION('center_axis',(-0.919866211007798,-0.25087260300213,0.301511344577767));
#4962=DIRECTION('ref_axis',(-1.75623848241597E-16,0.768706114785808,0.639602149066831));
#4963=DIRECTION('',(-4.9422547269173E-16,0.768706114785807,0.639602149066832));
#4964=DIRECTION('',(-0.392232270276373,0.58834840541455,-0.707106781186546));
#4965=DIRECTION('',(-0.392232270276373,0.58834840541455,-0.707106781186546));
#4966=DIRECTION('center_axis',(0.392232270276367,-0.588348405414551,-0.707106781186549));
#4967=DIRECTION('ref_axis',(-0.832050294337844,-0.554700196225229,1.71717776366588E-17));
#4968=DIRECTION('',(-0.392232270276373,0.58834840541455,-0.707106781186546));
#4969=DIRECTION('center_axis',(0.285390896492695,0.808607540062641,0.514495755427525));
#4970=DIRECTION('ref_axis',(0.874474632195207,2.48448566950415E-16,-0.485071250072665));
#4971=DIRECTION('',(-0.392232270276373,0.58834840541455,-0.707106781186546));
#4972=DIRECTION('center_axis',(-0.392232270276367,0.588348405414551,0.707106781186549));
#4973=DIRECTION('ref_axis',(0.832050294337844,0.554700196225229,-1.71717776366588E-17));
#4974=DIRECTION('',(-0.832050294337844,-0.554700196225229,-2.77555756156289E-17));
#4975=DIRECTION('center_axis',(0.392232270276368,-0.588348405414553,0.707106781186547));
#4976=DIRECTION('ref_axis',(0.874474632195206,0.,-0.485071250072667));
#4977=DIRECTION('',(0.832050294337844,0.554700196225229,2.77555756156289E-17));
#4978=DIRECTION('',(-4.9422547269173E-16,0.768706114785807,0.639602149066832));
#4979=DIRECTION('center_axis',(0.392232270276373,-0.58834840541455,0.707106781186546));
#4980=DIRECTION('ref_axis',(0.874474632195203,0.,-0.485071250072671));
#4981=DIRECTION('',(-2.04126438702312E-16,0.768706114785808,0.639602149066831));
#4982=DIRECTION('',(-0.832050294337844,-0.554700196225229,3.25678008769923E-17));
#4983=DIRECTION('',(0.874474632195207,2.29487653658323E-16,-0.485071250072665));
#4984=DIRECTION('',(0.832050294337844,0.554700196225229,-3.25678008769923E-17));
#4985=DIRECTION('center_axis',(-0.919866211007798,-0.25087260300213,0.301511344577767));
#4986=DIRECTION('ref_axis',(-1.75623848241597E-16,0.768706114785808,0.639602149066831));
#4987=DIRECTION('',(-4.9422547269173E-16,0.768706114785807,0.639602149066832));
#4988=DIRECTION('',(-0.392232270276373,0.58834840541455,-0.707106781186546));
#4989=DIRECTION('',(-0.392232270276373,0.58834840541455,-0.707106781186546));
#4990=DIRECTION('center_axis',(0.392232270276367,-0.588348405414551,-0.707106781186549));
#4991=DIRECTION('ref_axis',(-0.832050294337844,-0.554700196225229,1.71717776366588E-17));
#4992=DIRECTION('',(-0.392232270276373,0.58834840541455,-0.707106781186546));
#4993=DIRECTION('center_axis',(0.285390896492695,0.808607540062641,0.514495755427525));
#4994=DIRECTION('ref_axis',(0.874474632195207,2.48448566950415E-16,-0.485071250072665));
#4995=DIRECTION('',(-0.392232270276373,0.58834840541455,-0.707106781186546));
#4996=DIRECTION('center_axis',(-0.392232270276367,0.588348405414551,0.707106781186549));
#4997=DIRECTION('ref_axis',(0.832050294337844,0.554700196225229,-1.71717776366588E-17));
#4998=DIRECTION('',(-0.832050294337844,-0.554700196225229,-2.77555756156289E-17));
#4999=DIRECTION('center_axis',(0.392232270276368,-0.588348405414553,0.707106781186547));
#5000=DIRECTION('ref_axis',(0.874474632195206,0.,-0.485071250072667));
#5001=DIRECTION('',(0.832050294337844,0.554700196225229,0.));
#5002=DIRECTION('',(-4.9422547269173E-16,0.768706114785807,0.639602149066832));
#5003=DIRECTION('center_axis',(0.392232270276373,-0.58834840541455,0.707106781186546));
#5004=DIRECTION('ref_axis',(0.874474632195203,0.,-0.485071250072671));
#5005=DIRECTION('',(-1.18782915921777E-16,0.768706114785808,0.639602149066831));
#5006=DIRECTION('',(-0.832050294337844,-0.554700196225229,-2.90162920843419E-17));
#5007=DIRECTION('',(0.874474632195207,2.72720113728258E-16,-0.485071250072665));
#5008=DIRECTION('',(0.832050294337844,0.554700196225229,2.90162920843419E-17));
#5009=DIRECTION('center_axis',(-0.919866211007798,-0.25087260300213,0.301511344577767));
#5010=DIRECTION('ref_axis',(-1.75623848241597E-16,0.768706114785808,0.639602149066831));
#5011=DIRECTION('',(-4.9422547269173E-16,0.768706114785807,0.639602149066832));
#5012=DIRECTION('',(-0.392232270276373,0.58834840541455,-0.707106781186546));
#5013=DIRECTION('',(-0.392232270276373,0.58834840541455,-0.707106781186546));
#5014=DIRECTION('center_axis',(0.392232270276367,-0.588348405414551,-0.707106781186549));
#5015=DIRECTION('ref_axis',(-0.832050294337844,-0.554700196225229,1.71717776366588E-17));
#5016=DIRECTION('',(-0.392232270276373,0.58834840541455,-0.707106781186546));
#5017=DIRECTION('center_axis',(0.285390896492695,0.808607540062641,0.514495755427525));
#5018=DIRECTION('ref_axis',(0.874474632195207,2.48448566950415E-16,-0.485071250072665));
#5019=DIRECTION('',(-0.392232270276373,0.58834840541455,-0.707106781186546));
#5020=DIRECTION('center_axis',(-0.392232270276367,0.588348405414551,0.707106781186549));
#5021=DIRECTION('ref_axis',(0.832050294337844,0.554700196225229,-1.71717776366588E-17));
#5022=DIRECTION('',(-0.832050294337844,-0.554700196225229,0.));
#5023=DIRECTION('center_axis',(0.392232270276368,-0.588348405414553,0.707106781186547));
#5024=DIRECTION('ref_axis',(0.874474632195206,0.,-0.485071250072667));
#5025=DIRECTION('',(0.832050294337844,0.554700196225229,2.77555756156289E-17));
#5026=DIRECTION('',(-4.9422547269173E-16,0.768706114785807,0.639602149066832));
#5027=DIRECTION('center_axis',(0.392232270276373,-0.58834840541455,0.707106781186546));
#5028=DIRECTION('ref_axis',(0.874474632195203,0.,-0.485071250072671));
#5029=DIRECTION('',(-2.04126438702312E-16,0.768706114785808,0.639602149066831));
#5030=DIRECTION('',(-0.832050294337844,-0.554700196225229,3.25678008769923E-17));
#5031=DIRECTION('',(0.874474632195207,2.29487653658323E-16,-0.485071250072665));
#5032=DIRECTION('',(0.832050294337844,0.554700196225229,-3.25678008769923E-17));
#5033=DIRECTION('center_axis',(-0.919866211007798,-0.25087260300213,0.301511344577767));
#5034=DIRECTION('ref_axis',(-1.75623848241597E-16,0.768706114785808,0.639602149066831));
#5035=DIRECTION('',(-4.9422547269173E-16,0.768706114785807,0.639602149066832));
#5036=DIRECTION('',(-0.392232270276373,0.58834840541455,-0.707106781186546));
#5037=DIRECTION('',(-0.392232270276373,0.58834840541455,-0.707106781186546));
#5038=DIRECTION('center_axis',(0.392232270276367,-0.588348405414551,-0.707106781186549));
#5039=DIRECTION('ref_axis',(-0.832050294337844,-0.554700196225229,1.71717776366588E-17));
#5040=DIRECTION('',(-0.392232270276373,0.58834840541455,-0.707106781186546));
#5041=DIRECTION('center_axis',(0.285390896492695,0.808607540062641,0.514495755427525));
#5042=DIRECTION('ref_axis',(0.874474632195207,2.48448566950415E-16,-0.485071250072665));
#5043=DIRECTION('',(-0.392232270276373,0.58834840541455,-0.707106781186546));
#5044=DIRECTION('center_axis',(-0.392232270276367,0.588348405414551,0.707106781186549));
#5045=DIRECTION('ref_axis',(0.832050294337844,0.554700196225229,-1.71717776366588E-17));
#5046=DIRECTION('',(-0.832050294337844,-0.554700196225229,-2.77555756156289E-17));
#5047=DIRECTION('center_axis',(0.392232270276368,-0.588348405414553,0.707106781186547));
#5048=DIRECTION('ref_axis',(0.874474632195206,0.,-0.485071250072667));
#5049=DIRECTION('',(0.832050294337844,0.554700196225229,2.77555756156289E-17));
#5050=DIRECTION('',(-4.9422547269173E-16,0.768706114785807,0.639602149066832));
#5051=DIRECTION('center_axis',(0.392232270276373,-0.58834840541455,0.707106781186546));
#5052=DIRECTION('ref_axis',(0.874474632195203,0.,-0.485071250072671));
#5053=DIRECTION('',(-2.18295609631864E-16,0.768706114785808,0.639602149066831));
#5054=DIRECTION('',(-0.832050294337844,-0.554700196225229,1.71717776366588E-17));
#5055=DIRECTION('',(0.874474632195207,1.99905473394728E-16,-0.485071250072665));
#5056=DIRECTION('',(0.832050294337844,0.554700196225229,-1.71717776366588E-17));
#5057=DIRECTION('center_axis',(-0.919866211007798,-0.25087260300213,0.301511344577767));
#5058=DIRECTION('ref_axis',(-1.75623848241597E-16,0.768706114785808,0.639602149066831));
#5059=DIRECTION('',(-4.9422547269173E-16,0.768706114785807,0.639602149066832));
#5060=DIRECTION('',(-0.392232270276373,0.58834840541455,-0.707106781186546));
#5061=DIRECTION('',(-0.392232270276373,0.58834840541455,-0.707106781186546));
#5062=DIRECTION('center_axis',(0.392232270276367,-0.588348405414551,-0.707106781186549));
#5063=DIRECTION('ref_axis',(-0.832050294337844,-0.554700196225229,1.71717776366588E-17));
#5064=DIRECTION('',(-0.392232270276373,0.58834840541455,-0.707106781186546));
#5065=DIRECTION('center_axis',(0.285390896492695,0.808607540062641,0.514495755427525));
#5066=DIRECTION('ref_axis',(0.874474632195207,2.48448566950415E-16,-0.485071250072665));
#5067=DIRECTION('',(-0.392232270276373,0.58834840541455,-0.707106781186546));
#5068=DIRECTION('center_axis',(-0.392232270276367,0.588348405414551,0.707106781186549));
#5069=DIRECTION('ref_axis',(0.832050294337844,0.554700196225229,-1.71717776366588E-17));
#5070=DIRECTION('',(-0.832050294337844,-0.554700196225229,-2.77555756156289E-17));
#5071=DIRECTION('center_axis',(0.392232270276368,-0.588348405414553,0.707106781186547));
#5072=DIRECTION('ref_axis',(0.874474632195206,0.,-0.485071250072667));
#5073=DIRECTION('',(0.832050294337844,0.554700196225229,0.));
#5074=DIRECTION('',(-4.9422547269173E-16,0.768706114785807,0.639602149066832));
#5075=DIRECTION('center_axis',(0.392232270276373,-0.58834840541455,0.707106781186547));
#5076=DIRECTION('ref_axis',(0.874474632195204,0.,-0.485071250072671));
#5077=DIRECTION('',(-1.18782915921777E-16,0.768706114785808,0.639602149066831));
#5078=DIRECTION('',(-0.832050294337844,-0.554700196225229,3.25678008769923E-17));
#5079=DIRECTION('',(0.874474632195207,3.26573840769696E-16,-0.485071250072665));
#5080=DIRECTION('',(0.832050294337844,0.554700196225229,-3.25678008769923E-17));
#5081=DIRECTION('center_axis',(-0.919866211007798,-0.25087260300213,0.301511344577767));
#5082=DIRECTION('ref_axis',(-1.75623848241597E-16,0.768706114785808,0.639602149066831));
#5083=DIRECTION('',(-4.9422547269173E-16,0.768706114785807,0.639602149066832));
#5084=DIRECTION('',(-0.392232270276373,0.58834840541455,-0.707106781186547));
#5085=DIRECTION('',(-0.392232270276373,0.58834840541455,-0.707106781186547));
#5086=DIRECTION('center_axis',(0.392232270276368,-0.588348405414551,-0.707106781186548));
#5087=DIRECTION('ref_axis',(-0.832050294337844,-0.554700196225229,1.71717776366588E-17));
#5088=DIRECTION('',(-0.392232270276373,0.58834840541455,-0.707106781186547));
#5089=DIRECTION('center_axis',(0.285390896492695,0.808607540062641,0.514495755427525));
#5090=DIRECTION('ref_axis',(0.874474632195207,2.48448566950415E-16,-0.485071250072665));
#5091=DIRECTION('',(-0.392232270276373,0.58834840541455,-0.707106781186547));
#5092=DIRECTION('center_axis',(-0.392232270276368,0.588348405414551,0.707106781186548));
#5093=DIRECTION('ref_axis',(0.832050294337844,0.554700196225229,-1.71717776366588E-17));
#5094=DIRECTION('',(-0.832050294337844,-0.554700196225229,0.));
#5095=DIRECTION('center_axis',(0.392232270276368,-0.588348405414553,0.707106781186547));
#5096=DIRECTION('ref_axis',(0.874474632195206,0.,-0.485071250072667));
#5097=DIRECTION('',(0.832050294337844,0.554700196225229,0.));
#5098=DIRECTION('',(-4.9422547269173E-16,0.768706114785807,0.639602149066832));
#5099=DIRECTION('center_axis',(0.392232270276373,-0.58834840541455,0.707106781186547));
#5100=DIRECTION('ref_axis',(0.874474632195204,0.,-0.485071250072671));
#5101=DIRECTION('',(-8.32778642970902E-17,0.768706114785808,0.639602149066831));
#5102=DIRECTION('',(-0.832050294337844,-0.554700196225229,-4.44123153246754E-17));
#5103=DIRECTION('',(0.874474632195207,2.99646977248977E-16,-0.485071250072665));
#5104=DIRECTION('',(0.832050294337844,0.554700196225229,4.44123153246754E-17));
#5105=DIRECTION('center_axis',(-0.919866211007798,-0.25087260300213,0.301511344577767));
#5106=DIRECTION('ref_axis',(-1.75623848241597E-16,0.768706114785808,0.639602149066831));
#5107=DIRECTION('',(-4.9422547269173E-16,0.768706114785807,0.639602149066832));
#5108=DIRECTION('',(-0.392232270276373,0.58834840541455,-0.707106781186547));
#5109=DIRECTION('',(-0.392232270276373,0.58834840541455,-0.707106781186547));
#5110=DIRECTION('center_axis',(0.392232270276368,-0.588348405414551,-0.707106781186548));
#5111=DIRECTION('ref_axis',(-0.832050294337844,-0.554700196225229,1.71717776366588E-17));
#5112=DIRECTION('',(-0.392232270276373,0.58834840541455,-0.707106781186547));
#5113=DIRECTION('center_axis',(0.285390896492695,0.808607540062641,0.514495755427525));
#5114=DIRECTION('ref_axis',(0.874474632195207,2.48448566950415E-16,-0.485071250072665));
#5115=DIRECTION('',(-0.392232270276373,0.58834840541455,-0.707106781186547));
#5116=DIRECTION('center_axis',(-0.392232270276368,0.588348405414551,0.707106781186548));
#5117=DIRECTION('ref_axis',(0.832050294337844,0.554700196225229,-1.71717776366588E-17));
#5118=DIRECTION('',(-0.832050294337844,-0.554700196225229,0.));
#5119=DIRECTION('center_axis',(0.392232270276368,-0.588348405414553,0.707106781186547));
#5120=DIRECTION('ref_axis',(0.874474632195206,0.,-0.485071250072667));
#5121=DIRECTION('',(0.832050294337844,0.554700196225229,0.));
#5122=DIRECTION('',(-4.9422547269173E-16,0.768706114785807,0.639602149066832));
#5123=DIRECTION('center_axis',(0.392232270276368,-0.588348405414553,0.707106781186547));
#5124=DIRECTION('ref_axis',(0.874474632195206,0.,-0.485071250072667));
#5125=DIRECTION('',(-0.832050294337844,-0.554700196225229,0.));
#5126=DIRECTION('',(-4.9422547269173E-16,0.768706114785807,0.639602149066832));
#5127=DIRECTION('center_axis',(0.392232270276373,-0.58834840541455,0.707106781186547));
#5128=DIRECTION('ref_axis',(0.874474632195204,0.,-0.485071250072671));
#5129=DIRECTION('',(-8.32778642970902E-17,0.768706114785808,0.639602149066831));
#5130=DIRECTION('',(-0.832050294337844,-0.554700196225229,-4.44123153246754E-17));
#5131=DIRECTION('',(0.874474632195207,2.99646977248977E-16,-0.485071250072665));
#5132=DIRECTION('',(0.832050294337844,0.554700196225229,4.44123153246754E-17));
#5133=DIRECTION('center_axis',(-0.919866211007798,-0.25087260300213,0.301511344577767));
#5134=DIRECTION('ref_axis',(-1.75623848241597E-16,0.768706114785808,0.639602149066831));
#5135=DIRECTION('',(-4.9422547269173E-16,0.768706114785807,0.639602149066832));
#5136=DIRECTION('',(-0.392232270276373,0.58834840541455,-0.707106781186547));
#5137=DIRECTION('',(-0.392232270276373,0.58834840541455,-0.707106781186547));
#5138=DIRECTION('center_axis',(0.392232270276368,-0.588348405414551,-0.707106781186548));
#5139=DIRECTION('ref_axis',(-0.832050294337844,-0.554700196225229,1.71717776366588E-17));
#5140=DIRECTION('',(-0.392232270276373,0.58834840541455,-0.707106781186547));
#5141=DIRECTION('center_axis',(0.285390896492695,0.808607540062641,0.514495755427525));
#5142=DIRECTION('ref_axis',(0.874474632195207,2.48448566950415E-16,-0.485071250072665));
#5143=DIRECTION('',(-0.392232270276373,0.58834840541455,-0.707106781186547));
#5144=DIRECTION('center_axis',(-0.392232270276368,0.588348405414551,0.707106781186548));
#5145=DIRECTION('ref_axis',(0.832050294337844,0.554700196225229,-1.71717776366588E-17));
#5146=DIRECTION('center_axis',(0.,0.,1.));
#5147=DIRECTION('ref_axis',(-1.,0.,0.));
#5148=DIRECTION('center_axis',(0.,0.,1.));
#5149=DIRECTION('ref_axis',(-1.,0.,0.));
#5150=DIRECTION('',(0.422618261740695,-0.906307787036652,0.));
#5151=DIRECTION('center_axis',(0.,0.,1.));
#5152=DIRECTION('ref_axis',(-1.,0.,0.));
#5153=DIRECTION('',(-0.422618261740695,0.906307787036652,0.));
#5154=DIRECTION('center_axis',(0.,0.,1.));
#5155=DIRECTION('ref_axis',(-1.,0.,0.));
#5156=DIRECTION('',(0.422618261740692,-0.906307787036653,0.));
#5157=DIRECTION('',(-0.422618261740692,0.906307787036653,0.));
#5158=DIRECTION('center_axis',(0.,0.,1.));
#5159=DIRECTION('ref_axis',(-1.,0.,0.));
#5160=DIRECTION('center_axis',(0.,0.,1.));
#5161=DIRECTION('ref_axis',(-1.,0.,0.));
#5162=DIRECTION('center_axis',(0.,0.,1.));
#5163=DIRECTION('ref_axis',(-1.,0.,0.));
#5164=DIRECTION('',(0.422618261740692,-0.906307787036653,0.));
#5165=DIRECTION('center_axis',(0.,0.,1.));
#5166=DIRECTION('ref_axis',(-1.,0.,0.));
#5167=DIRECTION('',(-0.422618261740692,0.906307787036653,0.));
#5168=DIRECTION('center_axis',(0.,0.,1.));
#5169=DIRECTION('ref_axis',(-1.,0.,0.));
#5170=DIRECTION('center_axis',(0.,0.,1.));
#5171=DIRECTION('ref_axis',(-1.,0.,0.));
#5172=DIRECTION('',(0.422618261740692,-0.906307787036653,0.));
#5173=DIRECTION('center_axis',(0.,0.,1.));
#5174=DIRECTION('ref_axis',(-1.,0.,0.));
#5175=DIRECTION('',(-0.422618261740692,0.906307787036653,0.));
#5176=DIRECTION('center_axis',(0.,0.,-1.));
#5177=DIRECTION('ref_axis',(-1.,0.,0.));
#5178=DIRECTION('',(0.,0.,1.));
#5179=DIRECTION('',(0.,0.,1.));
#5180=DIRECTION('center_axis',(0.,0.,-1.));
#5181=DIRECTION('ref_axis',(-1.,0.,0.));
#5182=DIRECTION('',(0.,0.,1.));
#5183=DIRECTION('',(0.,0.,1.));
#5184=DIRECTION('center_axis',(0.,0.,-1.));
#5185=DIRECTION('ref_axis',(-1.,0.,0.));
#5186=DIRECTION('',(0.,0.,-1.));
#5187=DIRECTION('',(0.,0.,1.));
#5188=DIRECTION('',(0.,0.,-1.));
#5189=DIRECTION('center_axis',(0.,0.,1.));
#5190=DIRECTION('ref_axis',(-1.,0.,0.));
#5191=DIRECTION('center_axis',(0.,0.,1.));
#5192=DIRECTION('ref_axis',(-1.,0.,0.));
#5193=DIRECTION('center_axis',(0.,0.,-1.));
#5194=DIRECTION('ref_axis',(-1.,0.,0.));
#5195=DIRECTION('',(0.,0.,-1.));
#5196=DIRECTION('',(0.,0.,1.));
#5197=DIRECTION('',(0.,0.,-1.));
#5198=DIRECTION('center_axis',(0.,0.,1.));
#5199=DIRECTION('ref_axis',(-1.,0.,0.));
#5200=DIRECTION('center_axis',(0.,0.,-1.));
#5201=DIRECTION('ref_axis',(-1.,0.,0.));
#5202=DIRECTION('',(0.,0.,1.));
#5203=DIRECTION('',(0.,0.,1.));
#5204=DIRECTION('center_axis',(0.,0.,-1.));
#5205=DIRECTION('ref_axis',(-1.,0.,0.));
#5206=DIRECTION('',(0.,0.,1.));
#5207=DIRECTION('',(0.,0.,1.));
#5208=DIRECTION('center_axis',(0.,0.,-1.));
#5209=DIRECTION('ref_axis',(-1.,0.,0.));
#5210=DIRECTION('',(0.,0.,-1.));
#5211=DIRECTION('',(0.,0.,1.));
#5212=DIRECTION('',(0.,0.,-1.));
#5213=DIRECTION('center_axis',(0.,0.,1.));
#5214=DIRECTION('ref_axis',(-1.,0.,0.));
#5215=DIRECTION('center_axis',(-0.906307787036653,-0.422618261740692,0.));
#5216=DIRECTION('ref_axis',(-0.422618261740692,0.906307787036653,0.));
#5217=DIRECTION('center_axis',(0.906307787036653,0.422618261740692,0.));
#5218=DIRECTION('ref_axis',(0.422618261740692,-0.906307787036653,0.));
#5219=DIRECTION('center_axis',(-0.906307787036653,-0.422618261740692,0.));
#5220=DIRECTION('ref_axis',(-0.422618261740692,0.906307787036653,0.));
#5221=DIRECTION('center_axis',(0.906307787036653,0.422618261740692,0.));
#5222=DIRECTION('ref_axis',(0.422618261740692,-0.906307787036653,0.));
#5223=DIRECTION('center_axis',(0.906307787036653,0.422618261740692,0.));
#5224=DIRECTION('ref_axis',(0.422618261740692,-0.906307787036653,0.));
#5225=DIRECTION('center_axis',(-0.906307787036653,-0.422618261740692,0.));
#5226=DIRECTION('ref_axis',(-0.422618261740692,0.906307787036653,0.));
#5227=DIRECTION('center_axis',(-0.906307787036652,-0.422618261740695,0.));
#5228=DIRECTION('ref_axis',(-0.422618261740695,0.906307787036652,0.));
#5229=DIRECTION('center_axis',(0.906307787036652,0.422618261740695,0.));
#5230=DIRECTION('ref_axis',(0.422618261740695,-0.906307787036652,0.));
#5231=DIRECTION('center_axis',(0.,0.,-1.));
#5232=DIRECTION('ref_axis',(1.,0.,0.));
#5233=DIRECTION('',(0.,-1.,0.));
#5234=DIRECTION('center_axis',(-1.,0.,0.));
#5235=DIRECTION('ref_axis',(0.,-1.,0.));
#5236=DIRECTION('',(0.,1.,0.));
#5237=DIRECTION('',(0.,1.,0.));
#5238=DIRECTION('center_axis',(0.,1.,0.));
#5239=DIRECTION('ref_axis',(0.707106781186546,0.,-0.707106781186549));
#5240=DIRECTION('center_axis',(0.,0.,-1.));
#5241=DIRECTION('ref_axis',(1.,0.,0.));
#5242=DIRECTION('',(0.,-1.,0.));
#5243=DIRECTION('center_axis',(-1.,0.,0.));
#5244=DIRECTION('ref_axis',(0.,-1.,0.));
#5245=DIRECTION('',(0.,1.,0.));
#5246=DIRECTION('',(0.,1.,0.));
#5247=DIRECTION('center_axis',(0.,1.,0.));
#5248=DIRECTION('ref_axis',(0.707106781186546,0.,-0.707106781186549));
#5249=DIRECTION('center_axis',(0.,0.,1.));
#5250=DIRECTION('ref_axis',(-0.289784148688431,0.957092026489053,0.));
#5251=DIRECTION('',(0.,0.,1.));
#5252=DIRECTION('center_axis',(-0.554700196225229,0.832050294337844,0.));
#5253=DIRECTION('ref_axis',(0.832050294337844,0.554700196225229,0.));
#5254=DIRECTION('center_axis',(1.,6.42931626515605E-16,0.));
#5255=DIRECTION('ref_axis',(6.42931626515605E-16,-1.,0.));
#5256=DIRECTION('center_axis',(5.2155401236833E-15,-1.,0.));
#5257=DIRECTION('ref_axis',(1.,5.2155401236833E-15,0.));
#5258=DIRECTION('center_axis',(2.67117108087397E-17,0.,-1.));
#5259=DIRECTION('ref_axis',(-1.,0.,-2.67117108087397E-17));
#5260=DIRECTION('center_axis',(2.67117108087397E-17,0.,-1.));
#5261=DIRECTION('ref_axis',(-1.,0.,0.));
#5262=DIRECTION('center_axis',(2.67117108087397E-17,0.,-1.));
#5263=DIRECTION('ref_axis',(-1.,0.,0.));
#5264=DIRECTION('center_axis',(-2.67117108087397E-17,0.,1.));
#5265=DIRECTION('ref_axis',(-1.,0.,-2.67117108087397E-17));
#5266=DIRECTION('center_axis',(2.67117108087397E-17,0.,-1.));
#5267=DIRECTION('ref_axis',(-1.,0.,-2.67117108087397E-17));
#5268=DIRECTION('center_axis',(2.67117108087397E-17,0.,-1.));
#5269=DIRECTION('ref_axis',(-1.,0.,0.));
#5270=DIRECTION('center_axis',(2.67117108087397E-17,0.,-1.));
#5271=DIRECTION('ref_axis',(-1.,0.,0.));
#5272=DIRECTION('center_axis',(-2.67117108087397E-17,0.,1.));
#5273=DIRECTION('ref_axis',(-1.,0.,-2.67117108087397E-17));
#5274=DIRECTION('center_axis',(0.,0.,1.));
#5275=DIRECTION('ref_axis',(1.83697019872103E-16,1.,0.));
#5276=DIRECTION('center_axis',(2.67117108087397E-17,0.,-1.));
#5277=DIRECTION('ref_axis',(-1.,0.,0.));
#5278=DIRECTION('center_axis',(0.,0.,1.));
#5279=DIRECTION('ref_axis',(-1.,0.,0.));
#5280=DIRECTION('center_axis',(2.67117108087397E-17,0.,-1.));
#5281=DIRECTION('ref_axis',(-1.,0.,0.));
#5282=DIRECTION('',(0.,0.,1.));
#5283=DIRECTION('center_axis',(-2.67117108087397E-17,0.,1.));
#5284=DIRECTION('ref_axis',(-1.,0.,-2.67117108087397E-17));
#5285=DIRECTION('center_axis',(2.67117108087397E-17,0.,-1.));
#5286=DIRECTION('ref_axis',(-1.,0.,-2.67117108087397E-17));
#5287=DIRECTION('center_axis',(0.,0.,1.));
#5288=DIRECTION('ref_axis',(-1.,0.,0.));
#5289=DIRECTION('center_axis',(2.67117108087397E-17,0.,-1.));
#5290=DIRECTION('ref_axis',(-1.,0.,0.));
#5291=DIRECTION('',(0.,0.,1.));
#5292=DIRECTION('center_axis',(-2.67117108087397E-17,0.,1.));
#5293=DIRECTION('ref_axis',(-1.,0.,-2.67117108087397E-17));
#5294=DIRECTION('center_axis',(2.67117108087397E-17,0.,-1.));
#5295=DIRECTION('ref_axis',(-1.,0.,-2.67117108087397E-17));
#5296=DIRECTION('center_axis',(0.,0.,1.));
#5297=DIRECTION('ref_axis',(-6.12323399573677E-17,-1.,0.));
#5298=DIRECTION('center_axis',(2.67117108087397E-17,0.,-1.));
#5299=DIRECTION('ref_axis',(-1.,0.,0.));
#5300=DIRECTION('center_axis',(2.67117108087397E-17,0.,-1.));
#5301=DIRECTION('ref_axis',(-1.,0.,-2.67117108087397E-17));
#5302=DIRECTION('center_axis',(2.67117108087397E-17,0.,-1.));
#5303=DIRECTION('ref_axis',(-1.,0.,-2.67117108087397E-17));
#5304=DIRECTION('center_axis',(2.67117108087397E-17,0.,-1.));
#5305=DIRECTION('ref_axis',(-1.,0.,0.));
#5306=DIRECTION('center_axis',(0.,0.,1.));
#5307=DIRECTION('ref_axis',(-1.,0.,0.));
#5308=DIRECTION('center_axis',(0.,0.,1.));
#5309=DIRECTION('ref_axis',(1.31145094783847E-15,-1.,0.));
#5310=DIRECTION('',(0.,1.,0.));
#5311=DIRECTION('',(-1.,-1.31145094783847E-15,0.));
#5312=DIRECTION('',(0.,1.,0.));
#5313=DIRECTION('',(-1.,-1.31145094783847E-15,0.));
#5314=DIRECTION('center_axis',(-1.31145094783847E-15,1.,0.));
#5315=DIRECTION('ref_axis',(0.,0.,1.));
#5316=DIRECTION('',(0.,0.,1.));
#5317=DIRECTION('center_axis',(0.,0.,1.));
#5318=DIRECTION('ref_axis',(-1.,0.,0.));
#5319=DIRECTION('',(0.,-1.,0.));
#5320=DIRECTION('',(-1.,-1.31145094783847E-15,0.));
#5321=DIRECTION('',(0.,-1.,0.));
#5322=DIRECTION('center_axis',(1.31145094783847E-15,-1.,0.));
#5323=DIRECTION('ref_axis',(0.,0.,-1.));
#5324=DIRECTION('',(0.,0.,-1.));
#5325=DIRECTION('center_axis',(-1.,0.,0.));
#5326=DIRECTION('ref_axis',(0.,0.,1.));
#5327=DIRECTION('center_axis',(-1.,0.,0.));
#5328=DIRECTION('ref_axis',(0.,0.,1.));
#5329=CARTESIAN_POINT('',(0.,0.,0.));
#5330=CARTESIAN_POINT('Origin',(52.0841337180694,-4.22825607854905,-30.89));
#5331=CARTESIAN_POINT('',(55.7341337180694,-7.72825607854905,-30.89));
#5332=CARTESIAN_POINT('',(55.7341337180694,7.77174392145095,-30.89));
#5333=CARTESIAN_POINT('',(55.7341337180694,-4.22825607854905,-30.89));
#5334=CARTESIAN_POINT('',(65.7341337180694,-7.72825607854905,-30.89));
#5335=CARTESIAN_POINT('',(95.3797318200247,-7.72825607854905,-30.89));
#5336=CARTESIAN_POINT('',(65.7341337180694,7.77174392145095,-30.89));
#5337=CARTESIAN_POINT('',(65.7341337180694,-4.22825607854905,-30.89));
#5338=CARTESIAN_POINT('',(52.0841337180694,7.77174392145095,-30.89));
#5339=CARTESIAN_POINT('Origin',(65.7341337180694,-4.22825607854905,-27.24));
#5340=CARTESIAN_POINT('',(65.7341337180694,7.77174392145095,-23.59));
#5341=CARTESIAN_POINT('Origin',(65.7341337180694,7.77174392145095,-27.24));
#5342=CARTESIAN_POINT('',(65.7341337180694,-7.72825607854905,-23.59));
#5343=CARTESIAN_POINT('Origin',(65.7341337180694,-7.72825607854905,-27.24));
#5344=CARTESIAN_POINT('',(65.7341337180694,-4.22825607854905,-23.59));
#5345=CARTESIAN_POINT('Origin',(55.7341337180694,-4.22825607854905,-27.24));
#5346=CARTESIAN_POINT('',(55.7341337180694,7.77174392145095,-23.59));
#5347=CARTESIAN_POINT('Origin',(55.7341337180694,7.77174392145095,-27.24));
#5348=CARTESIAN_POINT('',(55.7341337180694,-7.72825607854905,-23.59));
#5349=CARTESIAN_POINT('',(55.7341337180694,-4.22825607854905,-23.59));
#5350=CARTESIAN_POINT('Origin',(55.7341337180694,-7.72825607854905,-27.24));
#5351=CARTESIAN_POINT('Origin',(69.3841337180694,-4.22825607854905,-23.59));
#5352=CARTESIAN_POINT('',(104.029731820025,-7.72825607854905,-23.59));
#5353=CARTESIAN_POINT('',(69.3841337180694,7.77174392145095,-23.59));
#5354=CARTESIAN_POINT('Origin',(71.3841337180694,-4.22825607854905,-21.59));
#5355=CARTESIAN_POINT('',(71.3841337180694,-4.22825607854905,-32.89));
#5356=CARTESIAN_POINT('',(71.3841337180694,-4.22825607854905,-21.59));
#5357=CARTESIAN_POINT('',(71.3841337180694,-4.22825607854905,-7.24));
#5358=CARTESIAN_POINT('',(71.3841337180694,7.77174392145095,-32.89));
#5359=CARTESIAN_POINT('',(71.3841337180694,-4.22825607854905,-32.89));
#5360=CARTESIAN_POINT('',(71.3841337180694,7.77174392145095,-21.59));
#5361=CARTESIAN_POINT('',(71.3841337180694,7.77174392145095,-32.89));
#5362=CARTESIAN_POINT('',(71.3841337180694,-4.22825607854905,-21.59));
#5363=CARTESIAN_POINT('Origin',(50.0841337180694,-4.22825607854905,-21.59));
#5364=CARTESIAN_POINT('',(50.0841337180694,-4.22825607854905,-21.59));
#5365=CARTESIAN_POINT('',(94.3797318200247,-4.22825607854905,-21.59));
#5366=CARTESIAN_POINT('',(50.0841337180694,7.77174392145095,-21.59));
#5367=CARTESIAN_POINT('',(71.3841337180694,7.77174392145095,-21.59));
#5368=CARTESIAN_POINT('',(50.0841337180694,-4.22825607854905,-21.59));
#5369=CARTESIAN_POINT('Origin',(50.0841337180694,-4.22825607854905,-32.89));
#5370=CARTESIAN_POINT('',(50.0841337180694,-4.22825607854905,-32.89));
#5371=CARTESIAN_POINT('',(50.0841337180694,-4.22825607854905,-12.89));
#5372=CARTESIAN_POINT('',(50.0841337180694,7.77174392145095,-32.89));
#5373=CARTESIAN_POINT('',(50.0841337180694,7.77174392145095,-21.59));
#5374=CARTESIAN_POINT('',(50.0841337180694,-4.22825607854905,-32.89));
#5375=CARTESIAN_POINT('Origin',(71.3841337180694,-4.22825607854905,-32.89));
#5376=CARTESIAN_POINT('',(105.029731820025,-4.22825607854905,-32.89));
#5377=CARTESIAN_POINT('',(50.0841337180694,7.77174392145095,-32.89));
#5378=CARTESIAN_POINT('Origin',(60.7341337180694,7.77174392145095,-27.24));
#5379=CARTESIAN_POINT('Origin',(138.67532992198,-4.22825607854905,7.11));
#5380=CARTESIAN_POINT('',(95.3212279275854,-4.22825603134848,-32.2347468862505));
#5381=CARTESIAN_POINT('',(76.9520901407565,-4.22825607854906,-36.89));
#5382=CARTESIAN_POINT('Ctrl Pts',(95.3212279275854,-4.22825603134849,-32.2347468862505));
#5383=CARTESIAN_POINT('Ctrl Pts',(94.9069124881902,-4.22825603134849,-32.385704817877));
#5384=CARTESIAN_POINT('Ctrl Pts',(94.4855491761121,-4.22825603134849,-32.534788696039));
#5385=CARTESIAN_POINT('Ctrl Pts',(94.0569471157405,-4.22825603134849,-32.681975459825));
#5386=CARTESIAN_POINT('Ctrl Pts',(93.6151053486829,-4.22825603134849,-32.8337088876631));
#5387=CARTESIAN_POINT('Ctrl Pts',(93.1655708950864,-4.22825603134849,-32.9834262400266));
#5388=CARTESIAN_POINT('Ctrl Pts',(92.7081900512721,-4.22825603134849,-33.1311117176995));
#5389=CARTESIAN_POINT('Ctrl Pts',(92.2339719505552,-4.22825603134849,-33.2842338426698));
#5390=CARTESIAN_POINT('Ctrl Pts',(91.7513193594868,-4.22825603134849,-33.435171810455));
#5391=CARTESIAN_POINT('Ctrl Pts',(91.2601165692017,-4.22825603134849,-33.5839171017707));
#5392=CARTESIAN_POINT('Ctrl Pts',(90.7276373303947,-4.22825603134849,-33.7451616652431));
#5393=CARTESIAN_POINT('Ctrl Pts',(90.1851105862114,-4.22825603134848,-33.9038295957849));
#5394=CARTESIAN_POINT('Ctrl Pts',(89.6324518266844,-4.22825603134848,-34.0599198106456));
#5395=CARTESIAN_POINT('Ctrl Pts',(89.0388532189551,-4.22825603134848,-34.2275728743566));
#5396=CARTESIAN_POINT('Ctrl Pts',(88.4335663791091,-4.22825603134851,-34.3922522921776));
#5397=CARTESIAN_POINT('Ctrl Pts',(87.8165519723667,-4.22825603134851,-34.5539663381052));
#5398=CARTESIAN_POINT('Ctrl Pts',(87.1359957289928,-4.22825603134851,-34.7323341402095));
#5399=CARTESIAN_POINT('Ctrl Pts',(86.4411729207685,-4.22825603134848,-34.9070945702341));
#5400=CARTESIAN_POINT('Ctrl Pts',(85.7320968941427,-4.22825603134848,-35.0782673801076));
#5401=CARTESIAN_POINT('Ctrl Pts',(84.8599180741619,-4.22825603134848,-35.2888136314577));
#5402=CARTESIAN_POINT('Ctrl Pts',(83.9661760369854,-4.22825603134849,-35.4939324900204));
#5403=CARTESIAN_POINT('Ctrl Pts',(83.0509769798823,-4.22825603134849,-35.6936676869365));
#5404=CARTESIAN_POINT('Ctrl Pts',(82.0823669523812,-4.22825603134849,-35.9050594197801));
#5405=CARTESIAN_POINT('Ctrl Pts',(81.089728303842,-4.22825603134849,-36.110422004393));
#5406=CARTESIAN_POINT('Ctrl Pts',(80.0732076472755,-4.22825603134849,-36.3097996563005));
#5407=CARTESIAN_POINT('Ctrl Pts',(79.2630038539239,-4.22825603134849,-36.4687108686221));
#5408=CARTESIAN_POINT('Ctrl Pts',(78.4376302723534,-4.22825603134849,-36.6238201139265));
#5409=CARTESIAN_POINT('Ctrl Pts',(77.5971294148815,-4.22825603134849,-36.7751386580205));
#5410=CARTESIAN_POINT('Ctrl Pts',(77.383097461605,-4.22825603134849,-36.8136716390061));
#5411=CARTESIAN_POINT('Ctrl Pts',(77.168084325995,-4.22825603134849,-36.8519587415051));
#5412=CARTESIAN_POINT('Ctrl Pts',(76.9520901407565,-4.22825603134849,-36.89));
#5413=CARTESIAN_POINT('',(-5.82467007801982,-4.22825607854906,-36.89));
#5414=CARTESIAN_POINT('',(66.4253299219802,-4.22825607854906,-36.89));
#5415=CARTESIAN_POINT('',(-5.82467007801982,-4.22825607854906,3.61));
#5416=CARTESIAN_POINT('',(-5.82467007801982,-4.22825607854906,-3.89247922160541));
#5417=CARTESIAN_POINT('',(89.6784528524708,-4.22825607854905,3.61));
#5418=CARTESIAN_POINT('',(66.4253299219802,-4.22825607854906,3.61));
#5419=CARTESIAN_POINT('',(105.002045773193,-4.22825607854905,-4.89));
#5420=CARTESIAN_POINT('',(104.728190674552,-4.22825607854905,-4.73809252304648));
#5421=CARTESIAN_POINT('',(103.495600404455,-4.22825607854905,-4.89));
#5422=CARTESIAN_POINT('',(122.964640479963,-4.22825607854905,-4.89));
#5423=CARTESIAN_POINT('',(103.495600404455,-4.22825607854905,-28.6000906320267));
#5424=CARTESIAN_POINT('',(103.495600404455,-4.22825607854905,-17.89));
#5425=CARTESIAN_POINT('',(102.02943188823,-4.22825607854905,-29.3539581734588));
#5426=CARTESIAN_POINT('Ctrl Pts',(103.495600404455,-4.22825607854906,-28.6000906320266));
#5427=CARTESIAN_POINT('Ctrl Pts',(103.023010567413,-4.22825607854906,-28.8498343556091));
#5428=CARTESIAN_POINT('Ctrl Pts',(102.535400081685,-4.22825607854906,-29.1013167437169));
#5429=CARTESIAN_POINT('Ctrl Pts',(102.02943188823,-4.22825607854906,-29.3539581734588));
#5430=CARTESIAN_POINT('',(102.02943188823,-4.22825607854905,-28.89));
#5431=CARTESIAN_POINT('',(102.02943188823,-4.22825607854905,-38.89));
#5432=CARTESIAN_POINT('',(102.02943188823,-4.22825607854905,-18.89));
#5433=CARTESIAN_POINT('',(102.02943188823,-4.22825607854905,-38.89));
#5434=CARTESIAN_POINT('',(100.464882938797,-4.22825607854905,-18.89));
#5435=CARTESIAN_POINT('',(118.67532992198,-4.22825607854905,-18.89));
#5436=CARTESIAN_POINT('',(96.8857769051627,-4.22825607854905,-18.89));
#5437=CARTESIAN_POINT('',(118.67532992198,-4.22825607854905,-18.89));
#5438=CARTESIAN_POINT('',(95.3212279557304,-4.22825607854905,-18.89));
#5439=CARTESIAN_POINT('',(118.67532992198,-4.22825607854905,-18.89));
#5440=CARTESIAN_POINT('',(95.3212279557304,-4.22825607854905,-28.89));
#5441=CARTESIAN_POINT('',(95.3212279557304,-4.22825607854905,-38.89));
#5442=CARTESIAN_POINT('',(95.3212279557304,-4.22825607854905,-38.89));
#5443=CARTESIAN_POINT('',(7.22532992198017,-4.22825607854906,-16.64));
#5444=CARTESIAN_POINT('Origin',(5.17532992198018,-4.22825607854906,-16.64));
#5445=CARTESIAN_POINT('Origin',(5.17532992198018,-7.72825607854905,-16.64));
#5446=CARTESIAN_POINT('',(2.17532992198018,-7.72825607854905,-16.64));
#5447=CARTESIAN_POINT('Origin',(5.17532992198018,-7.72825607854905,-16.64));
#5448=CARTESIAN_POINT('',(2.17532992198018,-6.22825607854905,-16.64));
#5449=CARTESIAN_POINT('',(2.17532992198018,-7.72825607854905,-16.64));
#5450=CARTESIAN_POINT('Origin',(5.17532992198018,-6.22825607854905,-16.64));
#5451=CARTESIAN_POINT('Origin',(5.17532992198018,-6.22825607854905,-16.64));
#5452=CARTESIAN_POINT('',(7.22532992198017,-6.22825607854905,-16.64));
#5453=CARTESIAN_POINT('Origin',(5.17532992198018,-6.22825607854905,-16.64));
#5454=CARTESIAN_POINT('Origin',(5.17532992198018,121.271743921451,-16.64));
#5455=CARTESIAN_POINT('',(8.17532992198018,121.271743921451,-16.64));
#5456=CARTESIAN_POINT('Origin',(5.17532992198018,121.271743921451,-16.64));
#5457=CARTESIAN_POINT('',(8.17532992198018,119.771743921451,-16.64));
#5458=CARTESIAN_POINT('',(8.17532992198018,121.271743921451,-16.64));
#5459=CARTESIAN_POINT('Origin',(5.17532992198018,119.771743921451,-16.64));
#5460=CARTESIAN_POINT('Origin',(5.17532992198018,119.771743921451,-16.64));
#5461=CARTESIAN_POINT('',(7.22532992198017,119.771743921451,-16.64));
#5462=CARTESIAN_POINT('Origin',(5.17532992198018,119.771743921451,-16.64));
#5463=CARTESIAN_POINT('Ctrl Pts',(113.67532992198,121.271743921451,-22.9687348053144));
#5464=CARTESIAN_POINT('Ctrl Pts',(113.67532992198,-7.72825607854918,-22.9687348053144));
#5465=CARTESIAN_POINT('Ctrl Pts',(113.310971347848,121.271743921451,-23.1513709653044));
#5466=CARTESIAN_POINT('Ctrl Pts',(113.310971347848,-7.72825607854918,-23.1513709653044));
#5467=CARTESIAN_POINT('Ctrl Pts',(112.292469726567,121.271743921451,-23.6722968229048));
#5468=CARTESIAN_POINT('Ctrl Pts',(112.292469726567,-7.72825607854918,-23.6722968229048));
#5469=CARTESIAN_POINT('Ctrl Pts',(110.673585267724,121.271743921451,-24.5444863125544));
#5470=CARTESIAN_POINT('Ctrl Pts',(110.673585267724,-7.72825607854918,-24.5444863125544));
#5471=CARTESIAN_POINT('Ctrl Pts',(108.521628672148,121.271743921451,-25.7755485057421));
#5472=CARTESIAN_POINT('Ctrl Pts',(108.521628672148,-7.72825607854918,-25.7755485057421));
#5473=CARTESIAN_POINT('Ctrl Pts',(105.834697126569,121.271743921451,-27.3441762588083));
#5474=CARTESIAN_POINT('Ctrl Pts',(105.834697126569,-7.72825607854918,-27.3441762588083));
#5475=CARTESIAN_POINT('Ctrl Pts',(102.797917132878,121.271743921451,-29.015431784296));
#5476=CARTESIAN_POINT('Ctrl Pts',(102.797917132878,-7.72825607854918,-29.015431784296));
#5477=CARTESIAN_POINT('Ctrl Pts',(99.5224873648225,121.271743921451,-30.6032490736015));
#5478=CARTESIAN_POINT('Ctrl Pts',(99.5224873648225,-7.72825607854918,-30.6032490736015));
#5479=CARTESIAN_POINT('Ctrl Pts',(95.8936010477677,121.271743921451,-32.0894776878775));
#5480=CARTESIAN_POINT('Ctrl Pts',(95.8936010477677,-7.72825607854918,-32.0894776878775));
#5481=CARTESIAN_POINT('Ctrl Pts',(91.850353460559,121.271743921451,-33.4652995947771));
#5482=CARTESIAN_POINT('Ctrl Pts',(91.850353460559,-7.72825607854918,-33.4652995947771));
#5483=CARTESIAN_POINT('Ctrl Pts',(87.3654810422682,121.271743921451,-34.7278900323595));
#5484=CARTESIAN_POINT('Ctrl Pts',(87.3654810422682,-7.72825607854918,-34.7278900323595));
#5485=CARTESIAN_POINT('Ctrl Pts',(83.4204115312512,121.271743921451,-35.6479344061733));
#5486=CARTESIAN_POINT('Ctrl Pts',(83.4204115312512,-7.72825607854918,-35.6479344061733));
#5487=CARTESIAN_POINT('Ctrl Pts',(80.2629433663955,121.271743921451,-36.2881860638728));
#5488=CARTESIAN_POINT('Ctrl Pts',(80.2629433663955,-7.72825607854918,-36.2881860638728));
#5489=CARTESIAN_POINT('Ctrl Pts',(78.0703163290579,121.271743921451,-36.6930561265433));
#5490=CARTESIAN_POINT('Ctrl Pts',(78.0703163290579,-7.72825607854918,-36.6930561265433));
#5491=CARTESIAN_POINT('Ctrl Pts',(76.9520901407565,121.271743921451,-36.89));
#5492=CARTESIAN_POINT('Ctrl Pts',(76.9520901407565,-7.72825607854918,-36.89));
#5493=CARTESIAN_POINT('Ctrl Pts',(75.7020901407565,121.271743921451,-37.1101520983826));
#5494=CARTESIAN_POINT('Ctrl Pts',(75.7020901407565,-7.72825607854918,-37.1101520983826));
#5495=CARTESIAN_POINT('Ctrl Pts',(74.4520901407565,121.271743921451,-37.3303041967652));
#5496=CARTESIAN_POINT('Ctrl Pts',(74.4520901407565,-7.72825607854918,-37.3303041967652));
#5497=CARTESIAN_POINT('Ctrl Pts',(73.2020901407565,121.271743921451,-37.5504562951478));
#5498=CARTESIAN_POINT('Ctrl Pts',(73.2020901407565,-7.72825607854918,-37.5504562951478));
#5499=CARTESIAN_POINT('Ctrl Pts',(71.9520901407565,121.271743921451,-37.7706083935305));
#5500=CARTESIAN_POINT('Ctrl Pts',(71.9520901407565,-7.72825607854918,-37.7706083935305));
#5501=CARTESIAN_POINT('Ctrl Pts',(70.7020901407565,121.271743921451,-37.9907604919131));
#5502=CARTESIAN_POINT('Ctrl Pts',(70.7020901407565,-7.72825607854918,-37.9907604919131));
#5503=CARTESIAN_POINT('',(100.53015297696,-6.19635840743115,-30.078743125336));
#5504=CARTESIAN_POINT('Ctrl Pts',(100.530152976959,-6.19635840743115,-30.0787431253365));
#5505=CARTESIAN_POINT('Ctrl Pts',(100.389948987144,-6.2839887789625,-30.1442703336158));
#5506=CARTESIAN_POINT('Ctrl Pts',(100.244293216228,-6.36121133055162,-30.2117086597619));
#5507=CARTESIAN_POINT('Ctrl Pts',(100.09435161031,-6.42771046405463,-30.2803844125746));
#5508=CARTESIAN_POINT('Ctrl Pts',(99.9539529767949,-6.48997728730584,-30.3446893250865));
#5509=CARTESIAN_POINT('Ctrl Pts',(99.8097964111787,-6.54284223097555,-30.4100791447717));
#5510=CARTESIAN_POINT('Ctrl Pts',(99.6628833604172,-6.58604620150935,-30.4760148872658));
#5511=CARTESIAN_POINT('Ctrl Pts',(99.6099216758641,-6.6016210945974,-30.4997845113845));
#5512=CARTESIAN_POINT('Ctrl Pts',(99.5566022202137,-6.61594046749707,-30.5236252229797));
#5513=CARTESIAN_POINT('Ctrl Pts',(99.5029735384456,-6.62899218182505,-30.5475122643263));
#5514=CARTESIAN_POINT('Ctrl Pts',(99.3564514574766,-6.6646515394766,-30.612775457284));
#5515=CARTESIAN_POINT('Ctrl Pts',(99.2079671031687,-6.69076742977921,-30.6782278434895));
#5516=CARTESIAN_POINT('Ctrl Pts',(99.0584047704784,-6.70723626159355,-30.7434459650419));
#5517=CARTESIAN_POINT('Ctrl Pts',(98.9106169854257,-6.72350969175787,-30.8078902776983));
#5518=CARTESIAN_POINT('Ctrl Pts',(98.7617765101411,-6.73036362883268,-30.8721058416845));
#5519=CARTESIAN_POINT('Ctrl Pts',(98.6127852866712,-6.72769812540905,-30.9356978595849));
#5520=CARTESIAN_POINT('Ctrl Pts',(98.4646331901492,-6.72504763425057,-30.9989317236649));
#5521=CARTESIAN_POINT('Ctrl Pts',(98.3163319917967,-6.71298462868466,-31.0615490561717));
#5522=CARTESIAN_POINT('Ctrl Pts',(98.1688184357945,-6.69141084053746,-31.1231754010046));
#5523=CARTESIAN_POINT('Ctrl Pts',(98.1214156422296,-6.68447820428579,-31.1429787396362));
#5524=CARTESIAN_POINT('Ctrl Pts',(98.0740945717352,-6.67656345774275,-31.1626798513765));
#5525=CARTESIAN_POINT('Ctrl Pts',(98.0268874117199,-6.66766334007276,-31.1822666077071));
#5526=CARTESIAN_POINT('Ctrl Pts',(97.8730837586395,-6.63866624280942,-31.2460813907754));
#5527=CARTESIAN_POINT('Ctrl Pts',(97.7210500429408,-6.59931713150286,-31.3084470344616));
#5528=CARTESIAN_POINT('Ctrl Pts',(97.571837806469,-6.54974404472338,-31.3690092314194));
#5529=CARTESIAN_POINT('Ctrl Pts',(97.4166805624559,-6.49819583591827,-31.4319843854251));
#5530=CARTESIAN_POINT('Ctrl Pts',(97.2645741675904,-6.43559272165353,-31.4930095549901));
#5531=CARTESIAN_POINT('Ctrl Pts',(97.1167568172799,-6.36207866253555,-31.5517007442803));
#5532=CARTESIAN_POINT('Ctrl Pts',(97.0194841844995,-6.31370202703399,-31.5903230473542));
#5533=CARTESIAN_POINT('Ctrl Pts',(96.924070065123,-6.26060048876348,-31.6279349388931));
#5534=CARTESIAN_POINT('Ctrl Pts',(96.8308791106773,-6.2028150718597,-31.6644299760535));
#5535=CARTESIAN_POINT('Ctrl Pts',(96.6539875839263,-6.0931289904062,-31.7337034681059));
#5536=CARTESIAN_POINT('Ctrl Pts',(96.4864678898218,-5.96740428486007,-31.7984182604083));
#5537=CARTESIAN_POINT('Ctrl Pts',(96.3306514647723,-5.82681726723183,-31.8579885683815));
#5538=CARTESIAN_POINT('Ctrl Pts',(96.1545159508189,-5.66789713671757,-31.925327084253));
#5539=CARTESIAN_POINT('Ctrl Pts',(95.9933387922348,-5.48998574677246,-31.9860929298534));
#5540=CARTESIAN_POINT('Ctrl Pts',(95.8505344029197,-5.29478221569236,-32.0394493514945));
#5541=CARTESIAN_POINT('Ctrl Pts',(95.7403332498731,-5.14414500974269,-32.0806241306137));
#5542=CARTESIAN_POINT('Ctrl Pts',(95.642062906837,-4.98454789885588,-32.1170192310393));
#5543=CARTESIAN_POINT('Ctrl Pts',(95.5569073756317,-4.81745919887885,-32.1483946741117));
#5544=CARTESIAN_POINT('Ctrl Pts',(95.4793815722895,-4.66534123881486,-32.1769589540236));
#5545=CARTESIAN_POINT('Ctrl Pts',(95.4127261177866,-4.50701400547393,-32.2013628506665));
#5546=CARTESIAN_POINT('Ctrl Pts',(95.3577911722773,-4.34358544773984,-32.2214133486391));
#5547=CARTESIAN_POINT('Ctrl Pts',(95.3449608343384,-4.30541587088574,-32.2260962451533));
#5548=CARTESIAN_POINT('Ctrl Pts',(95.332769613245,-4.26696802701241,-32.2305416145445));
#5549=CARTESIAN_POINT('Ctrl Pts',(95.3212279275883,-4.22825603134848,-32.2347468862495));
#5550=CARTESIAN_POINT('Ctrl Pts',(102.02943188823,-4.22825607854907,-29.3539581734588));
#5551=CARTESIAN_POINT('Ctrl Pts',(101.977819570769,-4.4013690566858,-29.3797293777446));
#5552=CARTESIAN_POINT('Ctrl Pts',(101.913331981378,-4.56874272493426,-29.4118495910629));
#5553=CARTESIAN_POINT('Ctrl Pts',(101.837131894596,-4.72925147990026,-29.4495908406372));
#5554=CARTESIAN_POINT('Ctrl Pts',(101.751633003684,-4.90934734475993,-29.4919377081611));
#5555=CARTESIAN_POINT('Ctrl Pts',(101.651388028488,-5.08080059623336,-29.5413608470847));
#5556=CARTESIAN_POINT('Ctrl Pts',(101.537977076886,-5.24202122218303,-29.59681464324));
#5557=CARTESIAN_POINT('Ctrl Pts',(101.5292524843,-5.2544237658351,-29.601080649053));
#5558=CARTESIAN_POINT('Ctrl Pts',(101.520449950549,-5.2667657520617,-29.6053823390171));
#5559=CARTESIAN_POINT('Ctrl Pts',(101.511570183974,-5.27904645697558,-29.6097192345847));
#5560=CARTESIAN_POINT('Ctrl Pts',(101.379393912731,-5.46184605761808,-29.6742743870238));
#5561=CARTESIAN_POINT('Ctrl Pts',(101.23123438663,-5.62957857228599,-29.7460770947908));
#5562=CARTESIAN_POINT('Ctrl Pts',(101.069935080045,-5.78088647825437,-29.8233340464792));
#5563=CARTESIAN_POINT('Ctrl Pts',(100.953075996387,-5.8905069324024,-29.879305623615));
#5564=CARTESIAN_POINT('Ctrl Pts',(100.829319444781,-5.99150643937607,-29.9381399981263));
#5565=CARTESIAN_POINT('Ctrl Pts',(100.699763541965,-6.08336877654818,-29.999162960568));
#5566=CARTESIAN_POINT('Ctrl Pts',(100.644199436051,-6.1227668164766,-30.0253345689206));
#5567=CARTESIAN_POINT('Ctrl Pts',(100.587631718307,-6.16043700111753,-30.051879257476));
#5568=CARTESIAN_POINT('Ctrl Pts',(100.530152976959,-6.19635840743115,-30.0787431253365));
#5569=CARTESIAN_POINT('',(111.043674704839,-1.94288306860193,-24.3575678521103));
#5570=CARTESIAN_POINT('Ctrl Pts',(111.043674704839,-1.94288306860197,-24.3575678521103));
#5571=CARTESIAN_POINT('Ctrl Pts',(111.015102934192,-1.88560062953815,-24.3733112559497));
#5572=CARTESIAN_POINT('Ctrl Pts',(110.985219995716,-1.82913149790071,-24.3897952252717));
#5573=CARTESIAN_POINT('Ctrl Pts',(110.954069523252,-1.77351779613738,-24.4070002836474));
#5574=CARTESIAN_POINT('Ctrl Pts',(110.854049499776,-1.59494959745155,-24.4622434374931));
#5575=CARTESIAN_POINT('Ctrl Pts',(110.741669729306,-1.42642929751203,-24.524532120516));
#5576=CARTESIAN_POINT('Ctrl Pts',(110.618684294997,-1.26870085744805,-24.5930269110349));
#5577=CARTESIAN_POINT('Ctrl Pts',(110.503294402412,-1.12071367621091,-24.6572914848443));
#5578=CARTESIAN_POINT('Ctrl Pts',(110.378569652847,-0.982226514054971,-24.7270193964536));
#5579=CARTESIAN_POINT('Ctrl Pts',(110.24591950356,-0.853853829421396,-24.8015036487555));
#5580=CARTESIAN_POINT('Ctrl Pts',(110.237397291103,-0.845606426022353,-24.8062889477259));
#5581=CARTESIAN_POINT('Ctrl Pts',(110.228842348861,-0.837400770335498,-24.8110938733591));
#5582=CARTESIAN_POINT('Ctrl Pts',(110.220255043065,-0.829237025300401,-24.8159182359883));
#5583=CARTESIAN_POINT('Ctrl Pts',(110.094805199027,-0.709974876528944,-24.8863961662938));
#5584=CARTESIAN_POINT('Ctrl Pts',(109.962997977759,-0.600162889729353,-24.960716821434));
#5585=CARTESIAN_POINT('Ctrl Pts',(109.825981064914,-0.499928324234332,-25.0382576530028));
#5586=CARTESIAN_POINT('Ctrl Pts',(109.689240480992,-0.399895906845827,-25.1156421040635));
#5587=CARTESIAN_POINT('Ctrl Pts',(109.547311345285,-0.309402319178198,-25.1962336468182));
#5588=CARTESIAN_POINT('Ctrl Pts',(109.401282945722,-0.228574052164944,-25.2794025810697));
#5589=CARTESIAN_POINT('Ctrl Pts',(109.295195602071,-0.169853582961147,-25.3398235083379));
#5590=CARTESIAN_POINT('Ctrl Pts',(109.186943622442,-0.116234271647953,-25.4016044815612));
#5591=CARTESIAN_POINT('Ctrl Pts',(109.076927673638,-0.0677646178242099,
-25.4645011217081));
#5592=CARTESIAN_POINT('Ctrl Pts',(108.913327436747,0.00431263037268972,
-25.558032153704));
#5593=CARTESIAN_POINT('Ctrl Pts',(108.746033154284,0.0649239529178342,-25.6539135353156));
#5594=CARTESIAN_POINT('Ctrl Pts',(108.576258769554,0.114059308343244,-25.7513631198153));
#5595=CARTESIAN_POINT('Ctrl Pts',(108.392461206331,0.167253190386648,-25.8568619334125));
#5596=CARTESIAN_POINT('Ctrl Pts',(108.205756239618,0.206997004949157,-25.9641982018866));
#5597=CARTESIAN_POINT('Ctrl Pts',(108.017621081346,0.233278011135013,-26.0723768213691));
#5598=CARTESIAN_POINT('Ctrl Pts',(107.84922423879,0.256801729410278,-26.1692058145255));
#5599=CARTESIAN_POINT('Ctrl Pts',(107.67967963209,0.269539367949158,-26.2667093332874));
#5600=CARTESIAN_POINT('Ctrl Pts',(107.510020148925,0.27148178999829,-26.3641778763148));
#5601=CARTESIAN_POINT('Ctrl Pts',(107.286081025694,0.274045656647619,-26.4928298069999));
#5602=CARTESIAN_POINT('Ctrl Pts',(107.061869667682,0.25780366072446,-26.621458540515));
#5603=CARTESIAN_POINT('Ctrl Pts',(106.839799068775,0.222709692799626,-26.7484304251359));
#5604=CARTESIAN_POINT('Ctrl Pts',(106.658600646083,0.194074782706675,-26.8520330872299));
#5605=CARTESIAN_POINT('Ctrl Pts',(106.478826033401,0.15288872364557,-26.9545329938737));
#5606=CARTESIAN_POINT('Ctrl Pts',(106.301812953346,0.0991264672277907,-27.0550647969082));
#5607=CARTESIAN_POINT('Ctrl Pts',(106.134670006939,0.0483619590891196,-27.1499910123126));
#5608=CARTESIAN_POINT('Ctrl Pts',(105.969988444692,-0.0136153660309556,
-27.2431625119003));
#5609=CARTESIAN_POINT('Ctrl Pts',(105.808935265102,-0.0868265957674765,
-27.3338707827792));
#5610=CARTESIAN_POINT('Ctrl Pts',(105.799424744668,-0.0911498689754926,
-27.3392272921378));
#5611=CARTESIAN_POINT('Ctrl Pts',(105.789926891082,-0.0955123164336002,
-27.3445752178345));
#5612=CARTESIAN_POINT('Ctrl Pts',(105.780441950146,-0.0999139424842213,
-27.3499144162334));
#5613=CARTESIAN_POINT('Ctrl Pts',(105.629084069237,-0.170153788578401,-27.4351157644381));
#5614=CARTESIAN_POINT('Ctrl Pts',(105.481334179892,-0.250237900637283,-27.5179110197289));
#5615=CARTESIAN_POINT('Ctrl Pts',(105.338269702489,-0.340002908657127,-27.5977003221514));
#5616=CARTESIAN_POINT('Ctrl Pts',(105.192673435372,-0.431356474005478,-27.6789016433985));
#5617=CARTESIAN_POINT('Ctrl Pts',(105.051929608136,-0.532736609769067,-27.7569897295443));
#5618=CARTESIAN_POINT('Ctrl Pts',(104.917226862412,-0.643971118146524,-27.831349936847));
#5619=CARTESIAN_POINT('Ctrl Pts',(104.782524116687,-0.755205626523982,-27.9057101441496));
#5620=CARTESIAN_POINT('Ctrl Pts',(104.653862769152,-0.876294507515358,-27.976342684284));
#5621=CARTESIAN_POINT('Ctrl Pts',(104.532483490727,-1.00706556331919,-28.0426483318839));
#5622=CARTESIAN_POINT('Ctrl Pts',(104.394192748349,-1.1560566153616,-28.1181921755237));
#5623=CARTESIAN_POINT('Ctrl Pts',(104.266387171964,-1.31653672797464,-28.1875561170976));
#5624=CARTESIAN_POINT('Ctrl Pts',(104.150793028681,-1.48745368377719,-28.2499847189752));
#5625=CARTESIAN_POINT('Ctrl Pts',(104.003721179671,-1.70491342700518,-28.3294133963153));
#5626=CARTESIAN_POINT('Ctrl Pts',(103.876420371328,-1.93926810822433,-28.3976170133229));
#5627=CARTESIAN_POINT('Ctrl Pts',(103.77252165641,-2.18835058908701,-28.4530469978545));
#5628=CARTESIAN_POINT('Ctrl Pts',(103.696182538916,-2.37136283122209,-28.4937739318224));
#5629=CARTESIAN_POINT('Ctrl Pts',(103.63316136571,-2.56074654053872,-28.527242813564));
#5630=CARTESIAN_POINT('Ctrl Pts',(103.584431009433,-2.755014971005,-28.5530745460448));
#5631=CARTESIAN_POINT('Ctrl Pts',(103.563119366756,-2.83997596226059,-28.5643717475106));
#5632=CARTESIAN_POINT('Ctrl Pts',(103.544540526387,-2.92587122792956,-28.5742079869727));
#5633=CARTESIAN_POINT('Ctrl Pts',(103.528772809523,-3.01257640569462,-28.5825502343746));
#5634=CARTESIAN_POINT('Ctrl Pts',(103.501008384759,-3.16525034101754,-28.5972395963379));
#5635=CARTESIAN_POINT('Ctrl Pts',(103.482095045434,-3.31972768315303,-28.6072268536101));
#5636=CARTESIAN_POINT('Ctrl Pts',(103.47223914569,-3.47521456303386,-28.612431004958));
#5637=CARTESIAN_POINT('Ctrl Pts',(103.464321466869,-3.60012402922137,-28.6166117291923));
#5638=CARTESIAN_POINT('Ctrl Pts',(103.462268661223,-3.72537603949438,-28.6176948717014));
#5639=CARTESIAN_POINT('Ctrl Pts',(103.466097116425,-3.85054453686932,-28.6156737928979));
#5640=CARTESIAN_POINT('Ctrl Pts',(103.469964277723,-3.9769785012412,-28.6136322807699));
#5641=CARTESIAN_POINT('Ctrl Pts',(103.479822844481,-4.10302657664447,-28.6084284045902));
#5642=CARTESIAN_POINT('Ctrl Pts',(103.495600404459,-4.22825607854911,-28.6000906320247));
#5643=CARTESIAN_POINT('',(113.67532992198,-0.188446257174384,-22.9687348053144));
#5644=CARTESIAN_POINT('Ctrl Pts',(113.67532992198,-0.188446257174434,-22.9687348053144));
#5645=CARTESIAN_POINT('Ctrl Pts',(113.360886408161,-0.398075266386842,-23.1263508461455));
#5646=CARTESIAN_POINT('Ctrl Pts',(113.049558531151,-0.605634652571207,-23.2856810052922));
#5647=CARTESIAN_POINT('Ctrl Pts',(112.739766770533,-0.812163013971627,-23.4471050289869));
#5648=CARTESIAN_POINT('Ctrl Pts',(112.29454573441,-1.10897778679965,-23.6790975485471));
#5649=CARTESIAN_POINT('Ctrl Pts',(111.852503448157,-1.4036630444912,-23.915415177397));
#5650=CARTESIAN_POINT('Ctrl Pts',(111.409044842662,-1.69930172669744,-24.1572612756089));
#5651=CARTESIAN_POINT('Ctrl Pts',(111.287393457069,-1.7804025439543,-24.2236054903409));
#5652=CARTESIAN_POINT('Ctrl Pts',(111.165635387007,-1.86157510994812,-24.290365987177));
#5653=CARTESIAN_POINT('Ctrl Pts',(111.043674704835,-1.94288306860193,-24.3575678521123));
#5654=CARTESIAN_POINT('',(113.67532992198,-4.39492274521571,-22.9687348053144));
#5655=CARTESIAN_POINT('',(113.67532992198,121.271743921451,-22.9687348053144));
#5656=CARTESIAN_POINT('',(108.67532992198,-7.72825607854918,-25.6945137337346));
#5657=CARTESIAN_POINT('Ctrl Pts',(108.67532992198,-7.72825607854918,-25.6945137337346));
#5658=CARTESIAN_POINT('Ctrl Pts',(110.462217221626,-6.53699787878482,-24.6694757299261));
#5659=CARTESIAN_POINT('Ctrl Pts',(111.958546037645,-5.53944533477229,-23.8292794402646));
#5660=CARTESIAN_POINT('Ctrl Pts',(113.67532992198,-4.39492274521573,-22.9687348053144));
#5661=CARTESIAN_POINT('',(76.9520901407565,-7.72825607854918,-36.89));
#5662=CARTESIAN_POINT('Ctrl Pts',(76.9520901407565,-7.72825607854918,-36.89));
#5663=CARTESIAN_POINT('Ctrl Pts',(78.0703163290579,-7.72825607854918,-36.6930561265433));
#5664=CARTESIAN_POINT('Ctrl Pts',(80.2629433663955,-7.72825607854918,-36.2881860638728));
#5665=CARTESIAN_POINT('Ctrl Pts',(83.4204115312512,-7.72825607854918,-35.6479344061733));
#5666=CARTESIAN_POINT('Ctrl Pts',(87.3654810422682,-7.72825607854918,-34.7278900323595));
#5667=CARTESIAN_POINT('Ctrl Pts',(91.850353460559,-7.72825607854918,-33.4652995947771));
#5668=CARTESIAN_POINT('Ctrl Pts',(95.8936010477677,-7.72825607854918,-32.0894776878775));
#5669=CARTESIAN_POINT('Ctrl Pts',(99.5224873648225,-7.72825607854918,-30.6032490736015));
#5670=CARTESIAN_POINT('Ctrl Pts',(102.768107913504,-7.72825607854918,-29.0298822830864));
#5671=CARTESIAN_POINT('Ctrl Pts',(105.172041816343,-7.72825607854918,-27.7088384419437));
#5672=CARTESIAN_POINT('Ctrl Pts',(106.931533433164,-7.72825607854918,-26.6980384035845));
#5673=CARTESIAN_POINT('Ctrl Pts',(108.100694718413,-7.72825607854918,-26.0241500359787));
#5674=CARTESIAN_POINT('Ctrl Pts',(108.67532992198,-7.72825607854918,-25.6945137337346));
#5675=CARTESIAN_POINT('',(76.9520901407565,121.271743921451,-36.89));
#5676=CARTESIAN_POINT('',(108.19920513105,-5.64197175552638,-25.967975917709));
#5677=CARTESIAN_POINT('',(108.069778646517,-5.72825607854847,-26.0423865516812));
#5678=CARTESIAN_POINT('Ctrl Pts',(108.19920513105,-5.64197175552639,-25.967975917709));
#5679=CARTESIAN_POINT('Ctrl Pts',(108.15606093074,-5.67073451696883,-25.9927776569813));
#5680=CARTESIAN_POINT('Ctrl Pts',(108.112919595525,-5.69949543396369,-26.0175813629102));
#5681=CARTESIAN_POINT('Ctrl Pts',(108.06977864652,-5.72825607854847,-26.042386551679));
#5682=CARTESIAN_POINT('',(105.414227371052,-3.72825607854905,-27.5553012721927));
#5683=CARTESIAN_POINT('Ctrl Pts',(105.414227371055,-3.72825607854905,-27.5553012721909));
#5684=CARTESIAN_POINT('Ctrl Pts',(105.414227360883,-3.6871347399778,-27.5553012778736));
#5685=CARTESIAN_POINT('Ctrl Pts',(105.415464674344,-3.64602259933998,-27.5546100603593));
#5686=CARTESIAN_POINT('Ctrl Pts',(105.417937547997,-3.60497607181775,-27.5532284348295));
#5687=CARTESIAN_POINT('Ctrl Pts',(105.422579565518,-3.52792454121364,-27.5506348814105));
#5688=CARTESIAN_POINT('Ctrl Pts',(105.431560787345,-3.45134810430424,-27.5456168879385));
#5689=CARTESIAN_POINT('Ctrl Pts',(105.444786986208,-3.37560819171986,-27.5382228786421));
#5690=CARTESIAN_POINT('Ctrl Pts',(105.469556622692,-3.23376470958858,-27.5243755953574));
#5691=CARTESIAN_POINT('Ctrl Pts',(105.50899398889,-3.09609754347338,-27.5023198374123));
#5692=CARTESIAN_POINT('Ctrl Pts',(105.561753702813,-2.96465019744477,-27.472750877424));
#5693=CARTESIAN_POINT('Ctrl Pts',(105.632996596793,-2.78715322786909,-27.4328230968337));
#5694=CARTESIAN_POINT('Ctrl Pts',(105.727271317274,-2.6239619913536,-27.3798971171736));
#5695=CARTESIAN_POINT('Ctrl Pts',(105.839645979147,-2.47795765041805,-27.3165688972468));
#5696=CARTESIAN_POINT('Ctrl Pts',(105.88344548585,-2.42105053271964,-27.2918858882218));
#5697=CARTESIAN_POINT('Ctrl Pts',(105.929995040193,-2.3667543681823,-27.265622607646));
#5698=CARTESIAN_POINT('Ctrl Pts',(105.979005210999,-2.31523975334672,-27.2379332452419));
#5699=CARTESIAN_POINT('Ctrl Pts',(106.080093581247,-2.2089857172558,-27.1808211708993));
#5700=CARTESIAN_POINT('Ctrl Pts',(106.190731752984,-2.11549409666339,-27.1181578857002));
#5701=CARTESIAN_POINT('Ctrl Pts',(106.308328762532,-2.03520991297869,-27.0513640666919));
#5702=CARTESIAN_POINT('Ctrl Pts',(106.372319280887,-1.99152320232677,-27.0150181500937));
#5703=CARTESIAN_POINT('Ctrl Pts',(106.438371157398,-1.95174721638282,-26.9774495038389));
#5704=CARTESIAN_POINT('Ctrl Pts',(106.506072927354,-1.91595365841577,-26.9388896399186));
#5705=CARTESIAN_POINT('Ctrl Pts',(106.646417095242,-1.84175445931113,-26.8589559539995));
#5706=CARTESIAN_POINT('Ctrl Pts',(106.793378246658,-1.78488716186276,-26.775028264393));
#5707=CARTESIAN_POINT('Ctrl Pts',(106.943814422374,-1.7454076044414,-26.688927864815));
#5708=CARTESIAN_POINT('Ctrl Pts',(107.053066988779,-1.71673602363117,-26.6263984261501));
#5709=CARTESIAN_POINT('Ctrl Pts',(107.164153981463,-1.69723512967844,-26.5627238142253));
#5710=CARTESIAN_POINT('Ctrl Pts',(107.275885186326,-1.68692631061523,-26.4986119693362));
#5711=CARTESIAN_POINT('Ctrl Pts',(107.44600930344,-1.67122990114968,-26.4009940207814));
#5712=CARTESIAN_POINT('Ctrl Pts',(107.617529420631,-1.6768520936953,-26.3024187599259));
#5713=CARTESIAN_POINT('Ctrl Pts',(107.78642512678,-1.70373011098235,-26.2053136791504));
#5714=CARTESIAN_POINT('Ctrl Pts',(107.923686385438,-1.72557383079714,-26.1263965419822));
#5715=CARTESIAN_POINT('Ctrl Pts',(108.059215391195,-1.76145656752671,-26.0484514264318));
#5716=CARTESIAN_POINT('Ctrl Pts',(108.190829378427,-1.81134462422615,-25.972790821395));
#5717=CARTESIAN_POINT('Ctrl Pts',(108.320452900483,-1.86047819850613,-25.898274470116));
#5718=CARTESIAN_POINT('Ctrl Pts',(108.446032462885,-1.92311877845133,-25.8261168132721));
#5719=CARTESIAN_POINT('Ctrl Pts',(108.565161028696,-1.99895533860496,-25.7577333639751));
#5720=CARTESIAN_POINT('Ctrl Pts',(108.67874240435,-2.0712605893941,-25.6925341719069));
#5721=CARTESIAN_POINT('Ctrl Pts',(108.786459347855,-2.15556149824431,-25.6307661295722));
#5722=CARTESIAN_POINT('Ctrl Pts',(108.88618125631,-2.25158849639004,-25.5736524478595));
#5723=CARTESIAN_POINT('Ctrl Pts',(108.992906553759,-2.35435939296515,-25.5125277184641));
#5724=CARTESIAN_POINT('Ctrl Pts',(109.089638988517,-2.46980782509002,-25.4572126093252));
#5725=CARTESIAN_POINT('Ctrl Pts',(109.173582506815,-2.59660509465334,-25.4092712259186));
#5726=CARTESIAN_POINT('Ctrl Pts',(109.221248628989,-2.6686051044792,-25.3820483993686));
#5727=CARTESIAN_POINT('Ctrl Pts',(109.26479021572,-2.74426440307946,-25.3572029490706));
#5728=CARTESIAN_POINT('Ctrl Pts',(109.303690982828,-2.82333971724738,-25.3350199302056));
#5729=CARTESIAN_POINT('Ctrl Pts',(109.377889147254,-2.97416561603623,-25.2927087007989));
#5730=CARTESIAN_POINT('Ctrl Pts',(109.434147353215,-3.13535913055942,-25.2606841457865));
#5731=CARTESIAN_POINT('Ctrl Pts',(109.469784495921,-3.30370853246173,-25.2404060712397));
#5732=CARTESIAN_POINT('Ctrl Pts',(109.487281521947,-3.38636425744498,-25.2304499981323));
#5733=CARTESIAN_POINT('Ctrl Pts',(109.499703046366,-3.47026412542986,-25.2233852788751));
#5734=CARTESIAN_POINT('Ctrl Pts',(109.506887503399,-3.55493676710987,-25.21929932322));
#5735=CARTESIAN_POINT('Ctrl Pts',(109.512284518911,-3.61854346119061,-25.2162299241056));
#5736=CARTESIAN_POINT('Ctrl Pts',(109.51471086587,-3.68240653446386,-25.2148502523158));
#5737=CARTESIAN_POINT('Ctrl Pts',(109.514147817664,-3.74631605003903,-25.2151704371817));
#5738=CARTESIAN_POINT('Ctrl Pts',(109.513566780651,-3.81226740844954,-25.2155008516226));
#5739=CARTESIAN_POINT('Ctrl Pts',(109.50980379534,-3.87809677573076,-25.2176406079615));
#5740=CARTESIAN_POINT('Ctrl Pts',(109.502888212984,-3.94357438147387,-25.2215738698835));
#5741=CARTESIAN_POINT('Ctrl Pts',(109.492799470849,-4.03909586411011,-25.2273118776516));
#5742=CARTESIAN_POINT('Ctrl Pts',(109.476048060841,-4.13342895919982,-25.2368400790179));
#5743=CARTESIAN_POINT('Ctrl Pts',(109.4529064505,-4.22590607499941,-25.2500110451969));
#5744=CARTESIAN_POINT('Ctrl Pts',(109.40101411907,-4.43327509868055,-25.2795453832206));
#5745=CARTESIAN_POINT('Ctrl Pts',(109.317959354738,-4.62763914798599,-25.3268447304008));
#5746=CARTESIAN_POINT('Ctrl Pts',(109.209555642491,-4.80358375605759,-25.388730583255));
#5747=CARTESIAN_POINT('Ctrl Pts',(109.200811868514,-4.81777533541978,-25.3937222564969));
#5748=CARTESIAN_POINT('Ctrl Pts',(109.191903195439,-4.8318470791453,-25.3988088168406));
#5749=CARTESIAN_POINT('Ctrl Pts',(109.182832677058,-4.8457961459151,-25.4039885892966));
#5750=CARTESIAN_POINT('Ctrl Pts',(109.097936110636,-4.97635405052568,-25.4524692689988));
#5751=CARTESIAN_POINT('Ctrl Pts',(108.999895197207,-5.09461832314517,-25.5085281338567));
#5752=CARTESIAN_POINT('Ctrl Pts',(108.891735273572,-5.19955612257129,-25.5704715736389));
#5753=CARTESIAN_POINT('Ctrl Pts',(108.848807670168,-5.24120489676047,-25.5950563119325));
#5754=CARTESIAN_POINT('Ctrl Pts',(108.804285584214,-5.28075446150271,-25.6205678849572));
#5755=CARTESIAN_POINT('Ctrl Pts',(108.758355779662,-5.31814024477872,-25.6468999778372));
#5756=CARTESIAN_POINT('Ctrl Pts',(108.646475245014,-5.409208374982,-25.7110423938249));
#5757=CARTESIAN_POINT('Ctrl Pts',(108.52682617968,-5.4869957437557,-25.7797209004645));
#5758=CARTESIAN_POINT('Ctrl Pts',(108.401834030129,-5.55127758212645,-25.8515271879963));
#5759=CARTESIAN_POINT('Ctrl Pts',(108.335671145371,-5.5853042940396,-25.8895368641556));
#5760=CARTESIAN_POINT('Ctrl Pts',(108.26801022092,-5.61554679763253,-25.928422840185));
#5761=CARTESIAN_POINT('Ctrl Pts',(108.19920513105,-5.6419717555264,-25.967975917709));
#5762=CARTESIAN_POINT('',(107.914227371055,-5.72825607854847,-26.1318295189875));
#5763=CARTESIAN_POINT('Ctrl Pts',(107.914227371055,-5.72825607854847,-26.1318295189875));
#5764=CARTESIAN_POINT('Ctrl Pts',(107.734305991544,-5.76874019955108,-26.2352863281756));
#5765=CARTESIAN_POINT('Ctrl Pts',(107.550184763229,-5.78465935496689,-26.3411481869763));
#5766=CARTESIAN_POINT('Ctrl Pts',(107.36686175643,-5.77594253837334,-26.4463951434423));
#5767=CARTESIAN_POINT('Ctrl Pts',(107.330800341153,-5.7742278559199,-26.4670982415968));
#5768=CARTESIAN_POINT('Ctrl Pts',(107.294769685923,-5.77155989168579,-26.4877776522855));
#5769=CARTESIAN_POINT('Ctrl Pts',(107.258807726981,-5.76793810519675,-26.5084105654512));
#5770=CARTESIAN_POINT('Ctrl Pts',(107.107796456568,-5.75272951826329,-26.5950521867951));
#5771=CARTESIAN_POINT('Ctrl Pts',(106.958091323198,-5.72071163622526,-26.6808161843989));
#5772=CARTESIAN_POINT('Ctrl Pts',(106.812662651908,-5.67196539967067,-26.7639438925166));
#5773=CARTESIAN_POINT('Ctrl Pts',(106.674799203052,-5.62575495003531,-26.8427472841379));
#5774=CARTESIAN_POINT('Ctrl Pts',(106.540777573316,-5.56451130062078,-26.9191815672959));
#5775=CARTESIAN_POINT('Ctrl Pts',(106.413164383024,-5.48830340609375,-26.9917733814005));
#5776=CARTESIAN_POINT('Ctrl Pts',(106.290443944802,-5.41501735947926,-27.0615819898828));
#5777=CARTESIAN_POINT('Ctrl Pts',(106.174192750627,-5.32818046189992,-27.1275281188111));
#5778=CARTESIAN_POINT('Ctrl Pts',(106.067090157084,-5.2284372972635,-27.1881297665958));
#5779=CARTESIAN_POINT('Ctrl Pts',(105.986815758734,-5.15367885990161,-27.2335512699786));
#5780=CARTESIAN_POINT('Ctrl Pts',(105.911681916998,-5.07167014234663,-27.2759710108573));
#5781=CARTESIAN_POINT('Ctrl Pts',(105.842834685743,-4.98268254511761,-27.3147718628256));
#5782=CARTESIAN_POINT('Ctrl Pts',(105.693563080277,-4.78974346444842,-27.398898201114));
#5783=CARTESIAN_POINT('Ctrl Pts',(105.576689375743,-4.5675242952548,-27.4644114400293));
#5784=CARTESIAN_POINT('Ctrl Pts',(105.502761618839,-4.32420247118459,-27.5057921519362));
#5785=CARTESIAN_POINT('Ctrl Pts',(105.470590406196,-4.21831588039834,-27.523799835895));
#5786=CARTESIAN_POINT('Ctrl Pts',(105.446877385618,-4.10944094002872,-27.5370555636207));
#5787=CARTESIAN_POINT('Ctrl Pts',(105.432131543305,-3.99860131496197,-27.5452968294809));
#5788=CARTESIAN_POINT('Ctrl Pts',(105.422995912297,-3.92993179483131,-27.5504026187828));
#5789=CARTESIAN_POINT('Ctrl Pts',(105.417334851826,-3.86075191674642,-27.5535651947152));
#5790=CARTESIAN_POINT('Ctrl Pts',(105.415197886452,-3.79132882416948,-27.5547590717389));
#5791=CARTESIAN_POINT('Ctrl Pts',(105.414550803674,-3.77030719782332,-27.5551205831001));
#5792=CARTESIAN_POINT('Ctrl Pts',(105.4142273709,-3.74928043599735,-27.5553012722777));
#5793=CARTESIAN_POINT('Ctrl Pts',(105.414227371055,-3.72825607854905,-27.5553012721909));
#5794=CARTESIAN_POINT('Ctrl Pts',(108.069778646517,-5.72825607854847,-26.0423865516812));
#5795=CARTESIAN_POINT('Ctrl Pts',(108.017908587512,-5.72825607854847,-26.0722108053133));
#5796=CARTESIAN_POINT('Ctrl Pts',(107.966059469843,-5.72825607854847,-26.1020254814199));
#5797=CARTESIAN_POINT('Ctrl Pts',(107.914227371059,-5.72825607854847,-26.1318295189852));
#5798=CARTESIAN_POINT('Ctrl Pts',(113.67532992198,121.271743921451,-22.9687348053144));
#5799=CARTESIAN_POINT('Ctrl Pts',(113.67532992198,-7.72825607854918,-22.9687348053144));
#5800=CARTESIAN_POINT('Ctrl Pts',(113.310971347848,121.271743921451,-23.1513709653044));
#5801=CARTESIAN_POINT('Ctrl Pts',(113.310971347848,-7.72825607854918,-23.1513709653044));
#5802=CARTESIAN_POINT('Ctrl Pts',(112.292469726567,121.271743921451,-23.6722968229048));
#5803=CARTESIAN_POINT('Ctrl Pts',(112.292469726567,-7.72825607854918,-23.6722968229048));
#5804=CARTESIAN_POINT('Ctrl Pts',(110.673585267724,121.271743921451,-24.5444863125544));
#5805=CARTESIAN_POINT('Ctrl Pts',(110.673585267724,-7.72825607854918,-24.5444863125544));
#5806=CARTESIAN_POINT('Ctrl Pts',(108.521628672148,121.271743921451,-25.7755485057421));
#5807=CARTESIAN_POINT('Ctrl Pts',(108.521628672148,-7.72825607854918,-25.7755485057421));
#5808=CARTESIAN_POINT('Ctrl Pts',(105.834697126569,121.271743921451,-27.3441762588083));
#5809=CARTESIAN_POINT('Ctrl Pts',(105.834697126569,-7.72825607854918,-27.3441762588083));
#5810=CARTESIAN_POINT('Ctrl Pts',(102.797917132878,121.271743921451,-29.015431784296));
#5811=CARTESIAN_POINT('Ctrl Pts',(102.797917132878,-7.72825607854918,-29.015431784296));
#5812=CARTESIAN_POINT('Ctrl Pts',(99.5224873648225,121.271743921451,-30.6032490736015));
#5813=CARTESIAN_POINT('Ctrl Pts',(99.5224873648225,-7.72825607854918,-30.6032490736015));
#5814=CARTESIAN_POINT('Ctrl Pts',(95.8936010477677,121.271743921451,-32.0894776878775));
#5815=CARTESIAN_POINT('Ctrl Pts',(95.8936010477677,-7.72825607854918,-32.0894776878775));
#5816=CARTESIAN_POINT('Ctrl Pts',(91.850353460559,121.271743921451,-33.4652995947771));
#5817=CARTESIAN_POINT('Ctrl Pts',(91.850353460559,-7.72825607854918,-33.4652995947771));
#5818=CARTESIAN_POINT('Ctrl Pts',(87.3654810422682,121.271743921451,-34.7278900323595));
#5819=CARTESIAN_POINT('Ctrl Pts',(87.3654810422682,-7.72825607854918,-34.7278900323595));
#5820=CARTESIAN_POINT('Ctrl Pts',(83.4204115312512,121.271743921451,-35.6479344061733));
#5821=CARTESIAN_POINT('Ctrl Pts',(83.4204115312512,-7.72825607854918,-35.6479344061733));
#5822=CARTESIAN_POINT('Ctrl Pts',(80.2629433663955,121.271743921451,-36.2881860638728));
#5823=CARTESIAN_POINT('Ctrl Pts',(80.2629433663955,-7.72825607854918,-36.2881860638728));
#5824=CARTESIAN_POINT('Ctrl Pts',(78.0703163290579,121.271743921451,-36.6930561265433));
#5825=CARTESIAN_POINT('Ctrl Pts',(78.0703163290579,-7.72825607854918,-36.6930561265433));
#5826=CARTESIAN_POINT('Ctrl Pts',(76.9520901407565,121.271743921451,-36.89));
#5827=CARTESIAN_POINT('Ctrl Pts',(76.9520901407565,-7.72825607854918,-36.89));
#5828=CARTESIAN_POINT('Ctrl Pts',(75.7020901407565,121.271743921451,-37.1101520983826));
#5829=CARTESIAN_POINT('Ctrl Pts',(75.7020901407565,-7.72825607854918,-37.1101520983826));
#5830=CARTESIAN_POINT('Ctrl Pts',(74.4520901407565,121.271743921451,-37.3303041967652));
#5831=CARTESIAN_POINT('Ctrl Pts',(74.4520901407565,-7.72825607854918,-37.3303041967652));
#5832=CARTESIAN_POINT('Ctrl Pts',(73.2020901407565,121.271743921451,-37.5504562951478));
#5833=CARTESIAN_POINT('Ctrl Pts',(73.2020901407565,-7.72825607854918,-37.5504562951478));
#5834=CARTESIAN_POINT('Ctrl Pts',(71.9520901407565,121.271743921451,-37.7706083935305));
#5835=CARTESIAN_POINT('Ctrl Pts',(71.9520901407565,-7.72825607854918,-37.7706083935305));
#5836=CARTESIAN_POINT('Ctrl Pts',(70.7020901407565,121.271743921451,-37.9907604919131));
#5837=CARTESIAN_POINT('Ctrl Pts',(70.7020901407565,-7.72825607854918,-37.9907604919131));
#5838=CARTESIAN_POINT('',(113.67532992198,115.452169641575,-22.9687348053144));
#5839=CARTESIAN_POINT('',(110.681058011981,117.271743921451,-24.5583144466042));
#5840=CARTESIAN_POINT('Ctrl Pts',(113.67532992198,115.452169641575,-22.9687348053144));
#5841=CARTESIAN_POINT('Ctrl Pts',(113.438715263443,115.32937796551,-23.0873388281112));
#5842=CARTESIAN_POINT('Ctrl Pts',(113.183775209573,115.255569741944,-23.2170700795697));
#5843=CARTESIAN_POINT('Ctrl Pts',(112.627952179448,115.202664408847,-23.504594347457));
#5844=CARTESIAN_POINT('Ctrl Pts',(112.327385589101,115.239625104395,-23.662928931146));
#5845=CARTESIAN_POINT('Ctrl Pts',(111.784032584426,115.432667164757,-23.953310953557));
#5846=CARTESIAN_POINT('Ctrl Pts',(111.53967185034,115.578939262441,-24.0858072306305));
#5847=CARTESIAN_POINT('Ctrl Pts',(111.156119232533,115.938024494302,-24.2954674657694));
#5848=CARTESIAN_POINT('Ctrl Pts',(111.008056683816,116.133511263535,-24.3771146789342));
#5849=CARTESIAN_POINT('Ctrl Pts',(110.820829337172,116.508465978276,-24.4806772358754));
#5850=CARTESIAN_POINT('Ctrl Pts',(110.763118272314,116.671644776572,-24.5127160337677));
#5851=CARTESIAN_POINT('Ctrl Pts',(110.708589035615,116.926075065352,-24.5430070258478));
#5852=CARTESIAN_POINT('Ctrl Pts',(110.695840224195,117.011284560842,-24.5500949943081));
#5853=CARTESIAN_POINT('Ctrl Pts',(110.683541282845,117.155282794822,-24.5569333498085));
#5854=CARTESIAN_POINT('Ctrl Pts',(110.681058011981,117.213486900171,-24.5583144466042));
#5855=CARTESIAN_POINT('Ctrl Pts',(110.681058011981,117.271743921451,-24.5583144466042));
#5856=CARTESIAN_POINT('',(113.67532992198,113.384797747398,-22.9687348053144));
#5857=CARTESIAN_POINT('',(113.67532992198,121.271743921451,-22.9687348053144));
#5858=CARTESIAN_POINT('',(108.762431045384,117.771743921451,-25.6445636155788));
#5859=CARTESIAN_POINT('Ctrl Pts',(108.762431045384,117.771743921451,-25.6445636155788));
#5860=CARTESIAN_POINT('Ctrl Pts',(108.760352138982,117.755243113434,-25.6457554410034));
#5861=CARTESIAN_POINT('Ctrl Pts',(108.758375187646,117.738721754622,-25.6468888436045));
#5862=CARTESIAN_POINT('Ctrl Pts',(108.741926603319,117.593582989491,-25.6563191376702));
#5863=CARTESIAN_POINT('Ctrl Pts',(108.733587644653,117.464224325748,-25.6611011125875));
#5864=CARTESIAN_POINT('Ctrl Pts',(108.729627725658,117.212079441387,-25.6633718213023));
#5865=CARTESIAN_POINT('Ctrl Pts',(108.733331928,117.089636363889,-25.661247574256));
#5866=CARTESIAN_POINT('Ctrl Pts',(108.754914684148,116.806599428925,-25.6488725092132));
#5867=CARTESIAN_POINT('Ctrl Pts',(108.776897707279,116.646909551841,-25.636268220535));
#5868=CARTESIAN_POINT('Ctrl Pts',(108.869607936075,116.182062283109,-25.5831365268949));
#5869=CARTESIAN_POINT('Ctrl Pts',(108.966125640217,115.886299355173,-25.5278352768926));
#5870=CARTESIAN_POINT('Ctrl Pts',(109.258497165612,115.247410212383,-25.3607142424156));
#5871=CARTESIAN_POINT('Ctrl Pts',(109.472461573039,114.920792646522,-25.238609337785));
#5872=CARTESIAN_POINT('Ctrl Pts',(110.028771300605,114.286551752765,-24.92325392139));
#5873=CARTESIAN_POINT('Ctrl Pts',(110.385386198863,114.001322077821,-24.7223145919583));
#5874=CARTESIAN_POINT('Ctrl Pts',(111.216486709503,113.534844306277,-24.2611662312132));
#5875=CARTESIAN_POINT('Ctrl Pts',(111.699167953074,113.3749270237,-23.9975012696424));
#5876=CARTESIAN_POINT('Ctrl Pts',(112.684801027269,113.241541992867,-23.4734784256969));
#5877=CARTESIAN_POINT('Ctrl Pts',(113.18700029051,113.266165810353,-23.2135119425436));
#5878=CARTESIAN_POINT('Ctrl Pts',(113.67532992198,113.384797747398,-22.9687348053144));
#5879=CARTESIAN_POINT('',(102.02943188823,117.771743921451,-29.3539581734588));
#5880=CARTESIAN_POINT('Ctrl Pts',(102.02943188823,117.771743921451,-29.3539581734588));
#5881=CARTESIAN_POINT('Ctrl Pts',(104.473408247449,117.771743921451,-28.1336251769656));
#5882=CARTESIAN_POINT('Ctrl Pts',(106.583216392539,117.771743921451,-26.8938951998918));
#5883=CARTESIAN_POINT('Ctrl Pts',(108.762431045384,117.771743921451,-25.6445636155788));
#5884=CARTESIAN_POINT('',(95.3212279557304,117.771743921451,-32.2347468759957));
#5885=CARTESIAN_POINT('Ctrl Pts',(95.3212279557304,117.771743921451,-32.2347468759957));
#5886=CARTESIAN_POINT('Ctrl Pts',(95.4297118785682,118.135610060347,-32.1952202084595));
#5887=CARTESIAN_POINT('Ctrl Pts',(95.5957465535905,118.476340712734,-32.134478331742));
#5888=CARTESIAN_POINT('Ctrl Pts',(96.0290901227661,119.09393312028,-31.9728774252146));
#5889=CARTESIAN_POINT('Ctrl Pts',(96.2946966804166,119.364266963618,-31.8725516597439));
#5890=CARTESIAN_POINT('Ctrl Pts',(96.9317171985826,119.835445661223,-31.6259125237224));
#5891=CARTESIAN_POINT('Ctrl Pts',(97.3072008776997,120.019240424382,-31.4772564917164));
#5892=CARTESIAN_POINT('Ctrl Pts',(98.1467390378853,120.262600616357,-31.1343719299205));
#5893=CARTESIAN_POINT('Ctrl Pts',(98.6104384512505,120.300943847073,-30.9388507656097));
#5894=CARTESIAN_POINT('Ctrl Pts',(99.56010967719,120.194479373313,-30.524601207202));
#5895=CARTESIAN_POINT('Ctrl Pts',(100.040184588098,120.033735381433,-30.3071655931753));
#5896=CARTESIAN_POINT('Ctrl Pts',(100.859029529828,119.543866432464,-29.9254817532389));
#5897=CARTESIAN_POINT('Ctrl Pts',(101.203988675444,119.235994499633,-29.7597588385601));
#5898=CARTESIAN_POINT('Ctrl Pts',(101.723408219973,118.538779584538,-29.5063993567355));
#5899=CARTESIAN_POINT('Ctrl Pts',(101.910523264305,118.17057557076,-29.4133319545493));
#5900=CARTESIAN_POINT('Ctrl Pts',(102.02943188823,117.771743921451,-29.3539581734588));
#5901=CARTESIAN_POINT('',(76.9520901407565,117.771743921451,-36.89));
#5902=CARTESIAN_POINT('Ctrl Pts',(76.9520901407565,117.771743921451,-36.89));
#5903=CARTESIAN_POINT('Ctrl Pts',(77.7893994255654,117.771743921451,-36.7425316831633));
#5904=CARTESIAN_POINT('Ctrl Pts',(78.6119701592418,117.771743921451,-36.5913700438454));
#5905=CARTESIAN_POINT('Ctrl Pts',(79.4197740776461,117.771743921451,-36.436507710946));
#5906=CARTESIAN_POINT('Ctrl Pts',(80.4922021360338,117.771743921451,-36.2309148595067));
#5907=CARTESIAN_POINT('Ctrl Pts',(81.5386023229759,117.771743921451,-36.0187998323858));
#5908=CARTESIAN_POINT('Ctrl Pts',(82.5588156638963,117.771743921451,-35.8001163036775));
#5909=CARTESIAN_POINT('Ctrl Pts',(83.4718503664205,117.771743921451,-35.6044066000571));
#5910=CARTESIAN_POINT('Ctrl Pts',(84.363905767355,117.771743921451,-35.4034347876292));
#5911=CARTESIAN_POINT('Ctrl Pts',(85.2348702414536,117.771743921451,-35.1971585322773));
#5912=CARTESIAN_POINT('Ctrl Pts',(85.9478554503986,117.771743921451,-35.0282975472473));
#5913=CARTESIAN_POINT('Ctrl Pts',(86.646705880617,117.771743921451,-34.8558815096918));
#5914=CARTESIAN_POINT('Ctrl Pts',(87.331396412045,117.771743921451,-34.6798895674952));
#5915=CARTESIAN_POINT('Ctrl Pts',(87.9474862038896,117.771743921451,-34.5215306680256));
#5916=CARTESIAN_POINT('Ctrl Pts',(88.5521107734672,117.771743921451,-34.3602763607681));
#5917=CARTESIAN_POINT('Ctrl Pts',(89.1452939819088,117.771743921451,-34.1961166858899));
#5918=CARTESIAN_POINT('Ctrl Pts',(89.6993441128124,117.771743921451,-34.0427868409768));
#5919=CARTESIAN_POINT('Ctrl Pts',(90.243412202888,117.771743921451,-33.8869222144445));
#5920=CARTESIAN_POINT('Ctrl Pts',(90.7775644224175,117.771743921451,-33.7285214084623));
#5921=CARTESIAN_POINT('Ctrl Pts',(91.272860797636,117.771743921451,-33.5816431550989));
#5922=CARTESIAN_POINT('Ctrl Pts',(91.759631328374,117.771743921451,-33.4325842397012));
#5923=CARTESIAN_POINT('Ctrl Pts',(92.2379742107578,117.771743921451,-33.2813505067498));
#5924=CARTESIAN_POINT('Ctrl Pts',(92.7021685715201,117.771743921451,-33.1345899954545));
#5925=CARTESIAN_POINT('Ctrl Pts',(93.1584261799611,117.771743921451,-32.9857813451242));
#5926=CARTESIAN_POINT('Ctrl Pts',(93.6068845782193,117.771743921451,-32.8349375766319));
#5927=CARTESIAN_POINT('Ctrl Pts',(94.0394264685342,117.771743921451,-32.6894474954577));
#5928=CARTESIAN_POINT('Ctrl Pts',(94.4647127987476,117.771743921451,-32.5420641459952));
#5929=CARTESIAN_POINT('Ctrl Pts',(94.8829149909311,117.771743921451,-32.3928073036784));
#5930=CARTESIAN_POINT('Ctrl Pts',(95.0298908639628,117.771743921451,-32.3403514459247));
#5931=CARTESIAN_POINT('Ctrl Pts',(95.1759921951048,117.771743921451,-32.2876642620421));
#5932=CARTESIAN_POINT('Ctrl Pts',(95.3212279557262,117.771743921451,-32.2347468759973));
#5933=CARTESIAN_POINT('',(76.9520901407565,121.271743921451,-36.89));
#5934=CARTESIAN_POINT('',(76.9520901407565,121.271743921451,-36.89));
#5935=CARTESIAN_POINT('',(113.67532992198,121.271743921451,-22.9687348053144));
#5936=CARTESIAN_POINT('Ctrl Pts',(113.67532992198,121.271743921451,-22.9687348053144));
#5937=CARTESIAN_POINT('Ctrl Pts',(113.310971347848,121.271743921451,-23.1513709653044));
#5938=CARTESIAN_POINT('Ctrl Pts',(112.292469726567,121.271743921451,-23.6722968229048));
#5939=CARTESIAN_POINT('Ctrl Pts',(110.673585267724,121.271743921451,-24.5444863125544));
#5940=CARTESIAN_POINT('Ctrl Pts',(108.521628672148,121.271743921451,-25.7755485057421));
#5941=CARTESIAN_POINT('Ctrl Pts',(105.834697126569,121.271743921451,-27.3441762588083));
#5942=CARTESIAN_POINT('Ctrl Pts',(102.797917132878,121.271743921451,-29.015431784296));
#5943=CARTESIAN_POINT('Ctrl Pts',(99.5224873648225,121.271743921451,-30.6032490736015));
#5944=CARTESIAN_POINT('Ctrl Pts',(95.8936010477677,121.271743921451,-32.0894776878775));
#5945=CARTESIAN_POINT('Ctrl Pts',(91.850353460559,121.271743921451,-33.4652995947771));
#5946=CARTESIAN_POINT('Ctrl Pts',(87.3654810422682,121.271743921451,-34.7278900323595));
#5947=CARTESIAN_POINT('Ctrl Pts',(83.4204115312512,121.271743921451,-35.6479344061733));
#5948=CARTESIAN_POINT('Ctrl Pts',(80.2629433663955,121.271743921451,-36.2881860638728));
#5949=CARTESIAN_POINT('Ctrl Pts',(78.0703163290579,121.271743921451,-36.6930561265433));
#5950=CARTESIAN_POINT('Ctrl Pts',(76.9520901407565,121.271743921451,-36.89));
#5951=CARTESIAN_POINT('',(113.67532992198,119.091318201327,-22.9687348053144));
#5952=CARTESIAN_POINT('',(113.67532992198,121.271743921451,-22.9687348053144));
#5953=CARTESIAN_POINT('',(113.222992967033,119.261844421425,-23.1977049518065));
#5954=CARTESIAN_POINT('Ctrl Pts',(113.222992967033,119.261844421425,-23.1977049518065));
#5955=CARTESIAN_POINT('Ctrl Pts',(113.336278511884,119.233843792019,-23.1398084054342));
#5956=CARTESIAN_POINT('Ctrl Pts',(113.447733421882,119.196031936266,-23.083259782491));
#5957=CARTESIAN_POINT('Ctrl Pts',(113.556027683028,119.148424915583,-23.0286924419696));
#5958=CARTESIAN_POINT('Ctrl Pts',(113.596255024987,119.130740655305,-23.0084226784222));
#5959=CARTESIAN_POINT('Ctrl Pts',(113.636045741822,119.11170480947,-22.9884261542268));
#5960=CARTESIAN_POINT('Ctrl Pts',(113.67532992198,119.091318201327,-22.9687348053144));
#5961=CARTESIAN_POINT('',(113.20319396698,119.271743921451,-23.2078277358348));
#5962=CARTESIAN_POINT('Ctrl Pts',(113.20319396698,119.271743921451,-23.2078277358347));
#5963=CARTESIAN_POINT('Ctrl Pts',(113.209793173253,119.268444318315,-23.2044523239036));
#5964=CARTESIAN_POINT('Ctrl Pts',(113.216392836531,119.265144486676,-23.2010780631967));
#5965=CARTESIAN_POINT('Ctrl Pts',(113.222992967033,119.261844421425,-23.1977049518065));
#5966=CARTESIAN_POINT('',(113.181058011978,119.271743921451,-23.2191551920503));
#5967=CARTESIAN_POINT('Ctrl Pts',(113.181058011978,119.271743921451,-23.2191551920503));
#5968=CARTESIAN_POINT('Ctrl Pts',(113.188434393963,119.271743921451,-23.2153788063912));
#5969=CARTESIAN_POINT('Ctrl Pts',(113.195813043441,119.271743921451,-23.2116029864252));
#5970=CARTESIAN_POINT('Ctrl Pts',(113.203193966981,119.271743921451,-23.2078277358347));
#5971=CARTESIAN_POINT('Ctrl Pts',(110.681058016982,117.271743921451,-24.5583144438231));
#5972=CARTESIAN_POINT('Ctrl Pts',(110.681058014025,117.278561678809,-24.5583144454678));
#5973=CARTESIAN_POINT('Ctrl Pts',(110.681092023049,117.285380160891,-24.5582955326537));
#5974=CARTESIAN_POINT('Ctrl Pts',(110.681160066968,117.292199117277,-24.5582576927786));
#5975=CARTESIAN_POINT('Ctrl Pts',(110.681832761845,117.359612592921,-24.5578836007106));
#5976=CARTESIAN_POINT('Ctrl Pts',(110.685829780778,117.426889891621,-24.5556606104399));
#5977=CARTESIAN_POINT('Ctrl Pts',(110.693118996505,117.493790243646,-24.5516081716877));
#5978=CARTESIAN_POINT('Ctrl Pts',(110.703816944627,117.591975908913,-24.5456606485015));
#5979=CARTESIAN_POINT('Ctrl Pts',(110.721554146406,117.688877640431,-24.5358010132211));
#5980=CARTESIAN_POINT('Ctrl Pts',(110.746035070727,117.783782906972,-24.5222083161757));
#5981=CARTESIAN_POINT('Ctrl Pts',(110.783299944708,117.928247746266,-24.5015175066368));
#5982=CARTESIAN_POINT('Ctrl Pts',(110.835732387322,118.066375649646,-24.4724298266983));
#5983=CARTESIAN_POINT('Ctrl Pts',(110.901391201474,118.196308384333,-24.4361155461218));
#5984=CARTESIAN_POINT('Ctrl Pts',(110.934527331593,118.261881728277,-24.4177887648371));
#5985=CARTESIAN_POINT('Ctrl Pts',(110.971033066473,118.32536781774,-24.3976215798382));
#5986=CARTESIAN_POINT('Ctrl Pts',(111.010663609688,118.386527802102,-24.3757654069658));
#5987=CARTESIAN_POINT('Ctrl Pts',(111.130172036143,118.570959629174,-24.3098567260254));
#5988=CARTESIAN_POINT('Ctrl Pts',(111.276180268129,118.731389419447,-24.2296450585203));
#5989=CARTESIAN_POINT('Ctrl Pts',(111.440513713289,118.864538764835,-24.1401073097293));
#5990=CARTESIAN_POINT('Ctrl Pts',(111.549542377228,118.952878026621,-24.0807025968703));
#5991=CARTESIAN_POINT('Ctrl Pts',(111.666126486508,119.028829629461,-24.0174726394276));
#5992=CARTESIAN_POINT('Ctrl Pts',(111.788125309117,119.0920223862,-23.9517151568973));
#5993=CARTESIAN_POINT('Ctrl Pts',(111.888080708041,119.143797125283,-23.8978391008998));
#5994=CARTESIAN_POINT('Ctrl Pts',(111.991670840391,119.187007154931,-23.8422665365155));
#5995=CARTESIAN_POINT('Ctrl Pts',(112.097691822642,119.221448327304,-23.7857088763505));
#5996=CARTESIAN_POINT('Ctrl Pts',(112.21524649828,119.259636247854,-23.7229984839893));
#5997=CARTESIAN_POINT('Ctrl Pts',(112.335611404286,119.286992279936,-23.6591729308726));
#5998=CARTESIAN_POINT('Ctrl Pts',(112.457332424758,119.303390747425,-23.5950675203888));
#5999=CARTESIAN_POINT('Ctrl Pts',(112.573322336616,119.319017109998,-23.5339804469911));
#6000=CARTESIAN_POINT('Ctrl Pts',(112.690543858797,119.32469346739,-23.4726394259449));
#6001=CARTESIAN_POINT('Ctrl Pts',(112.807691230546,119.320311072754,-23.4117580311727));
#6002=CARTESIAN_POINT('Ctrl Pts',(112.8311404048,119.319433856869,-23.399571514194));
#6003=CARTESIAN_POINT('Ctrl Pts',(112.854586444996,119.318153614012,-23.3874033777768));
#6004=CARTESIAN_POINT('Ctrl Pts',(112.878018628751,119.316469472012,-23.3752592889193));
#6005=CARTESIAN_POINT('Ctrl Pts',(112.97974637933,119.309157990545,-23.3225373209115));
#6006=CARTESIAN_POINT('Ctrl Pts',(113.081047293472,119.294244894,-23.2703563152969));
#6007=CARTESIAN_POINT('Ctrl Pts',(113.18105801198,119.271743921451,-23.2191551920493));
#6008=CARTESIAN_POINT('Ctrl Pts',(138.67532992198,121.271743921451,-17.39));
#6009=CARTESIAN_POINT('Ctrl Pts',(138.67532992198,-7.72825607854918,-17.39));
#6010=CARTESIAN_POINT('Ctrl Pts',(133.877336284412,121.271743921451,-17.39));
#6011=CARTESIAN_POINT('Ctrl Pts',(133.877336284412,-7.72825607854918,-17.39));
#6012=CARTESIAN_POINT('Ctrl Pts',(129.121069624906,121.271743921451,-17.8291150780792));
#6013=CARTESIAN_POINT('Ctrl Pts',(129.121069624906,-7.72825607854918,-17.8291150780792));
#6014=CARTESIAN_POINT('Ctrl Pts',(120.118422024342,121.271743921451,-20.0282772784629));
#6015=CARTESIAN_POINT('Ctrl Pts',(120.118422024342,-7.72825607854918,-20.0282772784629));
#6016=CARTESIAN_POINT('Ctrl Pts',(116.630635271557,121.271743921451,-21.4873764430731));
#6017=CARTESIAN_POINT('Ctrl Pts',(116.630635271557,-7.72825607854918,-21.4873764430731));
#6018=CARTESIAN_POINT('Ctrl Pts',(113.67532992198,121.271743921451,-22.9687348053144));
#6019=CARTESIAN_POINT('Ctrl Pts',(113.67532992198,-7.72825607854918,-22.9687348053144));
#6020=CARTESIAN_POINT('Ctrl Pts',(113.67532992198,119.091318201327,-22.9687348053144));
#6021=CARTESIAN_POINT('Ctrl Pts',(113.787211427402,119.033257058131,-22.912653763245));
#6022=CARTESIAN_POINT('Ctrl Pts',(113.894459542074,118.964500144394,-22.8593134810202));
#6023=CARTESIAN_POINT('Ctrl Pts',(113.995342924817,118.885463174539,-22.8094670704002));
#6024=CARTESIAN_POINT('Ctrl Pts',(114.072267599925,118.825196626547,-22.7714586408849));
#6025=CARTESIAN_POINT('Ctrl Pts',(114.145490020532,118.758953019396,-22.7354812966942));
#6026=CARTESIAN_POINT('Ctrl Pts',(114.214223449411,118.686916656421,-22.7018631786348));
#6027=CARTESIAN_POINT('Ctrl Pts',(114.328936672152,118.566690974592,-22.6457559433637));
#6028=CARTESIAN_POINT('Ctrl Pts',(114.429938278703,118.431570854312,-22.5968098367834));
#6029=CARTESIAN_POINT('Ctrl Pts',(114.5138079582,118.283824681469,-22.5563707838072));
#6030=CARTESIAN_POINT('Ctrl Pts',(114.541423914845,118.235175969226,-22.543055326535));
#6031=CARTESIAN_POINT('Ctrl Pts',(114.567182684402,118.185158337796,-22.5306620364047));
#6032=CARTESIAN_POINT('Ctrl Pts',(114.590963720101,118.133852768016,-22.5192386267184));
#6033=CARTESIAN_POINT('Ctrl Pts',(114.639739077191,118.028624067366,-22.4958089959112));
#6034=CARTESIAN_POINT('Ctrl Pts',(114.679728554123,117.918951555987,-22.4766813727073));
#6035=CARTESIAN_POINT('Ctrl Pts',(114.710224457547,117.805962188514,-22.4621180538987));
#6036=CARTESIAN_POINT('Ctrl Pts',(114.7252025784,117.750467246208,-22.4549652522222));
#6037=CARTESIAN_POINT('Ctrl Pts',(114.737891280251,117.694172178085,-22.4489135450057));
#6038=CARTESIAN_POINT('Ctrl Pts',(114.748211435599,117.63721050648,-22.4439944210453));
#6039=CARTESIAN_POINT('Ctrl Pts',(114.760595742232,117.568855837036,-22.4380914149924));
#6040=CARTESIAN_POINT('Ctrl Pts',(114.76951595255,117.499813741748,-22.4338446045231));
#6041=CARTESIAN_POINT('Ctrl Pts',(114.77490627663,117.430352617408,-22.431278701528));
#6042=CARTESIAN_POINT('Ctrl Pts',(114.778457125275,117.384595454087,-22.4295884259455));
#6043=CARTESIAN_POINT('Ctrl Pts',(114.780471596406,117.338716002645,-22.4286298612929));
#6044=CARTESIAN_POINT('Ctrl Pts',(114.780943149293,117.292793165974,-22.4284054600489));
#6045=CARTESIAN_POINT('Ctrl Pts',(114.781389533203,117.249321445339,-22.4281930361462));
#6046=CARTESIAN_POINT('Ctrl Pts',(114.780452881529,117.205852644353,-22.4286387065285));
#6047=CARTESIAN_POINT('Ctrl Pts',(114.778135923413,117.162453888549,-22.4297414480581));
#6048=CARTESIAN_POINT('Ctrl Pts',(114.775051484586,117.104679513358,-22.4312094671682));
#6049=CARTESIAN_POINT('Ctrl Pts',(114.76952528456,117.047112746431,-22.4338397589615));
#6050=CARTESIAN_POINT('Ctrl Pts',(114.761585618209,116.989909314356,-22.4376217048081));
#6051=CARTESIAN_POINT('Ctrl Pts',(114.746035675631,116.877875628714,-22.4450286962547));
#6052=CARTESIAN_POINT('Ctrl Pts',(114.72130558828,116.76778588505,-22.4568145192241));
#6053=CARTESIAN_POINT('Ctrl Pts',(114.687872453711,116.660716775128,-22.472798150391));
#6054=CARTESIAN_POINT('Ctrl Pts',(114.684897665924,116.651190062043,-22.4742203296573));
#6055=CARTESIAN_POINT('Ctrl Pts',(114.681854010181,116.641687263158,-22.4756757461285));
#6056=CARTESIAN_POINT('Ctrl Pts',(114.678741841781,116.632209136924,-22.4771642741325));
#6057=CARTESIAN_POINT('Ctrl Pts',(114.637782403152,116.507466937988,-22.4967548822153));
#6058=CARTESIAN_POINT('Ctrl Pts',(114.585420613856,116.388334603019,-22.5218560359193));
#6059=CARTESIAN_POINT('Ctrl Pts',(114.522992401393,116.27599561744,-22.5519433497085));
#6060=CARTESIAN_POINT('Ctrl Pts',(114.460730870692,116.163956574137,-22.5819503311238));
#6061=CARTESIAN_POINT('Ctrl Pts',(114.388458659659,116.058674652508,-22.6169173446316));
#6062=CARTESIAN_POINT('Ctrl Pts',(114.307538391937,115.961323883634,-22.6563222184919));
#6063=CARTESIAN_POINT('Ctrl Pts',(114.218326531905,115.853997951439,-22.6997647600249));
#6064=CARTESIAN_POINT('Ctrl Pts',(114.119637323302,115.757522785897,-22.7481008441298));
#6065=CARTESIAN_POINT('Ctrl Pts',(114.013575679566,115.672472405917,-22.8004620416588));
#6066=CARTESIAN_POINT('Ctrl Pts',(113.916563704439,115.594678916617,-22.8483555403206));
#6067=CARTESIAN_POINT('Ctrl Pts',(113.81338482446,115.526443757832,-22.8996164967278));
#6068=CARTESIAN_POINT('Ctrl Pts',(113.705609826911,115.468206195147,-22.9535670120331));
#6069=CARTESIAN_POINT('Ctrl Pts',(113.695556140128,115.462773560236,-22.9585997338606));
#6070=CARTESIAN_POINT('Ctrl Pts',(113.685462421405,115.457427923521,-22.9636558503578));
#6071=CARTESIAN_POINT('Ctrl Pts',(113.67532992198,115.452169641575,-22.9687348053144));
#6072=CARTESIAN_POINT('',(138.67532992198,108.771743921451,-17.39));
#6073=CARTESIAN_POINT('Ctrl Pts',(138.67532992198,108.771743921451,-17.39));
#6074=CARTESIAN_POINT('Ctrl Pts',(134.132365699175,111.043226032853,-17.39));
#6075=CARTESIAN_POINT('Ctrl Pts',(129.622640815863,113.29808847451,-17.7836748291758));
#6076=CARTESIAN_POINT('Ctrl Pts',(120.508497706793,117.855160029044,-19.8645463127452));
#6077=CARTESIAN_POINT('Ctrl Pts',(116.79210484703,119.713356458926,-21.4064391869929));
#6078=CARTESIAN_POINT('Ctrl Pts',(113.67532992198,121.271743921451,-22.9687348053144));
#6079=CARTESIAN_POINT('',(138.67532992198,12.271743921451,-17.39));
#6080=CARTESIAN_POINT('',(138.67532992198,121.271743921451,-17.39));
#6081=CARTESIAN_POINT('Ctrl Pts',(113.67532992198,-4.39492274521572,-22.9687348053144));
#6082=CARTESIAN_POINT('Ctrl Pts',(114.09990383328,-4.11187347101558,-22.7559154721162));
#6083=CARTESIAN_POINT('Ctrl Pts',(114.534982661101,-3.82137944126071,-22.5437974754968));
#6084=CARTESIAN_POINT('Ctrl Pts',(114.981630983202,-3.52286494573464,-22.3333813256725));
#6085=CARTESIAN_POINT('Ctrl Pts',(115.408778501622,-3.23738368527378,-22.1321520099325));
#6086=CARTESIAN_POINT('Ctrl Pts',(115.846507066102,-2.94456702227395,-21.9324783786427));
#6087=CARTESIAN_POINT('Ctrl Pts',(116.295793461598,-2.64391140919503,-21.735236163211));
#6088=CARTESIAN_POINT('Ctrl Pts',(116.726356177848,-2.35578539709921,-21.5462138716686));
#6089=CARTESIAN_POINT('Ctrl Pts',(117.167533315348,-2.06046018560226,-21.3594239898792));
#6090=CARTESIAN_POINT('Ctrl Pts',(117.620230252141,-1.75749259492717,-21.175647522071));
#6091=CARTESIAN_POINT('Ctrl Pts',(118.055953206775,-1.46588484802572,-20.9987617977872));
#6092=CARTESIAN_POINT('Ctrl Pts',(118.502348167139,-1.16719708332211,-20.8246673199656));
#6093=CARTESIAN_POINT('Ctrl Pts',(118.960267618936,-0.861034126612523,-20.6540772952226));
#6094=CARTESIAN_POINT('Ctrl Pts',(119.395603714369,-0.569970303888159,-20.4919003119128));
#6095=CARTESIAN_POINT('Ctrl Pts',(119.84135564963,-0.272150420765684,-20.3328903895549));
#6096=CARTESIAN_POINT('Ctrl Pts',(120.298297916565,0.0327650661943727,-20.1776805203581));
#6097=CARTESIAN_POINT('Ctrl Pts',(120.744077124973,0.330231495203789,-20.0262624143207));
#6098=CARTESIAN_POINT('Ctrl Pts',(121.200506471056,0.634451072924204,-19.8784606859617));
#6099=CARTESIAN_POINT('Ctrl Pts',(121.668346932968,0.945739060736841,-19.7348866773279));
#6100=CARTESIAN_POINT('Ctrl Pts',(122.119435732221,1.24588095968769,-19.5964535309218));
#6101=CARTESIAN_POINT('Ctrl Pts',(122.581133090556,1.55259414307325,-19.4619505995107));
#6102=CARTESIAN_POINT('Ctrl Pts',(123.054161277641,1.86616120530246,-19.3319511853583));
#6103=CARTESIAN_POINT('Ctrl Pts',(123.501204868626,2.1625032613166,-19.2090929572119));
#6104=CARTESIAN_POINT('Ctrl Pts',(123.958368757037,2.46496687757875,-19.090257033674));
#6105=CARTESIAN_POINT('Ctrl Pts',(124.426297957772,2.77379058909496,-18.9759515252978));
#6106=CARTESIAN_POINT('Ctrl Pts',(124.565820567037,2.86587266041218,-18.9418690129073));
#6107=CARTESIAN_POINT('Ctrl Pts',(124.705494603247,2.95852017950967,-18.9083878306072));
#6108=CARTESIAN_POINT('Ctrl Pts',(124.84532399629,3.05173946971162,-18.8755025557007));
#6109=CARTESIAN_POINT('Ctrl Pts',(126.42752406493,4.10653606251748,-18.5033985003094));
#6110=CARTESIAN_POINT('Ctrl Pts',(128.016089697615,5.1655804036359,-18.2107784051051));
#6111=CARTESIAN_POINT('Ctrl Pts',(129.609942308127,6.22814953329964,-17.9872592495118));
#6112=CARTESIAN_POINT('Ctrl Pts',(132.61536187423,8.23176394003204,-17.5657843658314));
#6113=CARTESIAN_POINT('Ctrl Pts',(135.63958071069,10.2479111139244,-17.39));
#6114=CARTESIAN_POINT('Ctrl Pts',(138.67532992198,12.2717439214509,-17.39));
#6115=CARTESIAN_POINT('',(135.17532992198,14.144887076159,-17.472110770501));
#6116=CARTESIAN_POINT('Ctrl Pts',(135.17532992198,14.144887076159,-17.472110770501));
#6117=CARTESIAN_POINT('Ctrl Pts',(125.699319451785,7.82754676269536,-17.9282755317253));
#6118=CARTESIAN_POINT('Ctrl Pts',(119.127921590537,3.44661485519699,-20.2356019108542));
#6119=CARTESIAN_POINT('Ctrl Pts',(113.67532992198,-0.188446257174384,-22.9687348053144));
#6120=CARTESIAN_POINT('',(135.17532992198,106.608624960826,-17.472110770501));
#6121=CARTESIAN_POINT('Ctrl Pts',(135.17532992198,106.608624960826,-17.472110770501));
#6122=CARTESIAN_POINT('Ctrl Pts',(135.17532992198,75.7873789992705,-17.472110770501));
#6123=CARTESIAN_POINT('Ctrl Pts',(135.17532992198,44.9661330377147,-17.472110770501));
#6124=CARTESIAN_POINT('Ctrl Pts',(135.17532992198,14.144887076159,-17.472110770501));
#6125=CARTESIAN_POINT('',(116.504312679591,115.944133582021,-21.6442864666723));
#6126=CARTESIAN_POINT('Ctrl Pts',(116.504312679591,115.944133582021,-21.6442864666724));
#6127=CARTESIAN_POINT('Ctrl Pts',(121.566259281469,113.413160281082,-19.4483181280457));
#6128=CARTESIAN_POINT('Ctrl Pts',(127.447403862152,110.47258799074,-17.8441246635764));
#6129=CARTESIAN_POINT('Ctrl Pts',(135.17532992198,106.608624960826,-17.472110770501));
#6130=CARTESIAN_POINT('Ctrl Pts',(113.67532992198,113.384797747398,-22.9687348053144));
#6131=CARTESIAN_POINT('Ctrl Pts',(114.134114408429,113.496252160167,-22.7387672875537));
#6132=CARTESIAN_POINT('Ctrl Pts',(114.577662365059,113.689979614779,-22.5237022025413));
#6133=CARTESIAN_POINT('Ctrl Pts',(115.366700604291,114.227045930116,-22.1520077358262));
#6134=CARTESIAN_POINT('Ctrl Pts',(115.710185223495,114.559147744085,-21.9956359786292));
#6135=CARTESIAN_POINT('Ctrl Pts',(116.20531474101,115.25502624889,-21.7745363529196));
#6136=CARTESIAN_POINT('Ctrl Pts',(116.379153779455,115.588414445086,-21.6985827687891));
#6137=CARTESIAN_POINT('Ctrl Pts',(116.504312679591,115.944133582021,-21.6442864666723));
#6138=CARTESIAN_POINT('Origin',(113.20319396698,119.271743921451,-17.89));
#6139=CARTESIAN_POINT('',(113.20319396698,119.271743921451,-14.89));
#6140=CARTESIAN_POINT('',(113.20319396698,119.271743921451,-17.89));
#6141=CARTESIAN_POINT('',(113.181058011978,119.271743921451,-14.89));
#6142=CARTESIAN_POINT('',(113.20319396698,119.271743921451,-14.89));
#6143=CARTESIAN_POINT('',(113.181058011978,119.271743921451,-17.89));
#6144=CARTESIAN_POINT('Origin',(136.67532992198,107.535675943952,-17.89));
#6145=CARTESIAN_POINT('',(113.222992967033,119.261844421425,-14.89));
#6146=CARTESIAN_POINT('',(113.222992967033,119.261844421425,-17.89));
#6147=CARTESIAN_POINT('',(136.67532992198,107.535675943952,-14.89));
#6148=CARTESIAN_POINT('Origin',(107.464227371052,-3.72825607854905,-17.89));
#6149=CARTESIAN_POINT('',(105.476137835845,-4.22825607854905,-5.15297896018206));
#6150=CARTESIAN_POINT('',(105.476137835845,-4.22825607854905,-5.1290689901));
#6151=CARTESIAN_POINT('',(105.476137835845,-4.22825607854905,-17.89));
#6152=CARTESIAN_POINT('',(109.395767952104,-3.04148757042526,-5.1290689901));
#6153=CARTESIAN_POINT('Origin',(107.464227371052,-3.72825607854905,-5.1290689901));
#6154=CARTESIAN_POINT('',(109.395767952104,-3.04148757042526,-6.33974746830584));
#6155=CARTESIAN_POINT('',(109.395767952104,-3.04148757042526,-17.89));
#6156=CARTESIAN_POINT('',(108.449006549793,-1.93028222748246,-4.89));
#6157=CARTESIAN_POINT('Origin',(107.464227371052,-3.72825607854905,-5.83974746830585));
#6158=CARTESIAN_POINT('',(105.414227371052,-3.72825607854905,-4.89));
#6159=CARTESIAN_POINT('Origin',(107.464227371052,-3.72825607854905,-4.89));
#6160=CARTESIAN_POINT('',(105.414227371052,-3.72825607854905,-17.89));
#6161=CARTESIAN_POINT('',(108.19920513105,-5.64197175552638,-14.89));
#6162=CARTESIAN_POINT('',(108.19920513105,-5.64197175552638,-17.89));
#6163=CARTESIAN_POINT('',(107.914227371055,-5.72825607854847,-14.89));
#6164=CARTESIAN_POINT('Origin',(107.464227371052,-3.72825607854905,-14.89));
#6165=CARTESIAN_POINT('',(107.914227371055,-5.72825607854847,-17.89));
#6166=CARTESIAN_POINT('',(105.425797978244,-3.94575460851466,-4.89));
#6167=CARTESIAN_POINT('Origin',(107.464227371052,-3.72825607854905,-4.89));
#6168=CARTESIAN_POINT('Origin',(107.464227371052,-3.72825607854905,-5.83974746830585));
#6169=CARTESIAN_POINT('Origin',(108.67532992198,-7.72825607854905,7.11));
#6170=CARTESIAN_POINT('',(138.67532992198,12.271743921451,-4.89));
#6171=CARTESIAN_POINT('',(138.67532992198,12.271743921451,7.11));
#6172=CARTESIAN_POINT('',(108.67532992198,-7.72825607854905,-4.89));
#6173=CARTESIAN_POINT('',(83.9253299219801,-24.228256078549,-4.89));
#6174=CARTESIAN_POINT('',(108.67532992198,-7.72825607854905,7.11));
#6175=CARTESIAN_POINT('Origin',(138.67532992198,108.771743921451,7.11));
#6176=CARTESIAN_POINT('',(113.67532992198,121.271743921451,-4.89));
#6177=CARTESIAN_POINT('',(113.67532992198,121.271743921451,7.11));
#6178=CARTESIAN_POINT('',(138.67532992198,108.771743921451,-4.89));
#6179=CARTESIAN_POINT('',(91.2753299219801,132.471743921451,-4.89));
#6180=CARTESIAN_POINT('',(138.67532992198,108.771743921451,7.11));
#6181=CARTESIAN_POINT('Origin',(-150.32467007802,121.271743921451,7.11));
#6182=CARTESIAN_POINT('',(-5.82467007801982,121.271743921451,-36.89));
#6183=CARTESIAN_POINT('',(-78.0746700780197,121.271743921451,-36.89));
#6184=CARTESIAN_POINT('',(-5.82467007801982,121.271743921451,7.11));
#6185=CARTESIAN_POINT('',(-5.82467007801982,121.271743921451,-3.89247922160541));
#6186=CARTESIAN_POINT('',(86.8425141919826,121.271743921451,7.11));
#6187=CARTESIAN_POINT('',(-150.32467007802,121.271743921451,7.11));
#6188=CARTESIAN_POINT('',(-10.1301393663528,121.271743921451,50.4774890629949));
#6189=CARTESIAN_POINT('Origin',(-5.82467007801971,56.7717439214509,-36.89));
#6190=CARTESIAN_POINT('',(-5.82467007801982,117.771743921451,-36.89));
#6191=CARTESIAN_POINT('',(-78.0746700780197,117.771743921451,-36.89));
#6192=CARTESIAN_POINT('',(-5.82467007801982,56.7717439214508,-36.89));
#6193=CARTESIAN_POINT('Origin',(98.6753299219801,116.771743921451,-38.89));
#6194=CARTESIAN_POINT('',(102.02943188823,117.771743921451,-28.89));
#6195=CARTESIAN_POINT('',(102.02943188823,117.771743921451,-38.89));
#6196=CARTESIAN_POINT('',(95.3212279557304,117.771743921451,-28.89));
#6197=CARTESIAN_POINT('Origin',(98.6753299219801,116.771743921451,-28.89));
#6198=CARTESIAN_POINT('',(95.3212279557304,117.771743921451,-38.89));
#6199=CARTESIAN_POINT('Origin',(-150.32467007802,117.771743921451,7.11));
#6200=CARTESIAN_POINT('',(95.3212279557304,117.771743921451,-18.89));
#6201=CARTESIAN_POINT('',(95.3212279557304,117.771743921451,-38.89));
#6202=CARTESIAN_POINT('',(96.8857769051628,117.771743921451,-18.89));
#6203=CARTESIAN_POINT('',(-25.8246700780198,117.771743921451,-18.89));
#6204=CARTESIAN_POINT('',(100.464882938797,117.771743921451,-18.89));
#6205=CARTESIAN_POINT('',(-25.8246700780198,117.771743921451,-18.89));
#6206=CARTESIAN_POINT('',(102.02943188823,117.771743921451,-18.89));
#6207=CARTESIAN_POINT('',(-25.8246700780198,117.771743921451,-18.89));
#6208=CARTESIAN_POINT('',(102.02943188823,117.771743921451,-38.89));
#6209=CARTESIAN_POINT('',(108.762431045384,117.771743921451,-4.89));
#6210=CARTESIAN_POINT('',(108.762431045384,117.771743921451,-17.89));
#6211=CARTESIAN_POINT('',(109.607358111391,117.771743921451,-4.89));
#6212=CARTESIAN_POINT('',(-18.8534923661169,117.771743921451,-4.89));
#6213=CARTESIAN_POINT('',(90.6007803026425,117.771743921451,3.61));
#6214=CARTESIAN_POINT('',(-10.8081346681177,117.771743921451,48.9614454798231));
#6215=CARTESIAN_POINT('',(-5.82467007801982,117.771743921451,3.61));
#6216=CARTESIAN_POINT('',(-78.0746700780198,117.771743921451,3.61));
#6217=CARTESIAN_POINT('',(-5.82467007801982,117.771743921451,-3.89247922160541));
#6218=CARTESIAN_POINT('',(7.22532992198017,117.771743921451,-16.64));
#6219=CARTESIAN_POINT('Origin',(5.17532992198018,117.771743921451,-16.64));
#6220=CARTESIAN_POINT('Origin',(112.731058011981,117.271743921451,-17.89));
#6221=CARTESIAN_POINT('',(116.504312679591,115.944133582021,-6.33974746830583));
#6222=CARTESIAN_POINT('',(116.504312679591,115.944133582021,-17.89));
#6223=CARTESIAN_POINT('',(115.781714958425,114.684565497934,-4.89));
#6224=CARTESIAN_POINT('Origin',(112.731058011981,117.271743921451,-5.83974746830586));
#6225=CARTESIAN_POINT('Origin',(112.731058011981,117.271743921451,-4.89));
#6226=CARTESIAN_POINT('Origin',(5.17532992198018,121.271743921451,-16.64));
#6227=CARTESIAN_POINT('',(7.22532992198017,121.271743921451,-16.64));
#6228=CARTESIAN_POINT('Origin',(5.17532992198018,121.271743921451,-16.64));
#6229=CARTESIAN_POINT('',(7.22532992198017,121.271743921451,-16.64));
#6230=CARTESIAN_POINT('Origin',(-5.82467007801979,56.7717439214509,7.11));
#6231=CARTESIAN_POINT('',(-5.82467007801982,-7.72825607854905,7.11));
#6232=CARTESIAN_POINT('',(-5.82467007801982,-2.72825607854911,7.11));
#6233=CARTESIAN_POINT('',(-5.82467007801982,56.7717439214508,7.11));
#6234=CARTESIAN_POINT('',(87.0420222691962,-7.72825607854905,7.11));
#6235=CARTESIAN_POINT('',(-150.32467007802,-7.72825607854905,7.11));
#6236=CARTESIAN_POINT('',(138.67532992198,26.6939490233069,7.11));
#6237=CARTESIAN_POINT('',(77.2689275672774,-14.2436525464949,7.11));
#6238=CARTESIAN_POINT('',(138.67532992198,95.3553360564521,7.11));
#6239=CARTESIAN_POINT('',(138.67532992198,-7.72825607854905,7.11));
#6240=CARTESIAN_POINT('',(85.9087667759806,121.738617629452,7.11));
#6241=CARTESIAN_POINT('',(-5.82467007801982,116.271743921451,7.11));
#6242=CARTESIAN_POINT('',(-5.82467007801982,56.7717439214508,7.11));
#6243=CARTESIAN_POINT('',(89.7253299219801,116.271743921451,7.11));
#6244=CARTESIAN_POINT('',(41.6753299219801,116.271743921451,7.11));
#6245=CARTESIAN_POINT('',(91.7253299219801,114.271743921451,7.11));
#6246=CARTESIAN_POINT('Origin',(89.7253299219801,114.271743921451,7.11));
#6247=CARTESIAN_POINT('',(91.7253299219803,-0.728256078548979,7.11));
#6248=CARTESIAN_POINT('',(91.7253299219802,28.021743921451,7.11));
#6249=CARTESIAN_POINT('',(89.7253299219803,-2.72825607854898,7.11));
#6250=CARTESIAN_POINT('Origin',(89.7253299219803,-0.728256078548979,7.11));
#6251=CARTESIAN_POINT('',(-53.3246700780197,-2.72825607854917,7.11));
#6252=CARTESIAN_POINT('',(101.249830812816,41.444505144623,7.11));
#6253=CARTESIAN_POINT('',(98.5454386413278,47.2440928721506,7.11));
#6254=CARTESIAN_POINT('',(88.7524096882703,68.2453112347334,7.11));
#6255=CARTESIAN_POINT('',(104.889593150584,50.2024207043355,7.11));
#6256=CARTESIAN_POINT('Origin',(101.717515895956,48.723256788243,7.11));
#6257=CARTESIAN_POINT('',(107.593985322072,44.4028329768078,7.11));
#6258=CARTESIAN_POINT('',(93.7443681117829,74.103432930682,7.11));
#6259=CARTESIAN_POINT('',(111.714925499825,39.0785307683806,7.11));
#6260=CARTESIAN_POINT('Origin',(106.214925499825,39.0785307683806,7.11));
#6261=CARTESIAN_POINT('Origin',(106.214925499825,39.0785307683806,7.11));
#6262=CARTESIAN_POINT('',(119.031731471714,64.3445590254652,7.11));
#6263=CARTESIAN_POINT('',(121.736123643202,58.5449712979376,7.11));
#6264=CARTESIAN_POINT('',(109.331946293135,85.1458154683858,7.11));
#6265=CARTESIAN_POINT('',(125.857063820955,53.2206690895104,7.11));
#6266=CARTESIAN_POINT('Origin',(120.357063820955,53.2206690895104,7.11));
#6267=CARTESIAN_POINT('',(115.391969133946,55.5866434657527,7.11));
#6268=CARTESIAN_POINT('Origin',(120.357063820955,53.2206690895104,7.11));
#6269=CARTESIAN_POINT('',(112.687576962458,61.3862311932804,7.11));
#6270=CARTESIAN_POINT('',(104.339987869622,79.2876937724371,7.11));
#6271=CARTESIAN_POINT('Origin',(115.859654217086,62.8653951093728,7.11));
#6272=CARTESIAN_POINT('',(104.792836168949,88.6149424137265,7.11));
#6273=CARTESIAN_POINT('',(107.497228340436,82.8153546861989,7.11));
#6274=CARTESIAN_POINT('',(101.012676528736,96.7215209227935,7.11));
#6275=CARTESIAN_POINT('',(111.618168518189,77.4910524777717,7.11));
#6276=CARTESIAN_POINT('Origin',(106.118168518189,77.4910524777717,7.11));
#6277=CARTESIAN_POINT('',(101.15307383118,79.857026854014,7.11));
#6278=CARTESIAN_POINT('Origin',(106.118168518189,77.4910524777717,7.11));
#6279=CARTESIAN_POINT('',(98.448681659692,85.6566145815417,7.11));
#6280=CARTESIAN_POINT('',(96.0207181052233,90.8633992268448,7.11));
#6281=CARTESIAN_POINT('Origin',(101.62075891432,87.1357784976341,7.11));
#6282=CARTESIAN_POINT('',(118.934974490079,102.757080734856,7.11));
#6283=CARTESIAN_POINT('',(121.639366661566,96.9574930073286,7.11));
#6284=CARTESIAN_POINT('',(116.600254710088,107.763903460497,7.11));
#6285=CARTESIAN_POINT('',(125.760306839319,91.6331907989015,7.11));
#6286=CARTESIAN_POINT('Origin',(120.260306839319,91.6331907989015,7.11));
#6287=CARTESIAN_POINT('',(115.29521215231,93.9991651751437,7.11));
#6288=CARTESIAN_POINT('Origin',(120.260306839319,91.6331907989015,7.11));
#6289=CARTESIAN_POINT('',(112.590819980822,99.7987529026714,7.11));
#6290=CARTESIAN_POINT('',(111.608296286575,101.905781764549,7.11));
#6291=CARTESIAN_POINT('Origin',(115.76289723545,101.277916818764,7.11));
#6292=CARTESIAN_POINT('Origin',(138.67532992198,-7.72825607854905,7.11));
#6293=CARTESIAN_POINT('',(107.985328849583,-7.72825607854904,-4.50725626974593));
#6294=CARTESIAN_POINT('',(105.592492827207,-7.72825607854905,-3.17994965859919));
#6295=CARTESIAN_POINT('',(107.347951410384,-7.72825607854905,-4.15370287915265));
#6296=CARTESIAN_POINT('',(105.592492827207,-7.72825607854905,-3.17994965859919));
#6297=CARTESIAN_POINT('',(106.350668177184,-7.72825607854905,-3.60050967400438));
#6298=CARTESIAN_POINT('',(105.592492827207,-7.72825607854905,-3.17994965859919));
#6299=CARTESIAN_POINT('',(105.713290737985,-7.72825607854905,-3.2469562834111));
#6300=CARTESIAN_POINT('',(105.592492827207,-7.72825607854905,-3.17994965859919));
#6301=CARTESIAN_POINT('',(104.716007504785,-7.72825607854905,-2.69376307826283));
#6302=CARTESIAN_POINT('',(105.592492827207,-7.72825607854905,-3.17994965859919));
#6303=CARTESIAN_POINT('',(104.078630065586,-7.72825607854905,-2.34020968766956));
#6304=CARTESIAN_POINT('',(105.592492827207,-7.72825607854905,-3.17994965859919));
#6305=CARTESIAN_POINT('',(103.081346832386,-7.72825607854906,-1.78701648252129));
#6306=CARTESIAN_POINT('',(105.592492827207,-7.72825607854905,-3.17994965859919));
#6307=CARTESIAN_POINT('',(102.443969393186,-7.72825607854906,-1.43346309192801));
#6308=CARTESIAN_POINT('',(105.592492827207,-7.72825607854905,-3.17994965859919));
#6309=CARTESIAN_POINT('',(101.446686159986,-7.72825607854905,-0.88026988677973));
#6310=CARTESIAN_POINT('',(105.592492827207,-7.72825607854905,-3.17994965859919));
#6311=CARTESIAN_POINT('',(100.809308720787,-7.72825607854905,-0.526716496186452));
#6312=CARTESIAN_POINT('',(105.592492827207,-7.72825607854905,-3.17994965859919));
#6313=CARTESIAN_POINT('',(99.8120254875869,-7.72825607854906,0.0264767089618179));
#6314=CARTESIAN_POINT('',(105.592492827207,-7.72825607854905,-3.17994965859919));
#6315=CARTESIAN_POINT('',(99.1746480483878,-7.72825607854906,0.380030099555095));
#6316=CARTESIAN_POINT('',(105.592492827207,-7.72825607854905,-3.17994965859919));
#6317=CARTESIAN_POINT('',(98.1773648151876,-7.72825607854906,0.933223304703366));
#6318=CARTESIAN_POINT('',(105.592492827207,-7.72825607854905,-3.17994965859919));
#6319=CARTESIAN_POINT('',(97.5399873759885,-7.72825607854906,1.28677669529664));
#6320=CARTESIAN_POINT('',(105.592492827207,-7.72825607854905,-3.17994965859919));
#6321=CARTESIAN_POINT('',(96.5427041427884,-7.72825607854905,1.83996990044491));
#6322=CARTESIAN_POINT('',(105.592492827207,-7.72825607854905,-3.17994965859919));
#6323=CARTESIAN_POINT('',(95.9053267035893,-7.72825607854905,2.19352329103819));
#6324=CARTESIAN_POINT('',(105.592492827207,-7.72825607854905,-3.17994965859919));
#6325=CARTESIAN_POINT('',(94.9080434703891,-7.72825607854905,2.74671649618646));
#6326=CARTESIAN_POINT('',(105.592492827207,-7.72825607854905,-3.17994965859919));
#6327=CARTESIAN_POINT('',(94.2706660311899,-7.72825607854905,3.10026988677974));
#6328=CARTESIAN_POINT('',(105.592492827207,-7.72825607854905,-3.17994965859919));
#6329=CARTESIAN_POINT('',(93.2733827979898,-7.72825607854905,3.65346309192801));
#6330=CARTESIAN_POINT('',(105.592492827207,-7.72825607854905,-3.17994965859919));
#6331=CARTESIAN_POINT('',(92.6360053587907,-7.72825607854905,4.00701648252129));
#6332=CARTESIAN_POINT('',(105.592492827207,-7.72825607854905,-3.17994965859919));
#6333=CARTESIAN_POINT('',(91.6387221255905,-7.72825607854905,4.56020968766956));
#6334=CARTESIAN_POINT('',(105.592492827207,-7.72825607854905,-3.17994965859919));
#6335=CARTESIAN_POINT('',(91.0013446863914,-7.72825607854905,4.91376307826284));
#6336=CARTESIAN_POINT('',(105.592492827207,-7.72825607854905,-3.17994965859919));
#6337=CARTESIAN_POINT('',(90.0040614531912,-7.72825607854906,5.46695628341111));
#6338=CARTESIAN_POINT('',(105.592492827207,-7.72825607854905,-3.17994965859919));
#6339=CARTESIAN_POINT('',(89.3666840139921,-7.72825607854906,5.82050967400439));
#6340=CARTESIAN_POINT('',(105.592492827207,-7.72825607854905,-3.17994965859919));
#6341=CARTESIAN_POINT('',(88.3694007807919,-7.72825607854906,6.37370287915266));
#6342=CARTESIAN_POINT('',(105.592492827207,-7.72825607854905,-3.17994965859919));
#6343=CARTESIAN_POINT('',(87.7320233415928,-7.72825607854906,6.72725626974594));
#6344=CARTESIAN_POINT('',(105.592492827207,-7.72825607854905,-3.17994965859919));
#6345=CARTESIAN_POINT('',(105.592492827207,-7.72825607854905,-3.17994965859919));
#6346=CARTESIAN_POINT('',(-5.82467007801982,-7.72825607854905,-36.89));
#6347=CARTESIAN_POINT('',(-5.82467007801982,-7.72825607854906,-3.89247922160541));
#6348=CARTESIAN_POINT('',(66.4253299219802,-7.72825607854905,-36.89));
#6349=CARTESIAN_POINT('Origin',(83.4553299219801,114.901743921451,4.96));
#6350=CARTESIAN_POINT('',(-5.82467007801983,114.901743921451,3.61));
#6351=CARTESIAN_POINT('',(-5.82467007801982,114.901743921451,6.06));
#6352=CARTESIAN_POINT('',(-5.82467007801982,114.901743921451,-4.96747922160541));
#6353=CARTESIAN_POINT('',(87.0053299219801,114.901743921451,3.61));
#6354=CARTESIAN_POINT('',(38.8153299219801,114.901743921451,3.61));
#6355=CARTESIAN_POINT('',(87.0053299219801,114.901743921451,6.06));
#6356=CARTESIAN_POINT('',(87.0053299219801,114.901743921451,4.96));
#6357=CARTESIAN_POINT('',(38.8153299219801,114.901743921451,6.06));
#6358=CARTESIAN_POINT('Origin',(-100.82467007802,-2.72825607854923,6.06));
#6359=CARTESIAN_POINT('',(-5.82467007801982,-2.72825607854911,6.06));
#6360=CARTESIAN_POINT('',(-5.82467007801982,-2.72825607854911,-4.41747922160541));
#6361=CARTESIAN_POINT('',(89.7253299219803,-2.72825607854898,6.06));
#6362=CARTESIAN_POINT('',(89.7253299219803,-2.72825607854898,6.06));
#6363=CARTESIAN_POINT('',(-100.82467007802,-2.72825607854923,6.06));
#6364=CARTESIAN_POINT('Origin',(-5.82467007801971,56.7717439214509,-36.89));
#6365=CARTESIAN_POINT('',(-5.82467007801982,56.7717439214508,-36.89));
#6366=CARTESIAN_POINT('Origin',(137.11008233773,105.641248752951,7.11));
#6367=CARTESIAN_POINT('',(135.17532992198,106.608624960826,-6.33974746830587));
#6368=CARTESIAN_POINT('',(135.17532992198,106.608624960826,7.11));
#6369=CARTESIAN_POINT('',(113.41008233773,117.491248752951,-6.33974746830585));
#6370=CARTESIAN_POINT('Origin',(106.214925499825,39.0785307683806,7.11));
#6371=CARTESIAN_POINT('',(101.249830812816,41.444505144623,5.51));
#6372=CARTESIAN_POINT('',(101.249830812816,41.444505144623,7.11));
#6373=CARTESIAN_POINT('',(111.714925499825,39.0785307683806,3.61));
#6374=CARTESIAN_POINT('',(111.714925499825,39.0785307683806,7.11));
#6375=CARTESIAN_POINT('',(100.726874545046,38.7161818788375,3.61));
#6376=CARTESIAN_POINT('Origin',(106.214925499825,39.0785307683806,3.61));
#6377=CARTESIAN_POINT('',(101.198114495649,41.3327728468587,3.61));
#6378=CARTESIAN_POINT('Ctrl Pts',(101.198114495649,41.3327728468587,3.61));
#6379=CARTESIAN_POINT('Ctrl Pts',(101.141993219004,41.2078750637279,3.61));
#6380=CARTESIAN_POINT('Ctrl Pts',(101.090373638435,41.0805108375119,3.60663346106752));
#6381=CARTESIAN_POINT('Ctrl Pts',(100.981159302721,40.7788891971933,3.59666059224069));
#6382=CARTESIAN_POINT('Ctrl Pts',(100.926940423846,40.6021925211258,3.58945875221899));
#6383=CARTESIAN_POINT('Ctrl Pts',(100.845960875608,40.2808474390752,3.58160035944006));
#6384=CARTESIAN_POINT('Ctrl Pts',(100.815940613152,40.1380312764109,3.57987501360802));
#6385=CARTESIAN_POINT('Ctrl Pts',(100.766215436749,39.8431852569076,3.58113344402381));
#6386=CARTESIAN_POINT('Ctrl Pts',(100.747197778679,39.6926276602564,3.58429066384613));
#6387=CARTESIAN_POINT('Ctrl Pts',(100.716900960225,39.3335758560739,3.59499389388489));
#6388=CARTESIAN_POINT('Ctrl Pts',(100.711241655,39.1266256083852,3.60369389726564));
#6389=CARTESIAN_POINT('Ctrl Pts',(100.719197189045,38.8512350690166,3.60917905449466));
#6390=CARTESIAN_POINT('Ctrl Pts',(100.722437173017,38.7833892706632,3.61000000000001));
#6391=CARTESIAN_POINT('Ctrl Pts',(100.726874545046,38.7161818788361,3.61));
#6392=CARTESIAN_POINT('Origin',(106.214925499825,39.0785307683806,3.61));
#6393=CARTESIAN_POINT('',(107.593985322072,44.4028329768078,5.51));
#6394=CARTESIAN_POINT('',(107.593985322072,44.4028329768078,7.11));
#6395=CARTESIAN_POINT('Origin',(106.214925499825,39.0785307683806,5.51));
#6396=CARTESIAN_POINT('Origin',(-5.82467007801979,56.7717439214509,3.61));
#6397=CARTESIAN_POINT('',(128.109891019919,90.2189674153405,3.61));
#6398=CARTESIAN_POINT('Origin',(130.159891019919,90.2189674153405,3.61));
#6399=CARTESIAN_POINT('Origin',(130.159891019919,90.2189674153405,-3.));
#6400=CARTESIAN_POINT('',(127.159891019919,90.2189674153405,-3.));
#6401=CARTESIAN_POINT('Origin',(130.159891019919,90.2189674153405,-3.));
#6402=CARTESIAN_POINT('',(128.109891019919,90.2189674153405,-3.));
#6403=CARTESIAN_POINT('Origin',(130.159891019919,90.2189674153405,-3.));
#6404=CARTESIAN_POINT('Origin',(130.159891019919,90.2189674153405,3.61));
#6405=CARTESIAN_POINT('',(128.109891019919,90.2189674153405,3.61));
#6406=CARTESIAN_POINT('Origin',(-5.82467007801979,56.7717439214509,3.61));
#6407=CARTESIAN_POINT('',(94.1687655229644,40.878808301738,3.61));
#6408=CARTESIAN_POINT('Origin',(96.2187655229644,40.878808301738,3.61));
#6409=CARTESIAN_POINT('Origin',(96.2187655229644,40.878808301738,-3.));
#6410=CARTESIAN_POINT('',(93.2187655229644,40.878808301738,-3.));
#6411=CARTESIAN_POINT('Origin',(96.2187655229644,40.878808301738,-3.));
#6412=CARTESIAN_POINT('',(94.1687655229644,40.878808301738,-3.));
#6413=CARTESIAN_POINT('Origin',(96.2187655229644,40.878808301738,-3.));
#6414=CARTESIAN_POINT('Origin',(96.2187655229644,40.878808301738,3.61));
#6415=CARTESIAN_POINT('',(94.1687655229644,40.878808301738,3.61));
#6416=CARTESIAN_POINT('Origin',(-5.82467007801979,56.7717439214509,3.61));
#6417=CARTESIAN_POINT('',(94.1687655229643,78.9052589163557,3.61));
#6418=CARTESIAN_POINT('Origin',(96.2187655229643,78.9052589163557,3.61));
#6419=CARTESIAN_POINT('Origin',(96.2187655229643,78.9052589163556,-3.));
#6420=CARTESIAN_POINT('',(93.2187655229643,78.9052589163557,-3.));
#6421=CARTESIAN_POINT('Origin',(96.2187655229643,78.9052589163557,-3.));
#6422=CARTESIAN_POINT('',(94.1687655229643,78.9052589163557,-3.));
#6423=CARTESIAN_POINT('Origin',(96.2187655229643,78.9052589163557,-3.));
#6424=CARTESIAN_POINT('Origin',(96.2187655229643,78.9052589163557,3.61));
#6425=CARTESIAN_POINT('',(94.1687655229643,78.9052589163557,3.61));
#6426=CARTESIAN_POINT('Origin',(-5.82467007801979,56.7717439214509,3.61));
#6427=CARTESIAN_POINT('',(128.109891019919,52.1925168007228,3.61));
#6428=CARTESIAN_POINT('Origin',(130.159891019919,52.1925168007228,3.61));
#6429=CARTESIAN_POINT('Origin',(130.159891019919,52.1925168007228,-3.));
#6430=CARTESIAN_POINT('',(127.159891019919,52.1925168007228,-3.));
#6431=CARTESIAN_POINT('Origin',(130.159891019919,52.1925168007228,-3.));
#6432=CARTESIAN_POINT('',(128.109891019919,52.1925168007228,-3.));
#6433=CARTESIAN_POINT('Origin',(130.159891019919,52.1925168007228,-3.));
#6434=CARTESIAN_POINT('Origin',(130.159891019919,52.1925168007228,3.61));
#6435=CARTESIAN_POINT('',(128.109891019919,52.1925168007228,3.61));
#6436=CARTESIAN_POINT('Origin',(96.2187655229644,40.878808301738,3.61));
#6437=CARTESIAN_POINT('',(93.2187655229644,40.878808301738,1.61));
#6438=CARTESIAN_POINT('',(93.2187655229644,40.878808301738,3.61));
#6439=CARTESIAN_POINT('Origin',(96.2187655229644,40.878808301738,1.61));
#6440=CARTESIAN_POINT('Origin',(96.2187655229644,40.878808301738,1.61));
#6441=CARTESIAN_POINT('',(91.2187655229644,40.878808301738,3.61));
#6442=CARTESIAN_POINT('Origin',(91.2187655229644,40.878808301738,1.61));
#6443=CARTESIAN_POINT('Origin',(96.2187655229644,40.878808301738,3.61));
#6444=CARTESIAN_POINT('Origin',(96.2187655229644,40.878808301738,3.61));
#6445=CARTESIAN_POINT('Origin',(130.159891019919,90.2189674153405,3.61));
#6446=CARTESIAN_POINT('',(127.159891019919,90.2189674153405,1.61));
#6447=CARTESIAN_POINT('',(127.159891019919,90.2189674153405,3.61));
#6448=CARTESIAN_POINT('Origin',(130.159891019919,90.2189674153405,1.61));
#6449=CARTESIAN_POINT('Origin',(130.159891019919,90.2189674153405,1.61));
#6450=CARTESIAN_POINT('',(125.575377132494,90.2189674153406,3.56636685983414));
#6451=CARTESIAN_POINT('Origin',(125.159891019919,90.2189674153405,1.61));
#6452=CARTESIAN_POINT('',(125.760306839319,91.6331907989014,3.57381837921387));
#6453=CARTESIAN_POINT('Ctrl Pts',(125.575377132494,90.2189674153408,3.56636685983414));
#6454=CARTESIAN_POINT('Ctrl Pts',(125.597370794359,90.3016261099849,3.5616959255337));
#6455=CARTESIAN_POINT('Ctrl Pts',(125.617490276658,90.3850036809754,3.55752218855632));
#6456=CARTESIAN_POINT('Ctrl Pts',(125.66673982984,90.6124008258453,3.5486891261032));
#6457=CARTESIAN_POINT('Ctrl Pts',(125.691938662718,90.7562384092027,3.54590692934126));
#6458=CARTESIAN_POINT('Ctrl Pts',(125.731663879559,91.0524553983627,3.54737701293132));
#6459=CARTESIAN_POINT('Ctrl Pts',(125.745500548254,91.202456216978,3.55184058093281));
#6460=CARTESIAN_POINT('Ctrl Pts',(125.75794054021,91.4467926876618,3.56311574839724));
#6461=CARTESIAN_POINT('Ctrl Pts',(125.760306839319,91.5400909358908,3.56832419884965));
#6462=CARTESIAN_POINT('Ctrl Pts',(125.760306839319,91.6331907989014,3.57381837921387));
#6463=CARTESIAN_POINT('',(125.696039572026,92.4715282360827,3.61));
#6464=CARTESIAN_POINT('Ctrl Pts',(125.760306839319,91.6331907989014,3.57381837921387));
#6465=CARTESIAN_POINT('Ctrl Pts',(125.760306839319,91.7462979608916,3.58049326710697));
#6466=CARTESIAN_POINT('Ctrl Pts',(125.756812786081,91.8591126411772,3.58758427046401));
#6467=CARTESIAN_POINT('Ctrl Pts',(125.739470549017,92.1407413938381,3.60300266187254));
#6468=CARTESIAN_POINT('Ctrl Pts',(125.7213210739,92.3076044016272,3.61));
#6469=CARTESIAN_POINT('Ctrl Pts',(125.696039572026,92.4715282360827,3.61));
#6470=CARTESIAN_POINT('',(125.243877129157,89.3063845830247,3.61));
#6471=CARTESIAN_POINT('Origin',(130.159891019919,90.2189674153405,3.61));
#6472=CARTESIAN_POINT('Ctrl Pts',(125.243877129157,89.3063845830256,3.61));
#6473=CARTESIAN_POINT('Ctrl Pts',(125.337658296047,89.507245760837,3.60999999999996));
#6474=CARTESIAN_POINT('Ctrl Pts',(125.419452742722,89.714130238115,3.59762535099918));
#6475=CARTESIAN_POINT('Ctrl Pts',(125.520118676958,90.0223824439118,3.57824252445202));
#6476=CARTESIAN_POINT('Ctrl Pts',(125.549087010437,90.1201613509145,3.57195026079889));
#6477=CARTESIAN_POINT('Ctrl Pts',(125.575377132494,90.2189674153408,3.56636685983414));
#6478=CARTESIAN_POINT('Origin',(130.159891019919,52.1925168007228,3.61));
#6479=CARTESIAN_POINT('',(127.159891019919,52.1925168007228,1.61));
#6480=CARTESIAN_POINT('',(127.159891019919,52.1925168007228,3.61));
#6481=CARTESIAN_POINT('Origin',(130.159891019919,52.1925168007228,1.61));
#6482=CARTESIAN_POINT('Origin',(130.159891019919,52.1925168007228,1.61));
#6483=CARTESIAN_POINT('',(125.760109524172,52.1925168007228,3.51780967267479));
#6484=CARTESIAN_POINT('Origin',(125.159891019919,52.1925168007228,1.61));
#6485=CARTESIAN_POINT('',(125.857063820955,53.2206690895105,3.52524868397172));
#6486=CARTESIAN_POINT('Ctrl Pts',(125.760109524172,52.1925168007228,3.51780967267478));
#6487=CARTESIAN_POINT('Ctrl Pts',(125.784089116691,52.3185320182506,3.51026542161014));
#6488=CARTESIAN_POINT('Ctrl Pts',(125.803878222422,52.4463314039598,3.50531501848332));
#6489=CARTESIAN_POINT('Ctrl Pts',(125.836102552833,52.7199100871137,3.50262128447899));
#6490=CARTESIAN_POINT('Ctrl Pts',(125.847415412552,52.8634238683428,3.50562601345225));
#6491=CARTESIAN_POINT('Ctrl Pts',(125.855715476088,53.0801979591081,3.51608040762749));
#6492=CARTESIAN_POINT('Ctrl Pts',(125.857063820955,53.1503471386561,3.52033321534979));
#6493=CARTESIAN_POINT('Ctrl Pts',(125.857063820955,53.2206690895105,3.52524868397172));
#6494=CARTESIAN_POINT('',(125.711853838101,54.476146637007,3.61));
#6495=CARTESIAN_POINT('Ctrl Pts',(125.857063820955,53.2206690895105,3.52524868397172));
#6496=CARTESIAN_POINT('Ctrl Pts',(125.857063820955,53.3338503574953,3.5331599970768));
#6497=CARTESIAN_POINT('Ctrl Pts',(125.85357322286,53.4474778653689,3.54280663805107));
#6498=CARTESIAN_POINT('Ctrl Pts',(125.827599813084,53.8657703210334,3.57976150725098));
#6499=CARTESIAN_POINT('Ctrl Pts',(125.783252979156,54.1716191617711,3.61));
#6500=CARTESIAN_POINT('Ctrl Pts',(125.711853838101,54.476146637007,3.61));
#6501=CARTESIAN_POINT('',(125.334833466084,50.8814791955463,3.61));
#6502=CARTESIAN_POINT('Origin',(130.159891019919,52.1925168007228,3.61));
#6503=CARTESIAN_POINT('Ctrl Pts',(125.334833466084,50.8814791955463,3.61));
#6504=CARTESIAN_POINT('Ctrl Pts',(125.430168545241,51.0843511660385,3.61));
#6505=CARTESIAN_POINT('Ctrl Pts',(125.513988564866,51.2949254254603,3.59406755894659));
#6506=CARTESIAN_POINT('Ctrl Pts',(125.649725917662,51.7103452325371,3.55678971295295));
#6507=CARTESIAN_POINT('Ctrl Pts',(125.704452661647,51.9160028736862,3.53604583696129));
#6508=CARTESIAN_POINT('Ctrl Pts',(125.751761691272,52.1493537483504,3.5204715153639));
#6509=CARTESIAN_POINT('Ctrl Pts',(125.755997747557,52.1709089929915,3.5191032841106));
#6510=CARTESIAN_POINT('Ctrl Pts',(125.760109524172,52.1925168007228,3.51780967267478));
#6511=CARTESIAN_POINT('Origin',(96.2187655229643,78.9052589163557,3.61));
#6512=CARTESIAN_POINT('',(93.2187655229643,78.9052589163557,1.61));
#6513=CARTESIAN_POINT('',(93.2187655229643,78.9052589163557,3.61));
#6514=CARTESIAN_POINT('Origin',(96.2187655229643,78.9052589163557,1.61));
#6515=CARTESIAN_POINT('Origin',(96.2187655229643,78.9052589163557,1.61));
#6516=CARTESIAN_POINT('',(91.2187655229643,78.9052589163557,3.61));
#6517=CARTESIAN_POINT('Origin',(91.2187655229643,78.9052589163557,1.61));
#6518=CARTESIAN_POINT('',(101.134725614853,79.8181315114948,3.61));
#6519=CARTESIAN_POINT('Origin',(96.2187655229643,78.9052589163557,3.61));
#6520=CARTESIAN_POINT('',(100.682480203519,76.6524270871685,3.61));
#6521=CARTESIAN_POINT('Ctrl Pts',(101.134725614852,79.8181315114933,3.61));
#6522=CARTESIAN_POINT('Ctrl Pts',(101.052239688544,79.6414877885547,3.60999999999994));
#6523=CARTESIAN_POINT('Ctrl Pts',(100.978979691898,79.4600846127037,3.60040135565954));
#6524=CARTESIAN_POINT('Ctrl Pts',(100.852161355684,79.0901987073623,3.57771913313419));
#6525=CARTESIAN_POINT('Ctrl Pts',(100.798230511908,78.9007539756743,3.56473334023565));
#6526=CARTESIAN_POINT('Ctrl Pts',(100.72162357301,78.5631594089657,3.55011050699303));
#6527=CARTESIAN_POINT('Ctrl Pts',(100.694707109523,78.4175255219902,3.54648166104949));
#6528=CARTESIAN_POINT('Ctrl Pts',(100.652469604094,78.1222018279342,3.54645426204637));
#6529=CARTESIAN_POINT('Ctrl Pts',(100.637477195725,77.9749480390231,3.55004513514313));
#6530=CARTESIAN_POINT('Ctrl Pts',(100.616395386651,77.6298882821918,3.56459542067575));
#6531=CARTESIAN_POINT('Ctrl Pts',(100.615014001343,77.4332684154332,3.57753217894809));
#6532=CARTESIAN_POINT('Ctrl Pts',(100.633014853011,77.0417996590478,3.60030095281528));
#6533=CARTESIAN_POINT('Ctrl Pts',(100.652595793047,76.8461278057665,3.60999999999988));
#6534=CARTESIAN_POINT('Ctrl Pts',(100.682480203519,76.6524270871721,3.61));
#6535=CARTESIAN_POINT('Origin',(96.2187655229643,78.9052589163557,3.61));
#6536=CARTESIAN_POINT('Origin',(87.0053299219803,-0.358256078548993,4.96));
#6537=CARTESIAN_POINT('',(87.0053299219803,-1.35825607854899,3.61));
#6538=CARTESIAN_POINT('',(87.0053299219803,-1.35825607854899,6.06));
#6539=CARTESIAN_POINT('',(87.0053299219803,-1.35825607854899,4.96));
#6540=CARTESIAN_POINT('',(87.0053299219802,28.206743921451,6.06));
#6541=CARTESIAN_POINT('',(87.0053299219802,28.206743921451,3.61));
#6542=CARTESIAN_POINT('Origin',(76.6253299219802,4.27174392145086,-8.6));
#6543=CARTESIAN_POINT('',(72.6353299219804,0.27174392145081,-8.6));
#6544=CARTESIAN_POINT('',(95.4590290861043,0.27174392145081,-8.6));
#6545=CARTESIAN_POINT('',(72.6353299219804,0.27174392145081,-8.6));
#6546=CARTESIAN_POINT('',(72.6353299219804,8.27174392145081,-8.6));
#6547=CARTESIAN_POINT('',(72.6353299219804,8.27174392145081,-8.6));
#6548=CARTESIAN_POINT('',(95.4590290861043,8.27174392145081,-8.6));
#6549=CARTESIAN_POINT('',(92.4590290861043,8.27174392145081,-8.6));
#6550=CARTESIAN_POINT('',(95.4590290861043,2.27174392145084,-8.6));
#6551=CARTESIAN_POINT('',(76.62532992198,3.27179392270089,-8.6));
#6552=CARTESIAN_POINT('',(76.6253299219966,5.27169392020091,-8.6));
#6553=CARTESIAN_POINT('Origin',(76.6353299219802,4.27174392145082,-8.6));
#6554=CARTESIAN_POINT('Origin',(76.6153299219802,4.27174392145104,-8.6));
#6555=CARTESIAN_POINT('Origin',(76.6353299219802,4.27174392145082,-8.6));
#6556=CARTESIAN_POINT('',(76.62532992198,3.27179392270089,-5.1));
#6557=CARTESIAN_POINT('',(76.62532992198,3.27179392270089,-8.6));
#6558=CARTESIAN_POINT('',(76.6253299219966,5.27169392020091,-5.1));
#6559=CARTESIAN_POINT('Origin',(76.6353299219802,4.27174392145082,-5.1));
#6560=CARTESIAN_POINT('',(76.6253299219966,5.27169392020091,-8.6));
#6561=CARTESIAN_POINT('Origin',(76.6153299219802,4.27174392145104,-8.6));
#6562=CARTESIAN_POINT('Origin',(76.6153299219802,4.27174392145104,-5.1));
#6563=CARTESIAN_POINT('Origin',(95.4590290861043,0.27174392145081,-8.6));
#6564=CARTESIAN_POINT('',(95.4590290861043,8.27174392145081,3.61));
#6565=CARTESIAN_POINT('',(95.4590290861043,8.27174392145081,-8.6));
#6566=CARTESIAN_POINT('',(95.4590290861043,0.271743921450813,3.61));
#6567=CARTESIAN_POINT('',(95.4590290861043,28.5217439214508,3.61));
#6568=CARTESIAN_POINT('',(95.4590290861043,0.27174392145081,-8.6));
#6569=CARTESIAN_POINT('Origin',(92.4590290861043,8.27174392145081,-8.6));
#6570=CARTESIAN_POINT('',(88.4590290861043,8.27174392145081,-3.1));
#6571=CARTESIAN_POINT('',(88.4590290861043,8.27174392145081,3.61));
#6572=CARTESIAN_POINT('',(88.4590290861043,8.27174392145081,-8.6));
#6573=CARTESIAN_POINT('',(43.3171795040423,8.27174392145081,3.61));
#6574=CARTESIAN_POINT('',(72.6353299219804,8.27174392145081,-5.1));
#6575=CARTESIAN_POINT('',(72.6353299219804,8.27174392145081,-8.6));
#6576=CARTESIAN_POINT('',(86.4590290861043,8.27174392145081,-5.1));
#6577=CARTESIAN_POINT('',(92.4590290861043,8.27174392145081,-5.1));
#6578=CARTESIAN_POINT('Origin',(86.4590290861043,8.27174392145081,-3.1));
#6579=CARTESIAN_POINT('Origin',(72.6353299219804,8.27174392145081,-8.6));
#6580=CARTESIAN_POINT('',(72.6353299219804,0.27174392145081,-5.1));
#6581=CARTESIAN_POINT('',(72.6353299219804,0.27174392145081,-8.6));
#6582=CARTESIAN_POINT('',(72.6353299219804,8.27174392145081,-5.1));
#6583=CARTESIAN_POINT('Origin',(72.6353299219804,0.27174392145081,-8.6));
#6584=CARTESIAN_POINT('',(88.4590290861043,0.271743921450813,3.61));
#6585=CARTESIAN_POINT('',(39.3171795040423,0.271743921450813,3.61));
#6586=CARTESIAN_POINT('',(88.4590290861043,0.27174392145081,-3.1));
#6587=CARTESIAN_POINT('',(88.4590290861043,0.27174392145081,-8.6));
#6588=CARTESIAN_POINT('',(86.4590290861043,0.27174392145081,-5.1));
#6589=CARTESIAN_POINT('Origin',(86.4590290861043,0.27174392145081,-3.1));
#6590=CARTESIAN_POINT('',(72.6353299219804,0.27174392145081,-5.1));
#6591=CARTESIAN_POINT('Origin',(76.6253299219802,109.271743921451,-8.6));
#6592=CARTESIAN_POINT('',(95.4590290861043,105.271743921451,-8.6));
#6593=CARTESIAN_POINT('',(72.6353299219804,105.271743921451,-8.6));
#6594=CARTESIAN_POINT('',(92.4590290861043,105.271743921451,-8.6));
#6595=CARTESIAN_POINT('',(72.6353299219804,113.271743921451,-8.6));
#6596=CARTESIAN_POINT('',(72.6353299219804,105.271743921451,-8.6));
#6597=CARTESIAN_POINT('',(95.4590290861043,113.271743921451,-8.6));
#6598=CARTESIAN_POINT('',(72.6353299219804,113.271743921451,-8.6));
#6599=CARTESIAN_POINT('',(95.4590290861043,107.271743921451,-8.6));
#6600=CARTESIAN_POINT('',(76.6253299220076,108.271793922701,-8.6));
#6601=CARTESIAN_POINT('',(76.6253299219641,110.271693920201,-8.6));
#6602=CARTESIAN_POINT('Origin',(76.6353299219802,109.271743921451,-8.6));
#6603=CARTESIAN_POINT('Origin',(76.6153299219802,109.271743921451,-8.6));
#6604=CARTESIAN_POINT('Origin',(76.6353299219802,109.271743921451,-8.6));
#6605=CARTESIAN_POINT('',(76.6253299220076,108.271793922701,-5.1));
#6606=CARTESIAN_POINT('',(76.6253299220076,108.271793922701,-8.6));
#6607=CARTESIAN_POINT('',(76.6253299219641,110.271693920201,-5.1));
#6608=CARTESIAN_POINT('Origin',(76.6353299219802,109.271743921451,-5.1));
#6609=CARTESIAN_POINT('',(76.6253299219641,110.271693920201,-8.6));
#6610=CARTESIAN_POINT('Origin',(76.6153299219802,109.271743921451,-8.6));
#6611=CARTESIAN_POINT('Origin',(76.6153299219802,109.271743921451,-5.1));
#6612=CARTESIAN_POINT('Origin',(95.4590290861043,105.271743921451,-8.6));
#6613=CARTESIAN_POINT('',(95.4590290861043,113.271743921451,3.61));
#6614=CARTESIAN_POINT('',(95.4590290861043,113.271743921451,-8.6));
#6615=CARTESIAN_POINT('',(95.4590290861043,105.271743921451,3.61));
#6616=CARTESIAN_POINT('',(95.4590290861043,81.021743921451,3.61));
#6617=CARTESIAN_POINT('',(95.4590290861043,105.271743921451,-8.6));
#6618=CARTESIAN_POINT('Origin',(72.6353299219804,113.271743921451,-8.6));
#6619=CARTESIAN_POINT('',(72.6353299219804,105.271743921451,-5.1));
#6620=CARTESIAN_POINT('',(72.6353299219804,105.271743921451,-8.6));
#6621=CARTESIAN_POINT('',(72.6353299219804,113.271743921451,-5.1));
#6622=CARTESIAN_POINT('',(72.6353299219804,105.271743921451,-5.1));
#6623=CARTESIAN_POINT('',(72.6353299219804,113.271743921451,-8.6));
#6624=CARTESIAN_POINT('Origin',(72.6353299219804,105.271743921451,-8.6));
#6625=CARTESIAN_POINT('',(88.4590290861043,105.271743921451,3.61));
#6626=CARTESIAN_POINT('',(39.3171795040423,105.271743921451,3.61));
#6627=CARTESIAN_POINT('',(88.4590290861043,105.271743921451,-3.1));
#6628=CARTESIAN_POINT('',(88.4590290861043,105.271743921451,-8.6));
#6629=CARTESIAN_POINT('',(86.4590290861043,105.271743921451,-5.1));
#6630=CARTESIAN_POINT('Origin',(86.4590290861043,105.271743921451,-3.1));
#6631=CARTESIAN_POINT('',(92.4590290861043,105.271743921451,-5.1));
#6632=CARTESIAN_POINT('Origin',(92.4590290861043,113.271743921451,-8.6));
#6633=CARTESIAN_POINT('',(88.4590290861043,113.271743921451,-3.1));
#6634=CARTESIAN_POINT('',(88.4590290861043,113.271743921451,3.61));
#6635=CARTESIAN_POINT('',(88.4590290861043,113.271743921451,-8.6));
#6636=CARTESIAN_POINT('',(43.3171795040423,113.271743921451,3.61));
#6637=CARTESIAN_POINT('',(86.4590290861043,113.271743921451,-5.1));
#6638=CARTESIAN_POINT('',(72.6353299219804,113.271743921451,-5.1));
#6639=CARTESIAN_POINT('Origin',(86.4590290861043,113.271743921451,-3.1));
#6640=CARTESIAN_POINT('Origin',(88.5920483489804,127.105180775451,1.11));
#6641=CARTESIAN_POINT('',(138.67532992198,112.864451537007,-8.55062897616582));
#6642=CARTESIAN_POINT('Origin',(79.2243157986615,-17.176734893571,-1.36487373415292));
#6643=CARTESIAN_POINT('',(111.043674704839,-1.94288306860193,-6.33974746830584));
#6644=CARTESIAN_POINT('',(110.170426779356,-0.782668741107151,-4.89));
#6645=CARTESIAN_POINT('Origin',(107.464227371052,-3.72825607854905,-5.83974746830585));
#6646=CARTESIAN_POINT('',(94.3896113394182,-11.3032123677321,-4.89));
#6647=CARTESIAN_POINT('',(107.615615189918,-4.22825607854905,-6.33974746830584));
#6648=CARTESIAN_POINT('',(94.3588792351918,-13.0660800483666,-6.33974746830584));
#6649=CARTESIAN_POINT('',(104.728190674552,-4.22825607854905,-4.73809252304648));
#6650=CARTESIAN_POINT('',(94.3896113394182,-11.3032123677321,-4.89));
#6651=CARTESIAN_POINT('',(135.17532992198,26.1029953011238,3.61));
#6652=CARTESIAN_POINT('',(64.0897523621311,-21.2873897387755,3.61));
#6653=CARTESIAN_POINT('',(135.17532992198,14.144887076159,-6.33974746830583));
#6654=CARTESIAN_POINT('',(135.17532992198,41.0712689582431,16.0643565021355));
#6655=CARTESIAN_POINT('',(94.3588792351918,-13.0660800483666,-6.33974746830584));
#6656=CARTESIAN_POINT('Origin',(107.253951037945,-1.97825607854905,-4.89));
#6657=CARTESIAN_POINT('Origin',(107.464227371052,-3.72825607854905,-4.89));
#6658=CARTESIAN_POINT('Origin',(87.4852511679214,124.891586413333,-1.36487373415292));
#6659=CARTESIAN_POINT('',(110.681392249817,117.234726852238,-4.89));
#6660=CARTESIAN_POINT('',(100.988677729385,122.081084112454,-4.89));
#6661=CARTESIAN_POINT('',(110.681058011981,117.271743921451,-4.92295959753095));
#6662=CARTESIAN_POINT('Origin',(112.731058011981,117.271743921451,-5.83974746830586));
#6663=CARTESIAN_POINT('',(111.725446309114,119.058149559333,-6.98783401966721));
#6664=CARTESIAN_POINT('Origin',(112.731058011981,117.271743921451,-5.83974746830586));
#6665=CARTESIAN_POINT('',(112.568532740921,119.058149559333,-7.36487373415292));
#6666=CARTESIAN_POINT('',(112.568532740921,119.058149559333,-7.36487373415293));
#6667=CARTESIAN_POINT('',(114.638346578248,118.02324264067,-7.36487373415292));
#6668=CARTESIAN_POINT('',(137.568532740921,106.558149559333,-7.36487373415293));
#6669=CARTESIAN_POINT('',(113.931243813909,115.609801070192,-4.89));
#6670=CARTESIAN_POINT('Origin',(112.731058011981,117.271743921451,-5.83974746830586));
#6671=CARTESIAN_POINT('',(100.988677729385,122.081084112454,-4.89));
#6672=CARTESIAN_POINT('',(135.17532992198,95.484469111782,3.61));
#6673=CARTESIAN_POINT('',(135.17532992198,111.182680023543,-10.4309066895303));
#6674=CARTESIAN_POINT('',(61.5604199981126,132.291924073716,3.61));
#6675=CARTESIAN_POINT('Origin',(112.617685345786,115.521743921451,-4.89));
#6676=CARTESIAN_POINT('Origin',(112.731058011981,117.271743921451,-4.89));
#6677=CARTESIAN_POINT('Origin',(107.495182603449,-4.40987182448716,-5.1290689901));
#6678=CARTESIAN_POINT('',(107.615615189918,-4.22825607854905,-5.1290689901));
#6679=CARTESIAN_POINT('',(-119.264955345958,-4.22825607854905,-5.1290689901));
#6680=CARTESIAN_POINT('',(107.615615189918,-4.22825607854905,-5.1290689901));
#6681=CARTESIAN_POINT('Origin',(109.395767952104,-3.04148757042526,-17.89));
#6682=CARTESIAN_POINT('',(107.615615189918,-4.22825607854905,-17.89));
#6683=CARTESIAN_POINT('Origin',(107.615615189918,-4.22825607854905,-17.89));
#6684=CARTESIAN_POINT('Origin',(112.731058011981,117.271743921451,-17.89));
#6685=CARTESIAN_POINT('',(112.700213895963,119.321511869416,-7.07042572012386));
#6686=CARTESIAN_POINT('Origin',(112.731058011981,117.271743921451,-8.88999999999996));
#6687=CARTESIAN_POINT('Origin',(112.731058011981,117.271743921451,-9.83427190999912));
#6688=CARTESIAN_POINT('',(110.681058011981,117.271743921451,-17.89));
#6689=CARTESIAN_POINT('Origin',(112.731058011981,117.271743921451,-14.89));
#6690=CARTESIAN_POINT('Origin',(113.67532992198,121.271743921451,-4.89));
#6691=CARTESIAN_POINT('',(113.67532992198,121.271743921451,-4.89000000000001));
#6692=CARTESIAN_POINT('Origin',(86.8425141919825,121.271743921451,7.11));
#6693=CARTESIAN_POINT('Origin',(135.17532992198,121.271743921451,7.11));
#6694=CARTESIAN_POINT('',(135.17532992198,14.144887076159,-14.89));
#6695=CARTESIAN_POINT('',(135.17532992198,89.0217439214509,3.61));
#6696=CARTESIAN_POINT('Origin',(75.4253299219803,56.7717439214512,-14.89));
#6697=CARTESIAN_POINT('Origin',(75.4253299219803,56.7717439214512,-14.89));
#6698=CARTESIAN_POINT('',(108.069778646517,-5.72825607854847,-14.89));
#6699=CARTESIAN_POINT('',(108.069778646517,-5.72825607854847,-14.89));
#6700=CARTESIAN_POINT('',(-4.32467007801929,-5.72825607854906,-14.89));
#6701=CARTESIAN_POINT('Origin',(108.069778646517,-5.72825607854847,-17.89));
#6702=CARTESIAN_POINT('',(108.069778646517,-5.72825607854847,-17.89));
#6703=CARTESIAN_POINT('Origin',(89.7253299219801,114.271743921451,6.06));
#6704=CARTESIAN_POINT('',(91.7253299219801,114.271743921451,6.06));
#6705=CARTESIAN_POINT('',(89.7253299219801,116.271743921451,6.06));
#6706=CARTESIAN_POINT('Origin',(89.7253299219801,114.271743921451,6.06));
#6707=CARTESIAN_POINT('',(91.7253299219801,114.271743921451,6.06));
#6708=CARTESIAN_POINT('',(89.7253299219801,116.271743921451,6.06));
#6709=CARTESIAN_POINT('Origin',(91.7253299219803,-0.728256078548987,6.06));
#6710=CARTESIAN_POINT('',(91.7253299219803,-0.728256078548979,6.06));
#6711=CARTESIAN_POINT('',(91.7253299219803,-0.728256078548977,6.06));
#6712=CARTESIAN_POINT('',(91.7253299219802,28.021743921451,6.06));
#6713=CARTESIAN_POINT('Origin',(89.7253299219803,-0.728256078548979,6.06));
#6714=CARTESIAN_POINT('Origin',(89.7253299219803,-0.728256078548979,6.06));
#6715=CARTESIAN_POINT('Origin',(80.5971287446287,-19.235954312522,1.11));
#6716=CARTESIAN_POINT('',(138.67532992198,26.2339483083758,6.72725626974593));
#6717=CARTESIAN_POINT('',(108.078282755767,5.8359168642335,6.72725626974596));
#6718=CARTESIAN_POINT('',(138.67532992198,39.5921914631192,17.8419864184868));
#6719=CARTESIAN_POINT('Origin',(113.105618564217,9.39993321626691,6.19692618385612));
#6720=CARTESIAN_POINT('',(138.479213786842,26.1032042182837,6.02014948855938));
#6721=CARTESIAN_POINT('',(138.479213786842,26.5281225110831,6.37370287915266));
#6722=CARTESIAN_POINT('',(138.479213786842,26.9881232260142,6.75644660940673));
#6723=CARTESIAN_POINT('',(87.5359072064546,-7.43408187584178,6.37370287915266));
#6724=CARTESIAN_POINT('',(142.466081537926,29.1860343451391,6.37370287915265));
#6725=CARTESIAN_POINT('',(88.1732846456537,-7.43408187584178,6.02014948855938));
#6726=CARTESIAN_POINT('',(108.479213786842,-7.43408187584176,-5.24355339059328));
#6727=CARTESIAN_POINT('',(142.662197673064,28.8918601424318,6.02014948855937));
#6728=CARTESIAN_POINT('Origin',(138.67532992198,25.8090300155764,6.37370287915266));
#6729=CARTESIAN_POINT('',(138.67532992198,25.8090300155764,6.37370287915265));
#6730=CARTESIAN_POINT('',(138.67532992198,39.5921914631192,17.8419864184868));
#6731=CARTESIAN_POINT('',(138.67532992198,26.2339483083758,6.72725626974593));
#6732=CARTESIAN_POINT('',(138.67532992198,25.8090300155764,6.37370287915265));
#6733=CARTESIAN_POINT('Origin',(138.67532992198,26.2339483083758,6.72725626974593));
#6734=CARTESIAN_POINT('',(87.7320233415928,-7.72825607854906,6.72725626974594));
#6735=CARTESIAN_POINT('Origin',(87.7320233415928,-7.72825607854905,6.72725626974594));
#6736=CARTESIAN_POINT('',(88.3694007807919,-7.72825607854906,6.37370287915266));
#6737=CARTESIAN_POINT('Origin',(88.3694007807919,-7.72825607854905,6.37370287915265));
#6738=CARTESIAN_POINT('',(83.0233762527417,-11.2922724305826,6.37370287915268));
#6739=CARTESIAN_POINT('Origin',(80.5971287446287,-19.235954312522,1.11));
#6740=CARTESIAN_POINT('',(138.67532992198,25.1441745267763,5.82050967400439));
#6741=CARTESIAN_POINT('',(108.329769013059,4.91380058749544,5.82050967400441));
#6742=CARTESIAN_POINT('',(138.67532992198,39.5921914631192,17.8419864184868));
#6743=CARTESIAN_POINT('Origin',(113.922948900417,8.85504632546715,5.29017958811458));
#6744=CARTESIAN_POINT('',(138.479213786842,25.0134304366841,5.11340289281783));
#6745=CARTESIAN_POINT('',(138.479213786842,25.4383487294835,5.46695628341111));
#6746=CARTESIAN_POINT('',(138.479213786842,26.9881232260142,6.75644660940673));
#6747=CARTESIAN_POINT('',(89.1705678788539,-7.43408187584178,5.46695628341112));
#6748=CARTESIAN_POINT('',(142.96905405251,28.4315755732625,5.46695628341111));
#6749=CARTESIAN_POINT('',(89.807945318053,-7.43408187584178,5.11340289281783));
#6750=CARTESIAN_POINT('',(108.479213786842,-7.43408187584178,-5.24355339059328));
#6751=CARTESIAN_POINT('',(143.165170187648,28.1374013705552,5.11340289281783));
#6752=CARTESIAN_POINT('Origin',(138.67532992198,24.7192562339769,5.46695628341111));
#6753=CARTESIAN_POINT('',(138.67532992198,24.7192562339769,5.4669562834111));
#6754=CARTESIAN_POINT('',(138.67532992198,39.5921914631192,17.8419864184868));
#6755=CARTESIAN_POINT('',(138.67532992198,25.1441745267763,5.82050967400439));
#6756=CARTESIAN_POINT('',(138.67532992198,24.7192562339769,5.4669562834111));
#6757=CARTESIAN_POINT('Origin',(138.67532992198,25.1441745267763,5.82050967400439));
#6758=CARTESIAN_POINT('',(89.3666840139921,-7.72825607854906,5.82050967400439));
#6759=CARTESIAN_POINT('Origin',(89.3666840139921,-7.72825607854905,5.82050967400439));
#6760=CARTESIAN_POINT('',(90.0040614531912,-7.72825607854906,5.46695628341111));
#6761=CARTESIAN_POINT('Origin',(90.0040614531912,-7.72825607854905,5.4669562834111));
#6762=CARTESIAN_POINT('',(84.0921928462335,-11.6695018165209,5.46695628341113));
#6763=CARTESIAN_POINT('Origin',(80.5971287446287,-19.235954312522,1.11));
#6764=CARTESIAN_POINT('',(138.67532992198,24.0544007451767,4.91376307826284));
#6765=CARTESIAN_POINT('',(108.581255270351,3.99168431075738,4.91376307826286));
#6766=CARTESIAN_POINT('',(138.67532992198,39.5921914631192,17.8419864184868));
#6767=CARTESIAN_POINT('Origin',(114.740279236617,8.3101594346674,4.38343299237302));
#6768=CARTESIAN_POINT('',(138.479213786842,23.9236566550846,4.20665629707628));
#6769=CARTESIAN_POINT('',(138.479213786842,24.348574947884,4.56020968766956));
#6770=CARTESIAN_POINT('',(138.479213786842,26.9881232260142,6.75644660940673));
#6771=CARTESIAN_POINT('',(90.8052285512532,-7.43408187584177,4.56020968766957));
#6772=CARTESIAN_POINT('',(143.472026567095,27.6771168013859,4.56020968766956));
#6773=CARTESIAN_POINT('',(91.4426059904523,-7.43408187584178,4.20665629707629));
#6774=CARTESIAN_POINT('',(108.479213786842,-7.43408187584178,-5.24355339059328));
#6775=CARTESIAN_POINT('',(143.668142702233,27.3829425986786,4.20665629707628));
#6776=CARTESIAN_POINT('Origin',(138.67532992198,23.6294824523773,4.56020968766956));
#6777=CARTESIAN_POINT('',(138.67532992198,23.6294824523773,4.56020968766956));
#6778=CARTESIAN_POINT('',(138.67532992198,39.5921914631192,17.8419864184868));
#6779=CARTESIAN_POINT('',(138.67532992198,24.0544007451767,4.91376307826284));
#6780=CARTESIAN_POINT('',(138.67532992198,23.6294824523773,4.56020968766956));
#6781=CARTESIAN_POINT('Origin',(138.67532992198,24.0544007451767,4.91376307826284));
#6782=CARTESIAN_POINT('',(91.0013446863914,-7.72825607854905,4.91376307826284));
#6783=CARTESIAN_POINT('Origin',(91.0013446863914,-7.72825607854905,4.91376307826284));
#6784=CARTESIAN_POINT('',(91.6387221255905,-7.72825607854905,4.56020968766956));
#6785=CARTESIAN_POINT('Origin',(91.6387221255905,-7.72825607854904,4.56020968766956));
#6786=CARTESIAN_POINT('',(85.1610094397254,-12.0467312024591,4.56020968766958));
#6787=CARTESIAN_POINT('Origin',(80.5971287446287,-19.235954312522,1.11));
#6788=CARTESIAN_POINT('',(138.67532992198,22.9646269635772,4.00701648252129));
#6789=CARTESIAN_POINT('',(108.832741527643,3.06956803401932,4.00701648252131));
#6790=CARTESIAN_POINT('',(138.67532992198,39.5921914631192,17.8419864184868));
#6791=CARTESIAN_POINT('Origin',(115.557609572816,7.76527254386764,3.47668639663147));
#6792=CARTESIAN_POINT('',(138.479213786842,22.8338828734851,3.29990970133473));
#6793=CARTESIAN_POINT('',(138.479213786842,23.2588011662845,3.65346309192801));
#6794=CARTESIAN_POINT('',(138.479213786842,26.9881232260142,6.75644660940673));
#6795=CARTESIAN_POINT('',(92.4398892236525,-7.43408187584178,3.65346309192802));
#6796=CARTESIAN_POINT('',(143.974999081679,26.9226580295093,3.65346309192801));
#6797=CARTESIAN_POINT('',(93.0772666628516,-7.43408187584178,3.29990970133474));
#6798=CARTESIAN_POINT('',(108.479213786842,-7.43408187584178,-5.24355339059328));
#6799=CARTESIAN_POINT('',(144.171115216817,26.628483826802,3.29990970133473));
#6800=CARTESIAN_POINT('Origin',(138.67532992198,22.5397086707778,3.65346309192801));
#6801=CARTESIAN_POINT('',(138.67532992198,22.5397086707778,3.65346309192801));
#6802=CARTESIAN_POINT('',(138.67532992198,39.5921914631192,17.8419864184868));
#6803=CARTESIAN_POINT('',(138.67532992198,22.9646269635772,4.00701648252129));
#6804=CARTESIAN_POINT('',(138.67532992198,22.5397086707778,3.65346309192801));
#6805=CARTESIAN_POINT('Origin',(138.67532992198,22.9646269635772,4.00701648252129));
#6806=CARTESIAN_POINT('',(92.6360053587907,-7.72825607854905,4.00701648252129));
#6807=CARTESIAN_POINT('Origin',(92.6360053587907,-7.72825607854905,4.00701648252129));
#6808=CARTESIAN_POINT('',(93.2733827979898,-7.72825607854905,3.65346309192801));
#6809=CARTESIAN_POINT('Origin',(93.2733827979898,-7.72825607854904,3.65346309192801));
#6810=CARTESIAN_POINT('',(86.2298260332172,-12.4239605883974,3.65346309192804));
#6811=CARTESIAN_POINT('Origin',(80.5971287446287,-19.235954312522,1.11));
#6812=CARTESIAN_POINT('',(138.67532992198,21.8748531819777,3.10026988677973));
#6813=CARTESIAN_POINT('',(109.084227784935,2.14745175728126,3.10026988677976));
#6814=CARTESIAN_POINT('',(138.67532992198,39.5921914631192,17.8419864184868));
#6815=CARTESIAN_POINT('Origin',(116.374939909016,7.22038565306787,2.56993980088991));
#6816=CARTESIAN_POINT('',(138.479213786842,21.7441090918856,2.39316310559318));
#6817=CARTESIAN_POINT('',(138.479213786842,22.169027384685,2.74671649618646));
#6818=CARTESIAN_POINT('',(138.479213786842,26.9881232260142,6.75644660940673));
#6819=CARTESIAN_POINT('',(94.0745498960518,-7.43408187584178,2.74671649618646));
#6820=CARTESIAN_POINT('',(144.477971596263,26.1681992576327,2.74671649618646));
#6821=CARTESIAN_POINT('',(94.7119273352509,-7.43408187584178,2.39316310559319));
#6822=CARTESIAN_POINT('',(108.479213786842,-7.43408187584178,-5.24355339059328));
#6823=CARTESIAN_POINT('',(144.674087731402,25.8740250549254,2.39316310559318));
#6824=CARTESIAN_POINT('Origin',(138.67532992198,21.4499348891783,2.74671649618646));
#6825=CARTESIAN_POINT('',(138.67532992198,21.4499348891783,2.74671649618646));
#6826=CARTESIAN_POINT('',(138.67532992198,39.5921914631192,17.8419864184868));
#6827=CARTESIAN_POINT('',(138.67532992198,21.8748531819777,3.10026988677973));
#6828=CARTESIAN_POINT('',(138.67532992198,21.4499348891783,2.74671649618646));
#6829=CARTESIAN_POINT('Origin',(138.67532992198,21.8748531819777,3.10026988677973));
#6830=CARTESIAN_POINT('',(94.2706660311899,-7.72825607854905,3.10026988677974));
#6831=CARTESIAN_POINT('Origin',(94.27066603119,-7.72825607854905,3.10026988677974));
#6832=CARTESIAN_POINT('',(94.9080434703891,-7.72825607854905,2.74671649618646));
#6833=CARTESIAN_POINT('Origin',(94.908043470389,-7.72825607854904,2.74671649618646));
#6834=CARTESIAN_POINT('',(87.298642626709,-12.8011899743357,2.74671649618649));
#6835=CARTESIAN_POINT('Origin',(80.5971287446287,-19.235954312522,1.11));
#6836=CARTESIAN_POINT('',(138.67532992198,20.7850794003782,2.19352329103819));
#6837=CARTESIAN_POINT('',(109.335714042228,1.2253354805432,2.19352329103821));
#6838=CARTESIAN_POINT('',(138.67532992198,39.5921914631192,17.8419864184868));
#6839=CARTESIAN_POINT('Origin',(117.192270245216,6.67549876226811,1.66319320514836));
#6840=CARTESIAN_POINT('',(138.479213786842,20.654335310286,1.48641650985163));
#6841=CARTESIAN_POINT('',(138.479213786842,21.0792536030854,1.83996990044491));
#6842=CARTESIAN_POINT('',(138.479213786842,26.9881232260142,6.75644660940674));
#6843=CARTESIAN_POINT('',(95.7092105684511,-7.43408187584178,1.83996990044492));
#6844=CARTESIAN_POINT('',(144.980944110848,25.4137404857561,1.83996990044491));
#6845=CARTESIAN_POINT('',(96.3465880076502,-7.43408187584178,1.48641650985164));
#6846=CARTESIAN_POINT('',(108.479213786842,-7.43408187584177,-5.24355339059327));
#6847=CARTESIAN_POINT('',(145.177060245986,25.1195662830488,1.48641650985164));
#6848=CARTESIAN_POINT('Origin',(138.67532992198,20.3601611075788,1.83996990044491));
#6849=CARTESIAN_POINT('',(138.67532992198,20.3601611075787,1.83996990044491));
#6850=CARTESIAN_POINT('',(138.67532992198,39.5921914631192,17.8419864184868));
#6851=CARTESIAN_POINT('',(138.67532992198,20.7850794003782,2.19352329103819));
#6852=CARTESIAN_POINT('',(138.67532992198,20.3601611075787,1.83996990044491));
#6853=CARTESIAN_POINT('Origin',(138.67532992198,20.7850794003781,2.19352329103819));
#6854=CARTESIAN_POINT('',(95.9053267035893,-7.72825607854905,2.19352329103819));
#6855=CARTESIAN_POINT('Origin',(95.9053267035893,-7.72825607854905,2.19352329103819));
#6856=CARTESIAN_POINT('',(96.5427041427884,-7.72825607854905,1.83996990044491));
#6857=CARTESIAN_POINT('Origin',(96.5427041427883,-7.72825607854904,1.83996990044491));
#6858=CARTESIAN_POINT('',(88.3674592202009,-13.178419360274,1.83996990044493));
#6859=CARTESIAN_POINT('Origin',(80.5971287446287,-19.235954312522,1.11));
#6860=CARTESIAN_POINT('',(138.67532992198,19.6953056187786,1.28677669529664));
#6861=CARTESIAN_POINT('',(109.58720029952,0.303219203805144,1.28677669529666));
#6862=CARTESIAN_POINT('',(138.67532992198,39.5921914631192,17.8419864184868));
#6863=CARTESIAN_POINT('Origin',(118.009600581415,6.13061187146835,0.756446609406812));
#6864=CARTESIAN_POINT('',(138.479213786842,19.5645615286865,0.579669914110087));
#6865=CARTESIAN_POINT('',(138.479213786842,19.9894798214859,0.933223304703365));
#6866=CARTESIAN_POINT('',(138.479213786842,26.9881232260142,6.75644660940673));
#6867=CARTESIAN_POINT('',(97.3438712408503,-7.43408187584178,0.933223304703369));
#6868=CARTESIAN_POINT('',(145.483916625432,24.6592817138795,0.933223304703362));
#6869=CARTESIAN_POINT('',(97.9812486800494,-7.43408187584179,0.579669914110091));
#6870=CARTESIAN_POINT('',(108.479213786842,-7.43408187584177,-5.24355339059328));
#6871=CARTESIAN_POINT('',(145.68003276057,24.3651075111722,0.579669914110085));
#6872=CARTESIAN_POINT('Origin',(138.67532992198,19.2703873259792,0.933223304703361));
#6873=CARTESIAN_POINT('',(138.67532992198,19.2703873259792,0.933223304703361));
#6874=CARTESIAN_POINT('',(138.67532992198,39.5921914631192,17.8419864184868));
#6875=CARTESIAN_POINT('',(138.67532992198,19.6953056187786,1.28677669529664));
#6876=CARTESIAN_POINT('',(138.67532992198,19.2703873259792,0.933223304703361));
#6877=CARTESIAN_POINT('Origin',(138.67532992198,19.6953056187786,1.28677669529664));
#6878=CARTESIAN_POINT('',(97.5399873759885,-7.72825607854906,1.28677669529664));
#6879=CARTESIAN_POINT('Origin',(97.5399873759885,-7.72825607854905,1.28677669529664));
#6880=CARTESIAN_POINT('',(98.1773648151876,-7.72825607854906,0.933223304703366));
#6881=CARTESIAN_POINT('Origin',(98.1773648151876,-7.72825607854905,0.933223304703362));
#6882=CARTESIAN_POINT('',(89.4362758136927,-13.5556487462123,0.933223304703374));
#6883=CARTESIAN_POINT('Origin',(80.5971287446287,-19.235954312522,1.11));
#6884=CARTESIAN_POINT('',(138.67532992198,18.6055318371791,0.380030099555091));
#6885=CARTESIAN_POINT('',(109.838686556812,-0.618897072932916,0.380030099555112));
#6886=CARTESIAN_POINT('',(138.67532992198,39.5921914631192,17.8419864184868));
#6887=CARTESIAN_POINT('Origin',(118.826930917615,5.58572498066859,-0.150299986334748));
#6888=CARTESIAN_POINT('',(138.479213786842,18.474787747087,-0.327076681631461));
#6889=CARTESIAN_POINT('',(138.479213786842,18.8997060398864,0.0264767089618169));
#6890=CARTESIAN_POINT('',(138.479213786842,26.9881232260142,6.75644660940673));
#6891=CARTESIAN_POINT('',(98.9785319132496,-7.43408187584178,0.0264767089618232));
#6892=CARTESIAN_POINT('',(145.986889140017,23.9048229420029,0.0264767089618123));
#6893=CARTESIAN_POINT('',(99.6159093524487,-7.43408187584177,-0.327076681631455));
#6894=CARTESIAN_POINT('',(108.479213786842,-7.43408187584179,-5.24355339059328));
#6895=CARTESIAN_POINT('',(146.183005275155,23.6106487392956,-0.327076681631465));
#6896=CARTESIAN_POINT('Origin',(138.67532992198,18.1806135443797,0.0264767089618145));
#6897=CARTESIAN_POINT('',(138.67532992198,18.1806135443797,0.0264767089618134));
#6898=CARTESIAN_POINT('',(138.67532992198,39.5921914631192,17.8419864184868));
#6899=CARTESIAN_POINT('',(138.67532992198,18.6055318371791,0.380030099555091));
#6900=CARTESIAN_POINT('',(138.67532992198,18.1806135443797,0.0264767089618134));
#6901=CARTESIAN_POINT('Origin',(138.67532992198,18.6055318371791,0.380030099555091));
#6902=CARTESIAN_POINT('',(99.1746480483878,-7.72825607854906,0.380030099555095));
#6903=CARTESIAN_POINT('Origin',(99.1746480483878,-7.72825607854905,0.380030099555096));
#6904=CARTESIAN_POINT('',(99.8120254875869,-7.72825607854906,0.0264767089618179));
#6905=CARTESIAN_POINT('Origin',(99.8120254875869,-7.72825607854905,0.0264767089618144));
#6906=CARTESIAN_POINT('',(90.5050924071846,-13.9328781321506,0.0264767089618306));
#6907=CARTESIAN_POINT('Origin',(80.5971287446287,-19.235954312522,1.11));
#6908=CARTESIAN_POINT('',(138.67532992198,17.5157580555796,-0.526716496186457));
#6909=CARTESIAN_POINT('',(110.090172814104,-1.54101334967097,-0.526716496186441));
#6910=CARTESIAN_POINT('',(138.67532992198,39.5921914631192,17.8419864184868));
#6911=CARTESIAN_POINT('Origin',(119.644261253815,5.04083808986884,-1.05704658207629));
#6912=CARTESIAN_POINT('',(138.479213786842,17.3850139654875,-1.23382327737301));
#6913=CARTESIAN_POINT('',(138.479213786842,17.8099322582869,-0.880269886779731));
#6914=CARTESIAN_POINT('',(138.479213786842,26.9881232260142,6.75644660940674));
#6915=CARTESIAN_POINT('',(100.613192585649,-7.43408187584178,-0.880269886779727));
#6916=CARTESIAN_POINT('',(146.489861654601,23.1503641701263,-0.880269886779729));
#6917=CARTESIAN_POINT('',(101.250570024848,-7.43408187584178,-1.233823277373));
#6918=CARTESIAN_POINT('',(108.479213786842,-7.43408187584177,-5.24355339059327));
#6919=CARTESIAN_POINT('',(146.685977789739,22.856189967419,-1.23382327737301));
#6920=CARTESIAN_POINT('Origin',(138.67532992198,17.0908397627802,-0.880269886779734));
#6921=CARTESIAN_POINT('',(138.67532992198,17.0908397627802,-0.880269886779734));
#6922=CARTESIAN_POINT('',(138.67532992198,39.5921914631192,17.8419864184868));
#6923=CARTESIAN_POINT('',(138.67532992198,17.5157580555796,-0.526716496186457));
#6924=CARTESIAN_POINT('',(138.67532992198,17.0908397627802,-0.880269886779734));
#6925=CARTESIAN_POINT('Origin',(138.67532992198,17.5157580555796,-0.526716496186457));
#6926=CARTESIAN_POINT('',(100.809308720787,-7.72825607854905,-0.526716496186452));
#6927=CARTESIAN_POINT('Origin',(100.809308720787,-7.72825607854905,-0.526716496186452));
#6928=CARTESIAN_POINT('',(101.446686159986,-7.72825607854905,-0.88026988677973));
#6929=CARTESIAN_POINT('Origin',(101.446686159986,-7.72825607854905,-0.880269886779733));
#6930=CARTESIAN_POINT('',(91.5739090006764,-14.3101075180889,-0.880269886779728));
#6931=CARTESIAN_POINT('Origin',(80.5971287446287,-19.235954312522,1.11));
#6932=CARTESIAN_POINT('',(138.67532992198,16.4259842739801,-1.43346309192801));
#6933=CARTESIAN_POINT('',(110.341659071396,-2.46312962640904,-1.433463091928));
#6934=CARTESIAN_POINT('',(138.67532992198,39.5921914631192,17.8419864184868));
#6935=CARTESIAN_POINT('Origin',(120.461591590014,4.49595119906908,-1.96379317781785));
#6936=CARTESIAN_POINT('',(138.479213786842,16.2952401838879,-2.14056987311456));
#6937=CARTESIAN_POINT('',(138.479213786842,16.7201584766873,-1.78701648252129));
#6938=CARTESIAN_POINT('',(138.479213786842,26.9881232260142,6.75644660940674));
#6939=CARTESIAN_POINT('',(102.247853258048,-7.43408187584178,-1.78701648252128));
#6940=CARTESIAN_POINT('',(146.992834169185,22.3959053982497,-1.78701648252128));
#6941=CARTESIAN_POINT('',(102.885230697247,-7.43408187584178,-2.14056987311456));
#6942=CARTESIAN_POINT('',(108.479213786842,-7.43408187584178,-5.24355339059327));
#6943=CARTESIAN_POINT('',(147.188950304324,22.1017311955424,-2.14056987311456));
#6944=CARTESIAN_POINT('Origin',(138.67532992198,16.0010659811807,-1.78701648252129));
#6945=CARTESIAN_POINT('',(138.67532992198,16.0010659811806,-1.78701648252129));
#6946=CARTESIAN_POINT('',(138.67532992198,39.5921914631192,17.8419864184868));
#6947=CARTESIAN_POINT('',(138.67532992198,16.4259842739801,-1.43346309192801));
#6948=CARTESIAN_POINT('',(138.67532992198,16.0010659811806,-1.78701648252129));
#6949=CARTESIAN_POINT('Origin',(138.67532992198,16.42598427398,-1.43346309192801));
#6950=CARTESIAN_POINT('',(102.443969393186,-7.72825607854906,-1.43346309192801));
#6951=CARTESIAN_POINT('Origin',(102.443969393186,-7.72825607854905,-1.43346309192801));
#6952=CARTESIAN_POINT('',(103.081346832386,-7.72825607854906,-1.78701648252129));
#6953=CARTESIAN_POINT('Origin',(103.081346832386,-7.72825607854905,-1.78701648252129));
#6954=CARTESIAN_POINT('',(92.6427255941683,-14.6873369040272,-1.78701648252128));
#6955=CARTESIAN_POINT('Origin',(80.5971287446287,-19.235954312522,1.11));
#6956=CARTESIAN_POINT('',(138.67532992198,15.3362104923805,-2.34020968766956));
#6957=CARTESIAN_POINT('',(110.593145328689,-3.38524590314708,-2.34020968766955));
#6958=CARTESIAN_POINT('',(138.67532992198,39.5921914631192,17.8419864184868));
#6959=CARTESIAN_POINT('Origin',(121.278921926214,3.95106430826932,-2.8705397735594));
#6960=CARTESIAN_POINT('',(138.479213786842,15.2054664022884,-3.04731646885611));
#6961=CARTESIAN_POINT('',(138.479213786842,15.6303846950878,-2.69376307826284));
#6962=CARTESIAN_POINT('',(138.479213786842,26.9881232260142,6.75644660940673));
#6963=CARTESIAN_POINT('',(103.882513930448,-7.43408187584178,-2.69376307826283));
#6964=CARTESIAN_POINT('',(147.49580668377,21.6414466263731,-2.69376307826283));
#6965=CARTESIAN_POINT('',(104.519891369647,-7.43408187584178,-3.04731646885611));
#6966=CARTESIAN_POINT('',(108.479213786842,-7.43408187584176,-5.24355339059327));
#6967=CARTESIAN_POINT('',(147.691922818908,21.3472724236658,-3.04731646885611));
#6968=CARTESIAN_POINT('Origin',(138.67532992198,14.9112921995811,-2.69376307826284));
#6969=CARTESIAN_POINT('',(138.67532992198,14.9112921995811,-2.69376307826284));
#6970=CARTESIAN_POINT('',(138.67532992198,39.5921914631192,17.8419864184868));
#6971=CARTESIAN_POINT('',(138.67532992198,15.3362104923805,-2.34020968766956));
#6972=CARTESIAN_POINT('',(138.67532992198,14.9112921995811,-2.69376307826284));
#6973=CARTESIAN_POINT('Origin',(138.67532992198,15.3362104923805,-2.34020968766956));
#6974=CARTESIAN_POINT('',(104.078630065586,-7.72825607854905,-2.34020968766956));
#6975=CARTESIAN_POINT('Origin',(104.078630065586,-7.72825607854905,-2.34020968766955));
#6976=CARTESIAN_POINT('',(104.716007504785,-7.72825607854905,-2.69376307826283));
#6977=CARTESIAN_POINT('Origin',(104.716007504785,-7.72825607854905,-2.69376307826284));
#6978=CARTESIAN_POINT('',(93.7115421876601,-15.0645662899655,-2.69376307826283));
#6979=CARTESIAN_POINT('Origin',(80.5971287446287,-19.235954312522,1.11));
#6980=CARTESIAN_POINT('',(138.67532992198,14.246436710781,-3.24695628341111));
#6981=CARTESIAN_POINT('',(110.844631585981,-4.30736217988515,-3.2469562834111));
#6982=CARTESIAN_POINT('',(138.67532992198,39.5921914631192,17.8419864184868));
#6983=CARTESIAN_POINT('Origin',(122.096252262413,3.40617741746955,-3.77728636930095));
#6984=CARTESIAN_POINT('',(138.479213786842,14.1156926206889,-3.95406306459766));
#6985=CARTESIAN_POINT('',(138.479213786842,14.5406109134883,-3.60050967400438));
#6986=CARTESIAN_POINT('',(138.479213786842,26.9881232260142,6.75644660940673));
#6987=CARTESIAN_POINT('',(105.517174602847,-7.43408187584178,-3.60050967400438));
#6988=CARTESIAN_POINT('',(147.998779198354,20.8869878544965,-3.60050967400438));
#6989=CARTESIAN_POINT('',(106.154552042046,-7.43408187584178,-3.95406306459766));
#6990=CARTESIAN_POINT('',(108.479213786842,-7.43408187584178,-5.24355339059328));
#6991=CARTESIAN_POINT('',(148.194895333492,20.5928136517892,-3.95406306459766));
#6992=CARTESIAN_POINT('Origin',(138.67532992198,13.8215184179816,-3.60050967400439));
#6993=CARTESIAN_POINT('',(138.67532992198,13.8215184179816,-3.60050967400439));
#6994=CARTESIAN_POINT('',(138.67532992198,39.5921914631192,17.8419864184868));
#6995=CARTESIAN_POINT('',(138.67532992198,14.246436710781,-3.24695628341111));
#6996=CARTESIAN_POINT('',(138.67532992198,13.8215184179816,-3.60050967400439));
#6997=CARTESIAN_POINT('Origin',(138.67532992198,14.246436710781,-3.24695628341111));
#6998=CARTESIAN_POINT('',(105.713290737985,-7.72825607854905,-3.2469562834111));
#6999=CARTESIAN_POINT('Origin',(105.713290737985,-7.72825607854905,-3.2469562834111));
#7000=CARTESIAN_POINT('',(106.350668177184,-7.72825607854905,-3.60050967400438));
#7001=CARTESIAN_POINT('Origin',(106.350668177184,-7.72825607854905,-3.60050967400439));
#7002=CARTESIAN_POINT('',(94.7803587811519,-15.4417956759038,-3.60050967400437));
#7003=CARTESIAN_POINT('Origin',(80.5971287446287,-19.235954312522,1.11));
#7004=CARTESIAN_POINT('',(138.67532992198,13.1566629291815,-4.15370287915266));
#7005=CARTESIAN_POINT('',(111.096117843273,-5.22947845662321,-4.15370287915264));
#7006=CARTESIAN_POINT('',(138.67532992198,39.5921914631192,17.8419864184868));
#7007=CARTESIAN_POINT('Origin',(80.5971287446287,-19.235954312522,1.11));
#7008=CARTESIAN_POINT('',(138.67532992198,12.7317446363821,-4.50725626974593));
#7009=CARTESIAN_POINT('',(95.8491753746438,-15.8190250618421,-4.50725626974592));
#7010=CARTESIAN_POINT('',(138.67532992198,39.5921914631192,17.8419864184868));
#7011=CARTESIAN_POINT('Origin',(122.913582598613,2.8612905266698,-4.6840329650425));
#7012=CARTESIAN_POINT('',(138.479213786842,13.0259188390894,-4.86080966033921));
#7013=CARTESIAN_POINT('',(138.479213786842,13.4508371318888,-4.50725626974593));
#7014=CARTESIAN_POINT('',(138.479213786842,26.9881232260142,6.75644660940674));
#7015=CARTESIAN_POINT('',(107.151835275246,-7.43408187584178,-4.50725626974593));
#7016=CARTESIAN_POINT('',(148.501751712939,20.1325290826199,-4.50725626974592));
#7017=CARTESIAN_POINT('',(107.789212714445,-7.43408187584177,-4.86080966033921));
#7018=CARTESIAN_POINT('',(108.479213786842,-7.43408187584177,-5.24355339059327));
#7019=CARTESIAN_POINT('',(148.697867848077,19.8383548799127,-4.8608096603392));
#7020=CARTESIAN_POINT('Origin',(138.67532992198,12.7317446363821,-4.50725626974593));
#7021=CARTESIAN_POINT('',(138.67532992198,39.5921914631192,17.8419864184868));
#7022=CARTESIAN_POINT('',(138.67532992198,13.1566629291815,-4.15370287915266));
#7023=CARTESIAN_POINT('',(138.67532992198,12.7317446363821,-4.50725626974593));
#7024=CARTESIAN_POINT('Origin',(138.67532992198,13.1566629291815,-4.15370287915266));
#7025=CARTESIAN_POINT('',(107.347951410384,-7.72825607854905,-4.15370287915265));
#7026=CARTESIAN_POINT('Origin',(107.347951410384,-7.72825607854905,-4.15370287915265));
#7027=CARTESIAN_POINT('',(107.985328849583,-7.72825607854904,-4.50725626974593));
#7028=CARTESIAN_POINT('Origin',(107.985328849583,-7.72825607854904,-4.50725626974593));
#7029=CARTESIAN_POINT('Origin',(115.76289723545,101.277916818764,5.51));
#7030=CARTESIAN_POINT('',(112.590819980822,99.7987529026714,5.51));
#7031=CARTESIAN_POINT('',(118.934974490079,102.757080734856,5.51));
#7032=CARTESIAN_POINT('Origin',(115.76289723545,101.277916818764,5.51));
#7033=CARTESIAN_POINT('',(115.29521215231,93.9991651751438,5.51));
#7034=CARTESIAN_POINT('',(113.943016066566,96.8989590389076,5.51));
#7035=CARTESIAN_POINT('',(121.639366661566,96.9574930073286,5.51));
#7036=CARTESIAN_POINT('Origin',(120.260306839319,91.6331907989015,5.51));
#7037=CARTESIAN_POINT('',(118.934974490079,102.757080734856,5.51));
#7038=CARTESIAN_POINT('Origin',(101.717515895956,48.723256788243,5.51));
#7039=CARTESIAN_POINT('',(98.5454386413278,47.2440928721506,5.51));
#7040=CARTESIAN_POINT('',(99.8976347270717,44.3442990083868,5.51));
#7041=CARTESIAN_POINT('',(104.889593150584,50.2024207043355,5.51));
#7042=CARTESIAN_POINT('',(104.889593150584,50.2024207043355,5.51));
#7043=CARTESIAN_POINT('Origin',(101.717515895956,48.723256788243,5.51));
#7044=CARTESIAN_POINT('Origin',(101.62075891432,87.1357784976341,5.51));
#7045=CARTESIAN_POINT('',(98.448681659692,85.6566145815417,5.51));
#7046=CARTESIAN_POINT('',(104.792836168949,88.6149424137265,5.51));
#7047=CARTESIAN_POINT('Origin',(101.62075891432,87.1357784976341,5.51));
#7048=CARTESIAN_POINT('',(101.15307383118,79.857026854014,5.51));
#7049=CARTESIAN_POINT('',(99.8008777454359,82.7568207177779,5.51));
#7050=CARTESIAN_POINT('',(107.497228340436,82.8153546861989,5.51));
#7051=CARTESIAN_POINT('Origin',(106.118168518189,77.4910524777717,5.51));
#7052=CARTESIAN_POINT('',(104.792836168949,88.6149424137265,5.51));
#7053=CARTESIAN_POINT('Origin',(115.859654217086,62.8653951093728,5.51));
#7054=CARTESIAN_POINT('',(112.687576962458,61.3862311932804,5.51));
#7055=CARTESIAN_POINT('',(119.031731471714,64.3445590254652,5.51));
#7056=CARTESIAN_POINT('Origin',(115.859654217086,62.8653951093728,5.51));
#7057=CARTESIAN_POINT('',(115.391969133946,55.5866434657527,5.51));
#7058=CARTESIAN_POINT('',(114.039773048202,58.4864373295165,5.51));
#7059=CARTESIAN_POINT('',(121.736123643202,58.5449712979376,5.51));
#7060=CARTESIAN_POINT('Origin',(120.357063820955,53.2206690895104,5.51));
#7061=CARTESIAN_POINT('',(119.031731471714,64.3445590254652,5.51));
#7062=CARTESIAN_POINT('Origin',(101.717515895956,48.723256788243,7.11));
#7063=CARTESIAN_POINT('',(98.5454386413278,47.2440928721506,7.11));
#7064=CARTESIAN_POINT('',(104.889593150584,50.2024207043355,7.11));
#7065=CARTESIAN_POINT('Origin',(101.62075891432,87.1357784976341,7.11));
#7066=CARTESIAN_POINT('',(104.792836168949,88.6149424137265,7.11));
#7067=CARTESIAN_POINT('',(98.448681659692,85.6566145815417,7.11));
#7068=CARTESIAN_POINT('Origin',(106.118168518189,77.4910524777717,7.11));
#7069=CARTESIAN_POINT('',(107.497228340436,82.8153546861989,7.11));
#7070=CARTESIAN_POINT('',(101.15307383118,79.857026854014,7.11));
#7071=CARTESIAN_POINT('',(111.618168518189,77.4910524777717,3.61));
#7072=CARTESIAN_POINT('',(111.618168518189,77.4910524777717,7.11));
#7073=CARTESIAN_POINT('Origin',(106.118168518189,77.4910524777717,3.61));
#7074=CARTESIAN_POINT('Origin',(106.118168518189,77.4910524777717,3.61));
#7075=CARTESIAN_POINT('Origin',(120.357063820955,53.2206690895104,7.11));
#7076=CARTESIAN_POINT('',(121.736123643202,58.5449712979376,7.11));
#7077=CARTESIAN_POINT('',(115.391969133946,55.5866434657527,7.11));
#7078=CARTESIAN_POINT('',(125.857063820955,53.2206690895104,7.11));
#7079=CARTESIAN_POINT('Origin',(120.357063820955,53.2206690895104,3.61));
#7080=CARTESIAN_POINT('Origin',(115.859654217086,62.8653951093728,7.11));
#7081=CARTESIAN_POINT('',(119.031731471714,64.3445590254652,7.11));
#7082=CARTESIAN_POINT('',(112.687576962458,61.3862311932804,7.11));
#7083=CARTESIAN_POINT('Origin',(115.76289723545,101.277916818764,7.11));
#7084=CARTESIAN_POINT('',(118.934974490079,102.757080734856,7.11));
#7085=CARTESIAN_POINT('',(112.590819980822,99.7987529026714,7.11));
#7086=CARTESIAN_POINT('Origin',(120.260306839319,91.6331907989015,7.11));
#7087=CARTESIAN_POINT('',(121.639366661566,96.9574930073286,7.11));
#7088=CARTESIAN_POINT('',(115.29521215231,93.9991651751438,7.11));
#7089=CARTESIAN_POINT('',(125.760306839319,91.6331907989015,7.11));
#7090=CARTESIAN_POINT('Origin',(120.260306839319,91.6331907989015,3.61));
#7091=CARTESIAN_POINT('Origin',(101.249830812816,41.444505144623,7.11));
#7092=CARTESIAN_POINT('Origin',(104.889593150584,50.2024207043355,7.11));
#7093=CARTESIAN_POINT('Origin',(101.15307383118,79.857026854014,7.11));
#7094=CARTESIAN_POINT('Origin',(104.792836168949,88.6149424137265,7.11));
#7095=CARTESIAN_POINT('Origin',(119.031731471714,64.3445590254652,7.11));
#7096=CARTESIAN_POINT('Origin',(115.391969133946,55.5866434657527,7.11));
#7097=CARTESIAN_POINT('Origin',(115.29521215231,93.9991651751437,7.11));
#7098=CARTESIAN_POINT('Origin',(118.934974490079,102.757080734856,7.11));
#7099=CARTESIAN_POINT('Origin',(76.6253299219802,109.271743921451,-5.1));
#7100=CARTESIAN_POINT('',(86.4590290861043,111.271743921451,-5.1));
#7101=CARTESIAN_POINT('Origin',(88.4590290861043,113.271743921451,-8.6));
#7102=CARTESIAN_POINT('',(88.4590290861043,111.271743921451,-3.1));
#7103=CARTESIAN_POINT('',(88.4590290861043,85.021743921451,3.61));
#7104=CARTESIAN_POINT('Origin',(86.4590290861043,111.271743921451,-3.1));
#7105=CARTESIAN_POINT('Origin',(76.6253299219802,4.27174392145086,-5.1));
#7106=CARTESIAN_POINT('',(86.4590290861043,6.27174392145084,-5.1));
#7107=CARTESIAN_POINT('Origin',(88.4590290861043,8.27174392145081,-8.6));
#7108=CARTESIAN_POINT('',(88.4590290861043,6.27174392145084,-3.1));
#7109=CARTESIAN_POINT('',(88.4590290861043,32.5217439214508,3.61));
#7110=CARTESIAN_POINT('Origin',(86.4590290861043,6.27174392145084,-3.1));
#7111=CARTESIAN_POINT('Origin',(107.464227371052,-3.72825607854905,-17.89));
#7112=CARTESIAN_POINT('',(111.043674704839,-1.94288306860193,-17.89));
#7113=CARTESIAN_POINT('Origin',(106.733879235192,-4.8160800483666,7.11));
#7114=CARTESIAN_POINT('Origin',(138.67532992198,121.271743921451,7.11));
#7115=CARTESIAN_POINT('Origin',(14.1753299219803,-5.72825607854896,-17.89));
#7116=CARTESIAN_POINT('Origin',(98.6753299219801,116.771743921451,-18.89));
#7117=CARTESIAN_POINT('',(100.72532992198,116.771743921451,-18.89));
#7118=CARTESIAN_POINT('Origin',(98.6753299219801,116.771743921451,-18.89));
#7119=CARTESIAN_POINT('Origin',(98.6753299219801,116.771743921451,-18.89));
#7120=CARTESIAN_POINT('Origin',(98.6753299219801,116.771743921451,-18.89));
#7121=CARTESIAN_POINT('Origin',(98.6753299219801,-3.22825607854918,-18.89));
#7122=CARTESIAN_POINT('',(100.72532992198,-3.22825607854918,-18.89));
#7123=CARTESIAN_POINT('Origin',(98.6753299219801,-3.22825607854918,-18.89));
#7124=CARTESIAN_POINT('Origin',(98.6753299219801,-3.22825607854918,-18.89));
#7125=CARTESIAN_POINT('Origin',(98.6753299219801,-3.22825607854918,-18.89));
#7126=CARTESIAN_POINT('Origin',(98.6753299219801,-3.22825607854918,-38.89));
#7127=CARTESIAN_POINT('Origin',(98.6753299219801,-3.22825607854918,-28.89));
#7128=CARTESIAN_POINT('Origin',(98.6753299219801,116.771743921451,-38.89));
#7129=CARTESIAN_POINT('',(100.72532992198,116.771743921451,-28.89));
#7130=CARTESIAN_POINT('Origin',(98.6753299219801,116.771743921451,-28.89));
#7131=CARTESIAN_POINT('',(100.72532992198,116.771743921451,-38.89));
#7132=CARTESIAN_POINT('Origin',(98.6753299219801,116.771743921451,-18.89));
#7133=CARTESIAN_POINT('Origin',(98.6753299219801,116.771743921451,-18.89));
#7134=CARTESIAN_POINT('Origin',(98.6753299219801,-3.22825607854918,-38.89));
#7135=CARTESIAN_POINT('',(100.72532992198,-3.22825607854918,-28.89));
#7136=CARTESIAN_POINT('Origin',(98.6753299219801,-3.22825607854918,-28.89));
#7137=CARTESIAN_POINT('',(100.72532992198,-3.22825607854918,-38.89));
#7138=CARTESIAN_POINT('Origin',(98.6753299219801,-3.22825607854918,-18.89));
#7139=CARTESIAN_POINT('Origin',(98.6753299219801,-3.22825607854918,-18.89));
#7140=CARTESIAN_POINT('Origin',(98.6753299219801,116.771743921451,-38.89));
#7141=CARTESIAN_POINT('Origin',(98.6753299219801,116.771743921451,-28.89));
#7142=CARTESIAN_POINT('Origin',(98.6753299219801,116.771743921451,-28.89));
#7143=CARTESIAN_POINT('Origin',(98.6753299219801,-3.22825607854918,-28.89));
#7144=CARTESIAN_POINT('Origin',(98.6753299219801,-3.22825607854918,-28.89));
#7145=CARTESIAN_POINT('Origin',(98.6753299219801,-3.22825607854918,-38.89));
#7146=CARTESIAN_POINT('Origin',(-5.8246700780198,56.7717439214509,6.06));
#7147=CARTESIAN_POINT('',(-5.82467007801982,-1.35825607854911,6.06));
#7148=CARTESIAN_POINT('',(-5.82467007801982,56.7717439214508,6.06));
#7149=CARTESIAN_POINT('',(-5.82467007801982,116.271743921451,6.06));
#7150=CARTESIAN_POINT('',(89.1753299219801,116.271743921451,6.06));
#7151=CARTESIAN_POINT('',(-5.82467007801982,56.7717439214508,6.06));
#7152=CARTESIAN_POINT('',(-52.8646700780197,-1.35825607854917,6.06));
#7153=CARTESIAN_POINT('Origin',(89.1753299219801,116.271743921451,6.06));
#7154=CARTESIAN_POINT('',(-5.82467007801982,116.271743921451,-4.41747922160541));
#7155=CARTESIAN_POINT('Origin',(-5.82467007801979,56.7717439214509,3.61));
#7156=CARTESIAN_POINT('',(-5.82467007801982,-1.35825607854911,3.61));
#7157=CARTESIAN_POINT('',(-5.82467007801982,56.7717439214508,3.61));
#7158=CARTESIAN_POINT('',(-52.8646700780197,-1.35825607854917,3.61));
#7159=CARTESIAN_POINT('',(-5.82467007801982,56.7717439214508,3.61));
#7160=CARTESIAN_POINT('Origin',(-99.9046700780197,-1.35825607854924,4.96));
#7161=CARTESIAN_POINT('',(-5.82467007801982,-1.35825607854911,-4.96747922160541));
#7162=CARTESIAN_POINT('Origin',(-5.82467007801982,56.7717439214508,-14.8949584432108));
#7163=CARTESIAN_POINT('Origin',(-5.82467007801982,56.7717439214508,-14.8949584432108));
#7164=UNCERTAINTY_MEASURE_WITH_UNIT(LENGTH_MEASURE(0.01),#7168,
'DISTANCE_ACCURACY_VALUE',
'Maximum model space distance between geometric entities at asserted c
onnectivities');
#7165=UNCERTAINTY_MEASURE_WITH_UNIT(LENGTH_MEASURE(0.01),#7168,
'DISTANCE_ACCURACY_VALUE',
'Maximum model space distance between geometric entities at asserted c
onnectivities');
#7166=(
GEOMETRIC_REPRESENTATION_CONTEXT(3)
GLOBAL_UNCERTAINTY_ASSIGNED_CONTEXT((#7164))
GLOBAL_UNIT_ASSIGNED_CONTEXT((#7168,#7170,#7171))
REPRESENTATION_CONTEXT('','3D')
);
#7167=(
GEOMETRIC_REPRESENTATION_CONTEXT(3)
GLOBAL_UNCERTAINTY_ASSIGNED_CONTEXT((#7165))
GLOBAL_UNIT_ASSIGNED_CONTEXT((#7168,#7170,#7171))
REPRESENTATION_CONTEXT('','3D')
);
#7168=(
LENGTH_UNIT()
NAMED_UNIT(*)
SI_UNIT(.MILLI.,.METRE.)
);
#7169=(
LENGTH_UNIT()
NAMED_UNIT(*)
SI_UNIT($,.METRE.)
);
#7170=(
NAMED_UNIT(*)
PLANE_ANGLE_UNIT()
SI_UNIT($,.RADIAN.)
);
#7171=(
NAMED_UNIT(*)
SI_UNIT($,.STERADIAN.)
SOLID_ANGLE_UNIT()
);
#7172=SHAPE_DEFINITION_REPRESENTATION(#7173,#7174);
#7173=PRODUCT_DEFINITION_SHAPE('',$,#7176);
#7174=SHAPE_REPRESENTATION('',(#3948),#7166);
#7175=PRODUCT_DEFINITION_CONTEXT('part definition',#7180,'design');
#7176=PRODUCT_DEFINITION('top_left','top_left',#7177,#7175);
#7177=PRODUCT_DEFINITION_FORMATION('',$,#7182);
#7178=PRODUCT_RELATED_PRODUCT_CATEGORY('top_left','top_left',(#7182));
#7179=APPLICATION_PROTOCOL_DEFINITION('international standard',
'automotive_design',2009,#7180);
#7180=APPLICATION_CONTEXT(
'Core Data for Automotive Mechanical Design Process');
#7181=PRODUCT_CONTEXT('part definition',#7180,'mechanical');
#7182=PRODUCT('top_left','top_left',$,(#7181));
#7183=PRESENTATION_STYLE_ASSIGNMENT((#7185));
#7184=PRESENTATION_STYLE_ASSIGNMENT((#7186));
#7185=SURFACE_STYLE_USAGE(.BOTH.,#7187);
#7186=SURFACE_STYLE_USAGE(.BOTH.,#7188);
#7187=SURFACE_SIDE_STYLE('',(#7189));
#7188=SURFACE_SIDE_STYLE('',(#7190));
#7189=SURFACE_STYLE_FILL_AREA(#7191);
#7190=SURFACE_STYLE_FILL_AREA(#7192);
#7191=FILL_AREA_STYLE('Steel - Satin',(#7193));
#7192=FILL_AREA_STYLE('Opaque(152,141,65)',(#7194));
#7193=FILL_AREA_STYLE_COLOUR('Steel - Satin',#7195);
#7194=FILL_AREA_STYLE_COLOUR('Opaque(152,141,65)',#7196);
#7195=COLOUR_RGB('Steel - Satin',0.627450980392157,0.627450980392157,0.627450980392157);
#7196=COLOUR_RGB('Opaque(152,141,65)',0.596078431372549,0.552941176470588,
0.254901960784314);
ENDSEC;
END-ISO-10303-21;
