ISO-10303-21;
HEADER;
/* Generated by software containing ST-Developer
 * from STEP Tools, Inc. (www.steptools.com) 
 */

FILE_DESCRIPTION(
/* description */ (''),
/* implementation_level */ '2;1');

FILE_NAME(
/* name */ 'console_left.step',
/* time_stamp */ '2026-07-08T10:55:06+03:00',
/* author */ (''),
/* organization */ (''),
/* preprocessor_version */ 'ST-DEVELOPER v20.1',
/* originating_system */ 'Autodesk Translation Framework v15.8.0.0',
/* authorisation */ '');

FILE_SCHEMA (('AUTOMOTIVE_DESIGN { 1 0 10303 214 3 1 1 }'));
ENDSEC;

DATA;
#10=MECHANICAL_DESIGN_GEOMETRIC_PRESENTATION_REPRESENTATION('',(#13),#2656);
#11=SHAPE_REPRESENTATION_RELATIONSHIP('SRR','None',#2663,#12);
#12=ADVANCED_BREP_SHAPE_REPRESENTATION('',(#14),#2655);
#13=STYLED_ITEM('',(#2672),#14);
#14=MANIFOLD_SOLID_BREP('LID',#1172);
#15=(
BOUNDED_CURVE()
B_SPLINE_CURVE(5,(#1928,#1929,#1930,#1931,#1932,#1933,#1934,#1935,#1936,
#1937,#1938,#1939,#1940),.UNSPECIFIED.,.F.,.F.)
B_SPLINE_CURVE_WITH_KNOTS((6,1,1,1,1,1,1,1,6),(0.,0.0666666666666667,0.133333333333333,
0.2,0.266666666666667,0.333333333333333,0.4,0.466666666666667,0.530299714186726),
 .UNSPECIFIED.)
CURVE()
GEOMETRIC_REPRESENTATION_ITEM()
RATIONAL_B_SPLINE_CURVE((1.,1.,1.,1.,1.,1.,1.,1.,1.,1.,1.,1.,1.))
REPRESENTATION_ITEM('')
);
#16=(
BOUNDED_CURVE()
B_SPLINE_CURVE(5,(#1941,#1942,#1943,#1944,#1945,#1946,#1947,#1948,#1949,
#1950,#1951,#1952,#1953,#1954,#1955),.UNSPECIFIED.,.F.,.F.)
B_SPLINE_CURVE_WITH_KNOTS((6,1,1,1,1,1,1,1,1,1,6),(0.,0.0666666666666667,
0.133333333333333,0.2,0.266666666666667,0.333333333333333,0.4,0.466666666666667,
0.533333333333333,0.6,0.636382781946471),.UNSPECIFIED.)
CURVE()
GEOMETRIC_REPRESENTATION_ITEM()
RATIONAL_B_SPLINE_CURVE((1.,1.,1.,1.,1.,1.,1.,1.,1.,1.,1.,1.,1.,1.,1.))
REPRESENTATION_ITEM('')
);
#17=(
BOUNDED_SURFACE()
B_SPLINE_SURFACE(5,1,((#1893,#1894),(#1895,#1896),(#1897,#1898),(#1899,
#1900),(#1901,#1902),(#1903,#1904),(#1905,#1906),(#1907,#1908),(#1909,#1910),
(#1911,#1912),(#1913,#1914),(#1915,#1916),(#1917,#1918),(#1919,#1920),(#1921,
#1922)),.UNSPECIFIED.,.F.,.F.,.F.)
B_SPLINE_SURFACE_WITH_KNOTS((6,1,1,1,1,1,1,1,1,1,6),(2,2),(0.,0.0666666666666667,
0.133333333333333,0.2,0.266666666666667,0.333333333333333,0.4,0.466666666666667,
0.533333333333333,0.6,0.636382781946471),(0.,12.9),.UNSPECIFIED.)
GEOMETRIC_REPRESENTATION_ITEM()
RATIONAL_B_SPLINE_SURFACE(((1.,1.),(1.,1.),(1.,1.),(1.,1.),(1.,1.),(1.,
1.),(1.,1.),(1.,1.),(1.,1.),(1.,1.),(1.,1.),(1.,1.),(1.,1.),(1.,1.),(1.,
1.)))
REPRESENTATION_ITEM('')
SURFACE()
);
#18=CYLINDRICAL_SURFACE('',#1200,3.);
#19=CYLINDRICAL_SURFACE('',#1202,3.);
#20=CYLINDRICAL_SURFACE('',#1204,3.);
#21=CYLINDRICAL_SURFACE('',#1206,3.);
#22=CYLINDRICAL_SURFACE('',#1208,2.05);
#23=CYLINDRICAL_SURFACE('',#1210,2.05);
#24=CYLINDRICAL_SURFACE('',#1212,2.05);
#25=CYLINDRICAL_SURFACE('',#1214,2.05);
#26=CYLINDRICAL_SURFACE('',#1241,2.);
#27=CYLINDRICAL_SURFACE('',#1243,2.);
#28=CYLINDRICAL_SURFACE('',#1246,2.);
#29=CYLINDRICAL_SURFACE('',#1249,2.);
#30=CYLINDRICAL_SURFACE('',#1252,2.);
#31=CYLINDRICAL_SURFACE('',#1254,2.);
#32=CYLINDRICAL_SURFACE('',#1259,3.5);
#33=CYLINDRICAL_SURFACE('',#1263,3.5);
#34=CYLINDRICAL_SURFACE('',#1264,2.04999999999998);
#35=CYLINDRICAL_SURFACE('',#1266,2.04999999999998);
#36=CYLINDRICAL_SURFACE('',#1270,2.75);
#37=CYLINDRICAL_SURFACE('',#1273,2.75);
#38=FACE_BOUND('',#380,.T.);
#39=FACE_BOUND('',#382,.T.);
#40=FACE_BOUND('',#384,.T.);
#41=FACE_BOUND('',#386,.T.);
#42=FACE_BOUND('',#396,.T.);
#43=FACE_BOUND('',#397,.T.);
#44=FACE_BOUND('',#406,.T.);
#45=FACE_BOUND('',#407,.T.);
#46=FACE_BOUND('',#410,.T.);
#47=FACE_BOUND('',#412,.T.);
#48=FACE_BOUND('',#413,.T.);
#49=FACE_BOUND('',#434,.T.);
#50=FACE_BOUND('',#437,.T.);
#51=FACE_BOUND('',#440,.T.);
#52=FACE_BOUND('',#441,.T.);
#53=FACE_BOUND('',#443,.T.);
#54=FACE_BOUND('',#445,.T.);
#55=FACE_BOUND('',#449,.T.);
#56=FACE_BOUND('',#452,.T.);
#57=FACE_BOUND('',#456,.T.);
#58=FACE_BOUND('',#457,.T.);
#59=FACE_BOUND('',#458,.T.);
#60=FACE_BOUND('',#459,.T.);
#61=CIRCLE('',#1189,3.);
#62=CIRCLE('',#1190,2.05);
#63=CIRCLE('',#1192,3.);
#64=CIRCLE('',#1193,2.05);
#65=CIRCLE('',#1195,3.);
#66=CIRCLE('',#1196,2.05);
#67=CIRCLE('',#1198,3.);
#68=CIRCLE('',#1199,2.05);
#69=CIRCLE('',#1201,3.);
#70=CIRCLE('',#1203,3.);
#71=CIRCLE('',#1205,3.);
#72=CIRCLE('',#1207,3.);
#73=CIRCLE('',#1209,2.05);
#74=CIRCLE('',#1211,2.05);
#75=CIRCLE('',#1213,2.05);
#76=CIRCLE('',#1215,2.05);
#77=CIRCLE('',#1221,2.);
#78=CIRCLE('',#1222,2.);
#79=CIRCLE('',#1230,2.);
#80=CIRCLE('',#1232,2.);
#81=CIRCLE('',#1235,2.);
#82=CIRCLE('',#1236,2.);
#83=CIRCLE('',#1239,2.);
#84=CIRCLE('',#1242,2.);
#85=CIRCLE('',#1244,2.);
#86=CIRCLE('',#1245,2.);
#87=CIRCLE('',#1247,2.);
#88=CIRCLE('',#1250,2.);
#89=CIRCLE('',#1257,3.5);
#90=CIRCLE('',#1258,2.04999999999998);
#91=CIRCLE('',#1261,3.5);
#92=CIRCLE('',#1262,2.04999999999998);
#93=CIRCLE('',#1265,2.04999999999998);
#94=CIRCLE('',#1267,2.04999999999998);
#95=CIRCLE('',#1269,2.75);
#96=CIRCLE('',#1272,2.75);
#97=LINE('',#1612,#185);
#98=LINE('',#1621,#186);
#99=LINE('',#1635,#187);
#100=LINE('',#1636,#188);
#101=LINE('',#1658,#189);
#102=LINE('',#1688,#190);
#103=LINE('',#1692,#191);
#104=LINE('',#1696,#192);
#105=LINE('',#1700,#193);
#106=LINE('',#1704,#194);
#107=LINE('',#1708,#195);
#108=LINE('',#1712,#196);
#109=LINE('',#1716,#197);
#110=LINE('',#1720,#198);
#111=LINE('',#1722,#199);
#112=LINE('',#1724,#200);
#113=LINE('',#1725,#201);
#114=LINE('',#1728,#202);
#115=LINE('',#1730,#203);
#116=LINE('',#1731,#204);
#117=LINE('',#1734,#205);
#118=LINE('',#1735,#206);
#119=LINE('',#1738,#207);
#120=LINE('',#1739,#208);
#121=LINE('',#1742,#209);
#122=LINE('',#1746,#210);
#123=LINE('',#1748,#211);
#124=LINE('',#1750,#212);
#125=LINE('',#1752,#213);
#126=LINE('',#1754,#214);
#127=LINE('',#1756,#215);
#128=LINE('',#1758,#216);
#129=LINE('',#1760,#217);
#130=LINE('',#1762,#218);
#131=LINE('',#1764,#219);
#132=LINE('',#1766,#220);
#133=LINE('',#1770,#221);
#134=LINE('',#1772,#222);
#135=LINE('',#1774,#223);
#136=LINE('',#1776,#224);
#137=LINE('',#1777,#225);
#138=LINE('',#1780,#226);
#139=LINE('',#1782,#227);
#140=LINE('',#1783,#228);
#141=LINE('',#1786,#229);
#142=LINE('',#1788,#230);
#143=LINE('',#1789,#231);
#144=LINE('',#1791,#232);
#145=LINE('',#1792,#233);
#146=LINE('',#1796,#234);
#147=LINE('',#1798,#235);
#148=LINE('',#1799,#236);
#149=LINE('',#1801,#237);
#150=LINE('',#1803,#238);
#151=LINE('',#1804,#239);
#152=LINE('',#1806,#240);
#153=LINE('',#1808,#241);
#154=LINE('',#1809,#242);
#155=LINE('',#1860,#243);
#156=LINE('',#2080,#244);
#157=LINE('',#2084,#245);
#158=LINE('',#2086,#246);
#159=LINE('',#2090,#247);
#160=LINE('',#2091,#248);
#161=LINE('',#2096,#249);
#162=LINE('',#2104,#250);
#163=LINE('',#2110,#251);
#164=LINE('',#2112,#252);
#165=LINE('',#2115,#253);
#166=LINE('',#2125,#254);
#167=LINE('',#2129,#255);
#168=LINE('',#2130,#256);
#169=LINE('',#2147,#257);
#170=LINE('',#2159,#258);
#171=LINE('',#2174,#259);
#172=LINE('',#2175,#260);
#173=LINE('',#2193,#261);
#174=LINE('',#2196,#262);
#175=LINE('',#2197,#263);
#176=LINE('',#2230,#264);
#177=LINE('',#2237,#265);
#178=LINE('',#2630,#266);
#179=LINE('',#2634,#267);
#180=LINE('',#2639,#268);
#181=LINE('',#2644,#269);
#182=LINE('',#2646,#270);
#183=LINE('',#2648,#271);
#184=LINE('',#2651,#272);
#185=VECTOR('',#1283,10.);
#186=VECTOR('',#1284,10.);
#187=VECTOR('',#1287,10.);
#188=VECTOR('',#1288,10.);
#189=VECTOR('',#1289,10.);
#190=VECTOR('',#1318,3.);
#191=VECTOR('',#1323,3.);
#192=VECTOR('',#1328,3.);
#193=VECTOR('',#1333,3.);
#194=VECTOR('',#1338,2.05);
#195=VECTOR('',#1343,2.05);
#196=VECTOR('',#1348,2.05);
#197=VECTOR('',#1353,2.05);
#198=VECTOR('',#1356,10.);
#199=VECTOR('',#1357,10.);
#200=VECTOR('',#1358,10.);
#201=VECTOR('',#1359,10.);
#202=VECTOR('',#1362,10.);
#203=VECTOR('',#1363,10.);
#204=VECTOR('',#1364,10.);
#205=VECTOR('',#1367,10.);
#206=VECTOR('',#1368,10.);
#207=VECTOR('',#1371,10.);
#208=VECTOR('',#1372,10.);
#209=VECTOR('',#1375,10.);
#210=VECTOR('',#1378,10.);
#211=VECTOR('',#1379,10.);
#212=VECTOR('',#1380,10.);
#213=VECTOR('',#1381,10.);
#214=VECTOR('',#1382,10.);
#215=VECTOR('',#1383,10.);
#216=VECTOR('',#1384,10.);
#217=VECTOR('',#1385,10.);
#218=VECTOR('',#1386,10.);
#219=VECTOR('',#1387,10.);
#220=VECTOR('',#1388,10.);
#221=VECTOR('',#1391,10.);
#222=VECTOR('',#1392,10.);
#223=VECTOR('',#1393,10.);
#224=VECTOR('',#1394,10.);
#225=VECTOR('',#1395,10.);
#226=VECTOR('',#1398,10.);
#227=VECTOR('',#1399,10.);
#228=VECTOR('',#1400,10.);
#229=VECTOR('',#1403,10.);
#230=VECTOR('',#1404,10.);
#231=VECTOR('',#1405,10.);
#232=VECTOR('',#1408,10.);
#233=VECTOR('',#1409,10.);
#234=VECTOR('',#1414,10.);
#235=VECTOR('',#1415,10.);
#236=VECTOR('',#1416,10.);
#237=VECTOR('',#1417,10.);
#238=VECTOR('',#1418,10.);
#239=VECTOR('',#1419,10.);
#240=VECTOR('',#1420,10.);
#241=VECTOR('',#1421,10.);
#242=VECTOR('',#1422,10.);
#243=VECTOR('',#1423,10.);
#244=VECTOR('',#1426,10.);
#245=VECTOR('',#1429,10.);
#246=VECTOR('',#1432,10.);
#247=VECTOR('',#1435,10.);
#248=VECTOR('',#1436,10.);
#249=VECTOR('',#1441,10.);
#250=VECTOR('',#1442,10.);
#251=VECTOR('',#1447,10.);
#252=VECTOR('',#1450,10.);
#253=VECTOR('',#1453,10.);
#254=VECTOR('',#1456,10.);
#255=VECTOR('',#1461,10.);
#256=VECTOR('',#1462,10.);
#257=VECTOR('',#1471,10.);
#258=VECTOR('',#1476,10.);
#259=VECTOR('',#1481,10.);
#260=VECTOR('',#1482,10.);
#261=VECTOR('',#1489,10.);
#262=VECTOR('',#1494,10.);
#263=VECTOR('',#1495,10.);
#264=VECTOR('',#1508,3.5);
#265=VECTOR('',#1517,3.5);
#266=VECTOR('',#1522,2.04999999999998);
#267=VECTOR('',#1527,2.04999999999998);
#268=VECTOR('',#1534,2.75);
#269=VECTOR('',#1541,2.75);
#270=VECTOR('',#1544,10.);
#271=VECTOR('',#1547,10.);
#272=VECTOR('',#1552,10.);
#273=PLANE('',#1186);
#274=PLANE('',#1187);
#275=PLANE('',#1188);
#276=PLANE('',#1191);
#277=PLANE('',#1194);
#278=PLANE('',#1197);
#279=PLANE('',#1216);
#280=PLANE('',#1217);
#281=PLANE('',#1218);
#282=PLANE('',#1219);
#283=PLANE('',#1220);
#284=PLANE('',#1223);
#285=PLANE('',#1224);
#286=PLANE('',#1225);
#287=PLANE('',#1226);
#288=PLANE('',#1227);
#289=PLANE('',#1228);
#290=PLANE('',#1229);
#291=PLANE('',#1231);
#292=PLANE('',#1233);
#293=PLANE('',#1234);
#294=PLANE('',#1237);
#295=PLANE('',#1238);
#296=PLANE('',#1240);
#297=PLANE('',#1248);
#298=PLANE('',#1251);
#299=PLANE('',#1253);
#300=PLANE('',#1255);
#301=PLANE('',#1256);
#302=PLANE('',#1260);
#303=PLANE('',#1268);
#304=PLANE('',#1271);
#305=PLANE('',#1274);
#306=PLANE('',#1275);
#307=PLANE('',#1276);
#308=PLANE('',#1277);
#309=PLANE('',#1278);
#310=FACE_OUTER_BOUND('',#375,.T.);
#311=FACE_OUTER_BOUND('',#376,.T.);
#312=FACE_OUTER_BOUND('',#377,.T.);
#313=FACE_OUTER_BOUND('',#378,.T.);
#314=FACE_OUTER_BOUND('',#379,.T.);
#315=FACE_OUTER_BOUND('',#381,.T.);
#316=FACE_OUTER_BOUND('',#383,.T.);
#317=FACE_OUTER_BOUND('',#385,.T.);
#318=FACE_OUTER_BOUND('',#387,.T.);
#319=FACE_OUTER_BOUND('',#388,.T.);
#320=FACE_OUTER_BOUND('',#389,.T.);
#321=FACE_OUTER_BOUND('',#390,.T.);
#322=FACE_OUTER_BOUND('',#391,.T.);
#323=FACE_OUTER_BOUND('',#392,.T.);
#324=FACE_OUTER_BOUND('',#393,.T.);
#325=FACE_OUTER_BOUND('',#394,.T.);
#326=FACE_OUTER_BOUND('',#395,.T.);
#327=FACE_OUTER_BOUND('',#398,.T.);
#328=FACE_OUTER_BOUND('',#399,.T.);
#329=FACE_OUTER_BOUND('',#400,.T.);
#330=FACE_OUTER_BOUND('',#401,.T.);
#331=FACE_OUTER_BOUND('',#402,.T.);
#332=FACE_OUTER_BOUND('',#403,.T.);
#333=FACE_OUTER_BOUND('',#404,.T.);
#334=FACE_OUTER_BOUND('',#405,.T.);
#335=FACE_OUTER_BOUND('',#408,.T.);
#336=FACE_OUTER_BOUND('',#409,.T.);
#337=FACE_OUTER_BOUND('',#411,.T.);
#338=FACE_OUTER_BOUND('',#414,.T.);
#339=FACE_OUTER_BOUND('',#415,.T.);
#340=FACE_OUTER_BOUND('',#416,.T.);
#341=FACE_OUTER_BOUND('',#417,.T.);
#342=FACE_OUTER_BOUND('',#418,.T.);
#343=FACE_OUTER_BOUND('',#419,.T.);
#344=FACE_OUTER_BOUND('',#420,.T.);
#345=FACE_OUTER_BOUND('',#421,.T.);
#346=FACE_OUTER_BOUND('',#422,.T.);
#347=FACE_OUTER_BOUND('',#423,.T.);
#348=FACE_OUTER_BOUND('',#424,.T.);
#349=FACE_OUTER_BOUND('',#425,.T.);
#350=FACE_OUTER_BOUND('',#426,.T.);
#351=FACE_OUTER_BOUND('',#427,.T.);
#352=FACE_OUTER_BOUND('',#428,.T.);
#353=FACE_OUTER_BOUND('',#429,.T.);
#354=FACE_OUTER_BOUND('',#430,.T.);
#355=FACE_OUTER_BOUND('',#431,.T.);
#356=FACE_OUTER_BOUND('',#432,.T.);
#357=FACE_OUTER_BOUND('',#433,.T.);
#358=FACE_OUTER_BOUND('',#435,.T.);
#359=FACE_OUTER_BOUND('',#436,.T.);
#360=FACE_OUTER_BOUND('',#438,.T.);
#361=FACE_OUTER_BOUND('',#439,.T.);
#362=FACE_OUTER_BOUND('',#442,.T.);
#363=FACE_OUTER_BOUND('',#444,.T.);
#364=FACE_OUTER_BOUND('',#446,.T.);
#365=FACE_OUTER_BOUND('',#447,.T.);
#366=FACE_OUTER_BOUND('',#448,.T.);
#367=FACE_OUTER_BOUND('',#450,.T.);
#368=FACE_OUTER_BOUND('',#451,.T.);
#369=FACE_OUTER_BOUND('',#453,.T.);
#370=FACE_OUTER_BOUND('',#454,.T.);
#371=FACE_OUTER_BOUND('',#455,.T.);
#372=FACE_OUTER_BOUND('',#460,.T.);
#373=FACE_OUTER_BOUND('',#461,.T.);
#374=FACE_OUTER_BOUND('',#462,.T.);
#375=EDGE_LOOP('',(#774,#775,#776,#777));
#376=EDGE_LOOP('',(#778,#779,#780,#781,#782,#783));
#377=EDGE_LOOP('',(#784,#785,#786,#787));
#378=EDGE_LOOP('',(#788,#789,#790,#791));
#379=EDGE_LOOP('',(#792));
#380=EDGE_LOOP('',(#793));
#381=EDGE_LOOP('',(#794));
#382=EDGE_LOOP('',(#795));
#383=EDGE_LOOP('',(#796));
#384=EDGE_LOOP('',(#797));
#385=EDGE_LOOP('',(#798));
#386=EDGE_LOOP('',(#799));
#387=EDGE_LOOP('',(#800,#801,#802,#803));
#388=EDGE_LOOP('',(#804,#805,#806,#807));
#389=EDGE_LOOP('',(#808,#809,#810,#811));
#390=EDGE_LOOP('',(#812,#813,#814,#815));
#391=EDGE_LOOP('',(#816,#817,#818,#819));
#392=EDGE_LOOP('',(#820,#821,#822,#823));
#393=EDGE_LOOP('',(#824,#825,#826,#827));
#394=EDGE_LOOP('',(#828,#829,#830,#831));
#395=EDGE_LOOP('',(#832,#833,#834,#835));
#396=EDGE_LOOP('',(#836));
#397=EDGE_LOOP('',(#837));
#398=EDGE_LOOP('',(#838,#839,#840,#841));
#399=EDGE_LOOP('',(#842,#843,#844,#845));
#400=EDGE_LOOP('',(#846,#847,#848,#849));
#401=EDGE_LOOP('',(#850,#851,#852,#853,#854,#855,#856,#857,#858,#859,#860,
#861,#862,#863,#864,#865,#866,#867,#868,#869,#870,#871));
#402=EDGE_LOOP('',(#872,#873,#874,#875));
#403=EDGE_LOOP('',(#876,#877,#878,#879));
#404=EDGE_LOOP('',(#880,#881,#882,#883));
#405=EDGE_LOOP('',(#884,#885,#886,#887));
#406=EDGE_LOOP('',(#888));
#407=EDGE_LOOP('',(#889));
#408=EDGE_LOOP('',(#890,#891,#892,#893,#894,#895,#896,#897,#898,#899,#900,
#901,#902,#903,#904,#905,#906,#907,#908,#909));
#409=EDGE_LOOP('',(#910,#911,#912,#913));
#410=EDGE_LOOP('',(#914,#915,#916,#917,#918,#919));
#411=EDGE_LOOP('',(#920,#921,#922,#923,#924));
#412=EDGE_LOOP('',(#925,#926));
#413=EDGE_LOOP('',(#927,#928));
#414=EDGE_LOOP('',(#929,#930,#931,#932,#933,#934,#935));
#415=EDGE_LOOP('',(#936,#937,#938,#939));
#416=EDGE_LOOP('',(#940,#941,#942,#943));
#417=EDGE_LOOP('',(#944,#945,#946,#947,#948));
#418=EDGE_LOOP('',(#949,#950,#951,#952,#953,#954));
#419=EDGE_LOOP('',(#955,#956,#957,#958,#959));
#420=EDGE_LOOP('',(#960,#961,#962,#963,#964));
#421=EDGE_LOOP('',(#965,#966,#967,#968));
#422=EDGE_LOOP('',(#969,#970,#971,#972,#973));
#423=EDGE_LOOP('',(#974,#975,#976,#977,#978));
#424=EDGE_LOOP('',(#979,#980,#981,#982,#983));
#425=EDGE_LOOP('',(#984,#985,#986,#987));
#426=EDGE_LOOP('',(#988,#989,#990,#991,#992));
#427=EDGE_LOOP('',(#993,#994,#995,#996));
#428=EDGE_LOOP('',(#997,#998,#999,#1000,#1001));
#429=EDGE_LOOP('',(#1002,#1003,#1004,#1005));
#430=EDGE_LOOP('',(#1006,#1007,#1008,#1009,#1010));
#431=EDGE_LOOP('',(#1011,#1012,#1013,#1014));
#432=EDGE_LOOP('',(#1015,#1016,#1017,#1018,#1019,#1020));
#433=EDGE_LOOP('',(#1021));
#434=EDGE_LOOP('',(#1022));
#435=EDGE_LOOP('',(#1023,#1024,#1025,#1026,#1027));
#436=EDGE_LOOP('',(#1028));
#437=EDGE_LOOP('',(#1029));
#438=EDGE_LOOP('',(#1030,#1031,#1032,#1033,#1034));
#439=EDGE_LOOP('',(#1035,#1036,#1037,#1038,#1039,#1040));
#440=EDGE_LOOP('',(#1041));
#441=EDGE_LOOP('',(#1042));
#442=EDGE_LOOP('',(#1043));
#443=EDGE_LOOP('',(#1044,#1045));
#444=EDGE_LOOP('',(#1046));
#445=EDGE_LOOP('',(#1047,#1048));
#446=EDGE_LOOP('',(#1049,#1050,#1051,#1052));
#447=EDGE_LOOP('',(#1053,#1054,#1055,#1056));
#448=EDGE_LOOP('',(#1057));
#449=EDGE_LOOP('',(#1058));
#450=EDGE_LOOP('',(#1059,#1060,#1061,#1062,#1063));
#451=EDGE_LOOP('',(#1064));
#452=EDGE_LOOP('',(#1065));
#453=EDGE_LOOP('',(#1066,#1067,#1068,#1069,#1070));
#454=EDGE_LOOP('',(#1071,#1072,#1073,#1074,#1075,#1076));
#455=EDGE_LOOP('',(#1077,#1078,#1079,#1080));
#456=EDGE_LOOP('',(#1081));
#457=EDGE_LOOP('',(#1082));
#458=EDGE_LOOP('',(#1083));
#459=EDGE_LOOP('',(#1084));
#460=EDGE_LOOP('',(#1085,#1086,#1087,#1088,#1089,#1090));
#461=EDGE_LOOP('',(#1091,#1092,#1093,#1094,#1095));
#462=EDGE_LOOP('',(#1096,#1097,#1098,#1099));
#463=B_SPLINE_CURVE_WITH_KNOTS('',3,(#1578,#1579,#1580,#1581,#1582,#1583,
#1584,#1585,#1586,#1587),.UNSPECIFIED.,.F.,.F.,(4,2,2,2,4),(0.,0.0833638464261634,
0.153258127554764,0.20647996875727,0.257719849387422),.UNSPECIFIED.);
#464=B_SPLINE_CURVE_WITH_KNOTS('',3,(#1589,#1590,#1591,#1592),
 .UNSPECIFIED.,.F.,.F.,(4,4),(-10.7655669563313,-1.11556695633131),
 .UNSPECIFIED.);
#465=B_SPLINE_CURVE_WITH_KNOTS('',3,(#1594,#1595,#1596,#1597,#1598,#1599,
#1600,#1601,#1602,#1603,#1604,#1605),.UNSPECIFIED.,.F.,.F.,(4,2,2,2,2,4),
(0.,0.0527445011672291,0.108359197448429,0.170333382915945,0.208117558662503,
0.246307640409321),.UNSPECIFIED.);
#466=B_SPLINE_CURVE_WITH_KNOTS('',3,(#1606,#1607,#1608,#1609),
 .UNSPECIFIED.,.F.,.F.,(4,4),(1.04214355647886,10.8634648228012),
 .UNSPECIFIED.);
#467=B_SPLINE_CURVE_WITH_KNOTS('',3,(#1614,#1615,#1616,#1617,#1618,#1619),
 .UNSPECIFIED.,.F.,.F.,(4,2,4),(-3.11640780019257,-1.52424988087419,0.),
 .UNSPECIFIED.);
#468=B_SPLINE_CURVE_WITH_KNOTS('',3,(#1623,#1624,#1625,#1626),
 .UNSPECIFIED.,.F.,.F.,(4,4),(0.,0.335023248709666),.UNSPECIFIED.);
#469=B_SPLINE_CURVE_WITH_KNOTS('',3,(#1627,#1628,#1629,#1630,#1631,#1632),
 .UNSPECIFIED.,.F.,.F.,(4,2,4),(0.,1.01351913915086,1.92993976857071),
 .UNSPECIFIED.);
#470=B_SPLINE_CURVE_WITH_KNOTS('',3,(#1659,#1660,#1661,#1662,#1663,#1664),
 .UNSPECIFIED.,.F.,.F.,(4,2,4),(0.176491622432734,1.46060499597023,2.96605161020481),
 .UNSPECIFIED.);
#471=B_SPLINE_CURVE_WITH_KNOTS('',3,(#1823,#1824,#1825,#1826,#1827,#1828,
#1829,#1830,#1831,#1832,#1833,#1834,#1835,#1836,#1837,#1838,#1839,#1840,
#1841,#1842,#1843,#1844,#1845,#1846,#1847,#1848,#1849,#1850,#1851,#1852,
#1853,#1854,#1855,#1856,#1857,#1858,#1859),.UNSPECIFIED.,.F.,.F.,(4,3,3,
3,3,3,3,3,3,3,3,3,4),(-2.39228645879509,-1.7911275066237,-1.37754089901139,
-1.18996855445231,-1.15021942485236,-1.02320275131482,-0.8910566533654,
-0.755273709357847,-0.615372868250586,-0.470758933960004,-0.318006613609715,
-0.155806209064217,0.),.UNSPECIFIED.);
#472=B_SPLINE_CURVE_WITH_KNOTS('',3,(#1863,#1864,#1865,#1866),
 .UNSPECIFIED.,.F.,.F.,(4,4),(-0.625842989635867,-0.448908419377885),
 .UNSPECIFIED.);
#473=B_SPLINE_CURVE_WITH_KNOTS('',3,(#1868,#1869,#1870,#1871),
 .UNSPECIFIED.,.F.,.F.,(4,4),(-0.350945248021242,-0.0750904485239071),
 .UNSPECIFIED.);
#474=B_SPLINE_CURVE_WITH_KNOTS('',3,(#1873,#1874,#1875,#1876,#1877,#1878),
 .UNSPECIFIED.,.F.,.F.,(4,2,4),(-8.94999999999999,-6.45,-3.94999999999999),
 .UNSPECIFIED.);
#475=B_SPLINE_CURVE_WITH_KNOTS('',3,(#1880,#1881,#1882,#1883),
 .UNSPECIFIED.,.F.,.F.,(4,4),(-0.326107911127519,-0.0502524211071277),
 .UNSPECIFIED.);
#476=B_SPLINE_CURVE_WITH_KNOTS('',3,(#1885,#1886,#1887,#1888),
 .UNSPECIFIED.,.F.,.F.,(4,4),(-0.631700213676503,-0.454672672169263),
 .UNSPECIFIED.);
#477=B_SPLINE_CURVE_WITH_KNOTS('',3,(#1889,#1890,#1891,#1892),
 .UNSPECIFIED.,.F.,.F.,(4,4),(-8.94999999999999,-3.94999999999999),
 .UNSPECIFIED.);
#478=B_SPLINE_CURVE_WITH_KNOTS('',3,(#1924,#1925,#1926,#1927),
 .UNSPECIFIED.,.F.,.F.,(4,4),(-0.713896960802198,0.),.UNSPECIFIED.);
#479=B_SPLINE_CURVE_WITH_KNOTS('',3,(#1958,#1959,#1960,#1961,#1962,#1963,
#1964,#1965,#1966,#1967,#1968,#1969,#1970,#1971,#1972,#1973,#1974,#1975,
#1976,#1977,#1978,#1979,#1980,#1981,#1982,#1983,#1984,#1985,#1986,#1987,
#1988,#1989,#1990,#1991,#1992,#1993,#1994,#1995,#1996,#1997,#1998,#1999,
#2000,#2001),.UNSPECIFIED.,.F.,.F.,(4,2,2,2,2,2,2,2,2,2,2,2,2,2,2,2,2,2,
2,2,2,4),(-2.30022711134904,-2.20473697579595,-2.13153150731569,-1.98481926268317,
-1.823863906207,-1.67357432310737,-1.54490265599366,-1.40658281321862,-1.33854866305867,
-1.29904118557354,-1.26530933770102,-1.22536670975463,-1.15552124570854,
-1.02287835341569,-0.873823371399705,-0.710942140839219,-0.565819282363029,
-0.437731369674076,-0.297416425478851,-0.209176099204872,-0.159047972635174,
-0.13262203379092),.UNSPECIFIED.);
#480=B_SPLINE_CURVE_WITH_KNOTS('',3,(#2002,#2003,#2004,#2005,#2006,#2007,
#2008,#2009,#2010,#2011,#2012,#2013,#2014),.UNSPECIFIED.,.F.,.F.,(4,3,3,
3,4),(-0.13262203379092,-0.11795094766076,-0.0720550996979742,-0.023391370971298,
0.),.UNSPECIFIED.);
#481=B_SPLINE_CURVE_WITH_KNOTS('',3,(#2017,#2018,#2019,#2020,#2021,#2022,
#2023,#2024,#2025,#2026,#2027,#2028,#2029,#2030,#2031,#2032,#2033,#2034,
#2035,#2036,#2037,#2038,#2039,#2040,#2041,#2042,#2043,#2044,#2045,#2046,
#2047,#2048,#2049,#2050,#2051,#2052,#2053,#2054,#2055,#2056,#2057,#2058,
#2059,#2060),.UNSPECIFIED.,.F.,.F.,(4,2,2,2,2,2,2,2,2,2,2,2,2,2,2,2,2,2,
2,2,2,4),(-2.30022711135162,-2.20473697579851,-2.13153150731827,-1.98481926268585,
-1.82386390620975,-1.6735743231103,-1.54490265599675,-1.40658281322175,
-1.33854866306194,-1.29904118557696,-1.26530933770447,-1.22536670975782,
-1.15552124571136,-1.02287835341815,-0.873823371401747,-0.710942140840728,
-0.565819282364067,-0.43773136967477,-0.297416425479099,-0.209176099204761,
-0.159047972635087,-0.132622033790869),.UNSPECIFIED.);
#482=B_SPLINE_CURVE_WITH_KNOTS('',3,(#2061,#2062,#2063,#2064,#2065,#2066,
#2067,#2068,#2069,#2070,#2071,#2072,#2073),.UNSPECIFIED.,.F.,.F.,(4,3,3,
3,4),(-0.132622033790869,-0.117950947660714,-0.0720550996979389,-0.0233913709710942,
0.),.UNSPECIFIED.);
#483=B_SPLINE_CURVE_WITH_KNOTS('',3,(#2076,#2077,#2078,#2079),
 .UNSPECIFIED.,.F.,.F.,(4,4),(0.,1.0385141723834),.UNSPECIFIED.);
#484=B_SPLINE_CURVE_WITH_KNOTS('',3,(#2097,#2098,#2099,#2100,#2101,#2102,
#2103),.UNSPECIFIED.,.F.,.F.,(4,3,4),(0.,0.165716045042907,0.231247829452415),
 .UNSPECIFIED.);
#485=B_SPLINE_CURVE_WITH_KNOTS('',3,(#2116,#2117,#2118,#2119,#2120,#2121,
#2122),.UNSPECIFIED.,.F.,.F.,(4,3,4),(0.0587972567279029,0.124312178619591,
0.289985581830087),.UNSPECIFIED.);
#486=B_SPLINE_CURVE_WITH_KNOTS('',3,(#2134,#2135,#2136,#2137,#2138,#2139,
#2140,#2141),.UNSPECIFIED.,.F.,.F.,(4,2,2,4),(0.724350563126708,0.774624716441464,
0.824898869756219,0.828883959825206),.UNSPECIFIED.);
#487=B_SPLINE_CURVE_WITH_KNOTS('',3,(#2149,#2150,#2151,#2152,#2153,#2154,
#2155,#2156),.UNSPECIFIED.,.F.,.F.,(4,2,2,4),(1.22346413087554,1.22744922094444,
1.2777233742592,1.32799752757395),.UNSPECIFIED.);
#488=B_SPLINE_CURVE_WITH_KNOTS('',3,(#2162,#2163,#2164,#2165,#2166,#2167,
#2168,#2169,#2170,#2171),.UNSPECIFIED.,.F.,.F.,(4,3,3,4),(0.232620130260366,
0.250930084059161,0.270832270476044,0.289467912416683),.UNSPECIFIED.);
#489=B_SPLINE_CURVE_WITH_KNOTS('',3,(#2179,#2180,#2181,#2182,#2183,#2184,
#2185,#2186,#2187,#2188,#2189,#2190,#2191),.UNSPECIFIED.,.F.,.F.,(4,3,3,
3,4),(0.,0.0220665276051843,0.0430954726925678,0.0562520673615224,0.0598776233557733),
 .UNSPECIFIED.);
#490=B_SPLINE_CURVE_WITH_KNOTS('',3,(#2200,#2201,#2202,#2203),
 .UNSPECIFIED.,.F.,.F.,(4,4),(3.95852072411019,8.94147927588979),
 .UNSPECIFIED.);
#491=B_SPLINE_CURVE_WITH_KNOTS('',3,(#2271,#2272,#2273,#2274,#2275,#2276,
#2277,#2278,#2279,#2280,#2281,#2282,#2283),.UNSPECIFIED.,.F.,.F.,(4,3,3,
3,4),(-0.575938281128719,-0.501695892606585,-0.318191390973235,2.3635607360184E-15,
0.00615716130750588),.UNSPECIFIED.);
#492=B_SPLINE_CURVE_WITH_KNOTS('',3,(#2285,#2286,#2287,#2288,#2289,#2290),
 .UNSPECIFIED.,.F.,.F.,(4,2,4),(0.,6.45,12.9),.UNSPECIFIED.);
#493=B_SPLINE_CURVE_WITH_KNOTS('',3,(#2291,#2292,#2293,#2294,#2295,#2296,
#2297,#2298,#2299,#2300),.UNSPECIFIED.,.F.,.F.,(4,3,3,4),(-0.464887673567828,
-0.318191390973234,5.36896915814822E-15,0.00615716130750488),
 .UNSPECIFIED.);
#494=B_SPLINE_CURVE_WITH_KNOTS('',3,(#2302,#2303,#2304,#2305,#2306,#2307,
#2308,#2309,#2310,#2311,#2312,#2313,#2314,#2315,#2316,#2317,#2318,#2319,
#2320,#2321,#2322,#2323),.UNSPECIFIED.,.T.,.F.,(4,3,3,3,3,3,3,4),(-2.28917238557449,
-1.97592298174841,-1.62468124913451,-1.21851093685088,-0.895728671048485,
-0.571391202125324,-0.16756313950382,0.),.UNSPECIFIED.);
#495=B_SPLINE_CURVE_WITH_KNOTS('',3,(#2325,#2326,#2327,#2328,#2329,#2330,
#2331,#2332,#2333,#2334,#2335,#2336,#2337,#2338,#2339,#2340,#2341,#2342,
#2343,#2344,#2345,#2346),.UNSPECIFIED.,.T.,.F.,(4,3,3,3,3,3,3,4),(-2.2891723868428,
-1.97592297871665,-1.62468124615611,-1.21851093461708,-0.895728668865984,
-0.571391200269843,-0.167563137710918,0.),.UNSPECIFIED.);
#496=B_SPLINE_CURVE_WITH_KNOTS('',3,(#2357,#2358,#2359,#2360,#2361,#2362),
 .UNSPECIFIED.,.F.,.F.,(4,2,4),(0.,0.103723014759672,0.124519999129395),
 .UNSPECIFIED.);
#497=B_SPLINE_CURVE_WITH_KNOTS('',3,(#2363,#2364,#2365,#2366,#2367,#2368,
#2369,#2370,#2371,#2372,#2373,#2374,#2375,#2376,#2377,#2378,#2379,#2380,
#2381,#2382,#2383,#2384,#2385,#2386,#2387,#2388,#2389,#2390,#2391,#2392,
#2393,#2394,#2395,#2396,#2397,#2398,#2399,#2400,#2401,#2402,#2403,#2404,
#2405,#2406,#2407,#2408,#2409,#2410,#2411,#2412,#2413,#2414,#2415,#2416,
#2417,#2418,#2419,#2420,#2421,#2422,#2423,#2424,#2425,#2426,#2427,#2428,
#2429,#2430,#2431,#2432,#2433,#2434,#2435,#2436,#2437,#2438,#2439,#2440,
#2441,#2442,#2443,#2444,#2445,#2446,#2447,#2448,#2449,#2450,#2451,#2452,
#2453,#2454,#2455,#2456,#2457,#2458,#2459,#2460,#2461,#2462,#2463,#2464,
#2465,#2466,#2467,#2468,#2469,#2470,#2471,#2472,#2473,#2474,#2475,#2476,
#2477,#2478,#2479,#2480,#2481,#2482,#2483,#2484,#2485,#2486),
 .UNSPECIFIED.,.F.,.F.,(4,3,3,3,3,3,3,3,3,3,3,3,3,3,3,3,3,3,3,3,3,3,3,3,
3,3,3,3,3,3,3,3,3,3,3,3,3,3,3,3,3,4),(0.124519999129395,0.168666539930482,
0.206290344918265,0.255905843601074,0.311861326056703,0.379051678975607,
0.411851754898115,0.461958312957247,0.509748188633359,0.521324612760324,
0.56695309317648,0.612589118860019,0.634877012813351,0.680733612664047,
0.728789413582009,0.753400489307842,0.808933459027237,0.867352346651586,
0.919638295607775,0.965464901835546,0.971924244563963,1.01373176569111,
1.05553880339758,1.07203598387197,1.11771353968873,1.16822307411476,1.17292721892064,
1.23850318390909,1.28160800236584,1.33058123317841,1.37684063955374,1.40032499778111,
1.44600781383191,1.49149921173568,1.51434068966168,1.56172488920408,1.61103588053356,
1.62395771275447,1.68391688288668,1.73498084118302,1.79166144858261,1.79495615493942),
 .UNSPECIFIED.);
#498=B_SPLINE_CURVE_WITH_KNOTS('',3,(#2497,#2498,#2499,#2500,#2501,#2502),
 .UNSPECIFIED.,.F.,.F.,(4,2,4),(0.,0.103723014759127,0.124519999128675),
 .UNSPECIFIED.);
#499=B_SPLINE_CURVE_WITH_KNOTS('',3,(#2503,#2504,#2505,#2506,#2507,#2508,
#2509,#2510,#2511,#2512,#2513,#2514,#2515,#2516,#2517,#2518,#2519,#2520,
#2521,#2522,#2523,#2524,#2525,#2526,#2527,#2528,#2529,#2530,#2531,#2532,
#2533,#2534,#2535,#2536,#2537,#2538,#2539,#2540,#2541,#2542,#2543,#2544,
#2545,#2546,#2547,#2548,#2549,#2550,#2551,#2552,#2553,#2554,#2555,#2556,
#2557,#2558,#2559,#2560,#2561,#2562,#2563,#2564,#2565,#2566,#2567,#2568,
#2569,#2570,#2571,#2572,#2573,#2574,#2575,#2576,#2577,#2578,#2579,#2580,
#2581,#2582,#2583,#2584,#2585,#2586,#2587,#2588,#2589,#2590,#2591,#2592,
#2593,#2594,#2595,#2596,#2597,#2598,#2599,#2600,#2601,#2602,#2603,#2604,
#2605,#2606,#2607,#2608,#2609,#2610,#2611,#2612,#2613,#2614,#2615,#2616,
#2617,#2618,#2619,#2620,#2621,#2622,#2623,#2624,#2625,#2626),
 .UNSPECIFIED.,.F.,.F.,(4,3,3,3,3,3,3,3,3,3,3,3,3,3,3,3,3,3,3,3,3,3,3,3,
3,3,3,3,3,3,3,3,3,3,3,3,3,3,3,3,3,4),(0.124519999128675,0.168666539929365,
0.2062903449169,0.255905843600672,0.311861326054484,0.379051678966927,0.411851754895075,
0.461958312952224,0.509748188627802,0.521324612756505,0.566953093170501,
0.61258911885386,0.634877012808584,0.680733612658925,0.728789413575384,
0.753400489301935,0.808933459019922,0.867352346644596,0.919638295600261,
0.965464901828727,0.971924244555927,1.01373176567881,1.05553880338399,1.07203598386268,
1.11771353967751,1.16822307410066,1.1729272189099,1.2385031838932,1.28160800235353,
1.33058123316608,1.37684063954069,1.40032499776719,1.44600781381759,1.49149921172072,
1.51434068964597,1.56172488918749,1.61103588051325,1.62395771273686,1.68391688286501,
1.73498084116317,1.79166144853841,1.79495615491918),.UNSPECIFIED.);
#500=VERTEX_POINT('',#1576);
#501=VERTEX_POINT('',#1577);
#502=VERTEX_POINT('',#1588);
#503=VERTEX_POINT('',#1593);
#504=VERTEX_POINT('',#1611);
#505=VERTEX_POINT('',#1613);
#506=VERTEX_POINT('',#1620);
#507=VERTEX_POINT('',#1622);
#508=VERTEX_POINT('',#1634);
#509=VERTEX_POINT('',#1657);
#510=VERTEX_POINT('',#1666);
#511=VERTEX_POINT('',#1668);
#512=VERTEX_POINT('',#1671);
#513=VERTEX_POINT('',#1673);
#514=VERTEX_POINT('',#1676);
#515=VERTEX_POINT('',#1678);
#516=VERTEX_POINT('',#1681);
#517=VERTEX_POINT('',#1683);
#518=VERTEX_POINT('',#1686);
#519=VERTEX_POINT('',#1690);
#520=VERTEX_POINT('',#1694);
#521=VERTEX_POINT('',#1698);
#522=VERTEX_POINT('',#1702);
#523=VERTEX_POINT('',#1706);
#524=VERTEX_POINT('',#1710);
#525=VERTEX_POINT('',#1714);
#526=VERTEX_POINT('',#1718);
#527=VERTEX_POINT('',#1719);
#528=VERTEX_POINT('',#1721);
#529=VERTEX_POINT('',#1723);
#530=VERTEX_POINT('',#1727);
#531=VERTEX_POINT('',#1729);
#532=VERTEX_POINT('',#1733);
#533=VERTEX_POINT('',#1737);
#534=VERTEX_POINT('',#1741);
#535=VERTEX_POINT('',#1743);
#536=VERTEX_POINT('',#1745);
#537=VERTEX_POINT('',#1747);
#538=VERTEX_POINT('',#1749);
#539=VERTEX_POINT('',#1751);
#540=VERTEX_POINT('',#1753);
#541=VERTEX_POINT('',#1755);
#542=VERTEX_POINT('',#1757);
#543=VERTEX_POINT('',#1759);
#544=VERTEX_POINT('',#1761);
#545=VERTEX_POINT('',#1763);
#546=VERTEX_POINT('',#1765);
#547=VERTEX_POINT('',#1767);
#548=VERTEX_POINT('',#1769);
#549=VERTEX_POINT('',#1771);
#550=VERTEX_POINT('',#1773);
#551=VERTEX_POINT('',#1775);
#552=VERTEX_POINT('',#1779);
#553=VERTEX_POINT('',#1781);
#554=VERTEX_POINT('',#1785);
#555=VERTEX_POINT('',#1787);
#556=VERTEX_POINT('',#1795);
#557=VERTEX_POINT('',#1797);
#558=VERTEX_POINT('',#1800);
#559=VERTEX_POINT('',#1802);
#560=VERTEX_POINT('',#1805);
#561=VERTEX_POINT('',#1807);
#562=VERTEX_POINT('',#1822);
#563=VERTEX_POINT('',#1861);
#564=VERTEX_POINT('',#1862);
#565=VERTEX_POINT('',#1867);
#566=VERTEX_POINT('',#1872);
#567=VERTEX_POINT('',#1879);
#568=VERTEX_POINT('',#1884);
#569=VERTEX_POINT('',#1923);
#570=VERTEX_POINT('',#1956);
#571=VERTEX_POINT('',#1957);
#572=VERTEX_POINT('',#2015);
#573=VERTEX_POINT('',#2016);
#574=VERTEX_POINT('',#2075);
#575=VERTEX_POINT('',#2082);
#576=VERTEX_POINT('',#2083);
#577=VERTEX_POINT('',#2088);
#578=VERTEX_POINT('',#2089);
#579=VERTEX_POINT('',#2094);
#580=VERTEX_POINT('',#2095);
#581=VERTEX_POINT('',#2106);
#582=VERTEX_POINT('',#2107);
#583=VERTEX_POINT('',#2109);
#584=VERTEX_POINT('',#2114);
#585=VERTEX_POINT('',#2124);
#586=VERTEX_POINT('',#2128);
#587=VERTEX_POINT('',#2132);
#588=VERTEX_POINT('',#2143);
#589=VERTEX_POINT('',#2144);
#590=VERTEX_POINT('',#2146);
#591=VERTEX_POINT('',#2158);
#592=VERTEX_POINT('',#2160);
#593=VERTEX_POINT('',#2173);
#594=VERTEX_POINT('',#2177);
#595=VERTEX_POINT('',#2225);
#596=VERTEX_POINT('',#2227);
#597=VERTEX_POINT('',#2232);
#598=VERTEX_POINT('',#2234);
#599=VERTEX_POINT('',#2270);
#600=VERTEX_POINT('',#2284);
#601=VERTEX_POINT('',#2301);
#602=VERTEX_POINT('',#2324);
#603=VERTEX_POINT('',#2355);
#604=VERTEX_POINT('',#2356);
#605=VERTEX_POINT('',#2495);
#606=VERTEX_POINT('',#2496);
#607=VERTEX_POINT('',#2628);
#608=VERTEX_POINT('',#2632);
#609=VERTEX_POINT('',#2636);
#610=VERTEX_POINT('',#2641);
#611=EDGE_CURVE('',#500,#501,#463,.T.);
#612=EDGE_CURVE('',#501,#502,#464,.T.);
#613=EDGE_CURVE('',#502,#503,#465,.T.);
#614=EDGE_CURVE('',#503,#500,#466,.T.);
#615=EDGE_CURVE('',#504,#502,#97,.T.);
#616=EDGE_CURVE('',#505,#504,#467,.T.);
#617=EDGE_CURVE('',#506,#505,#98,.T.);
#618=EDGE_CURVE('',#507,#506,#468,.F.);
#619=EDGE_CURVE('',#503,#507,#469,.F.);
#620=EDGE_CURVE('',#501,#508,#99,.T.);
#621=EDGE_CURVE('',#504,#508,#100,.T.);
#622=EDGE_CURVE('',#507,#509,#101,.T.);
#623=EDGE_CURVE('',#509,#500,#470,.F.);
#624=EDGE_CURVE('',#510,#510,#61,.T.);
#625=EDGE_CURVE('',#511,#511,#62,.T.);
#626=EDGE_CURVE('',#512,#512,#63,.T.);
#627=EDGE_CURVE('',#513,#513,#64,.T.);
#628=EDGE_CURVE('',#514,#514,#65,.T.);
#629=EDGE_CURVE('',#515,#515,#66,.T.);
#630=EDGE_CURVE('',#516,#516,#67,.T.);
#631=EDGE_CURVE('',#517,#517,#68,.T.);
#632=EDGE_CURVE('',#518,#518,#69,.F.);
#633=EDGE_CURVE('',#518,#514,#102,.T.);
#634=EDGE_CURVE('',#519,#519,#70,.F.);
#635=EDGE_CURVE('',#519,#510,#103,.T.);
#636=EDGE_CURVE('',#520,#520,#71,.F.);
#637=EDGE_CURVE('',#520,#512,#104,.T.);
#638=EDGE_CURVE('',#521,#521,#72,.F.);
#639=EDGE_CURVE('',#521,#516,#105,.T.);
#640=EDGE_CURVE('',#522,#522,#73,.T.);
#641=EDGE_CURVE('',#522,#511,#106,.T.);
#642=EDGE_CURVE('',#523,#523,#74,.F.);
#643=EDGE_CURVE('',#523,#515,#107,.T.);
#644=EDGE_CURVE('',#524,#524,#75,.F.);
#645=EDGE_CURVE('',#524,#513,#108,.T.);
#646=EDGE_CURVE('',#525,#525,#76,.T.);
#647=EDGE_CURVE('',#525,#517,#109,.T.);
#648=EDGE_CURVE('',#526,#527,#110,.F.);
#649=EDGE_CURVE('',#528,#526,#111,.F.);
#650=EDGE_CURVE('',#529,#528,#112,.F.);
#651=EDGE_CURVE('',#527,#529,#113,.F.);
#652=EDGE_CURVE('',#527,#530,#114,.T.);
#653=EDGE_CURVE('',#529,#531,#115,.T.);
#654=EDGE_CURVE('',#530,#531,#116,.T.);
#655=EDGE_CURVE('',#528,#532,#117,.T.);
#656=EDGE_CURVE('',#531,#532,#118,.T.);
#657=EDGE_CURVE('',#533,#526,#119,.T.);
#658=EDGE_CURVE('',#532,#533,#120,.T.);
#659=EDGE_CURVE('',#530,#534,#121,.T.);
#660=EDGE_CURVE('',#534,#535,#77,.T.);
#661=EDGE_CURVE('',#535,#536,#122,.T.);
#662=EDGE_CURVE('',#536,#537,#123,.T.);
#663=EDGE_CURVE('',#537,#538,#124,.T.);
#664=EDGE_CURVE('',#538,#539,#125,.T.);
#665=EDGE_CURVE('',#539,#540,#126,.T.);
#666=EDGE_CURVE('',#540,#541,#127,.F.);
#667=EDGE_CURVE('',#541,#542,#128,.T.);
#668=EDGE_CURVE('',#542,#543,#129,.T.);
#669=EDGE_CURVE('',#543,#544,#130,.T.);
#670=EDGE_CURVE('',#544,#545,#131,.T.);
#671=EDGE_CURVE('',#545,#546,#132,.T.);
#672=EDGE_CURVE('',#546,#547,#78,.T.);
#673=EDGE_CURVE('',#547,#548,#133,.T.);
#674=EDGE_CURVE('',#548,#549,#134,.T.);
#675=EDGE_CURVE('',#549,#550,#135,.F.);
#676=EDGE_CURVE('',#550,#551,#136,.T.);
#677=EDGE_CURVE('',#551,#533,#137,.T.);
#678=EDGE_CURVE('',#552,#550,#138,.T.);
#679=EDGE_CURVE('',#552,#553,#139,.T.);
#680=EDGE_CURVE('',#551,#553,#140,.T.);
#681=EDGE_CURVE('',#554,#548,#141,.T.);
#682=EDGE_CURVE('',#555,#554,#142,.T.);
#683=EDGE_CURVE('',#549,#555,#143,.T.);
#684=EDGE_CURVE('',#555,#552,#144,.T.);
#685=EDGE_CURVE('',#553,#554,#145,.T.);
#686=EDGE_CURVE('',#556,#547,#146,.T.);
#687=EDGE_CURVE('',#556,#557,#147,.T.);
#688=EDGE_CURVE('',#557,#543,#148,.T.);
#689=EDGE_CURVE('',#542,#558,#149,.T.);
#690=EDGE_CURVE('',#558,#559,#150,.T.);
#691=EDGE_CURVE('',#539,#559,#151,.T.);
#692=EDGE_CURVE('',#538,#560,#152,.T.);
#693=EDGE_CURVE('',#560,#561,#153,.T.);
#694=EDGE_CURVE('',#534,#561,#154,.T.);
#695=EDGE_CURVE('',#508,#562,#471,.T.);
#696=EDGE_CURVE('',#505,#562,#155,.T.);
#697=EDGE_CURVE('',#563,#564,#472,.T.);
#698=EDGE_CURVE('',#564,#565,#473,.T.);
#699=EDGE_CURVE('',#565,#566,#474,.T.);
#700=EDGE_CURVE('',#566,#567,#475,.T.);
#701=EDGE_CURVE('',#567,#568,#476,.T.);
#702=EDGE_CURVE('',#563,#568,#477,.T.);
#703=EDGE_CURVE('',#562,#569,#478,.T.);
#704=EDGE_CURVE('',#559,#569,#15,.T.);
#705=EDGE_CURVE('',#558,#505,#16,.T.);
#706=EDGE_CURVE('',#570,#571,#479,.T.);
#707=EDGE_CURVE('',#571,#570,#480,.T.);
#708=EDGE_CURVE('',#572,#573,#481,.T.);
#709=EDGE_CURVE('',#573,#572,#482,.T.);
#710=EDGE_CURVE('',#574,#509,#483,.F.);
#711=EDGE_CURVE('',#569,#574,#156,.T.);
#712=EDGE_CURVE('',#575,#576,#157,.F.);
#713=EDGE_CURVE('',#561,#575,#79,.T.);
#714=EDGE_CURVE('',#560,#576,#158,.F.);
#715=EDGE_CURVE('',#577,#578,#159,.T.);
#716=EDGE_CURVE('',#557,#577,#160,.T.);
#717=EDGE_CURVE('',#556,#578,#80,.F.);
#718=EDGE_CURVE('',#579,#580,#161,.T.);
#719=EDGE_CURVE('',#568,#579,#484,.T.);
#720=EDGE_CURVE('',#580,#566,#162,.F.);
#721=EDGE_CURVE('',#581,#582,#81,.T.);
#722=EDGE_CURVE('',#583,#581,#163,.F.);
#723=EDGE_CURVE('',#580,#583,#82,.T.);
#724=EDGE_CURVE('',#565,#582,#164,.T.);
#725=EDGE_CURVE('',#582,#584,#165,.T.);
#726=EDGE_CURVE('',#563,#584,#485,.F.);
#727=EDGE_CURVE('',#537,#585,#166,.T.);
#728=EDGE_CURVE('',#576,#585,#83,.T.);
#729=EDGE_CURVE('',#586,#536,#167,.T.);
#730=EDGE_CURVE('',#585,#586,#168,.T.);
#731=EDGE_CURVE('',#586,#587,#84,.T.);
#732=EDGE_CURVE('',#575,#587,#486,.T.);
#733=EDGE_CURVE('',#588,#589,#85,.T.);
#734=EDGE_CURVE('',#589,#590,#169,.T.);
#735=EDGE_CURVE('',#590,#577,#86,.T.);
#736=EDGE_CURVE('',#578,#588,#487,.F.);
#737=EDGE_CURVE('',#583,#591,#170,.T.);
#738=EDGE_CURVE('',#591,#592,#87,.T.);
#739=EDGE_CURVE('',#579,#592,#488,.T.);
#740=EDGE_CURVE('',#593,#581,#171,.T.);
#741=EDGE_CURVE('',#593,#591,#172,.T.);
#742=EDGE_CURVE('',#594,#593,#88,.T.);
#743=EDGE_CURVE('',#584,#594,#489,.F.);
#744=EDGE_CURVE('',#587,#535,#173,.T.);
#745=EDGE_CURVE('',#589,#545,#174,.T.);
#746=EDGE_CURVE('',#546,#588,#175,.T.);
#747=EDGE_CURVE('',#592,#594,#490,.T.);
#748=EDGE_CURVE('',#595,#595,#89,.T.);
#749=EDGE_CURVE('',#596,#596,#90,.T.);
#750=EDGE_CURVE('',#595,#573,#176,.T.);
#751=EDGE_CURVE('',#597,#597,#91,.T.);
#752=EDGE_CURVE('',#598,#598,#92,.T.);
#753=EDGE_CURVE('',#597,#571,#177,.T.);
#754=EDGE_CURVE('',#599,#506,#491,.F.);
#755=EDGE_CURVE('',#599,#600,#492,.T.);
#756=EDGE_CURVE('',#574,#600,#493,.T.);
#757=EDGE_CURVE('',#601,#601,#494,.T.);
#758=EDGE_CURVE('',#602,#602,#495,.T.);
#759=EDGE_CURVE('',#603,#604,#496,.T.);
#760=EDGE_CURVE('',#604,#603,#497,.T.);
#761=EDGE_CURVE('',#605,#606,#498,.T.);
#762=EDGE_CURVE('',#606,#605,#499,.T.);
#763=EDGE_CURVE('',#607,#607,#93,.T.);
#764=EDGE_CURVE('',#607,#598,#178,.T.);
#765=EDGE_CURVE('',#608,#608,#94,.T.);
#766=EDGE_CURVE('',#608,#596,#179,.T.);
#767=EDGE_CURVE('',#609,#609,#95,.T.);
#768=EDGE_CURVE('',#606,#609,#180,.T.);
#769=EDGE_CURVE('',#610,#610,#96,.T.);
#770=EDGE_CURVE('',#604,#610,#181,.T.);
#771=EDGE_CURVE('',#600,#540,#182,.T.);
#772=EDGE_CURVE('',#541,#599,#183,.F.);
#773=EDGE_CURVE('',#544,#590,#184,.F.);
#774=ORIENTED_EDGE('',*,*,#611,.T.);
#775=ORIENTED_EDGE('',*,*,#612,.T.);
#776=ORIENTED_EDGE('',*,*,#613,.T.);
#777=ORIENTED_EDGE('',*,*,#614,.T.);
#778=ORIENTED_EDGE('',*,*,#613,.F.);
#779=ORIENTED_EDGE('',*,*,#615,.F.);
#780=ORIENTED_EDGE('',*,*,#616,.F.);
#781=ORIENTED_EDGE('',*,*,#617,.F.);
#782=ORIENTED_EDGE('',*,*,#618,.F.);
#783=ORIENTED_EDGE('',*,*,#619,.F.);
#784=ORIENTED_EDGE('',*,*,#612,.F.);
#785=ORIENTED_EDGE('',*,*,#620,.T.);
#786=ORIENTED_EDGE('',*,*,#621,.F.);
#787=ORIENTED_EDGE('',*,*,#615,.T.);
#788=ORIENTED_EDGE('',*,*,#614,.F.);
#789=ORIENTED_EDGE('',*,*,#619,.T.);
#790=ORIENTED_EDGE('',*,*,#622,.T.);
#791=ORIENTED_EDGE('',*,*,#623,.T.);
#792=ORIENTED_EDGE('',*,*,#624,.F.);
#793=ORIENTED_EDGE('',*,*,#625,.F.);
#794=ORIENTED_EDGE('',*,*,#626,.F.);
#795=ORIENTED_EDGE('',*,*,#627,.F.);
#796=ORIENTED_EDGE('',*,*,#628,.F.);
#797=ORIENTED_EDGE('',*,*,#629,.F.);
#798=ORIENTED_EDGE('',*,*,#630,.F.);
#799=ORIENTED_EDGE('',*,*,#631,.F.);
#800=ORIENTED_EDGE('',*,*,#632,.F.);
#801=ORIENTED_EDGE('',*,*,#633,.T.);
#802=ORIENTED_EDGE('',*,*,#628,.T.);
#803=ORIENTED_EDGE('',*,*,#633,.F.);
#804=ORIENTED_EDGE('',*,*,#634,.F.);
#805=ORIENTED_EDGE('',*,*,#635,.T.);
#806=ORIENTED_EDGE('',*,*,#624,.T.);
#807=ORIENTED_EDGE('',*,*,#635,.F.);
#808=ORIENTED_EDGE('',*,*,#636,.F.);
#809=ORIENTED_EDGE('',*,*,#637,.T.);
#810=ORIENTED_EDGE('',*,*,#626,.T.);
#811=ORIENTED_EDGE('',*,*,#637,.F.);
#812=ORIENTED_EDGE('',*,*,#638,.F.);
#813=ORIENTED_EDGE('',*,*,#639,.T.);
#814=ORIENTED_EDGE('',*,*,#630,.T.);
#815=ORIENTED_EDGE('',*,*,#639,.F.);
#816=ORIENTED_EDGE('',*,*,#640,.T.);
#817=ORIENTED_EDGE('',*,*,#641,.T.);
#818=ORIENTED_EDGE('',*,*,#625,.T.);
#819=ORIENTED_EDGE('',*,*,#641,.F.);
#820=ORIENTED_EDGE('',*,*,#642,.F.);
#821=ORIENTED_EDGE('',*,*,#643,.T.);
#822=ORIENTED_EDGE('',*,*,#629,.T.);
#823=ORIENTED_EDGE('',*,*,#643,.F.);
#824=ORIENTED_EDGE('',*,*,#644,.F.);
#825=ORIENTED_EDGE('',*,*,#645,.T.);
#826=ORIENTED_EDGE('',*,*,#627,.T.);
#827=ORIENTED_EDGE('',*,*,#645,.F.);
#828=ORIENTED_EDGE('',*,*,#646,.T.);
#829=ORIENTED_EDGE('',*,*,#647,.T.);
#830=ORIENTED_EDGE('',*,*,#631,.T.);
#831=ORIENTED_EDGE('',*,*,#647,.F.);
#832=ORIENTED_EDGE('',*,*,#648,.F.);
#833=ORIENTED_EDGE('',*,*,#649,.F.);
#834=ORIENTED_EDGE('',*,*,#650,.F.);
#835=ORIENTED_EDGE('',*,*,#651,.F.);
#836=ORIENTED_EDGE('',*,*,#642,.T.);
#837=ORIENTED_EDGE('',*,*,#644,.T.);
#838=ORIENTED_EDGE('',*,*,#652,.F.);
#839=ORIENTED_EDGE('',*,*,#651,.T.);
#840=ORIENTED_EDGE('',*,*,#653,.T.);
#841=ORIENTED_EDGE('',*,*,#654,.F.);
#842=ORIENTED_EDGE('',*,*,#650,.T.);
#843=ORIENTED_EDGE('',*,*,#655,.T.);
#844=ORIENTED_EDGE('',*,*,#656,.F.);
#845=ORIENTED_EDGE('',*,*,#653,.F.);
#846=ORIENTED_EDGE('',*,*,#657,.F.);
#847=ORIENTED_EDGE('',*,*,#658,.F.);
#848=ORIENTED_EDGE('',*,*,#655,.F.);
#849=ORIENTED_EDGE('',*,*,#649,.T.);
#850=ORIENTED_EDGE('',*,*,#657,.T.);
#851=ORIENTED_EDGE('',*,*,#648,.T.);
#852=ORIENTED_EDGE('',*,*,#652,.T.);
#853=ORIENTED_EDGE('',*,*,#659,.T.);
#854=ORIENTED_EDGE('',*,*,#660,.T.);
#855=ORIENTED_EDGE('',*,*,#661,.T.);
#856=ORIENTED_EDGE('',*,*,#662,.T.);
#857=ORIENTED_EDGE('',*,*,#663,.T.);
#858=ORIENTED_EDGE('',*,*,#664,.T.);
#859=ORIENTED_EDGE('',*,*,#665,.T.);
#860=ORIENTED_EDGE('',*,*,#666,.T.);
#861=ORIENTED_EDGE('',*,*,#667,.T.);
#862=ORIENTED_EDGE('',*,*,#668,.T.);
#863=ORIENTED_EDGE('',*,*,#669,.T.);
#864=ORIENTED_EDGE('',*,*,#670,.T.);
#865=ORIENTED_EDGE('',*,*,#671,.T.);
#866=ORIENTED_EDGE('',*,*,#672,.T.);
#867=ORIENTED_EDGE('',*,*,#673,.T.);
#868=ORIENTED_EDGE('',*,*,#674,.T.);
#869=ORIENTED_EDGE('',*,*,#675,.T.);
#870=ORIENTED_EDGE('',*,*,#676,.T.);
#871=ORIENTED_EDGE('',*,*,#677,.T.);
#872=ORIENTED_EDGE('',*,*,#676,.F.);
#873=ORIENTED_EDGE('',*,*,#678,.F.);
#874=ORIENTED_EDGE('',*,*,#679,.T.);
#875=ORIENTED_EDGE('',*,*,#680,.F.);
#876=ORIENTED_EDGE('',*,*,#674,.F.);
#877=ORIENTED_EDGE('',*,*,#681,.F.);
#878=ORIENTED_EDGE('',*,*,#682,.F.);
#879=ORIENTED_EDGE('',*,*,#683,.F.);
#880=ORIENTED_EDGE('',*,*,#684,.F.);
#881=ORIENTED_EDGE('',*,*,#682,.T.);
#882=ORIENTED_EDGE('',*,*,#685,.F.);
#883=ORIENTED_EDGE('',*,*,#679,.F.);
#884=ORIENTED_EDGE('',*,*,#675,.F.);
#885=ORIENTED_EDGE('',*,*,#683,.T.);
#886=ORIENTED_EDGE('',*,*,#684,.T.);
#887=ORIENTED_EDGE('',*,*,#678,.T.);
#888=ORIENTED_EDGE('',*,*,#640,.F.);
#889=ORIENTED_EDGE('',*,*,#646,.F.);
#890=ORIENTED_EDGE('',*,*,#658,.T.);
#891=ORIENTED_EDGE('',*,*,#677,.F.);
#892=ORIENTED_EDGE('',*,*,#680,.T.);
#893=ORIENTED_EDGE('',*,*,#685,.T.);
#894=ORIENTED_EDGE('',*,*,#681,.T.);
#895=ORIENTED_EDGE('',*,*,#673,.F.);
#896=ORIENTED_EDGE('',*,*,#686,.F.);
#897=ORIENTED_EDGE('',*,*,#687,.T.);
#898=ORIENTED_EDGE('',*,*,#688,.T.);
#899=ORIENTED_EDGE('',*,*,#668,.F.);
#900=ORIENTED_EDGE('',*,*,#689,.T.);
#901=ORIENTED_EDGE('',*,*,#690,.T.);
#902=ORIENTED_EDGE('',*,*,#691,.F.);
#903=ORIENTED_EDGE('',*,*,#664,.F.);
#904=ORIENTED_EDGE('',*,*,#692,.T.);
#905=ORIENTED_EDGE('',*,*,#693,.T.);
#906=ORIENTED_EDGE('',*,*,#694,.F.);
#907=ORIENTED_EDGE('',*,*,#659,.F.);
#908=ORIENTED_EDGE('',*,*,#654,.T.);
#909=ORIENTED_EDGE('',*,*,#656,.T.);
#910=ORIENTED_EDGE('',*,*,#695,.T.);
#911=ORIENTED_EDGE('',*,*,#696,.F.);
#912=ORIENTED_EDGE('',*,*,#616,.T.);
#913=ORIENTED_EDGE('',*,*,#621,.T.);
#914=ORIENTED_EDGE('',*,*,#697,.T.);
#915=ORIENTED_EDGE('',*,*,#698,.T.);
#916=ORIENTED_EDGE('',*,*,#699,.T.);
#917=ORIENTED_EDGE('',*,*,#700,.T.);
#918=ORIENTED_EDGE('',*,*,#701,.T.);
#919=ORIENTED_EDGE('',*,*,#702,.F.);
#920=ORIENTED_EDGE('',*,*,#703,.T.);
#921=ORIENTED_EDGE('',*,*,#704,.F.);
#922=ORIENTED_EDGE('',*,*,#690,.F.);
#923=ORIENTED_EDGE('',*,*,#705,.T.);
#924=ORIENTED_EDGE('',*,*,#696,.T.);
#925=ORIENTED_EDGE('',*,*,#706,.T.);
#926=ORIENTED_EDGE('',*,*,#707,.T.);
#927=ORIENTED_EDGE('',*,*,#708,.T.);
#928=ORIENTED_EDGE('',*,*,#709,.T.);
#929=ORIENTED_EDGE('',*,*,#611,.F.);
#930=ORIENTED_EDGE('',*,*,#623,.F.);
#931=ORIENTED_EDGE('',*,*,#710,.F.);
#932=ORIENTED_EDGE('',*,*,#711,.F.);
#933=ORIENTED_EDGE('',*,*,#703,.F.);
#934=ORIENTED_EDGE('',*,*,#695,.F.);
#935=ORIENTED_EDGE('',*,*,#620,.F.);
#936=ORIENTED_EDGE('',*,*,#712,.F.);
#937=ORIENTED_EDGE('',*,*,#713,.F.);
#938=ORIENTED_EDGE('',*,*,#693,.F.);
#939=ORIENTED_EDGE('',*,*,#714,.T.);
#940=ORIENTED_EDGE('',*,*,#715,.F.);
#941=ORIENTED_EDGE('',*,*,#716,.F.);
#942=ORIENTED_EDGE('',*,*,#687,.F.);
#943=ORIENTED_EDGE('',*,*,#717,.T.);
#944=ORIENTED_EDGE('',*,*,#718,.F.);
#945=ORIENTED_EDGE('',*,*,#719,.F.);
#946=ORIENTED_EDGE('',*,*,#701,.F.);
#947=ORIENTED_EDGE('',*,*,#700,.F.);
#948=ORIENTED_EDGE('',*,*,#720,.F.);
#949=ORIENTED_EDGE('',*,*,#721,.F.);
#950=ORIENTED_EDGE('',*,*,#722,.F.);
#951=ORIENTED_EDGE('',*,*,#723,.F.);
#952=ORIENTED_EDGE('',*,*,#720,.T.);
#953=ORIENTED_EDGE('',*,*,#699,.F.);
#954=ORIENTED_EDGE('',*,*,#724,.T.);
#955=ORIENTED_EDGE('',*,*,#725,.F.);
#956=ORIENTED_EDGE('',*,*,#724,.F.);
#957=ORIENTED_EDGE('',*,*,#698,.F.);
#958=ORIENTED_EDGE('',*,*,#697,.F.);
#959=ORIENTED_EDGE('',*,*,#726,.T.);
#960=ORIENTED_EDGE('',*,*,#663,.F.);
#961=ORIENTED_EDGE('',*,*,#727,.T.);
#962=ORIENTED_EDGE('',*,*,#728,.F.);
#963=ORIENTED_EDGE('',*,*,#714,.F.);
#964=ORIENTED_EDGE('',*,*,#692,.F.);
#965=ORIENTED_EDGE('',*,*,#662,.F.);
#966=ORIENTED_EDGE('',*,*,#729,.F.);
#967=ORIENTED_EDGE('',*,*,#730,.F.);
#968=ORIENTED_EDGE('',*,*,#727,.F.);
#969=ORIENTED_EDGE('',*,*,#731,.T.);
#970=ORIENTED_EDGE('',*,*,#732,.F.);
#971=ORIENTED_EDGE('',*,*,#712,.T.);
#972=ORIENTED_EDGE('',*,*,#728,.T.);
#973=ORIENTED_EDGE('',*,*,#730,.T.);
#974=ORIENTED_EDGE('',*,*,#733,.T.);
#975=ORIENTED_EDGE('',*,*,#734,.T.);
#976=ORIENTED_EDGE('',*,*,#735,.T.);
#977=ORIENTED_EDGE('',*,*,#715,.T.);
#978=ORIENTED_EDGE('',*,*,#736,.T.);
#979=ORIENTED_EDGE('',*,*,#723,.T.);
#980=ORIENTED_EDGE('',*,*,#737,.T.);
#981=ORIENTED_EDGE('',*,*,#738,.T.);
#982=ORIENTED_EDGE('',*,*,#739,.F.);
#983=ORIENTED_EDGE('',*,*,#718,.T.);
#984=ORIENTED_EDGE('',*,*,#740,.F.);
#985=ORIENTED_EDGE('',*,*,#741,.T.);
#986=ORIENTED_EDGE('',*,*,#737,.F.);
#987=ORIENTED_EDGE('',*,*,#722,.T.);
#988=ORIENTED_EDGE('',*,*,#742,.T.);
#989=ORIENTED_EDGE('',*,*,#740,.T.);
#990=ORIENTED_EDGE('',*,*,#721,.T.);
#991=ORIENTED_EDGE('',*,*,#725,.T.);
#992=ORIENTED_EDGE('',*,*,#743,.T.);
#993=ORIENTED_EDGE('',*,*,#661,.F.);
#994=ORIENTED_EDGE('',*,*,#744,.F.);
#995=ORIENTED_EDGE('',*,*,#731,.F.);
#996=ORIENTED_EDGE('',*,*,#729,.T.);
#997=ORIENTED_EDGE('',*,*,#660,.F.);
#998=ORIENTED_EDGE('',*,*,#694,.T.);
#999=ORIENTED_EDGE('',*,*,#713,.T.);
#1000=ORIENTED_EDGE('',*,*,#732,.T.);
#1001=ORIENTED_EDGE('',*,*,#744,.T.);
#1002=ORIENTED_EDGE('',*,*,#671,.F.);
#1003=ORIENTED_EDGE('',*,*,#745,.F.);
#1004=ORIENTED_EDGE('',*,*,#733,.F.);
#1005=ORIENTED_EDGE('',*,*,#746,.F.);
#1006=ORIENTED_EDGE('',*,*,#672,.F.);
#1007=ORIENTED_EDGE('',*,*,#746,.T.);
#1008=ORIENTED_EDGE('',*,*,#736,.F.);
#1009=ORIENTED_EDGE('',*,*,#717,.F.);
#1010=ORIENTED_EDGE('',*,*,#686,.T.);
#1011=ORIENTED_EDGE('',*,*,#747,.F.);
#1012=ORIENTED_EDGE('',*,*,#738,.F.);
#1013=ORIENTED_EDGE('',*,*,#741,.F.);
#1014=ORIENTED_EDGE('',*,*,#742,.F.);
#1015=ORIENTED_EDGE('',*,*,#726,.F.);
#1016=ORIENTED_EDGE('',*,*,#702,.T.);
#1017=ORIENTED_EDGE('',*,*,#719,.T.);
#1018=ORIENTED_EDGE('',*,*,#739,.T.);
#1019=ORIENTED_EDGE('',*,*,#747,.T.);
#1020=ORIENTED_EDGE('',*,*,#743,.F.);
#1021=ORIENTED_EDGE('',*,*,#748,.T.);
#1022=ORIENTED_EDGE('',*,*,#749,.T.);
#1023=ORIENTED_EDGE('',*,*,#748,.F.);
#1024=ORIENTED_EDGE('',*,*,#750,.T.);
#1025=ORIENTED_EDGE('',*,*,#708,.F.);
#1026=ORIENTED_EDGE('',*,*,#709,.F.);
#1027=ORIENTED_EDGE('',*,*,#750,.F.);
#1028=ORIENTED_EDGE('',*,*,#751,.T.);
#1029=ORIENTED_EDGE('',*,*,#752,.T.);
#1030=ORIENTED_EDGE('',*,*,#751,.F.);
#1031=ORIENTED_EDGE('',*,*,#753,.T.);
#1032=ORIENTED_EDGE('',*,*,#706,.F.);
#1033=ORIENTED_EDGE('',*,*,#707,.F.);
#1034=ORIENTED_EDGE('',*,*,#753,.F.);
#1035=ORIENTED_EDGE('',*,*,#710,.T.);
#1036=ORIENTED_EDGE('',*,*,#622,.F.);
#1037=ORIENTED_EDGE('',*,*,#618,.T.);
#1038=ORIENTED_EDGE('',*,*,#754,.F.);
#1039=ORIENTED_EDGE('',*,*,#755,.T.);
#1040=ORIENTED_EDGE('',*,*,#756,.F.);
#1041=ORIENTED_EDGE('',*,*,#757,.T.);
#1042=ORIENTED_EDGE('',*,*,#758,.T.);
#1043=ORIENTED_EDGE('',*,*,#758,.F.);
#1044=ORIENTED_EDGE('',*,*,#759,.T.);
#1045=ORIENTED_EDGE('',*,*,#760,.T.);
#1046=ORIENTED_EDGE('',*,*,#757,.F.);
#1047=ORIENTED_EDGE('',*,*,#761,.T.);
#1048=ORIENTED_EDGE('',*,*,#762,.T.);
#1049=ORIENTED_EDGE('',*,*,#763,.T.);
#1050=ORIENTED_EDGE('',*,*,#764,.T.);
#1051=ORIENTED_EDGE('',*,*,#752,.F.);
#1052=ORIENTED_EDGE('',*,*,#764,.F.);
#1053=ORIENTED_EDGE('',*,*,#765,.T.);
#1054=ORIENTED_EDGE('',*,*,#766,.T.);
#1055=ORIENTED_EDGE('',*,*,#749,.F.);
#1056=ORIENTED_EDGE('',*,*,#766,.F.);
#1057=ORIENTED_EDGE('',*,*,#767,.F.);
#1058=ORIENTED_EDGE('',*,*,#765,.F.);
#1059=ORIENTED_EDGE('',*,*,#761,.F.);
#1060=ORIENTED_EDGE('',*,*,#762,.F.);
#1061=ORIENTED_EDGE('',*,*,#768,.T.);
#1062=ORIENTED_EDGE('',*,*,#767,.T.);
#1063=ORIENTED_EDGE('',*,*,#768,.F.);
#1064=ORIENTED_EDGE('',*,*,#769,.F.);
#1065=ORIENTED_EDGE('',*,*,#763,.F.);
#1066=ORIENTED_EDGE('',*,*,#759,.F.);
#1067=ORIENTED_EDGE('',*,*,#760,.F.);
#1068=ORIENTED_EDGE('',*,*,#770,.T.);
#1069=ORIENTED_EDGE('',*,*,#769,.T.);
#1070=ORIENTED_EDGE('',*,*,#770,.F.);
#1071=ORIENTED_EDGE('',*,*,#665,.F.);
#1072=ORIENTED_EDGE('',*,*,#691,.T.);
#1073=ORIENTED_EDGE('',*,*,#704,.T.);
#1074=ORIENTED_EDGE('',*,*,#711,.T.);
#1075=ORIENTED_EDGE('',*,*,#756,.T.);
#1076=ORIENTED_EDGE('',*,*,#771,.T.);
#1077=ORIENTED_EDGE('',*,*,#666,.F.);
#1078=ORIENTED_EDGE('',*,*,#771,.F.);
#1079=ORIENTED_EDGE('',*,*,#755,.F.);
#1080=ORIENTED_EDGE('',*,*,#772,.F.);
#1081=ORIENTED_EDGE('',*,*,#638,.T.);
#1082=ORIENTED_EDGE('',*,*,#636,.T.);
#1083=ORIENTED_EDGE('',*,*,#634,.T.);
#1084=ORIENTED_EDGE('',*,*,#632,.T.);
#1085=ORIENTED_EDGE('',*,*,#667,.F.);
#1086=ORIENTED_EDGE('',*,*,#772,.T.);
#1087=ORIENTED_EDGE('',*,*,#754,.T.);
#1088=ORIENTED_EDGE('',*,*,#617,.T.);
#1089=ORIENTED_EDGE('',*,*,#705,.F.);
#1090=ORIENTED_EDGE('',*,*,#689,.F.);
#1091=ORIENTED_EDGE('',*,*,#669,.F.);
#1092=ORIENTED_EDGE('',*,*,#688,.F.);
#1093=ORIENTED_EDGE('',*,*,#716,.T.);
#1094=ORIENTED_EDGE('',*,*,#735,.F.);
#1095=ORIENTED_EDGE('',*,*,#773,.F.);
#1096=ORIENTED_EDGE('',*,*,#670,.F.);
#1097=ORIENTED_EDGE('',*,*,#773,.T.);
#1098=ORIENTED_EDGE('',*,*,#734,.F.);
#1099=ORIENTED_EDGE('',*,*,#745,.T.);
#1100=B_SPLINE_SURFACE_WITH_KNOTS('',3,3,((#1556,#1557,#1558,#1559),(#1560,
#1561,#1562,#1563),(#1564,#1565,#1566,#1567),(#1568,#1569,#1570,#1571),
(#1572,#1573,#1574,#1575)),.UNSPECIFIED.,.F.,.F.,.F.,(4,1,4),(4,4),(0.,
0.571428571428571,1.),(1.04214355647886,10.8634648228012),.UNSPECIFIED.);
#1101=B_SPLINE_SURFACE_WITH_KNOTS('',3,1,((#1637,#1638),(#1639,#1640),(#1641,
#1642),(#1643,#1644),(#1645,#1646),(#1647,#1648),(#1649,#1650),(#1651,#1652),
(#1653,#1654),(#1655,#1656)),.UNSPECIFIED.,.F.,.F.,.F.,(4,3,3,4),(2,2),
(-2.27100574910215,-1.13483746357633,-0.693195988020457,0.),(0.0896220291124621,
12.44717062785),.UNSPECIFIED.);
#1102=B_SPLINE_SURFACE_WITH_KNOTS('',3,1,((#1810,#1811),(#1812,#1813),(#1814,
#1815),(#1816,#1817),(#1818,#1819),(#1820,#1821)),.UNSPECIFIED.,.F.,.F.,
 .F.,(4,2,4),(2,2),(0.,1.08460439579189,2.27100574910214),(0.,12.9),
 .UNSPECIFIED.);
#1103=B_SPLINE_SURFACE_WITH_KNOTS('',3,3,((#2204,#2205,#2206,#2207),(#2208,
#2209,#2210,#2211),(#2212,#2213,#2214,#2215),(#2216,#2217,#2218,#2219),
(#2220,#2221,#2222,#2223)),.UNSPECIFIED.,.F.,.F.,.F.,(4,1,4),(4,4),(0.,
0.571428571428571,1.),(3.94999996072344,8.94999999999999),.UNSPECIFIED.);
#1104=B_SPLINE_SURFACE_WITH_KNOTS('',3,1,((#2238,#2239),(#2240,#2241),(#2242,
#2243),(#2244,#2245),(#2246,#2247),(#2248,#2249),(#2250,#2251),(#2252,#2253),
(#2254,#2255),(#2256,#2257),(#2258,#2259),(#2260,#2261),(#2262,#2263),(#2264,
#2265),(#2266,#2267),(#2268,#2269)),.UNSPECIFIED.,.F.,.F.,.F.,(4,3,3,3,
3,4),(2,2),(-0.636382781946471,-0.501695892606584,-0.318191390973235,0.,
0.00410477420498944,0.010509649766504),(0.,12.9),.UNSPECIFIED.);
#1105=B_SPLINE_SURFACE_WITH_KNOTS('',3,1,((#2347,#2348),(#2349,#2350),(#2351,
#2352),(#2353,#2354)),.UNSPECIFIED.,.F.,.F.,.F.,(4,4),(2,2),(-0.353881147384405,
-0.234432931117536),(0.097407893709214,0.803362628419476),.UNSPECIFIED.);
#1106=B_SPLINE_SURFACE_WITH_KNOTS('',3,1,((#2487,#2488),(#2489,#2490),(#2491,
#2492),(#2493,#2494)),.UNSPECIFIED.,.F.,.F.,.F.,(4,4),(2,2),(-0.353881147384405,
-0.234432931117537),(12.0974078937095,12.8033626284196),.UNSPECIFIED.);
#1107=ADVANCED_FACE('',(#310),#1100,.F.);
#1108=ADVANCED_FACE('',(#311),#273,.F.);
#1109=ADVANCED_FACE('',(#312),#274,.T.);
#1110=ADVANCED_FACE('',(#313),#1101,.T.);
#1111=ADVANCED_FACE('',(#314,#38),#275,.T.);
#1112=ADVANCED_FACE('',(#315,#39),#276,.T.);
#1113=ADVANCED_FACE('',(#316,#40),#277,.T.);
#1114=ADVANCED_FACE('',(#317,#41),#278,.T.);
#1115=ADVANCED_FACE('',(#318),#18,.F.);
#1116=ADVANCED_FACE('',(#319),#19,.F.);
#1117=ADVANCED_FACE('',(#320),#20,.F.);
#1118=ADVANCED_FACE('',(#321),#21,.F.);
#1119=ADVANCED_FACE('',(#322),#22,.F.);
#1120=ADVANCED_FACE('',(#323),#23,.F.);
#1121=ADVANCED_FACE('',(#324),#24,.F.);
#1122=ADVANCED_FACE('',(#325),#25,.F.);
#1123=ADVANCED_FACE('',(#326,#42,#43),#279,.T.);
#1124=ADVANCED_FACE('',(#327),#280,.F.);
#1125=ADVANCED_FACE('',(#328),#281,.F.);
#1126=ADVANCED_FACE('',(#329),#282,.F.);
#1127=ADVANCED_FACE('',(#330),#283,.T.);
#1128=ADVANCED_FACE('',(#331),#284,.T.);
#1129=ADVANCED_FACE('',(#332),#285,.T.);
#1130=ADVANCED_FACE('',(#333),#286,.T.);
#1131=ADVANCED_FACE('',(#334,#44,#45),#287,.F.);
#1132=ADVANCED_FACE('',(#335),#288,.T.);
#1133=ADVANCED_FACE('',(#336,#46),#1102,.T.);
#1134=ADVANCED_FACE('',(#337,#47,#48),#17,.T.);
#1135=ADVANCED_FACE('',(#338),#289,.F.);
#1136=ADVANCED_FACE('',(#339),#290,.T.);
#1137=ADVANCED_FACE('',(#340),#291,.F.);
#1138=ADVANCED_FACE('',(#341),#292,.T.);
#1139=ADVANCED_FACE('',(#342),#293,.F.);
#1140=ADVANCED_FACE('',(#343),#294,.F.);
#1141=ADVANCED_FACE('',(#344),#295,.T.);
#1142=ADVANCED_FACE('',(#345),#296,.T.);
#1143=ADVANCED_FACE('',(#346),#26,.T.);
#1144=ADVANCED_FACE('',(#347),#27,.T.);
#1145=ADVANCED_FACE('',(#348),#28,.T.);
#1146=ADVANCED_FACE('',(#349),#297,.F.);
#1147=ADVANCED_FACE('',(#350),#29,.T.);
#1148=ADVANCED_FACE('',(#351),#298,.T.);
#1149=ADVANCED_FACE('',(#352),#30,.F.);
#1150=ADVANCED_FACE('',(#353),#299,.F.);
#1151=ADVANCED_FACE('',(#354),#31,.F.);
#1152=ADVANCED_FACE('',(#355),#300,.F.);
#1153=ADVANCED_FACE('',(#356),#1103,.T.);
#1154=ADVANCED_FACE('',(#357,#49),#301,.F.);
#1155=ADVANCED_FACE('',(#358),#32,.T.);
#1156=ADVANCED_FACE('',(#359,#50),#302,.F.);
#1157=ADVANCED_FACE('',(#360),#33,.T.);
#1158=ADVANCED_FACE('',(#361,#51,#52),#1104,.T.);
#1159=ADVANCED_FACE('',(#362,#53),#1105,.F.);
#1160=ADVANCED_FACE('',(#363,#54),#1106,.F.);
#1161=ADVANCED_FACE('',(#364),#34,.F.);
#1162=ADVANCED_FACE('',(#365),#35,.F.);
#1163=ADVANCED_FACE('',(#366,#55),#303,.T.);
#1164=ADVANCED_FACE('',(#367),#36,.F.);
#1165=ADVANCED_FACE('',(#368,#56),#304,.T.);
#1166=ADVANCED_FACE('',(#369),#37,.F.);
#1167=ADVANCED_FACE('',(#370),#305,.F.);
#1168=ADVANCED_FACE('',(#371,#57,#58,#59,#60),#306,.T.);
#1169=ADVANCED_FACE('',(#372),#307,.T.);
#1170=ADVANCED_FACE('',(#373),#308,.F.);
#1171=ADVANCED_FACE('',(#374),#309,.F.);
#1172=CLOSED_SHELL('',(#1107,#1108,#1109,#1110,#1111,#1112,#1113,#1114,
#1115,#1116,#1117,#1118,#1119,#1120,#1121,#1122,#1123,#1124,#1125,#1126,
#1127,#1128,#1129,#1130,#1131,#1132,#1133,#1134,#1135,#1136,#1137,#1138,
#1139,#1140,#1141,#1142,#1143,#1144,#1145,#1146,#1147,#1148,#1149,#1150,
#1151,#1152,#1153,#1154,#1155,#1156,#1157,#1158,#1159,#1160,#1161,#1162,
#1163,#1164,#1165,#1166,#1167,#1168,#1169,#1170,#1171));
#1173=DERIVED_UNIT_ELEMENT(#1175,1.);
#1174=DERIVED_UNIT_ELEMENT(#2658,-3.);
#1175=(
MASS_UNIT()
NAMED_UNIT(*)
SI_UNIT(.KILO.,.GRAM.)
);
#1176=DERIVED_UNIT((#1173,#1174));
#1177=MEASURE_REPRESENTATION_ITEM('density measure',
POSITIVE_RATIO_MEASURE(7850.),#1176);
#1178=PROPERTY_DEFINITION_REPRESENTATION(#1183,#1180);
#1179=PROPERTY_DEFINITION_REPRESENTATION(#1184,#1181);
#1180=REPRESENTATION('material name',(#1182),#2655);
#1181=REPRESENTATION('density',(#1177),#2655);
#1182=DESCRIPTIVE_REPRESENTATION_ITEM('Steel','Steel');
#1183=PROPERTY_DEFINITION('material property','material name',#2665);
#1184=PROPERTY_DEFINITION('material property','density of part',#2665);
#1185=AXIS2_PLACEMENT_3D('',#1555,#1279,#1280);
#1186=AXIS2_PLACEMENT_3D('',#1610,#1281,#1282);
#1187=AXIS2_PLACEMENT_3D('',#1633,#1285,#1286);
#1188=AXIS2_PLACEMENT_3D('',#1665,#1290,#1291);
#1189=AXIS2_PLACEMENT_3D('',#1667,#1292,#1293);
#1190=AXIS2_PLACEMENT_3D('',#1669,#1294,#1295);
#1191=AXIS2_PLACEMENT_3D('',#1670,#1296,#1297);
#1192=AXIS2_PLACEMENT_3D('',#1672,#1298,#1299);
#1193=AXIS2_PLACEMENT_3D('',#1674,#1300,#1301);
#1194=AXIS2_PLACEMENT_3D('',#1675,#1302,#1303);
#1195=AXIS2_PLACEMENT_3D('',#1677,#1304,#1305);
#1196=AXIS2_PLACEMENT_3D('',#1679,#1306,#1307);
#1197=AXIS2_PLACEMENT_3D('',#1680,#1308,#1309);
#1198=AXIS2_PLACEMENT_3D('',#1682,#1310,#1311);
#1199=AXIS2_PLACEMENT_3D('',#1684,#1312,#1313);
#1200=AXIS2_PLACEMENT_3D('',#1685,#1314,#1315);
#1201=AXIS2_PLACEMENT_3D('',#1687,#1316,#1317);
#1202=AXIS2_PLACEMENT_3D('',#1689,#1319,#1320);
#1203=AXIS2_PLACEMENT_3D('',#1691,#1321,#1322);
#1204=AXIS2_PLACEMENT_3D('',#1693,#1324,#1325);
#1205=AXIS2_PLACEMENT_3D('',#1695,#1326,#1327);
#1206=AXIS2_PLACEMENT_3D('',#1697,#1329,#1330);
#1207=AXIS2_PLACEMENT_3D('',#1699,#1331,#1332);
#1208=AXIS2_PLACEMENT_3D('',#1701,#1334,#1335);
#1209=AXIS2_PLACEMENT_3D('',#1703,#1336,#1337);
#1210=AXIS2_PLACEMENT_3D('',#1705,#1339,#1340);
#1211=AXIS2_PLACEMENT_3D('',#1707,#1341,#1342);
#1212=AXIS2_PLACEMENT_3D('',#1709,#1344,#1345);
#1213=AXIS2_PLACEMENT_3D('',#1711,#1346,#1347);
#1214=AXIS2_PLACEMENT_3D('',#1713,#1349,#1350);
#1215=AXIS2_PLACEMENT_3D('',#1715,#1351,#1352);
#1216=AXIS2_PLACEMENT_3D('',#1717,#1354,#1355);
#1217=AXIS2_PLACEMENT_3D('',#1726,#1360,#1361);
#1218=AXIS2_PLACEMENT_3D('',#1732,#1365,#1366);
#1219=AXIS2_PLACEMENT_3D('',#1736,#1369,#1370);
#1220=AXIS2_PLACEMENT_3D('',#1740,#1373,#1374);
#1221=AXIS2_PLACEMENT_3D('',#1744,#1376,#1377);
#1222=AXIS2_PLACEMENT_3D('',#1768,#1389,#1390);
#1223=AXIS2_PLACEMENT_3D('',#1778,#1396,#1397);
#1224=AXIS2_PLACEMENT_3D('',#1784,#1401,#1402);
#1225=AXIS2_PLACEMENT_3D('',#1790,#1406,#1407);
#1226=AXIS2_PLACEMENT_3D('',#1793,#1410,#1411);
#1227=AXIS2_PLACEMENT_3D('',#1794,#1412,#1413);
#1228=AXIS2_PLACEMENT_3D('',#2074,#1424,#1425);
#1229=AXIS2_PLACEMENT_3D('',#2081,#1427,#1428);
#1230=AXIS2_PLACEMENT_3D('',#2085,#1430,#1431);
#1231=AXIS2_PLACEMENT_3D('',#2087,#1433,#1434);
#1232=AXIS2_PLACEMENT_3D('',#2092,#1437,#1438);
#1233=AXIS2_PLACEMENT_3D('',#2093,#1439,#1440);
#1234=AXIS2_PLACEMENT_3D('',#2105,#1443,#1444);
#1235=AXIS2_PLACEMENT_3D('',#2108,#1445,#1446);
#1236=AXIS2_PLACEMENT_3D('',#2111,#1448,#1449);
#1237=AXIS2_PLACEMENT_3D('',#2113,#1451,#1452);
#1238=AXIS2_PLACEMENT_3D('',#2123,#1454,#1455);
#1239=AXIS2_PLACEMENT_3D('',#2126,#1457,#1458);
#1240=AXIS2_PLACEMENT_3D('',#2127,#1459,#1460);
#1241=AXIS2_PLACEMENT_3D('',#2131,#1463,#1464);
#1242=AXIS2_PLACEMENT_3D('',#2133,#1465,#1466);
#1243=AXIS2_PLACEMENT_3D('',#2142,#1467,#1468);
#1244=AXIS2_PLACEMENT_3D('',#2145,#1469,#1470);
#1245=AXIS2_PLACEMENT_3D('',#2148,#1472,#1473);
#1246=AXIS2_PLACEMENT_3D('',#2157,#1474,#1475);
#1247=AXIS2_PLACEMENT_3D('',#2161,#1477,#1478);
#1248=AXIS2_PLACEMENT_3D('',#2172,#1479,#1480);
#1249=AXIS2_PLACEMENT_3D('',#2176,#1483,#1484);
#1250=AXIS2_PLACEMENT_3D('',#2178,#1485,#1486);
#1251=AXIS2_PLACEMENT_3D('',#2192,#1487,#1488);
#1252=AXIS2_PLACEMENT_3D('',#2194,#1490,#1491);
#1253=AXIS2_PLACEMENT_3D('',#2195,#1492,#1493);
#1254=AXIS2_PLACEMENT_3D('',#2198,#1496,#1497);
#1255=AXIS2_PLACEMENT_3D('',#2199,#1498,#1499);
#1256=AXIS2_PLACEMENT_3D('',#2224,#1500,#1501);
#1257=AXIS2_PLACEMENT_3D('',#2226,#1502,#1503);
#1258=AXIS2_PLACEMENT_3D('',#2228,#1504,#1505);
#1259=AXIS2_PLACEMENT_3D('',#2229,#1506,#1507);
#1260=AXIS2_PLACEMENT_3D('',#2231,#1509,#1510);
#1261=AXIS2_PLACEMENT_3D('',#2233,#1511,#1512);
#1262=AXIS2_PLACEMENT_3D('',#2235,#1513,#1514);
#1263=AXIS2_PLACEMENT_3D('',#2236,#1515,#1516);
#1264=AXIS2_PLACEMENT_3D('',#2627,#1518,#1519);
#1265=AXIS2_PLACEMENT_3D('',#2629,#1520,#1521);
#1266=AXIS2_PLACEMENT_3D('',#2631,#1523,#1524);
#1267=AXIS2_PLACEMENT_3D('',#2633,#1525,#1526);
#1268=AXIS2_PLACEMENT_3D('',#2635,#1528,#1529);
#1269=AXIS2_PLACEMENT_3D('',#2637,#1530,#1531);
#1270=AXIS2_PLACEMENT_3D('',#2638,#1532,#1533);
#1271=AXIS2_PLACEMENT_3D('',#2640,#1535,#1536);
#1272=AXIS2_PLACEMENT_3D('',#2642,#1537,#1538);
#1273=AXIS2_PLACEMENT_3D('',#2643,#1539,#1540);
#1274=AXIS2_PLACEMENT_3D('',#2645,#1542,#1543);
#1275=AXIS2_PLACEMENT_3D('',#2647,#1545,#1546);
#1276=AXIS2_PLACEMENT_3D('',#2649,#1548,#1549);
#1277=AXIS2_PLACEMENT_3D('',#2650,#1550,#1551);
#1278=AXIS2_PLACEMENT_3D('',#2652,#1553,#1554);
#1279=DIRECTION('axis',(0.,0.,1.));
#1280=DIRECTION('refdir',(1.,0.,0.));
#1281=DIRECTION('center_axis',(0.447213595499958,-0.894427190999916,0.));
#1282=DIRECTION('ref_axis',(-0.894427190999916,-0.447213595499958,0.));
#1283=DIRECTION('',(-4.44089209850063E-15,-2.22044604925031E-15,-1.));
#1284=DIRECTION('',(0.,0.,1.));
#1285=DIRECTION('center_axis',(-1.,0.,4.44089209850063E-15));
#1286=DIRECTION('ref_axis',(-4.44089209850063E-15,0.,-1.));
#1287=DIRECTION('',(4.44089209850063E-15,-2.96059473233376E-15,1.));
#1288=DIRECTION('',(0.,-1.,0.));
#1289=DIRECTION('',(0.,-1.,0.));
#1290=DIRECTION('center_axis',(0.,0.,-1.));
#1291=DIRECTION('ref_axis',(1.,0.,0.));
#1292=DIRECTION('center_axis',(0.,0.,1.));
#1293=DIRECTION('ref_axis',(1.,0.,0.));
#1294=DIRECTION('center_axis',(0.,0.,-1.));
#1295=DIRECTION('ref_axis',(-1.,0.,0.));
#1296=DIRECTION('center_axis',(0.,0.,-1.));
#1297=DIRECTION('ref_axis',(1.,0.,0.));
#1298=DIRECTION('center_axis',(0.,0.,1.));
#1299=DIRECTION('ref_axis',(1.,0.,0.));
#1300=DIRECTION('center_axis',(0.,0.,-1.));
#1301=DIRECTION('ref_axis',(-1.,0.,0.));
#1302=DIRECTION('center_axis',(0.,0.,-1.));
#1303=DIRECTION('ref_axis',(1.,0.,0.));
#1304=DIRECTION('center_axis',(0.,0.,1.));
#1305=DIRECTION('ref_axis',(1.,0.,0.));
#1306=DIRECTION('center_axis',(0.,0.,-1.));
#1307=DIRECTION('ref_axis',(-1.,0.,0.));
#1308=DIRECTION('center_axis',(0.,0.,-1.));
#1309=DIRECTION('ref_axis',(1.,0.,0.));
#1310=DIRECTION('center_axis',(0.,0.,1.));
#1311=DIRECTION('ref_axis',(1.,0.,0.));
#1312=DIRECTION('center_axis',(0.,0.,-1.));
#1313=DIRECTION('ref_axis',(-1.,0.,0.));
#1314=DIRECTION('center_axis',(0.,0.,1.));
#1315=DIRECTION('ref_axis',(1.,0.,0.));
#1316=DIRECTION('center_axis',(2.67117108087397E-17,0.,-1.));
#1317=DIRECTION('ref_axis',(1.,0.,0.));
#1318=DIRECTION('',(0.,0.,1.));
#1319=DIRECTION('center_axis',(0.,0.,1.));
#1320=DIRECTION('ref_axis',(1.,0.,0.));
#1321=DIRECTION('center_axis',(2.67117108087397E-17,0.,-1.));
#1322=DIRECTION('ref_axis',(1.,0.,0.));
#1323=DIRECTION('',(0.,0.,1.));
#1324=DIRECTION('center_axis',(0.,0.,1.));
#1325=DIRECTION('ref_axis',(1.,0.,0.));
#1326=DIRECTION('center_axis',(2.67117108087397E-17,0.,-1.));
#1327=DIRECTION('ref_axis',(1.,0.,0.));
#1328=DIRECTION('',(0.,0.,1.));
#1329=DIRECTION('center_axis',(0.,0.,1.));
#1330=DIRECTION('ref_axis',(1.,0.,0.));
#1331=DIRECTION('center_axis',(2.67117108087397E-17,0.,-1.));
#1332=DIRECTION('ref_axis',(1.,0.,0.));
#1333=DIRECTION('',(0.,0.,1.));
#1334=DIRECTION('center_axis',(0.,0.,-1.));
#1335=DIRECTION('ref_axis',(-1.,0.,0.));
#1336=DIRECTION('center_axis',(0.,0.,1.));
#1337=DIRECTION('ref_axis',(-1.,0.,0.));
#1338=DIRECTION('',(0.,0.,-1.));
#1339=DIRECTION('center_axis',(0.,0.,-1.));
#1340=DIRECTION('ref_axis',(-1.,0.,0.));
#1341=DIRECTION('center_axis',(0.,0.,1.));
#1342=DIRECTION('ref_axis',(-1.,0.,0.));
#1343=DIRECTION('',(0.,0.,-1.));
#1344=DIRECTION('center_axis',(0.,0.,-1.));
#1345=DIRECTION('ref_axis',(-1.,0.,0.));
#1346=DIRECTION('center_axis',(0.,0.,1.));
#1347=DIRECTION('ref_axis',(-1.,0.,0.));
#1348=DIRECTION('',(0.,0.,-1.));
#1349=DIRECTION('center_axis',(0.,0.,-1.));
#1350=DIRECTION('ref_axis',(-1.,0.,0.));
#1351=DIRECTION('center_axis',(0.,0.,1.));
#1352=DIRECTION('ref_axis',(-1.,0.,0.));
#1353=DIRECTION('',(0.,0.,-1.));
#1354=DIRECTION('center_axis',(0.,0.,1.));
#1355=DIRECTION('ref_axis',(-1.,0.,0.));
#1356=DIRECTION('',(0.,1.,0.));
#1357=DIRECTION('',(-1.,0.,0.));
#1358=DIRECTION('',(0.,-1.,0.));
#1359=DIRECTION('',(1.,0.,0.));
#1360=DIRECTION('center_axis',(0.,-1.,0.));
#1361=DIRECTION('ref_axis',(1.,0.,0.));
#1362=DIRECTION('',(0.,0.,1.));
#1363=DIRECTION('',(0.,0.,1.));
#1364=DIRECTION('',(-1.,0.,2.68245102053009E-17));
#1365=DIRECTION('center_axis',(-1.,0.,0.));
#1366=DIRECTION('ref_axis',(0.,-1.,0.));
#1367=DIRECTION('',(0.,0.,1.));
#1368=DIRECTION('',(0.,1.,0.));
#1369=DIRECTION('center_axis',(0.,1.,0.));
#1370=DIRECTION('ref_axis',(-1.,0.,0.));
#1371=DIRECTION('',(0.,0.,-1.));
#1372=DIRECTION('',(1.,0.,-2.68245102053009E-17));
#1373=DIRECTION('center_axis',(1.,0.,0.));
#1374=DIRECTION('ref_axis',(0.,0.,-1.));
#1375=DIRECTION('',(0.,-1.,0.));
#1376=DIRECTION('center_axis',(-1.,0.,0.));
#1377=DIRECTION('ref_axis',(0.,-0.707106781186548,-0.707106781186548));
#1378=DIRECTION('',(0.,0.,1.));
#1379=DIRECTION('',(0.,-1.,0.));
#1380=DIRECTION('',(0.,0.,-1.));
#1381=DIRECTION('',(0.,-1.,0.));
#1382=DIRECTION('',(0.,0.,-1.));
#1383=DIRECTION('',(0.,-1.,0.));
#1384=DIRECTION('',(0.,0.,1.));
#1385=DIRECTION('',(0.,-1.,0.));
#1386=DIRECTION('',(0.,0.,1.));
#1387=DIRECTION('',(0.,-1.,0.));
#1388=DIRECTION('',(0.,0.,-1.));
#1389=DIRECTION('center_axis',(-1.,0.,0.));
#1390=DIRECTION('ref_axis',(0.,0.707106781186546,-0.707106781186549));
#1391=DIRECTION('',(0.,-1.,0.));
#1392=DIRECTION('',(0.,0.,-1.));
#1393=DIRECTION('',(0.,1.,0.));
#1394=DIRECTION('',(0.,0.,1.));
#1395=DIRECTION('',(0.,-1.,0.));
#1396=DIRECTION('center_axis',(0.,1.,0.));
#1397=DIRECTION('ref_axis',(-1.,0.,0.));
#1398=DIRECTION('',(1.,0.,0.));
#1399=DIRECTION('',(0.,0.,1.));
#1400=DIRECTION('',(-1.,0.,2.68245102053009E-17));
#1401=DIRECTION('center_axis',(0.,-1.,0.));
#1402=DIRECTION('ref_axis',(1.,0.,0.));
#1403=DIRECTION('',(1.,0.,-2.68245102053009E-17));
#1404=DIRECTION('',(0.,0.,1.));
#1405=DIRECTION('',(-1.,0.,0.));
#1406=DIRECTION('center_axis',(1.,0.,0.));
#1407=DIRECTION('ref_axis',(0.,1.,0.));
#1408=DIRECTION('',(0.,-1.,0.));
#1409=DIRECTION('',(0.,1.,0.));
#1410=DIRECTION('center_axis',(0.,0.,-1.));
#1411=DIRECTION('ref_axis',(-1.,0.,0.));
#1412=DIRECTION('center_axis',(2.68245102053009E-17,0.,1.));
#1413=DIRECTION('ref_axis',(-1.,0.,2.68245102053009E-17));
#1414=DIRECTION('',(1.,0.,-2.68245102053009E-17));
#1415=DIRECTION('',(0.,1.,0.));
#1416=DIRECTION('',(1.,0.,-2.68245102053009E-17));
#1417=DIRECTION('',(-1.,0.,2.68245102053009E-17));
#1418=DIRECTION('',(0.,-1.,0.));
#1419=DIRECTION('',(-1.,0.,2.68245102053009E-17));
#1420=DIRECTION('',(-1.,0.,2.68245102053009E-17));
#1421=DIRECTION('',(0.,1.,0.));
#1422=DIRECTION('',(-1.,0.,2.68245102053009E-17));
#1423=DIRECTION('',(0.,-1.,0.));
#1424=DIRECTION('center_axis',(0.55470019622523,0.832050294337843,0.));
#1425=DIRECTION('ref_axis',(0.832050294337843,-0.55470019622523,0.));
#1426=DIRECTION('',(0.,0.,-1.));
#1427=DIRECTION('center_axis',(-1.,0.,5.64726530637913E-17));
#1428=DIRECTION('ref_axis',(5.64726530637913E-17,0.,1.));
#1429=DIRECTION('',(0.,1.,0.));
#1430=DIRECTION('center_axis',(-1.,0.,5.64726530637913E-17));
#1431=DIRECTION('ref_axis',(0.,-0.707106781186548,-0.707106781186548));
#1432=DIRECTION('',(-5.64726530637913E-17,0.,-1.));
#1433=DIRECTION('center_axis',(1.,0.,-5.64726530637913E-17));
#1434=DIRECTION('ref_axis',(5.64726530637913E-17,0.,1.));
#1435=DIRECTION('',(0.,-1.,0.));
#1436=DIRECTION('',(5.64726530637913E-17,0.,1.));
#1437=DIRECTION('center_axis',(-1.,0.,5.64726530637913E-17));
#1438=DIRECTION('ref_axis',(0.,0.707106781186546,-0.707106781186549));
#1439=DIRECTION('center_axis',(0.,1.,0.));
#1440=DIRECTION('ref_axis',(-8.88178419700125E-15,0.,-1.));
#1441=DIRECTION('',(-1.,0.,8.88178419700125E-15));
#1442=DIRECTION('',(8.88178419700125E-15,0.,1.));
#1443=DIRECTION('center_axis',(1.,0.,-8.88178419700125E-15));
#1444=DIRECTION('ref_axis',(-8.88178419700125E-15,0.,-1.));
#1445=DIRECTION('center_axis',(1.,0.,-8.88178419700125E-15));
#1446=DIRECTION('ref_axis',(0.,-0.707106781186548,0.707106781186548));
#1447=DIRECTION('',(0.,1.,0.));
#1448=DIRECTION('center_axis',(1.,0.,-8.88178419700125E-15));
#1449=DIRECTION('ref_axis',(0.,0.707106781186549,0.707106781186546));
#1450=DIRECTION('',(8.88178419700125E-15,0.,1.));
#1451=DIRECTION('center_axis',(0.,1.,0.));
#1452=DIRECTION('ref_axis',(-8.88178419700125E-15,0.,-1.));
#1453=DIRECTION('',(1.,0.,-8.88178419700125E-15));
#1454=DIRECTION('center_axis',(0.,-1.,0.));
#1455=DIRECTION('ref_axis',(0.,0.,-1.));
#1456=DIRECTION('',(-1.,0.,0.));
#1457=DIRECTION('center_axis',(0.,1.,0.));
#1458=DIRECTION('ref_axis',(-0.707106781186546,0.,0.707106781186549));
#1459=DIRECTION('center_axis',(0.,0.,1.));
#1460=DIRECTION('ref_axis',(0.,-1.,0.));
#1461=DIRECTION('',(1.,0.,0.));
#1462=DIRECTION('',(0.,1.,0.));
#1463=DIRECTION('center_axis',(0.,1.,0.));
#1464=DIRECTION('ref_axis',(-0.707106781186546,0.,0.707106781186549));
#1465=DIRECTION('center_axis',(0.,-1.,0.));
#1466=DIRECTION('ref_axis',(-0.707106781186546,0.,0.707106781186549));
#1467=DIRECTION('center_axis',(0.,-1.,0.));
#1468=DIRECTION('ref_axis',(-0.707106781186546,0.,0.707106781186549));
#1469=DIRECTION('center_axis',(0.,1.,0.));
#1470=DIRECTION('ref_axis',(-0.707106781186546,0.,0.707106781186549));
#1471=DIRECTION('',(0.,1.,0.));
#1472=DIRECTION('center_axis',(0.,-1.,0.));
#1473=DIRECTION('ref_axis',(-0.707106781186546,0.,0.707106781186549));
#1474=DIRECTION('center_axis',(-1.,0.,8.88178419700125E-15));
#1475=DIRECTION('ref_axis',(0.,0.707106781186549,0.707106781186546));
#1476=DIRECTION('',(1.,0.,-8.88178419700125E-15));
#1477=DIRECTION('center_axis',(-1.,0.,8.88178419700125E-15));
#1478=DIRECTION('ref_axis',(0.,0.707106781186549,0.707106781186546));
#1479=DIRECTION('center_axis',(-8.88178419700125E-15,0.,-1.));
#1480=DIRECTION('ref_axis',(-1.,0.,8.88178419700125E-15));
#1481=DIRECTION('',(-1.,0.,8.88178419700125E-15));
#1482=DIRECTION('',(0.,1.,0.));
#1483=DIRECTION('center_axis',(1.,0.,-8.88178419700125E-15));
#1484=DIRECTION('ref_axis',(0.,-0.707106781186548,0.707106781186548));
#1485=DIRECTION('center_axis',(-1.,0.,8.88178419700125E-15));
#1486=DIRECTION('ref_axis',(0.,-0.707106781186548,0.707106781186548));
#1487=DIRECTION('center_axis',(0.,1.,0.));
#1488=DIRECTION('ref_axis',(0.,0.,1.));
#1489=DIRECTION('',(1.,0.,-2.68245102053009E-17));
#1490=DIRECTION('center_axis',(1.,0.,-2.68245102053009E-17));
#1491=DIRECTION('ref_axis',(0.,-0.707106781186548,-0.707106781186548));
#1492=DIRECTION('center_axis',(0.,1.,0.));
#1493=DIRECTION('ref_axis',(0.,0.,1.));
#1494=DIRECTION('',(1.,0.,0.));
#1495=DIRECTION('',(-1.,0.,2.68245102053009E-17));
#1496=DIRECTION('center_axis',(-1.,0.,2.68245102053009E-17));
#1497=DIRECTION('ref_axis',(0.,0.707106781186546,-0.707106781186549));
#1498=DIRECTION('center_axis',(-1.,0.,8.88178419700125E-15));
#1499=DIRECTION('ref_axis',(8.88178419700125E-15,0.,1.));
#1500=DIRECTION('center_axis',(2.67117108087397E-17,0.,-1.));
#1501=DIRECTION('ref_axis',(-1.,0.,-2.67117108087397E-17));
#1502=DIRECTION('center_axis',(-2.67117108087397E-17,0.,1.));
#1503=DIRECTION('ref_axis',(-1.,0.,-2.67117108087397E-17));
#1504=DIRECTION('center_axis',(2.67117108087397E-17,0.,-1.));
#1505=DIRECTION('ref_axis',(-1.,0.,0.));
#1506=DIRECTION('center_axis',(0.,0.,1.));
#1507=DIRECTION('ref_axis',(-1.,0.,0.));
#1508=DIRECTION('',(0.,0.,-1.));
#1509=DIRECTION('center_axis',(2.67117108087397E-17,0.,-1.));
#1510=DIRECTION('ref_axis',(-1.,0.,-2.67117108087397E-17));
#1511=DIRECTION('center_axis',(-2.67117108087397E-17,0.,1.));
#1512=DIRECTION('ref_axis',(-1.,0.,-2.67117108087397E-17));
#1513=DIRECTION('center_axis',(2.67117108087397E-17,0.,-1.));
#1514=DIRECTION('ref_axis',(-1.,0.,0.));
#1515=DIRECTION('center_axis',(0.,0.,1.));
#1516=DIRECTION('ref_axis',(-1.,0.,0.));
#1517=DIRECTION('',(0.,0.,-1.));
#1518=DIRECTION('center_axis',(0.,0.,1.));
#1519=DIRECTION('ref_axis',(-1.,0.,0.));
#1520=DIRECTION('center_axis',(2.67117108087397E-17,0.,-1.));
#1521=DIRECTION('ref_axis',(-1.,0.,0.));
#1522=DIRECTION('',(0.,0.,1.));
#1523=DIRECTION('center_axis',(0.,0.,1.));
#1524=DIRECTION('ref_axis',(-1.,0.,0.));
#1525=DIRECTION('center_axis',(2.67117108087397E-17,0.,-1.));
#1526=DIRECTION('ref_axis',(-1.,0.,0.));
#1527=DIRECTION('',(0.,0.,1.));
#1528=DIRECTION('center_axis',(2.67117108087397E-17,0.,-1.));
#1529=DIRECTION('ref_axis',(-1.,0.,-2.67117108087397E-17));
#1530=DIRECTION('center_axis',(-2.67117108087397E-17,0.,1.));
#1531=DIRECTION('ref_axis',(-1.,0.,-2.67117108087397E-17));
#1532=DIRECTION('center_axis',(0.,0.,1.));
#1533=DIRECTION('ref_axis',(-1.,0.,0.));
#1534=DIRECTION('',(0.,0.,1.));
#1535=DIRECTION('center_axis',(2.67117108087397E-17,0.,-1.));
#1536=DIRECTION('ref_axis',(-1.,0.,-2.67117108087397E-17));
#1537=DIRECTION('center_axis',(-2.67117108087397E-17,0.,1.));
#1538=DIRECTION('ref_axis',(-1.,0.,-2.67117108087397E-17));
#1539=DIRECTION('center_axis',(0.,0.,1.));
#1540=DIRECTION('ref_axis',(-1.,0.,0.));
#1541=DIRECTION('',(0.,0.,1.));
#1542=DIRECTION('center_axis',(0.,1.,0.));
#1543=DIRECTION('ref_axis',(-1.,0.,0.));
#1544=DIRECTION('',(1.,0.,2.67117108087397E-17));
#1545=DIRECTION('center_axis',(2.67117108087397E-17,0.,-1.));
#1546=DIRECTION('ref_axis',(1.,0.,2.67117108087397E-17));
#1547=DIRECTION('',(1.,0.,2.67117108087397E-17));
#1548=DIRECTION('center_axis',(0.,1.,0.));
#1549=DIRECTION('ref_axis',(-1.,0.,0.));
#1550=DIRECTION('center_axis',(0.,-1.,0.));
#1551=DIRECTION('ref_axis',(0.,0.,-1.));
#1552=DIRECTION('',(1.,0.,0.));
#1553=DIRECTION('center_axis',(0.,0.,-1.));
#1554=DIRECTION('ref_axis',(0.,1.,0.));
#1555=CARTESIAN_POINT('',(0.,0.,0.));
#1556=CARTESIAN_POINT('Ctrl Pts',(-148.856202080971,109.505977919975,-23.4052386953639));
#1557=CARTESIAN_POINT('Ctrl Pts',(-148.856202080971,76.7682403655675,-23.4052386953639));
#1558=CARTESIAN_POINT('Ctrl Pts',(-148.856202080971,44.0305028111595,-23.4052386953639));
#1559=CARTESIAN_POINT('Ctrl Pts',(-148.856202080971,11.2927652567516,-23.4052386953639));
#1560=CARTESIAN_POINT('Ctrl Pts',(-149.298896648222,109.505977919975,-23.3959306075968));
#1561=CARTESIAN_POINT('Ctrl Pts',(-149.298896648222,76.7682403655676,-23.3959306075968));
#1562=CARTESIAN_POINT('Ctrl Pts',(-149.298896648222,44.0305028111595,-23.3959306075968));
#1563=CARTESIAN_POINT('Ctrl Pts',(-149.298896648222,11.2927652567516,-23.3959306075968));
#1564=CARTESIAN_POINT('Ctrl Pts',(-150.05801682715,109.505977919975,-23.0138377283722));
#1565=CARTESIAN_POINT('Ctrl Pts',(-150.05801682715,76.7682403655673,-23.0138377283722));
#1566=CARTESIAN_POINT('Ctrl Pts',(-150.05801682715,44.0305028111596,-23.0138377283722));
#1567=CARTESIAN_POINT('Ctrl Pts',(-150.05801682715,11.2927652567516,-23.0138377283722));
#1568=CARTESIAN_POINT('Ctrl Pts',(-150.32467007802,109.505977919975,-22.2376644635983));
#1569=CARTESIAN_POINT('Ctrl Pts',(-150.32467007802,76.7682403655676,-22.2376644635983));
#1570=CARTESIAN_POINT('Ctrl Pts',(-150.32467007802,44.0305028111595,-22.2376644635983));
#1571=CARTESIAN_POINT('Ctrl Pts',(-150.32467007802,11.2927652567516,-22.2376644635983));
#1572=CARTESIAN_POINT('Ctrl Pts',(-150.32467007802,109.505977919975,-21.9055701543889));
#1573=CARTESIAN_POINT('Ctrl Pts',(-150.32467007802,76.7682403655675,-21.9055701543889));
#1574=CARTESIAN_POINT('Ctrl Pts',(-150.32467007802,44.0305028111595,-21.9055701543889));
#1575=CARTESIAN_POINT('Ctrl Pts',(-150.32467007802,11.2927652567516,-21.9055701543889));
#1576=CARTESIAN_POINT('',(-148.856202080971,11.2927652567517,-23.4052386953639));
#1577=CARTESIAN_POINT('',(-150.32467007802,12.271743921451,-21.9055701543889));
#1578=CARTESIAN_POINT('Ctrl Pts',(-148.856202080971,11.2927652567517,-23.4052386953639));
#1579=CARTESIAN_POINT('Ctrl Pts',(-149.087376416504,11.4468814804402,-23.400378028069));
#1580=CARTESIAN_POINT('Ctrl Pts',(-149.318281934908,11.6008184927101,-23.3420459964627));
#1581=CARTESIAN_POINT('Ctrl Pts',(-149.706155673252,11.8594009849389,-23.1356647864638));
#1582=CARTESIAN_POINT('Ctrl Pts',(-149.868693417643,11.9677594812,-23.0037017839606));
#1583=CARTESIAN_POINT('Ctrl Pts',(-150.102634669354,12.1237203156739,-22.7076970631498));
#1584=CARTESIAN_POINT('Ctrl Pts',(-150.185084509076,12.1786868754887,-22.5604727262489));
#1585=CARTESIAN_POINT('Ctrl Pts',(-150.295963709689,12.2526063425641,-22.241359528003));
#1586=CARTESIAN_POINT('Ctrl Pts',(-150.32467007802,12.271743921451,-22.0750782052324));
#1587=CARTESIAN_POINT('Ctrl Pts',(-150.32467007802,12.271743921451,-21.9055701543889));
#1588=CARTESIAN_POINT('',(-150.32467007802,108.771743921451,-21.9055701543889));
#1589=CARTESIAN_POINT('Ctrl Pts',(-150.32467007802,12.271743921451,-21.9055701543889));
#1590=CARTESIAN_POINT('Ctrl Pts',(-150.32467007802,44.4384105881176,-21.9055701543889));
#1591=CARTESIAN_POINT('Ctrl Pts',(-150.32467007802,76.6050772547842,-21.9055701543889));
#1592=CARTESIAN_POINT('Ctrl Pts',(-150.32467007802,108.771743921451,-21.9055701543889));
#1593=CARTESIAN_POINT('',(-148.856202080971,109.505977919975,-23.4052386953639));
#1594=CARTESIAN_POINT('Ctrl Pts',(-150.32467007802,108.771743921451,-21.9055701543889));
#1595=CARTESIAN_POINT('Ctrl Pts',(-150.32467007802,108.771743921451,-22.0813851582797));
#1596=CARTESIAN_POINT('Ctrl Pts',(-150.293778303969,108.787189808476,-22.2545486118945));
#1597=CARTESIAN_POINT('Ctrl Pts',(-150.172198125457,108.847979897732,-22.589378766856));
#1598=CARTESIAN_POINT('Ctrl Pts',(-150.080075371977,108.894041274472,-22.7453047078433));
#1599=CARTESIAN_POINT('Ctrl Pts',(-149.837569805675,109.015294057623,-23.029301986261));
#1600=CARTESIAN_POINT('Ctrl Pts',(-149.684163302231,109.091997309345,-23.1494205871447));
#1601=CARTESIAN_POINT('Ctrl Pts',(-149.413528923378,109.227314498771,-23.2899785760007));
#1602=CARTESIAN_POINT('Ctrl Pts',(-149.306017975253,109.281069972834,-23.3307869671916));
#1603=CARTESIAN_POINT('Ctrl Pts',(-149.084410145639,109.391873887641,-23.387377614201));
#1604=CARTESIAN_POINT('Ctrl Pts',(-148.970456730693,109.448850595114,-23.4028363792162));
#1605=CARTESIAN_POINT('Ctrl Pts',(-148.856202080971,109.505977919975,-23.4052386953639));
#1606=CARTESIAN_POINT('Ctrl Pts',(-148.856202080971,109.505977919975,-23.4052386953639));
#1607=CARTESIAN_POINT('Ctrl Pts',(-148.856202080971,76.7682403655675,-23.4052386953639));
#1608=CARTESIAN_POINT('Ctrl Pts',(-148.856202080971,44.0305028111595,-23.4052386953639));
#1609=CARTESIAN_POINT('Ctrl Pts',(-148.856202080971,11.2927652567516,-23.4052386953639));
#1610=CARTESIAN_POINT('Origin',(-125.32467007802,121.271743921451,5.11));
#1611=CARTESIAN_POINT('',(-150.32467007802,108.771743921451,-17.39));
#1612=CARTESIAN_POINT('',(-150.32467007802,108.771743921451,-6.13999999999992));
#1613=CARTESIAN_POINT('',(-125.32467007802,121.271743921451,-22.9687348053144));
#1614=CARTESIAN_POINT('Ctrl Pts',(-125.32467007802,121.271743921451,-22.9687348053144));
#1615=CARTESIAN_POINT('Ctrl Pts',(-128.4405241429,119.713816889011,-21.4069007717536));
#1616=CARTESIAN_POINT('Ctrl Pts',(-132.155602696435,117.856277612243,-19.8654815668115));
#1617=CARTESIAN_POINT('Ctrl Pts',(-141.269084068323,113.299536926299,-17.7839297963248));
#1618=CARTESIAN_POINT('Ctrl Pts',(-145.780234946912,111.043961487005,-17.39));
#1619=CARTESIAN_POINT('Ctrl Pts',(-150.32467007802,108.771743921451,-17.39));
#1620=CARTESIAN_POINT('',(-125.32467007802,121.271743921451,-29.7585828611575));
#1621=CARTESIAN_POINT('',(-125.32467007802,121.271743921451,-12.0173072574915));
#1622=CARTESIAN_POINT('',(-128.013330951394,119.927413484764,-28.3326049293936));
#1623=CARTESIAN_POINT('Ctrl Pts',(-125.32467007802,121.271743921451,-29.7585828611575));
#1624=CARTESIAN_POINT('Ctrl Pts',(-126.219349025714,120.824404447604,-29.2620403152788));
#1625=CARTESIAN_POINT('Ctrl Pts',(-127.104248468708,120.381954726107,-28.7882860785124));
#1626=CARTESIAN_POINT('Ctrl Pts',(-128.013330951391,119.927413484765,-28.3326049293946));
#1627=CARTESIAN_POINT('Ctrl Pts',(-128.013330951394,119.927413484764,-28.3326049293936));
#1628=CARTESIAN_POINT('Ctrl Pts',(-130.770626986541,118.54876546719,-26.9504995102618));
#1629=CARTESIAN_POINT('Ctrl Pts',(-133.968478707158,116.949839606879,-25.6257591883075));
#1630=CARTESIAN_POINT('Ctrl Pts',(-141.545247229999,113.161455345458,-23.8583633784919));
#1631=CARTESIAN_POINT('Ctrl Pts',(-145.194974976593,111.336591472164,-23.4822195886116));
#1632=CARTESIAN_POINT('Ctrl Pts',(-148.856202080971,109.505977919975,-23.4052386953639));
#1633=CARTESIAN_POINT('Origin',(-150.32467007802,121.271743921451,-17.39));
#1634=CARTESIAN_POINT('',(-150.32467007802,12.271743921451,-17.39));
#1635=CARTESIAN_POINT('',(-150.32467007802,12.2717439214509,-6.14000000000017));
#1636=CARTESIAN_POINT('',(-150.32467007802,121.271743921451,-17.39));
#1637=CARTESIAN_POINT('Ctrl Pts',(-150.32467007802,120.375523630326,-23.39));
#1638=CARTESIAN_POINT('Ctrl Pts',(-150.32467007802,-3.19996235704961,-23.39));
#1639=CARTESIAN_POINT('Ctrl Pts',(-146.074030498813,120.375523630326,-23.39));
#1640=CARTESIAN_POINT('Ctrl Pts',(-146.074030498813,-3.19996235704961,-23.39));
#1641=CARTESIAN_POINT('Ctrl Pts',(-141.978775553928,120.375523630326,-23.7630577230116));
#1642=CARTESIAN_POINT('Ctrl Pts',(-141.978775553928,-3.19996235704961,-23.7630577230116));
#1643=CARTESIAN_POINT('Ctrl Pts',(-138.007209213273,120.375523630326,-24.6837077133473));
#1644=CARTESIAN_POINT('Ctrl Pts',(-138.007209213273,-3.19996235704961,-24.6837077133473));
#1645=CARTESIAN_POINT('Ctrl Pts',(-136.463416413122,120.375523630326,-25.0415747876023));
#1646=CARTESIAN_POINT('Ctrl Pts',(-136.463416413122,-3.19996235704961,-25.0415747876023));
#1647=CARTESIAN_POINT('Ctrl Pts',(-135.003556392586,120.375523630326,-25.4691821811667));
#1648=CARTESIAN_POINT('Ctrl Pts',(-135.003556392586,-3.19996235704961,-25.4691821811667));
#1649=CARTESIAN_POINT('Ctrl Pts',(-133.666722284077,120.375523630326,-25.9311062286086));
#1650=CARTESIAN_POINT('Ctrl Pts',(-133.666722284077,-3.19996235704961,-25.9311062286086));
#1651=CARTESIAN_POINT('Ctrl Pts',(-131.568441003994,120.375523630326,-26.6561375360823));
#1652=CARTESIAN_POINT('Ctrl Pts',(-131.568441003994,-3.19996235704961,-26.6561375360823));
#1653=CARTESIAN_POINT('Ctrl Pts',(-129.720340554729,120.375523630326,-27.4769596910129));
#1654=CARTESIAN_POINT('Ctrl Pts',(-129.720340554729,-3.19996235704961,-27.4769596910129));
#1655=CARTESIAN_POINT('Ctrl Pts',(-128.013330951394,120.375523630326,-28.3326049293936));
#1656=CARTESIAN_POINT('Ctrl Pts',(-128.013330951394,-3.19996235704961,-28.3326049293936));
#1657=CARTESIAN_POINT('',(-128.013330951394,-2.60248216296651,-28.3326049293936));
#1658=CARTESIAN_POINT('',(-128.013330951394,121.271743921451,-28.3326049293936));
#1659=CARTESIAN_POINT('Ctrl Pts',(-148.856202080971,11.2927652567517,-23.4052386953639));
#1660=CARTESIAN_POINT('Ctrl Pts',(-145.295127194421,8.91871533238546,-23.4801137899355));
#1661=CARTESIAN_POINT('Ctrl Pts',(-141.738448201989,6.54759600409732,-23.8381422375093));
#1662=CARTESIAN_POINT('Ctrl Pts',(-134.112765912512,1.46380781111259,-25.5650519993861));
#1663=CARTESIAN_POINT('Ctrl Pts',(-130.829864607294,-0.724793059032724,
-26.9208064212295));
#1664=CARTESIAN_POINT('Ctrl Pts',(-128.013330951394,-2.60248216296651,-28.3326049293936));
#1665=CARTESIAN_POINT('Origin',(-71.017476812403,90.665510041427,-39.39));
#1666=CARTESIAN_POINT('',(-74.017476812403,90.665510041427,-39.39));
#1667=CARTESIAN_POINT('Origin',(-71.017476812403,90.665510041427,-39.39));
#1668=CARTESIAN_POINT('',(-68.967476812403,90.665510041427,-39.39));
#1669=CARTESIAN_POINT('Origin',(-71.017476812403,90.665510041427,-39.39));
#1670=CARTESIAN_POINT('Origin',(-71.017476812403,22.8779778014747,-39.39));
#1671=CARTESIAN_POINT('',(-74.017476812403,22.8779778014747,-39.39));
#1672=CARTESIAN_POINT('Origin',(-71.017476812403,22.8779778014747,-39.39));
#1673=CARTESIAN_POINT('',(-68.967476812403,22.8779778014747,-39.39));
#1674=CARTESIAN_POINT('Origin',(-71.017476812403,22.8779778014747,-39.39));
#1675=CARTESIAN_POINT('Origin',(-77.4086235624131,14.8779778014747,-39.39));
#1676=CARTESIAN_POINT('',(-80.4086235624131,14.8779778014747,-39.39));
#1677=CARTESIAN_POINT('Origin',(-77.4086235624131,14.8779778014747,-39.39));
#1678=CARTESIAN_POINT('',(-75.3586235624131,14.8779778014747,-39.39));
#1679=CARTESIAN_POINT('Origin',(-77.4086235624131,14.8779778014747,-39.39));
#1680=CARTESIAN_POINT('Origin',(-77.4086235624131,98.6655100414269,-39.39));
#1681=CARTESIAN_POINT('',(-80.4086235624131,98.6655100414269,-39.39));
#1682=CARTESIAN_POINT('Origin',(-77.4086235624131,98.6655100414269,-39.39));
#1683=CARTESIAN_POINT('',(-75.3586235624131,98.6655100414269,-39.39));
#1684=CARTESIAN_POINT('Origin',(-77.4086235624131,98.6655100414269,-39.39));
#1685=CARTESIAN_POINT('Origin',(-77.4086235624131,14.8779778014747,-40.89));
#1686=CARTESIAN_POINT('',(-80.4086235624131,14.8779778014747,-42.89));
#1687=CARTESIAN_POINT('Origin',(-77.4086235624131,14.8779778014747,-42.89));
#1688=CARTESIAN_POINT('',(-80.4086235624131,14.8779778014747,-40.89));
#1689=CARTESIAN_POINT('Origin',(-71.017476812403,90.665510041427,-40.89));
#1690=CARTESIAN_POINT('',(-74.017476812403,90.665510041427,-42.89));
#1691=CARTESIAN_POINT('Origin',(-71.017476812403,90.665510041427,-42.89));
#1692=CARTESIAN_POINT('',(-74.017476812403,90.665510041427,-40.89));
#1693=CARTESIAN_POINT('Origin',(-71.017476812403,22.8779778014747,-40.89));
#1694=CARTESIAN_POINT('',(-74.017476812403,22.8779778014747,-42.89));
#1695=CARTESIAN_POINT('Origin',(-71.017476812403,22.8779778014747,-42.89));
#1696=CARTESIAN_POINT('',(-74.017476812403,22.8779778014747,-40.89));
#1697=CARTESIAN_POINT('Origin',(-77.4086235624131,98.6655100414269,-40.89));
#1698=CARTESIAN_POINT('',(-80.4086235624131,98.6655100414269,-42.89));
#1699=CARTESIAN_POINT('Origin',(-77.4086235624131,98.6655100414269,-42.89));
#1700=CARTESIAN_POINT('',(-80.4086235624131,98.6655100414269,-40.89));
#1701=CARTESIAN_POINT('Origin',(-71.017476812403,90.665510041427,-36.89));
#1702=CARTESIAN_POINT('',(-68.967476812403,90.665510041427,-38.39));
#1703=CARTESIAN_POINT('Origin',(-71.017476812403,90.665510041427,-38.39));
#1704=CARTESIAN_POINT('',(-68.967476812403,90.665510041427,-36.89));
#1705=CARTESIAN_POINT('Origin',(-77.4086235624131,14.8779778014747,-36.89));
#1706=CARTESIAN_POINT('',(-75.3586235624131,14.8779778014747,-38.39));
#1707=CARTESIAN_POINT('Origin',(-77.4086235624131,14.8779778014747,-38.39));
#1708=CARTESIAN_POINT('',(-75.3586235624131,14.8779778014747,-36.89));
#1709=CARTESIAN_POINT('Origin',(-71.017476812403,22.8779778014747,-36.89));
#1710=CARTESIAN_POINT('',(-68.967476812403,22.8779778014747,-38.39));
#1711=CARTESIAN_POINT('Origin',(-71.017476812403,22.8779778014747,-38.39));
#1712=CARTESIAN_POINT('',(-68.967476812403,22.8779778014747,-36.89));
#1713=CARTESIAN_POINT('Origin',(-77.4086235624131,98.6655100414269,-36.89));
#1714=CARTESIAN_POINT('',(-75.3586235624131,98.6655100414269,-38.39));
#1715=CARTESIAN_POINT('Origin',(-77.4086235624131,98.6655100414269,-38.39));
#1716=CARTESIAN_POINT('',(-75.3586235624131,98.6655100414269,-36.89));
#1717=CARTESIAN_POINT('Origin',(-5.82467007801986,18.8779778014747,-38.39));
#1718=CARTESIAN_POINT('',(-65.8246700780199,29.3779778014747,-38.39));
#1719=CARTESIAN_POINT('',(-65.8246700780199,8.3779778014747,-38.39));
#1720=CARTESIAN_POINT('',(-65.8246700780199,37.8248608614628,-38.39));
#1721=CARTESIAN_POINT('',(-82.6014302967962,29.3779778014747,-38.39));
#1722=CARTESIAN_POINT('',(-34.3246700780199,29.3779778014747,-38.39));
#1723=CARTESIAN_POINT('',(-82.6014302967962,8.3779778014747,-38.39));
#1724=CARTESIAN_POINT('',(-82.6014302967962,24.1279778014747,-38.39));
#1725=CARTESIAN_POINT('',(-44.213050187408,8.3779778014747,-38.39));
#1726=CARTESIAN_POINT('Origin',(-82.6014302967962,8.3779778014747,-39.39));
#1727=CARTESIAN_POINT('',(-65.8246700780199,8.3779778014747,-36.89));
#1728=CARTESIAN_POINT('',(-65.8246700780199,8.3779778014747,-33.537864780649));
#1729=CARTESIAN_POINT('',(-82.6014302967962,8.3779778014747,-36.89));
#1730=CARTESIAN_POINT('',(-82.6014302967962,8.3779778014747,-39.39));
#1731=CARTESIAN_POINT('',(-2.82467007801986,8.3779778014747,-36.89));
#1732=CARTESIAN_POINT('Origin',(-82.6014302967962,29.3779778014747,-39.39));
#1733=CARTESIAN_POINT('',(-82.6014302967962,29.3779778014747,-36.89));
#1734=CARTESIAN_POINT('',(-82.6014302967962,29.3779778014747,-39.39));
#1735=CARTESIAN_POINT('',(-82.6014302967962,75.3248608614628,-36.89));
#1736=CARTESIAN_POINT('Origin',(-62.8246700780199,29.3779778014747,-39.39));
#1737=CARTESIAN_POINT('',(-65.8246700780199,29.3779778014747,-36.89));
#1738=CARTESIAN_POINT('',(-65.8246700780199,29.3779778014747,-33.537864780649));
#1739=CARTESIAN_POINT('',(7.06371003136832,29.3779778014747,-36.89));
#1740=CARTESIAN_POINT('Origin',(-65.8246700780199,56.7717439214508,-27.6857295612979));
#1741=CARTESIAN_POINT('',(-65.8246700780199,0.271743921450947,-36.89));
#1742=CARTESIAN_POINT('',(-65.8246700780199,89.0217439214508,-36.89));
#1743=CARTESIAN_POINT('',(-65.8246700780199,-1.72825607854906,-34.89));
#1744=CARTESIAN_POINT('Origin',(-65.8246700780199,0.271743921450947,-34.89));
#1745=CARTESIAN_POINT('',(-65.8246700780199,-1.72825607854906,-33.89));
#1746=CARTESIAN_POINT('',(-65.8246700780199,-1.72825607854906,-32.287864780649));
#1747=CARTESIAN_POINT('',(-65.8246700780199,-3.97825607854906,-33.89));
#1748=CARTESIAN_POINT('',(-65.8246700780199,27.5217439214509,-33.89));
#1749=CARTESIAN_POINT('',(-65.8246700780199,-3.97825607854905,-36.89));
#1750=CARTESIAN_POINT('',(-65.8246700780199,-3.97825607854906,-30.787864780649));
#1751=CARTESIAN_POINT('',(-65.8246700780199,-7.72825607854918,-36.89));
#1752=CARTESIAN_POINT('',(-65.8246700780199,89.0217439214508,-36.89));
#1753=CARTESIAN_POINT('',(-65.8246700780199,-7.72825607854918,-42.89));
#1754=CARTESIAN_POINT('',(-65.8246700780199,-7.72825607854918,-28.4151720381404));
#1755=CARTESIAN_POINT('',(-65.8246700780199,121.271743921451,-42.89));
#1756=CARTESIAN_POINT('',(-65.8246700780199,89.0217439214508,-42.89));
#1757=CARTESIAN_POINT('',(-65.8246700780199,121.271743921451,-36.89));
#1758=CARTESIAN_POINT('',(-65.8246700780199,121.271743921451,-28.4151720381404));
#1759=CARTESIAN_POINT('',(-65.8246700780199,117.521743921451,-36.89));
#1760=CARTESIAN_POINT('',(-65.8246700780199,89.0217439214508,-36.89));
#1761=CARTESIAN_POINT('',(-65.8246700780199,117.521743921451,-33.89));
#1762=CARTESIAN_POINT('',(-65.8246700780199,117.521743921451,-30.787864780649));
#1763=CARTESIAN_POINT('',(-65.8246700780199,115.271743921451,-33.89));
#1764=CARTESIAN_POINT('',(-65.8246700780199,86.0217439214508,-33.89));
#1765=CARTESIAN_POINT('',(-65.8246700780199,115.271743921451,-34.89));
#1766=CARTESIAN_POINT('',(-65.8246700780199,115.271743921451,-32.287864780649));
#1767=CARTESIAN_POINT('',(-65.8246700780199,113.271743921451,-36.89));
#1768=CARTESIAN_POINT('Origin',(-65.8246700780199,113.271743921451,-34.89));
#1769=CARTESIAN_POINT('',(-65.8246700780199,105.165510041427,-36.89));
#1770=CARTESIAN_POINT('',(-65.8246700780199,89.0217439214508,-36.89));
#1771=CARTESIAN_POINT('',(-65.8246700780199,105.165510041427,-38.39));
#1772=CARTESIAN_POINT('',(-65.8246700780199,105.165510041427,-33.537864780649));
#1773=CARTESIAN_POINT('',(-65.8246700780199,84.165510041427,-38.39));
#1774=CARTESIAN_POINT('',(-65.8246700780199,75.7186269814389,-38.39));
#1775=CARTESIAN_POINT('',(-65.8246700780199,84.165510041427,-36.89));
#1776=CARTESIAN_POINT('',(-65.8246700780199,84.165510041427,-33.537864780649));
#1777=CARTESIAN_POINT('',(-65.8246700780199,89.0217439214508,-36.89));
#1778=CARTESIAN_POINT('Origin',(-62.8246700780199,84.165510041427,-39.39));
#1779=CARTESIAN_POINT('',(-82.6014302967962,84.165510041427,-38.39));
#1780=CARTESIAN_POINT('',(-34.3246700780199,84.165510041427,-38.39));
#1781=CARTESIAN_POINT('',(-82.6014302967962,84.165510041427,-36.89));
#1782=CARTESIAN_POINT('',(-82.6014302967962,84.165510041427,-39.39));
#1783=CARTESIAN_POINT('',(7.06371003136832,84.1655100414269,-36.89));
#1784=CARTESIAN_POINT('Origin',(-82.6014302967962,105.165510041427,-39.39));
#1785=CARTESIAN_POINT('',(-82.6014302967962,105.165510041427,-36.89));
#1786=CARTESIAN_POINT('',(-2.82467007801986,105.165510041427,-36.89));
#1787=CARTESIAN_POINT('',(-82.6014302967962,105.165510041427,-38.39));
#1788=CARTESIAN_POINT('',(-82.6014302967962,105.165510041427,-39.39));
#1789=CARTESIAN_POINT('',(-44.213050187408,105.165510041427,-38.39));
#1790=CARTESIAN_POINT('Origin',(-82.6014302967962,84.165510041427,-39.39));
#1791=CARTESIAN_POINT('',(-82.6014302967962,89.415510041427,-38.39));
#1792=CARTESIAN_POINT('',(-82.6014302967962,102.718626981439,-36.89));
#1793=CARTESIAN_POINT('Origin',(-5.82467007801986,94.6655100414269,-38.39));
#1794=CARTESIAN_POINT('Origin',(76.9520901407565,121.271743921451,-36.89));
#1795=CARTESIAN_POINT('',(-86.9625922858574,113.271743921451,-36.89));
#1796=CARTESIAN_POINT('',(34.3137100313684,113.271743921451,-36.89));
#1797=CARTESIAN_POINT('',(-86.9625922858574,117.521743921451,-36.89));
#1798=CARTESIAN_POINT('',(-86.9625922858574,118.896743921451,-36.89));
#1799=CARTESIAN_POINT('',(33.0637100313684,117.521743921451,-36.89));
#1800=CARTESIAN_POINT('',(-88.6014302967962,121.271743921451,-36.89));
#1801=CARTESIAN_POINT('',(76.9520901407565,121.271743921451,-36.89));
#1802=CARTESIAN_POINT('',(-88.6014302967962,-7.72825607854918,-36.89));
#1803=CARTESIAN_POINT('',(-88.6014302967962,121.271743921451,-36.89));
#1804=CARTESIAN_POINT('',(76.9520901407565,-7.72825607854918,-36.89));
#1805=CARTESIAN_POINT('',(-86.9625922858574,-3.97825607854905,-36.89));
#1806=CARTESIAN_POINT('',(33.0637100313684,-3.97825607854905,-36.89));
#1807=CARTESIAN_POINT('',(-86.9625922858574,0.271743921450947,-36.89));
#1808=CARTESIAN_POINT('',(-86.9625922858574,59.1467439214509,-36.89));
#1809=CARTESIAN_POINT('',(34.3137100313684,0.271743921450947,-36.89));
#1810=CARTESIAN_POINT('Ctrl Pts',(-125.32467007802,121.271743921451,-22.9687348053144));
#1811=CARTESIAN_POINT('Ctrl Pts',(-125.32467007802,-7.72825607854918,-22.9687348053144));
#1812=CARTESIAN_POINT('Ctrl Pts',(-128.275354761415,121.271743921451,-21.4896925700647));
#1813=CARTESIAN_POINT('Ctrl Pts',(-128.275354761415,-7.72825607854918,-21.4896925700647));
#1814=CARTESIAN_POINT('Ctrl Pts',(-131.756658125663,121.271743921451,-20.0329536017775));
#1815=CARTESIAN_POINT('Ctrl Pts',(-131.756658125663,-7.72825607854918,-20.0329536017775));
#1816=CARTESIAN_POINT('Ctrl Pts',(-140.756249719852,121.271743921451,-17.8304359077628));
#1817=CARTESIAN_POINT('Ctrl Pts',(-140.756249719852,-7.72825607854918,-17.8304359077628));
#1818=CARTESIAN_POINT('Ctrl Pts',(-145.519465831756,121.271743921451,-17.39));
#1819=CARTESIAN_POINT('Ctrl Pts',(-145.519465831756,-7.72825607854918,-17.39));
#1820=CARTESIAN_POINT('Ctrl Pts',(-150.32467007802,121.271743921451,-17.39));
#1821=CARTESIAN_POINT('Ctrl Pts',(-150.32467007802,-7.72825607854918,-17.39));
#1822=CARTESIAN_POINT('',(-125.32467007802,-4.39492274521575,-22.9687348053144));
#1823=CARTESIAN_POINT('Ctrl Pts',(-150.32467007802,12.271743921451,-17.39));
#1824=CARTESIAN_POINT('Ctrl Pts',(-148.003875466466,10.7245475137484,-17.39));
#1825=CARTESIAN_POINT('Ctrl Pts',(-145.689805256209,9.18183356503878,-17.4927345018927));
#1826=CARTESIAN_POINT('Ctrl Pts',(-143.385715463906,7.64577243376017,-17.7294448409673));
#1827=CARTESIAN_POINT('Ctrl Pts',(-141.800542894503,6.5889898472646,-17.8922973207831));
#1828=CARTESIAN_POINT('Ctrl Pts',(-140.220094320664,5.53535616826476,-18.1185662450526));
#1829=CARTESIAN_POINT('Ctrl Pts',(-138.645426312528,4.48557814202957,-18.418402465264));
#1830=CARTESIAN_POINT('Ctrl Pts',(-137.931273182925,4.00947634853988,-18.5543860338169));
#1831=CARTESIAN_POINT('Ctrl Pts',(-137.218308970815,3.53416760874712,-18.7055008047562));
#1832=CARTESIAN_POINT('Ctrl Pts',(-136.506631844742,3.05971785065553,-18.8726898866312));
#1833=CARTESIAN_POINT('Ctrl Pts',(-136.355817787456,2.95917549742441,-18.908119525786));
#1834=CARTESIAN_POINT('Ctrl Pts',(-136.205193059874,2.859298089895,-18.9442400971147));
#1835=CARTESIAN_POINT('Ctrl Pts',(-136.054752310254,2.76007770201694,-18.9810582581914));
#1836=CARTESIAN_POINT('Ctrl Pts',(-135.574025215759,2.44302312139561,-19.0987091449606));
#1837=CARTESIAN_POINT('Ctrl Pts',(-135.104745620667,2.1326773367187,-19.2211200866822));
#1838=CARTESIAN_POINT('Ctrl Pts',(-134.646192075092,1.82878173152936,-19.347738884888));
#1839=CARTESIAN_POINT('Ctrl Pts',(-134.169120364261,1.5126136467316,-19.4794710397613));
#1840=CARTESIAN_POINT('Ctrl Pts',(-133.703658477557,1.20342722711692,-19.6157579012854));
#1841=CARTESIAN_POINT('Ctrl Pts',(-133.249041172851,0.900931242099091,-19.7560098064857));
#1842=CARTESIAN_POINT('Ctrl Pts',(-132.781912161947,0.5901101430765,-19.9001216409346));
#1843=CARTESIAN_POINT('Ctrl Pts',(-132.326232948692,0.28635280646866,-20.0484200157695));
#1844=CARTESIAN_POINT('Ctrl Pts',(-131.88122169039,-0.0106567113629268,
-20.2002955288389));
#1845=CARTESIAN_POINT('Ctrl Pts',(-131.422714550235,-0.316673653808877,
-20.3567769792692));
#1846=CARTESIAN_POINT('Ctrl Pts',(-130.975532326244,-0.61552728833357,-20.517056121223));
#1847=CARTESIAN_POINT('Ctrl Pts',(-130.538869128587,-0.907563184059271,
-20.6804939685502));
#1848=CARTESIAN_POINT('Ctrl Pts',(-130.087495266405,-1.20943742227481,-20.8494378428465));
#1849=CARTESIAN_POINT('Ctrl Pts',(-129.647361224489,-1.50402682094757,-21.0217571990897));
#1850=CARTESIAN_POINT('Ctrl Pts',(-129.217627220616,-1.79171306444908,-21.1967701745271));
#1851=CARTESIAN_POINT('Ctrl Pts',(-128.763709231683,-2.09558932259315,-21.3816322918647));
#1852=CARTESIAN_POINT('Ctrl Pts',(-128.321394763523,-2.39176359012718,-21.5695001796743));
#1853=CARTESIAN_POINT('Ctrl Pts',(-127.889748881517,-2.68068568564267,-21.7595902445502));
#1854=CARTESIAN_POINT('Ctrl Pts',(-127.431404703692,-2.98747828078807,-21.9614378194494));
#1855=CARTESIAN_POINT('Ctrl Pts',(-126.985089717311,-3.2860938320043,-22.1657916690469));
#1856=CARTESIAN_POINT('Ctrl Pts',(-126.549744577858,-3.57707089390699,-22.3717264934757));
#1857=CARTESIAN_POINT('Ctrl Pts',(-126.131561429656,-3.8565771816178,-22.5695430426912));
#1858=CARTESIAN_POINT('Ctrl Pts',(-125.723501167986,-4.12903535190492,-22.7688191619689));
#1859=CARTESIAN_POINT('Ctrl Pts',(-125.32467007802,-4.39492274521577,-22.9687348053144));
#1860=CARTESIAN_POINT('',(-125.32467007802,121.271743921451,-22.9687348053144));
#1861=CARTESIAN_POINT('',(-142.073747800776,31.7717439214509,-17.8789861736055));
#1862=CARTESIAN_POINT('',(-143.82467007802,31.7717439214509,-17.6859253316074));
#1863=CARTESIAN_POINT('Ctrl Pts',(-142.073757014809,31.7717439214509,-17.8790595758285));
#1864=CARTESIAN_POINT('Ctrl Pts',(-142.656605309077,31.7717439214509,-17.8058958015697));
#1865=CARTESIAN_POINT('Ctrl Pts',(-143.240256652538,31.7717439214509,-17.7416996163952));
#1866=CARTESIAN_POINT('Ctrl Pts',(-143.824674600676,31.7717439214509,-17.6859727615532));
#1867=CARTESIAN_POINT('',(-146.57467007802,31.7717439214509,-17.484609764325));
#1868=CARTESIAN_POINT('Ctrl Pts',(-143.824674600676,31.7717439214509,-17.6859727615532));
#1869=CARTESIAN_POINT('Ctrl Pts',(-144.739508062903,31.7717439214509,-17.5987393154954));
#1870=CARTESIAN_POINT('Ctrl Pts',(-145.656220013268,31.7717439214509,-17.5322591169189));
#1871=CARTESIAN_POINT('Ctrl Pts',(-146.57467065804,31.7717439214509,-17.4846209469523));
#1872=CARTESIAN_POINT('',(-146.57467007802,81.7717439214509,-17.484609764325));
#1873=CARTESIAN_POINT('Ctrl Pts',(-146.57467007802,31.7717439214509,-17.4846097643288));
#1874=CARTESIAN_POINT('Ctrl Pts',(-146.57467007802,40.1050772547842,-17.4846097643288));
#1875=CARTESIAN_POINT('Ctrl Pts',(-146.57467007802,48.4384105881175,-17.4846097643288));
#1876=CARTESIAN_POINT('Ctrl Pts',(-146.57467007802,65.1050772547842,-17.4846097643288));
#1877=CARTESIAN_POINT('Ctrl Pts',(-146.57467007802,73.4384105881175,-17.4846097643288));
#1878=CARTESIAN_POINT('Ctrl Pts',(-146.57467007802,81.7717439214509,-17.4846097643288));
#1879=CARTESIAN_POINT('',(-143.82467007802,81.7717439214509,-17.6859253316074));
#1880=CARTESIAN_POINT('Ctrl Pts',(-146.57467065804,81.7717439214509,-17.4846209469524));
#1881=CARTESIAN_POINT('Ctrl Pts',(-145.656220013268,81.7717439214509,-17.5322591169189));
#1882=CARTESIAN_POINT('Ctrl Pts',(-144.739508062903,81.7717439214509,-17.5987393154954));
#1883=CARTESIAN_POINT('Ctrl Pts',(-143.824674600676,81.7717439214509,-17.6859727615532));
#1884=CARTESIAN_POINT('',(-142.073747800776,81.7717439214509,-17.8789861736055));
#1885=CARTESIAN_POINT('Ctrl Pts',(-143.824674600676,81.7717439214509,-17.6859727615532));
#1886=CARTESIAN_POINT('Ctrl Pts',(-143.240256652538,81.7717439214509,-17.7416996163952));
#1887=CARTESIAN_POINT('Ctrl Pts',(-142.656605309077,81.7717439214509,-17.8058958015697));
#1888=CARTESIAN_POINT('Ctrl Pts',(-142.073757014809,81.7717439214509,-17.8790595758285));
#1889=CARTESIAN_POINT('Ctrl Pts',(-142.073747800776,31.7717439214509,-17.8789861736055));
#1890=CARTESIAN_POINT('Ctrl Pts',(-142.073747800776,48.4384105881175,-17.8789861736055));
#1891=CARTESIAN_POINT('Ctrl Pts',(-142.073747800776,65.1050772547842,-17.8789861736055));
#1892=CARTESIAN_POINT('Ctrl Pts',(-142.073747800776,81.7717439214509,-17.8789861736055));
#1893=CARTESIAN_POINT('Ctrl Pts',(-88.6014302967962,121.271743921451,-36.89));
#1894=CARTESIAN_POINT('Ctrl Pts',(-88.6014302967962,-7.72825607854918,-36.89));
#1895=CARTESIAN_POINT('Ctrl Pts',(-89.7196564850976,121.271743921451,-36.6930561265433));
#1896=CARTESIAN_POINT('Ctrl Pts',(-89.7196564850976,-7.72825607854918,-36.6930561265433));
#1897=CARTESIAN_POINT('Ctrl Pts',(-91.9122835224352,121.271743921451,-36.2881860638728));
#1898=CARTESIAN_POINT('Ctrl Pts',(-91.9122835224352,-7.72825607854918,-36.2881860638728));
#1899=CARTESIAN_POINT('Ctrl Pts',(-95.069751687291,121.271743921451,-35.6479344061733));
#1900=CARTESIAN_POINT('Ctrl Pts',(-95.069751687291,-7.72825607854918,-35.6479344061733));
#1901=CARTESIAN_POINT('Ctrl Pts',(-99.0148211983079,121.271743921451,-34.7278900323595));
#1902=CARTESIAN_POINT('Ctrl Pts',(-99.0148211983079,-7.72825607854918,-34.7278900323595));
#1903=CARTESIAN_POINT('Ctrl Pts',(-103.499693616599,121.271743921451,-33.4652995947771));
#1904=CARTESIAN_POINT('Ctrl Pts',(-103.499693616599,-7.72825607854918,-33.4652995947771));
#1905=CARTESIAN_POINT('Ctrl Pts',(-107.542941203807,121.271743921451,-32.0894776878775));
#1906=CARTESIAN_POINT('Ctrl Pts',(-107.542941203807,-7.72825607854918,-32.0894776878775));
#1907=CARTESIAN_POINT('Ctrl Pts',(-111.171827520862,121.271743921451,-30.6032490736015));
#1908=CARTESIAN_POINT('Ctrl Pts',(-111.171827520862,-7.72825607854918,-30.6032490736015));
#1909=CARTESIAN_POINT('Ctrl Pts',(-114.447257288917,121.271743921451,-29.015431784296));
#1910=CARTESIAN_POINT('Ctrl Pts',(-114.447257288917,-7.72825607854918,-29.015431784296));
#1911=CARTESIAN_POINT('Ctrl Pts',(-117.484037282609,121.271743921451,-27.3441762588083));
#1912=CARTESIAN_POINT('Ctrl Pts',(-117.484037282609,-7.72825607854918,-27.3441762588083));
#1913=CARTESIAN_POINT('Ctrl Pts',(-120.170968828187,121.271743921451,-25.7755485057421));
#1914=CARTESIAN_POINT('Ctrl Pts',(-120.170968828187,-7.72825607854918,-25.7755485057421));
#1915=CARTESIAN_POINT('Ctrl Pts',(-122.322925423763,121.271743921451,-24.5444863125544));
#1916=CARTESIAN_POINT('Ctrl Pts',(-122.322925423763,-7.72825607854918,-24.5444863125544));
#1917=CARTESIAN_POINT('Ctrl Pts',(-123.941809882607,121.271743921451,-23.6722968229048));
#1918=CARTESIAN_POINT('Ctrl Pts',(-123.941809882607,-7.72825607854918,-23.6722968229048));
#1919=CARTESIAN_POINT('Ctrl Pts',(-124.960311503887,121.271743921451,-23.1513709653044));
#1920=CARTESIAN_POINT('Ctrl Pts',(-124.960311503887,-7.72825607854918,-23.1513709653044));
#1921=CARTESIAN_POINT('Ctrl Pts',(-125.32467007802,121.271743921451,-22.9687348053144));
#1922=CARTESIAN_POINT('Ctrl Pts',(-125.32467007802,-7.72825607854918,-22.9687348053144));
#1923=CARTESIAN_POINT('',(-120.32467007802,-7.72825607854918,-25.6945137337347));
#1924=CARTESIAN_POINT('Ctrl Pts',(-125.32467007802,-4.39492274521575,-22.9687348053144));
#1925=CARTESIAN_POINT('Ctrl Pts',(-123.607886193685,-5.5394453347724,-23.8292794402647));
#1926=CARTESIAN_POINT('Ctrl Pts',(-122.111557377661,-6.5369978787883,-24.6694757299292));
#1927=CARTESIAN_POINT('Ctrl Pts',(-120.32467007802,-7.72825607854916,-25.6945137337347));
#1928=CARTESIAN_POINT('Ctrl Pts',(-88.6014302967962,-7.72825607854918,-36.89));
#1929=CARTESIAN_POINT('Ctrl Pts',(-89.7196564850976,-7.72825607854918,-36.6930561265433));
#1930=CARTESIAN_POINT('Ctrl Pts',(-91.9122835224352,-7.72825607854918,-36.2881860638728));
#1931=CARTESIAN_POINT('Ctrl Pts',(-95.069751687291,-7.72825607854918,-35.6479344061733));
#1932=CARTESIAN_POINT('Ctrl Pts',(-99.0148211983079,-7.72825607854918,-34.7278900323595));
#1933=CARTESIAN_POINT('Ctrl Pts',(-103.499693616599,-7.72825607854918,-33.4652995947771));
#1934=CARTESIAN_POINT('Ctrl Pts',(-107.542941203807,-7.72825607854918,-32.0894776878775));
#1935=CARTESIAN_POINT('Ctrl Pts',(-111.171827520862,-7.72825607854918,-30.6032490736015));
#1936=CARTESIAN_POINT('Ctrl Pts',(-114.417448069544,-7.72825607854918,-29.0298822830864));
#1937=CARTESIAN_POINT('Ctrl Pts',(-116.821381972383,-7.72825607854918,-27.7088384419437));
#1938=CARTESIAN_POINT('Ctrl Pts',(-118.580873589203,-7.72825607854918,-26.6980384035845));
#1939=CARTESIAN_POINT('Ctrl Pts',(-119.750034874453,-7.72825607854918,-26.0241500359788));
#1940=CARTESIAN_POINT('Ctrl Pts',(-120.32467007802,-7.72825607854918,-25.6945137337347));
#1941=CARTESIAN_POINT('Ctrl Pts',(-88.6014302967962,121.271743921451,-36.89));
#1942=CARTESIAN_POINT('Ctrl Pts',(-89.7196564850976,121.271743921451,-36.6930561265433));
#1943=CARTESIAN_POINT('Ctrl Pts',(-91.9122835224352,121.271743921451,-36.2881860638728));
#1944=CARTESIAN_POINT('Ctrl Pts',(-95.069751687291,121.271743921451,-35.6479344061733));
#1945=CARTESIAN_POINT('Ctrl Pts',(-99.0148211983079,121.271743921451,-34.7278900323595));
#1946=CARTESIAN_POINT('Ctrl Pts',(-103.499693616599,121.271743921451,-33.4652995947771));
#1947=CARTESIAN_POINT('Ctrl Pts',(-107.542941203807,121.271743921451,-32.0894776878775));
#1948=CARTESIAN_POINT('Ctrl Pts',(-111.171827520862,121.271743921451,-30.6032490736015));
#1949=CARTESIAN_POINT('Ctrl Pts',(-114.447257288917,121.271743921451,-29.015431784296));
#1950=CARTESIAN_POINT('Ctrl Pts',(-117.484037282609,121.271743921451,-27.3441762588083));
#1951=CARTESIAN_POINT('Ctrl Pts',(-120.170968828187,121.271743921451,-25.7755485057421));
#1952=CARTESIAN_POINT('Ctrl Pts',(-122.322925423763,121.271743921451,-24.5444863125544));
#1953=CARTESIAN_POINT('Ctrl Pts',(-123.941809882607,121.271743921451,-23.6722968229048));
#1954=CARTESIAN_POINT('Ctrl Pts',(-124.960311503887,121.271743921451,-23.1513709653044));
#1955=CARTESIAN_POINT('Ctrl Pts',(-125.32467007802,121.271743921451,-22.9687348053144));
#1956=CARTESIAN_POINT('',(-107.070981434884,-4.51802745887982,-32.1980736659358));
#1957=CARTESIAN_POINT('',(-106.824670078021,-3.22825607854919,-32.287722614501));
#1958=CARTESIAN_POINT('Ctrl Pts',(-107.070981434884,-4.51802745887982,-32.1980736659358));
#1959=CARTESIAN_POINT('Ctrl Pts',(-107.187224062157,-4.81127114685144,-32.1555181878724));
#1960=CARTESIAN_POINT('Ctrl Pts',(-107.34166174854,-5.08517764886739,-32.0986509163439));
#1961=CARTESIAN_POINT('Ctrl Pts',(-107.671730232664,-5.52360419825042,-31.9751580127919));
#1962=CARTESIAN_POINT('Ctrl Pts',(-107.832937559851,-5.69733227999323,-31.9142945809753));
#1963=CARTESIAN_POINT('Ctrl Pts',(-108.361528648779,-6.16377242315411,-31.7119281567096));
#1964=CARTESIAN_POINT('Ctrl Pts',(-108.767855092899,-6.39613596858426,-31.5528279228522));
#1965=CARTESIAN_POINT('Ctrl Pts',(-109.676107535012,-6.70404091851497,-31.1845470680093));
#1966=CARTESIAN_POINT('Ctrl Pts',(-110.176010212741,-6.75973867778451,-30.9748795782855));
#1967=CARTESIAN_POINT('Ctrl Pts',(-111.125588121921,-6.66639530311866,-30.561613648017));
#1968=CARTESIAN_POINT('Ctrl Pts',(-111.572629624743,-6.53104590903346,-30.3602157076212));
#1969=CARTESIAN_POINT('Ctrl Pts',(-112.332161492556,-6.12276441159817,-30.008458416863));
#1970=CARTESIAN_POINT('Ctrl Pts',(-112.652608002876,-5.8735230349241,-29.8560167107031));
#1971=CARTESIAN_POINT('Ctrl Pts',(-113.219508377864,-5.24384161374735,-29.5819833888949));
#1972=CARTESIAN_POINT('Ctrl Pts',(-113.454372806366,-4.85957271297238,-29.4657349474678));
#1973=CARTESIAN_POINT('Ctrl Pts',(-113.687615482112,-4.22349054444611,-29.3496034730898));
#1974=CARTESIAN_POINT('Ctrl Pts',(-113.744692191604,-4.00573681138481,-29.3210107392921));
#1975=CARTESIAN_POINT('Ctrl Pts',(-113.801256007979,-3.65317658692018,-29.2926473222171));
#1976=CARTESIAN_POINT('Ctrl Pts',(-113.814767158782,-3.522413341485,-29.2858604568449));
#1977=CARTESIAN_POINT('Ctrl Pts',(-113.826107063599,-3.27880341589353,-29.2801646529153));
#1978=CARTESIAN_POINT('Ctrl Pts',(-113.825925860078,-3.16642520368878,-29.2802557275177));
#1979=CARTESIAN_POINT('Ctrl Pts',(-113.813729618197,-2.92141452417714,-29.2863815149957));
#1980=CARTESIAN_POINT('Ctrl Pts',(-113.799562682542,-2.78927551385941,-29.2934974818859));
#1981=CARTESIAN_POINT('Ctrl Pts',(-113.740226160846,-2.4296699345477,-29.3232481635685));
#1982=CARTESIAN_POINT('Ctrl Pts',(-113.680075664369,-2.2066078267581,-29.3533757523915));
#1983=CARTESIAN_POINT('Ctrl Pts',(-113.445461715146,-1.58507446637799,-29.4701331412227));
#1984=CARTESIAN_POINT('Ctrl Pts',(-113.219967655127,-1.21713566371957,-29.5816736558915));
#1985=CARTESIAN_POINT('Ctrl Pts',(-112.625637793077,-0.548796337627227,
-29.869147745425));
#1986=CARTESIAN_POINT('Ctrl Pts',(-112.247574638131,-0.267879337728392,
-30.0487217746138));
#1987=CARTESIAN_POINT('Ctrl Pts',(-111.379268020698,0.14668861960667,-30.4480762194636));
#1988=CARTESIAN_POINT('Ctrl Pts',(-110.885719762328,0.26250688354977,-30.6681068133065));
#1989=CARTESIAN_POINT('Ctrl Pts',(-109.939992889153,0.278971158679473,-31.0741669464783));
#1990=CARTESIAN_POINT('Ctrl Pts',(-109.492963918018,0.20163013509781,-31.2597279747999));
#1991=CARTESIAN_POINT('Ctrl Pts',(-108.695620134777,-0.104706871033946,
-31.5809880353133));
#1992=CARTESIAN_POINT('Ctrl Pts',(-108.344464266084,-0.31323003660814,-31.7183119690871));
#1993=CARTESIAN_POINT('Ctrl Pts',(-107.693932748002,-0.87633427628945,-31.9676625657856));
#1994=CARTESIAN_POINT('Ctrl Pts',(-107.409285676177,-1.23741326626599,-32.0736040240617));
#1995=CARTESIAN_POINT('Ctrl Pts',(-107.07019069997,-1.90819151433849,-32.1985126322617));
#1996=CARTESIAN_POINT('Ctrl Pts',(-106.971289506717,-2.18384011080467,-32.234518713897));
#1997=CARTESIAN_POINT('Ctrl Pts',(-106.871694726807,-2.63268547467561,-32.2706989614452));
#1998=CARTESIAN_POINT('Ctrl Pts',(-106.847216815514,-2.79789319550115,-32.2795610658814));
#1999=CARTESIAN_POINT('Ctrl Pts',(-106.827990980902,-3.05222472977219,-32.2865212247475));
#2000=CARTESIAN_POINT('Ctrl Pts',(-106.824670078021,-3.14023017633818,-32.287722614501));
#2001=CARTESIAN_POINT('Ctrl Pts',(-106.824670078021,-3.22825607854917,-32.287722614501));
#2002=CARTESIAN_POINT('Ctrl Pts',(-106.824670078021,-3.22825607854915,-32.287722614501));
#2003=CARTESIAN_POINT('Ctrl Pts',(-106.82467006537,-3.27712607710004,-32.2877226190787));
#2004=CARTESIAN_POINT('Ctrl Pts',(-106.825693633243,-3.32600238066694,-32.2873522669188));
#2005=CARTESIAN_POINT('Ctrl Pts',(-106.827741486989,-3.37485222182384,-32.2866111415616));
#2006=CARTESIAN_POINT('Ctrl Pts',(-106.83414782825,-3.52767014335147,-32.2842926644897));
#2007=CARTESIAN_POINT('Ctrl Pts',(-106.850559831164,-3.67977312077763,-32.2783545582806));
#2008=CARTESIAN_POINT('Ctrl Pts',(-106.87681631954,-3.83017339856302,-32.2688301918241));
#2009=CARTESIAN_POINT('Ctrl Pts',(-106.904656280766,-3.98964399652429,-32.2587314311278));
#2010=CARTESIAN_POINT('Ctrl Pts',(-106.943441273244,-4.14652835839215,-32.2446452752394));
#2011=CARTESIAN_POINT('Ctrl Pts',(-106.992714879335,-4.29974599163849,-32.2266733585209));
#2012=CARTESIAN_POINT('Ctrl Pts',(-107.01639940227,-4.37339366707123,-32.2180347321347));
#2013=CARTESIAN_POINT('Ctrl Pts',(-107.042506510207,-4.44619415535998,-32.2084981036903));
#2014=CARTESIAN_POINT('Ctrl Pts',(-107.070981434884,-4.51802745887981,-32.1980736659358));
#2015=CARTESIAN_POINT('',(-107.070981434884,115.48197254112,-32.1980736659358));
#2016=CARTESIAN_POINT('',(-106.824670078021,116.771743921451,-32.287722614501));
#2017=CARTESIAN_POINT('Ctrl Pts',(-107.070981434884,115.48197254112,-32.1980736659358));
#2018=CARTESIAN_POINT('Ctrl Pts',(-107.187224062157,115.188728853149,-32.1555181878724));
#2019=CARTESIAN_POINT('Ctrl Pts',(-107.34166174854,114.914822351133,-32.0986509163439));
#2020=CARTESIAN_POINT('Ctrl Pts',(-107.671730232665,114.476395801749,-31.9751580127918));
#2021=CARTESIAN_POINT('Ctrl Pts',(-107.832937559852,114.302667720006,-31.9142945809751));
#2022=CARTESIAN_POINT('Ctrl Pts',(-108.36152864878,113.836227576845,-31.7119281567093));
#2023=CARTESIAN_POINT('Ctrl Pts',(-108.7678550929,113.603864031415,-31.5528279228519));
#2024=CARTESIAN_POINT('Ctrl Pts',(-109.676107535013,113.295959081485,-31.184547068009));
#2025=CARTESIAN_POINT('Ctrl Pts',(-110.176010212741,113.240261322215,-30.9748795782853));
#2026=CARTESIAN_POINT('Ctrl Pts',(-111.125588121921,113.333604696882,-30.5616136480168));
#2027=CARTESIAN_POINT('Ctrl Pts',(-111.572629624744,113.468954090967,-30.360215707621));
#2028=CARTESIAN_POINT('Ctrl Pts',(-112.332161492557,113.877235588402,-30.0084584168627));
#2029=CARTESIAN_POINT('Ctrl Pts',(-112.652608002876,114.126476965076,-29.8560167107028));
#2030=CARTESIAN_POINT('Ctrl Pts',(-113.219508377865,114.756158386253,-29.5819833888946));
#2031=CARTESIAN_POINT('Ctrl Pts',(-113.454372806366,115.140427287028,-29.4657349474677));
#2032=CARTESIAN_POINT('Ctrl Pts',(-113.687615482112,115.776509455554,-29.3496034730899));
#2033=CARTESIAN_POINT('Ctrl Pts',(-113.744692191604,115.994263188615,-29.3210107392921));
#2034=CARTESIAN_POINT('Ctrl Pts',(-113.801256007979,116.34682341308,-29.2926473222171));
#2035=CARTESIAN_POINT('Ctrl Pts',(-113.814767158782,116.477586658515,-29.2858604568449));
#2036=CARTESIAN_POINT('Ctrl Pts',(-113.826107063599,116.721196584107,-29.2801646529153));
#2037=CARTESIAN_POINT('Ctrl Pts',(-113.825925860078,116.833574796312,-29.2802557275177));
#2038=CARTESIAN_POINT('Ctrl Pts',(-113.813729618197,117.078585475823,-29.2863815149957));
#2039=CARTESIAN_POINT('Ctrl Pts',(-113.799562682542,117.210724486141,-29.2934974818859));
#2040=CARTESIAN_POINT('Ctrl Pts',(-113.740226160846,117.570330065452,-29.3232481635685));
#2041=CARTESIAN_POINT('Ctrl Pts',(-113.680075664369,117.793392173242,-29.3533757523914));
#2042=CARTESIAN_POINT('Ctrl Pts',(-113.445461715145,118.414925533622,-29.4701331412227));
#2043=CARTESIAN_POINT('Ctrl Pts',(-113.219967655127,118.782864336281,-29.5816736558915));
#2044=CARTESIAN_POINT('Ctrl Pts',(-112.625637793077,119.451203662373,-29.8691477454251));
#2045=CARTESIAN_POINT('Ctrl Pts',(-112.247574638131,119.732120662272,-30.0487217746139));
#2046=CARTESIAN_POINT('Ctrl Pts',(-111.379268020698,120.146688619607,-30.4480762194637));
#2047=CARTESIAN_POINT('Ctrl Pts',(-110.885719762328,120.26250688355,-30.6681068133066));
#2048=CARTESIAN_POINT('Ctrl Pts',(-109.939992889153,120.278971158679,-31.0741669464783));
#2049=CARTESIAN_POINT('Ctrl Pts',(-109.492963918018,120.201630135098,-31.2597279748));
#2050=CARTESIAN_POINT('Ctrl Pts',(-108.695620134777,119.895293128966,-31.5809880353132));
#2051=CARTESIAN_POINT('Ctrl Pts',(-108.344464266084,119.686769963392,-31.7183119690871));
#2052=CARTESIAN_POINT('Ctrl Pts',(-107.693932748002,119.12366572371,-31.9676625657857));
#2053=CARTESIAN_POINT('Ctrl Pts',(-107.409285676177,118.762586733734,-32.0736040240617));
#2054=CARTESIAN_POINT('Ctrl Pts',(-107.07019069997,118.091808485661,-32.1985126322618));
#2055=CARTESIAN_POINT('Ctrl Pts',(-106.971289506717,117.816159889195,-32.234518713897));
#2056=CARTESIAN_POINT('Ctrl Pts',(-106.871694726807,117.367314525325,-32.2706989614452));
#2057=CARTESIAN_POINT('Ctrl Pts',(-106.847216815514,117.202106804499,-32.2795610658814));
#2058=CARTESIAN_POINT('Ctrl Pts',(-106.827990980902,116.947775270228,-32.2865212247475));
#2059=CARTESIAN_POINT('Ctrl Pts',(-106.824670078021,116.859769823662,-32.287722614501));
#2060=CARTESIAN_POINT('Ctrl Pts',(-106.824670078021,116.771743921451,-32.287722614501));
#2061=CARTESIAN_POINT('Ctrl Pts',(-106.824670078021,116.771743921451,-32.287722614501));
#2062=CARTESIAN_POINT('Ctrl Pts',(-106.82467006537,116.7228739229,-32.2877226190787));
#2063=CARTESIAN_POINT('Ctrl Pts',(-106.825693633243,116.673997619333,-32.2873522669188));
#2064=CARTESIAN_POINT('Ctrl Pts',(-106.827741486989,116.625147778176,-32.2866111415616));
#2065=CARTESIAN_POINT('Ctrl Pts',(-106.83414782825,116.472329856649,-32.2842926644897));
#2066=CARTESIAN_POINT('Ctrl Pts',(-106.850559831164,116.320226879222,-32.2783545582806));
#2067=CARTESIAN_POINT('Ctrl Pts',(-106.87681631954,116.169826601437,-32.2688301918241));
#2068=CARTESIAN_POINT('Ctrl Pts',(-106.904656280766,116.010356003475,-32.2587314311277));
#2069=CARTESIAN_POINT('Ctrl Pts',(-106.943441273245,115.853471641607,-32.2446452752393));
#2070=CARTESIAN_POINT('Ctrl Pts',(-106.992714879335,115.70025400836,-32.2266733585207));
#2071=CARTESIAN_POINT('Ctrl Pts',(-107.016399402271,115.626606332928,-32.2180347321346));
#2072=CARTESIAN_POINT('Ctrl Pts',(-107.042506510207,115.553805844639,-32.2084981036902));
#2073=CARTESIAN_POINT('Ctrl Pts',(-107.070981434884,115.48197254112,-32.1980736659358));
#2074=CARTESIAN_POINT('Origin',(-150.32467007802,12.271743921451,5.11));
#2075=CARTESIAN_POINT('',(-120.32467007802,-7.72825607854918,-32.6056322939656));
#2076=CARTESIAN_POINT('Ctrl Pts',(-128.013330951392,-2.60248216296766,-28.3326049293944));
#2077=CARTESIAN_POINT('Ctrl Pts',(-125.354953330854,-4.3747339099928,-29.6651271064137));
#2078=CARTESIAN_POINT('Ctrl Pts',(-122.978339983255,-5.95914280839223,-31.1131873211603));
#2079=CARTESIAN_POINT('Ctrl Pts',(-120.324670078019,-7.72825607854925,-32.6056322939656));
#2080=CARTESIAN_POINT('',(-120.32467007802,-7.72825607854918,-12.0173072574915));
#2081=CARTESIAN_POINT('Origin',(-86.9625922858574,-2.97825607854906,-35.39));
#2082=CARTESIAN_POINT('',(-86.9625922858574,-1.46030688611793,-35.89));
#2083=CARTESIAN_POINT('',(-86.9625922858574,-3.97825607854906,-35.89));
#2084=CARTESIAN_POINT('',(-86.9625922858574,-2.35325607854906,-35.89));
#2085=CARTESIAN_POINT('Origin',(-86.9625922858574,0.271743921450947,-34.89));
#2086=CARTESIAN_POINT('',(-86.9625922858574,-3.97825607854906,-34.64));
#2087=CARTESIAN_POINT('Origin',(-86.9625922858574,116.521743921451,-35.39));
#2088=CARTESIAN_POINT('',(-86.9625922858574,117.521743921451,-35.89));
#2089=CARTESIAN_POINT('',(-86.9625922858574,115.00379472902,-35.89));
#2090=CARTESIAN_POINT('',(-86.9625922858574,115.896743921451,-35.89));
#2091=CARTESIAN_POINT('',(-86.9625922858574,117.521743921451,-34.64));
#2092=CARTESIAN_POINT('Origin',(-86.9625922858574,113.271743921451,-34.89));
#2093=CARTESIAN_POINT('Origin',(-145.324669807333,81.7717439214509,-16.0791507946878));
#2094=CARTESIAN_POINT('',(-143.739462836923,81.7717439214509,-16.4721107704817));
#2095=CARTESIAN_POINT('',(-146.57467007802,81.7717439214509,-16.4721107704998));
#2096=CARTESIAN_POINT('',(-144.574669942676,81.7717439214509,-16.4721107704998));
#2097=CARTESIAN_POINT('Ctrl Pts',(-142.073747800776,81.7717439214509,-17.8789861736055));
#2098=CARTESIAN_POINT('Ctrl Pts',(-142.620291147957,81.7717439214509,-17.8103862183345));
#2099=CARTESIAN_POINT('Ctrl Pts',(-143.132610196755,81.7717439214509,-17.5032920476926));
#2100=CARTESIAN_POINT('Ctrl Pts',(-143.452688350621,81.7717439214509,-17.0564832260257));
#2101=CARTESIAN_POINT('Ctrl Pts',(-143.579262048224,81.7717439214509,-16.8797943642672));
#2102=CARTESIAN_POINT('Ctrl Pts',(-143.675773553612,81.7717439214509,-16.6812572443851));
#2103=CARTESIAN_POINT('Ctrl Pts',(-143.738736048655,81.7717439214509,-16.4724755056185));
#2104=CARTESIAN_POINT('',(-146.57467007802,81.7717439214509,-15.2756307825938));
#2105=CARTESIAN_POINT('Origin',(-146.57467007802,56.7717439214509,-14.4721107704998));
#2106=CARTESIAN_POINT('',(-146.57467007802,33.7717439214509,-14.4721107704998));
#2107=CARTESIAN_POINT('',(-146.57467007802,31.7717439214509,-16.4721107704998));
#2108=CARTESIAN_POINT('Origin',(-146.57467007802,33.7717439214509,-16.4721107704998));
#2109=CARTESIAN_POINT('',(-146.57467007802,79.7717439214509,-14.4721107704998));
#2110=CARTESIAN_POINT('',(-146.57467007802,56.7717439214509,-14.4721107704998));
#2111=CARTESIAN_POINT('Origin',(-146.57467007802,79.7717439214509,-16.4721107704998));
#2112=CARTESIAN_POINT('',(-146.57467007802,31.7717439214509,-15.2756307825938));
#2113=CARTESIAN_POINT('Origin',(-145.324669807333,31.7717439214509,-16.0791507946878));
#2114=CARTESIAN_POINT('',(-143.739462837021,31.7717439214509,-16.4721107701587));
#2115=CARTESIAN_POINT('',(-144.574669942676,31.7717439214509,-16.4721107704998));
#2116=CARTESIAN_POINT('Ctrl Pts',(-143.738736048753,31.7717439214509,-16.4724755052951));
#2117=CARTESIAN_POINT('Ctrl Pts',(-143.675773553712,31.7717439214509,-16.6812572441801));
#2118=CARTESIAN_POINT('Ctrl Pts',(-143.57926204829,31.7717439214509,-16.879794364176));
#2119=CARTESIAN_POINT('Ctrl Pts',(-143.452688350621,31.7717439214509,-17.0564832260257));
#2120=CARTESIAN_POINT('Ctrl Pts',(-143.132610196755,31.7717439214509,-17.5032920476926));
#2121=CARTESIAN_POINT('Ctrl Pts',(-142.620291147957,31.7717439214509,-17.8103862183345));
#2122=CARTESIAN_POINT('Ctrl Pts',(-142.073747800776,31.7717439214509,-17.8789861736055));
#2123=CARTESIAN_POINT('Origin',(-8.3246700780197,-3.97825607854906,-33.89));
#2124=CARTESIAN_POINT('',(-84.9625922858574,-3.97825607854906,-33.89));
#2125=CARTESIAN_POINT('',(-8.3246700780197,-3.97825607854906,-33.89));
#2126=CARTESIAN_POINT('Origin',(-84.9625922858574,-3.97825607854906,-35.89));
#2127=CARTESIAN_POINT('Origin',(-8.3246700780197,-1.72825607854906,-33.89));
#2128=CARTESIAN_POINT('',(-84.9625922858574,-1.72825607854906,-33.89));
#2129=CARTESIAN_POINT('',(-8.3246700780197,-1.72825607854906,-33.89));
#2130=CARTESIAN_POINT('',(-84.9625922858574,-2.35325607854906,-33.89));
#2131=CARTESIAN_POINT('Origin',(-84.9625922858574,-2.35325607854906,-35.89));
#2132=CARTESIAN_POINT('',(-86.6946430934263,-1.72825607854906,-34.89));
#2133=CARTESIAN_POINT('Origin',(-84.9625922858574,-1.72825607854906,-35.89));
#2134=CARTESIAN_POINT('Ctrl Pts',(-86.9625922858574,-1.46030688611793,-35.89));
#2135=CARTESIAN_POINT('Ctrl Pts',(-86.9625922858574,-1.54409714164252,-35.7448710202522));
#2136=CARTESIAN_POINT('Ctrl Pts',(-86.9455736179712,-1.6145640977645,-35.5771805848934));
#2137=CARTESIAN_POINT('Ctrl Pts',(-86.8621397987592,-1.70499389767814,-35.2405461859134));
#2138=CARTESIAN_POINT('Ctrl Pts',(-86.7952609303374,-1.72537538435807,-35.0718299412034));
#2139=CARTESIAN_POINT('Ctrl Pts',(-86.7080098150656,-1.72815271272871,-34.9134273902853));
#2140=CARTESIAN_POINT('Ctrl Pts',(-86.701416976915,-1.72825607854905,-34.901732710367));
#2141=CARTESIAN_POINT('Ctrl Pts',(-86.6946430934262,-1.72825607854905,-34.8899999999998));
#2142=CARTESIAN_POINT('Origin',(-84.9625922858574,115.896743921451,-35.89));
#2143=CARTESIAN_POINT('',(-86.6946430934263,115.271743921451,-34.89));
#2144=CARTESIAN_POINT('',(-84.9625922858574,115.271743921451,-33.89));
#2145=CARTESIAN_POINT('Origin',(-84.9625922858574,115.271743921451,-35.89));
#2146=CARTESIAN_POINT('',(-84.9625922858574,117.521743921451,-33.89));
#2147=CARTESIAN_POINT('',(-84.9625922858574,115.896743921451,-33.89));
#2148=CARTESIAN_POINT('Origin',(-84.9625922858574,117.521743921451,-35.89));
#2149=CARTESIAN_POINT('Ctrl Pts',(-86.6946430934266,115.271743921451,-34.8900000000005));
#2150=CARTESIAN_POINT('Ctrl Pts',(-86.7014169769153,115.271743921451,-34.9017327103675));
#2151=CARTESIAN_POINT('Ctrl Pts',(-86.7080098150657,115.27164055563,-34.9134273902856));
#2152=CARTESIAN_POINT('Ctrl Pts',(-86.7952609303374,115.26886322726,-35.0718299412034));
#2153=CARTESIAN_POINT('Ctrl Pts',(-86.8621397987592,115.24848174058,-35.2405461859134));
#2154=CARTESIAN_POINT('Ctrl Pts',(-86.9455736179712,115.158051940666,-35.5771805848934));
#2155=CARTESIAN_POINT('Ctrl Pts',(-86.9625922858574,115.087584984544,-35.7448710202522));
#2156=CARTESIAN_POINT('Ctrl Pts',(-86.9625922858574,115.00379472902,-35.89));
#2157=CARTESIAN_POINT('Origin',(-144.574669942676,79.7717439214509,-16.4721107704998));
#2158=CARTESIAN_POINT('',(-143.82467007802,79.7717439214509,-14.4721107704998));
#2159=CARTESIAN_POINT('',(-144.574669942676,79.7717439214509,-14.4721107704998));
#2160=CARTESIAN_POINT('',(-143.82467007802,81.6865366803489,-15.8945567120154));
#2161=CARTESIAN_POINT('Origin',(-143.82467007802,79.7717439214509,-16.4721107704998));
#2162=CARTESIAN_POINT('Ctrl Pts',(-143.738736048655,81.7717439214509,-16.4724755056184));
#2163=CARTESIAN_POINT('Ctrl Pts',(-143.757153219269,81.7717443142165,-16.4114047221079));
#2164=CARTESIAN_POINT('Ctrl Pts',(-143.772700777045,81.7689537018,-16.3494626734838));
#2165=CARTESIAN_POINT('Ctrl Pts',(-143.785300851917,81.7631300902751,-16.28686360038));
#2166=CARTESIAN_POINT('Ctrl Pts',(-143.798996621055,81.7568000613033,-16.2188209528459));
#2167=CARTESIAN_POINT('Ctrl Pts',(-143.809040946635,81.7469636921028,-16.1508412688976));
#2168=CARTESIAN_POINT('Ctrl Pts',(-143.815558051869,81.7335685460512,-16.0832399619994));
#2169=CARTESIAN_POINT('Ctrl Pts',(-143.821660418568,81.7210258464538,-16.0199406981052));
#2170=CARTESIAN_POINT('Ctrl Pts',(-143.82467007802,81.7053629076305,-15.9569722091392));
#2171=CARTESIAN_POINT('Ctrl Pts',(-143.82467007802,81.6865366803489,-15.8945567120154));
#2172=CARTESIAN_POINT('Origin',(-143.82467007802,56.7717439214509,-14.4721107704998));
#2173=CARTESIAN_POINT('',(-143.82467007802,33.7717439214509,-14.4721107704998));
#2174=CARTESIAN_POINT('',(-144.574669942676,33.7717439214509,-14.4721107704998));
#2175=CARTESIAN_POINT('',(-143.82467007802,56.7717439214509,-14.4721107704998));
#2176=CARTESIAN_POINT('Origin',(-144.574669942676,33.7717439214509,-16.4721107704998));
#2177=CARTESIAN_POINT('',(-143.82467007802,31.8569511625529,-15.8945567120154));
#2178=CARTESIAN_POINT('Origin',(-143.82467007802,33.7717439214509,-16.4721107704998));
#2179=CARTESIAN_POINT('Ctrl Pts',(-143.82467007802,31.8569511625529,-15.8945567120154));
#2180=CARTESIAN_POINT('Ctrl Pts',(-143.82467007802,31.8357101415945,-15.9649780908028));
#2181=CARTESIAN_POINT('Ctrl Pts',(-143.82083960613,31.818551163674,-16.0359081410071));
#2182=CARTESIAN_POINT('Ctrl Pts',(-143.813119898229,31.80535091622,-16.1070339357647));
#2183=CARTESIAN_POINT('Ctrl Pts',(-143.805763176027,31.7927713530093,-16.1748153492709));
#2184=CARTESIAN_POINT('Ctrl Pts',(-143.794874022649,31.7837869886112,-16.2427749480904));
#2185=CARTESIAN_POINT('Ctrl Pts',(-143.78037424463,31.7782911000756,-16.310604097366));
#2186=CARTESIAN_POINT('Ctrl Pts',(-143.771302572162,31.7748526404901,-16.3530408729651));
#2187=CARTESIAN_POINT('Ctrl Pts',(-143.760817076321,31.7727796684353,-16.3954258196529));
#2188=CARTESIAN_POINT('Ctrl Pts',(-143.748893603597,31.7720460481082,-16.4376741200265));
#2189=CARTESIAN_POINT('Ctrl Pts',(-143.745607938434,31.7718438896593,-16.4493161786711));
#2190=CARTESIAN_POINT('Ctrl Pts',(-143.742221737552,31.7717440089084,-16.4609170661264));
#2191=CARTESIAN_POINT('Ctrl Pts',(-143.738736048753,31.7717439214509,-16.4724755052951));
#2192=CARTESIAN_POINT('Origin',(-8.3246700780197,-1.72825607854906,-36.89));
#2193=CARTESIAN_POINT('',(34.3137100313684,-1.72825607854906,-34.89));
#2194=CARTESIAN_POINT('Origin',(34.3137100313684,0.271743921450947,-34.89));
#2195=CARTESIAN_POINT('Origin',(-8.3246700780197,115.271743921451,-36.89));
#2196=CARTESIAN_POINT('',(-8.3246700780197,115.271743921451,-33.89));
#2197=CARTESIAN_POINT('',(34.3137100313684,115.271743921451,-34.89));
#2198=CARTESIAN_POINT('Origin',(34.3137100313684,113.271743921451,-34.89));
#2199=CARTESIAN_POINT('Origin',(-143.82467007802,56.7717439214509,-17.6859253316074));
#2200=CARTESIAN_POINT('Ctrl Pts',(-143.82467007802,81.6865366803489,-15.8945567120154));
#2201=CARTESIAN_POINT('Ctrl Pts',(-143.82467007802,65.0766748410836,-15.8945567120154));
#2202=CARTESIAN_POINT('Ctrl Pts',(-143.82467007802,48.4668130018182,-15.8945567120154));
#2203=CARTESIAN_POINT('Ctrl Pts',(-143.82467007802,31.8569511625529,-15.8945567120154));
#2204=CARTESIAN_POINT('Ctrl Pts',(-142.073747800776,81.7717443142165,-17.8789861736055));
#2205=CARTESIAN_POINT('Ctrl Pts',(-142.073747800776,65.1050775166279,-17.8789861736055));
#2206=CARTESIAN_POINT('Ctrl Pts',(-142.073747800776,48.4384107190394,-17.8789861736055));
#2207=CARTESIAN_POINT('Ctrl Pts',(-142.073747800776,31.7717439214509,-17.8789861736055));
#2208=CARTESIAN_POINT('Ctrl Pts',(-142.620291147957,81.7717443142165,-17.8103862183345));
#2209=CARTESIAN_POINT('Ctrl Pts',(-142.620291147957,65.1050775166279,-17.8103862183345));
#2210=CARTESIAN_POINT('Ctrl Pts',(-142.620291147957,48.4384107190394,-17.8103862183345));
#2211=CARTESIAN_POINT('Ctrl Pts',(-142.620291147957,31.7717439214509,-17.8103862183345));
#2212=CARTESIAN_POINT('Ctrl Pts',(-143.516849483353,81.7717443142165,-17.2729714197111));
#2213=CARTESIAN_POINT('Ctrl Pts',(-143.516849483353,65.105077516628,-17.2729714197111));
#2214=CARTESIAN_POINT('Ctrl Pts',(-143.516849483353,48.4384107190394,-17.2729714197111));
#2215=CARTESIAN_POINT('Ctrl Pts',(-143.516849483353,31.7717439214509,-17.2729714197111));
#2216=CARTESIAN_POINT('Ctrl Pts',(-143.82467007802,81.7717443142165,-16.3076805023238));
#2217=CARTESIAN_POINT('Ctrl Pts',(-143.82467007802,65.105077516628,-16.3076805023238));
#2218=CARTESIAN_POINT('Ctrl Pts',(-143.82467007802,48.4384107190395,-16.3076805023238));
#2219=CARTESIAN_POINT('Ctrl Pts',(-143.82467007802,31.7717439214509,-16.3076805023238));
#2220=CARTESIAN_POINT('Ctrl Pts',(-143.82467007802,81.7717443142165,-15.8945567120154));
#2221=CARTESIAN_POINT('Ctrl Pts',(-143.82467007802,65.1050775166279,-15.8945567120154));
#2222=CARTESIAN_POINT('Ctrl Pts',(-143.82467007802,48.4384107190394,-15.8945567120154));
#2223=CARTESIAN_POINT('Ctrl Pts',(-143.82467007802,31.7717439214509,-15.8945567120154));
#2224=CARTESIAN_POINT('Origin',(-110.324670078021,116.771743921451,-28.89));
#2225=CARTESIAN_POINT('',(-106.824670078021,116.771743921451,-28.89));
#2226=CARTESIAN_POINT('Origin',(-110.324670078021,116.771743921451,-28.89));
#2227=CARTESIAN_POINT('',(-108.274670078021,116.771743921451,-28.89));
#2228=CARTESIAN_POINT('Origin',(-110.324670078021,116.771743921451,-28.89));
#2229=CARTESIAN_POINT('Origin',(-110.324670078021,116.771743921451,-40.89));
#2230=CARTESIAN_POINT('',(-106.824670078021,116.771743921451,-40.89));
#2231=CARTESIAN_POINT('Origin',(-110.324670078021,-3.22825607854918,-28.89));
#2232=CARTESIAN_POINT('',(-106.824670078021,-3.22825607854918,-28.89));
#2233=CARTESIAN_POINT('Origin',(-110.324670078021,-3.22825607854918,-28.89));
#2234=CARTESIAN_POINT('',(-108.274670078021,-3.22825607854918,-28.89));
#2235=CARTESIAN_POINT('Origin',(-110.324670078021,-3.22825607854918,-28.89));
#2236=CARTESIAN_POINT('Origin',(-110.324670078021,-3.22825607854918,-40.89));
#2237=CARTESIAN_POINT('',(-106.824670078021,-3.22825607854918,-40.89));
#2238=CARTESIAN_POINT('Ctrl Pts',(-128.013330951392,121.271743921451,-28.3326049293944));
#2239=CARTESIAN_POINT('Ctrl Pts',(-128.013330951392,-7.72825607854918,-28.3326049293944));
#2240=CARTESIAN_POINT('Ctrl Pts',(-125.978465751868,121.271743921451,-29.3525890673371));
#2241=CARTESIAN_POINT('Ctrl Pts',(-125.978465751868,-7.72825607854918,-29.3525890673371));
#2242=CARTESIAN_POINT('Ctrl Pts',(-124.063657854327,121.271743921451,-30.4669726272315));
#2243=CARTESIAN_POINT('Ctrl Pts',(-124.063657854327,-7.72825607854918,-30.4669726272315));
#2244=CARTESIAN_POINT('Ctrl Pts',(-122.025934141637,121.271743921451,-31.6369800026952));
#2245=CARTESIAN_POINT('Ctrl Pts',(-122.025934141637,-7.72825607854918,-31.6369800026952));
#2246=CARTESIAN_POINT('Ctrl Pts',(-119.249632185327,121.271743921451,-33.231059585304));
#2247=CARTESIAN_POINT('Ctrl Pts',(-119.249632185327,-7.72825607854918,-33.231059585304));
#2248=CARTESIAN_POINT('Ctrl Pts',(-116.206971058981,121.271743921451,-34.9200165084759));
#2249=CARTESIAN_POINT('Ctrl Pts',(-116.206971058981,-7.72825607854918,-34.9200165084759));
#2250=CARTESIAN_POINT('Ctrl Pts',(-112.647039902887,121.271743921451,-36.4414336796367));
#2251=CARTESIAN_POINT('Ctrl Pts',(-112.647039902887,-7.72825607854918,-36.4414336796367));
#2252=CARTESIAN_POINT('Ctrl Pts',(-106.474224324826,121.271743921451,-39.0795261603841));
#2253=CARTESIAN_POINT('Ctrl Pts',(-106.474224324826,-7.72825607854918,-39.0795261603841));
#2254=CARTESIAN_POINT('Ctrl Pts',(-98.8423724548929,121.271743921451,-41.1786939657621));
#2255=CARTESIAN_POINT('Ctrl Pts',(-98.8423724548929,-7.72825607854918,-41.1786939657621));
#2256=CARTESIAN_POINT('Ctrl Pts',(-89.6421427822185,121.271743921451,-42.7990538601951));
#2257=CARTESIAN_POINT('Ctrl Pts',(-89.6421427822185,-7.72825607854918,-42.7990538601951));
#2258=CARTESIAN_POINT('Ctrl Pts',(-89.5273911318914,121.271743921451,-42.819264113485));
#2259=CARTESIAN_POINT('Ctrl Pts',(-89.5273911318914,-7.72825607854918,-42.819264113485));
#2260=CARTESIAN_POINT('Ctrl Pts',(-89.4126394815642,121.271743921451,-42.8394743667749));
#2261=CARTESIAN_POINT('Ctrl Pts',(-89.4126394815642,-7.72825607854918,-42.8394743667749));
#2262=CARTESIAN_POINT('Ctrl Pts',(-89.2978878312372,121.271743921451,-42.8596846200648));
#2263=CARTESIAN_POINT('Ctrl Pts',(-89.2978878312372,-7.72825607854918,-42.8596846200648));
#2264=CARTESIAN_POINT('Ctrl Pts',(-89.1188353415949,121.271743921451,-42.8912196451171));
#2265=CARTESIAN_POINT('Ctrl Pts',(-89.1188353415949,-7.72825607854918,-42.8912196451171));
#2266=CARTESIAN_POINT('Ctrl Pts',(-88.9397828519522,121.271743921451,-42.9227546701695));
#2267=CARTESIAN_POINT('Ctrl Pts',(-88.9397828519522,-7.72825607854918,-42.9227546701695));
#2268=CARTESIAN_POINT('Ctrl Pts',(-88.7607303623097,121.271743921451,-42.9542896952218));
#2269=CARTESIAN_POINT('Ctrl Pts',(-88.7607303623097,-7.72825607854918,-42.9542896952218));
#2270=CARTESIAN_POINT('',(-89.1257603557445,121.271743921451,-42.89));
#2271=CARTESIAN_POINT('Ctrl Pts',(-125.324301468105,121.271743921451,-29.7593758511243));
#2272=CARTESIAN_POINT('Ctrl Pts',(-124.235063332499,121.271743921451,-30.3640132453343));
#2273=CARTESIAN_POINT('Ctrl Pts',(-123.149172463643,121.271743921451,-30.9920460928791));
#2274=CARTESIAN_POINT('Ctrl Pts',(-122.025934141637,121.271743921451,-31.6369800026952));
#2275=CARTESIAN_POINT('Ctrl Pts',(-119.249632185327,121.271743921451,-33.231059585304));
#2276=CARTESIAN_POINT('Ctrl Pts',(-116.206971058981,121.271743921451,-34.9200165084759));
#2277=CARTESIAN_POINT('Ctrl Pts',(-112.647039902887,121.271743921451,-36.4414336796367));
#2278=CARTESIAN_POINT('Ctrl Pts',(-106.474224324826,121.271743921451,-39.0795261603841));
#2279=CARTESIAN_POINT('Ctrl Pts',(-98.8423724548929,121.271743921451,-41.1786939657621));
#2280=CARTESIAN_POINT('Ctrl Pts',(-89.6421427822185,121.271743921451,-42.7990538601951));
#2281=CARTESIAN_POINT('Ctrl Pts',(-89.4700153067273,121.271743921451,-42.82936924013));
#2282=CARTESIAN_POINT('Ctrl Pts',(-89.2978878312362,121.271743921451,-42.8596846200649));
#2283=CARTESIAN_POINT('Ctrl Pts',(-89.125760355745,121.271743921451,-42.8899999999999));
#2284=CARTESIAN_POINT('',(-89.1257603557444,-7.72825607854918,-42.89));
#2285=CARTESIAN_POINT('Ctrl Pts',(-89.1257603557446,121.271743921451,-42.89));
#2286=CARTESIAN_POINT('Ctrl Pts',(-89.1257603557446,99.7717439214508,-42.89));
#2287=CARTESIAN_POINT('Ctrl Pts',(-89.1257603557446,78.2717439214508,-42.89));
#2288=CARTESIAN_POINT('Ctrl Pts',(-89.1257603557446,35.2717439214508,-42.89));
#2289=CARTESIAN_POINT('Ctrl Pts',(-89.1257603557446,13.7717439214508,-42.89));
#2290=CARTESIAN_POINT('Ctrl Pts',(-89.1257603557446,-7.72825607854918,-42.89));
#2291=CARTESIAN_POINT('Ctrl Pts',(-120.321106733751,-7.72825607854918,-32.605558698752));
#2292=CARTESIAN_POINT('Ctrl Pts',(-118.00819687939,-7.72825607854918,-33.9018770155646));
#2293=CARTESIAN_POINT('Ctrl Pts',(-115.4929028776,-7.72825607854916,-35.2251897112418));
#2294=CARTESIAN_POINT('Ctrl Pts',(-112.647039902887,-7.72825607854916,-36.4414336796367));
#2295=CARTESIAN_POINT('Ctrl Pts',(-106.474224324826,-7.72825607854916,-39.0795261603841));
#2296=CARTESIAN_POINT('Ctrl Pts',(-98.8423724548929,-7.72825607854918,-41.1786939657621));
#2297=CARTESIAN_POINT('Ctrl Pts',(-89.6421427822185,-7.72825607854918,-42.7990538601951));
#2298=CARTESIAN_POINT('Ctrl Pts',(-89.4700153067274,-7.72825607854918,-42.82936924013));
#2299=CARTESIAN_POINT('Ctrl Pts',(-89.2978878312364,-7.72825607854918,-42.8596846200649));
#2300=CARTESIAN_POINT('Ctrl Pts',(-89.1257603557453,-7.72825607854918,-42.8899999999998));
#2301=CARTESIAN_POINT('',(-108.274931785383,114.562901573692,-38.140950374816));
#2302=CARTESIAN_POINT('Ctrl Pts',(-108.274931785383,114.562901573692,-38.140950374816));
#2303=CARTESIAN_POINT('Ctrl Pts',(-107.614832727756,115.353515419098,-38.3737623552694));
#2304=CARTESIAN_POINT('Ctrl Pts',(-107.328198388289,116.462505041555,-38.4684871421499));
#2305=CARTESIAN_POINT('Ctrl Pts',(-107.54398626169,117.480375136244,-38.3947346019862));
#2306=CARTESIAN_POINT('Ctrl Pts',(-107.7859458811,118.621697198688,-38.3120370144558));
#2307=CARTESIAN_POINT('Ctrl Pts',(-108.640910379489,119.583761622901,-38.0197073555713));
#2308=CARTESIAN_POINT('Ctrl Pts',(-109.688483635314,120.00565987796,-37.6267758968261));
#2309=CARTESIAN_POINT('Ctrl Pts',(-110.89988056498,120.493536260798,-37.1723962531633));
#2310=CARTESIAN_POINT('Ctrl Pts',(-112.342904216296,120.286145975519,-36.5803920729211));
#2311=CARTESIAN_POINT('Ctrl Pts',(-113.360673024176,119.470099523185,-36.1316257474475));
#2312=CARTESIAN_POINT('Ctrl Pts',(-114.169490684983,118.821589981945,-35.7749925643433));
#2313=CARTESIAN_POINT('Ctrl Pts',(-114.691692156258,117.77497514807,-35.5275775959792));
#2314=CARTESIAN_POINT('Ctrl Pts',(-114.669292968804,116.700898839351,-35.5380240649477));
#2315=CARTESIAN_POINT('Ctrl Pts',(-114.646785859417,115.621647503984,-35.5485208662389));
#2316=CARTESIAN_POINT('Ctrl Pts',(-114.079450980686,114.597927808863,-35.8164737106799));
#2317=CARTESIAN_POINT('Ctrl Pts',(-113.24136948363,113.981769893831,-36.184093970458));
#2318=CARTESIAN_POINT('Ctrl Pts',(-112.197885891066,113.21460026054,-36.6418128327883));
#2319=CARTESIAN_POINT('Ctrl Pts',(-110.759007239057,113.0596050256,-37.2274326206851));
#2320=CARTESIAN_POINT('Ctrl Pts',(-109.569937388054,113.588020734165,-37.6711257268698));
#2321=CARTESIAN_POINT('Ctrl Pts',(-109.076548503611,113.807279877563,-37.8552303415067));
#2322=CARTESIAN_POINT('Ctrl Pts',(-108.628031485266,114.139987000023,-38.0164147623539));
#2323=CARTESIAN_POINT('Ctrl Pts',(-108.274931785383,114.562901573692,-38.140950374816));
#2324=CARTESIAN_POINT('',(-108.274931785383,-5.43709842630758,-38.140950374816));
#2325=CARTESIAN_POINT('Ctrl Pts',(-108.274931785383,-5.43709842630761,-38.140950374816));
#2326=CARTESIAN_POINT('Ctrl Pts',(-107.614832718694,-4.64648457004952,-38.3737623584652));
#2327=CARTESIAN_POINT('Ctrl Pts',(-107.328198382029,-3.53749493017384,-38.4684871443152));
#2328=CARTESIAN_POINT('Ctrl Pts',(-107.543986269869,-2.51962482517357,-38.3947345991906));
#2329=CARTESIAN_POINT('Ctrl Pts',(-107.785945902112,-1.37830276700735,-38.3120370072454));
#2330=CARTESIAN_POINT('Ctrl Pts',(-108.640910409157,-0.4162383535484,-38.019707344999));
#2331=CARTESIAN_POINT('Ctrl Pts',(-109.688483667576,0.00565989095294483,
-37.6267758847252));
#2332=CARTESIAN_POINT('Ctrl Pts',(-110.899880598203,0.493536260761425,-37.1723962400588));
#2333=CARTESIAN_POINT('Ctrl Pts',(-112.342904243653,0.28614596514618,-36.5803920612365));
#2334=CARTESIAN_POINT('Ctrl Pts',(-113.36067304352,-0.529900492324522,-36.1316257389184));
#2335=CARTESIAN_POINT('Ctrl Pts',(-114.169490699313,-1.17841003873247,-35.7749925577247));
#2336=CARTESIAN_POINT('Ctrl Pts',(-114.691692163156,-2.22502487626686,-35.5275775927624));
#2337=CARTESIAN_POINT('Ctrl Pts',(-114.669292968316,-3.29910118406128,-35.5380240651754));
#2338=CARTESIAN_POINT('Ctrl Pts',(-114.646785851526,-4.37835251758331,-35.5485208699188));
#2339=CARTESIAN_POINT('Ctrl Pts',(-114.079450967879,-5.4020722071866,-35.8164737165366));
#2340=CARTESIAN_POINT('Ctrl Pts',(-113.241369468731,-6.01823011712282,-36.1840939769932));
#2341=CARTESIAN_POINT('Ctrl Pts',(-112.197885872673,-6.78539974472367,-36.6418128405589));
#2342=CARTESIAN_POINT('Ctrl Pts',(-110.759007220632,-6.94039497301398,-37.2274326278695));
#2343=CARTESIAN_POINT('Ctrl Pts',(-109.56993737216,-6.41197925877211,-37.6711257328003));
#2344=CARTESIAN_POINT('Ctrl Pts',(-109.076548493971,-6.19272011533108,-37.8552303449756));
#2345=CARTESIAN_POINT('Ctrl Pts',(-108.628031481488,-5.86001299545174,-38.0164147636865));
#2346=CARTESIAN_POINT('Ctrl Pts',(-108.274931785383,-5.43709842630759,-38.140950374816));
#2347=CARTESIAN_POINT('Ctrl Pts',(-114.670385910716,-6.75417714145704,-35.5375143301142));
#2348=CARTESIAN_POINT('Ctrl Pts',(-114.670385910716,0.305370205645582,-35.5375143301142));
#2349=CARTESIAN_POINT('Ctrl Pts',(-112.472533536526,-6.75417714145704,-36.5625895343512));
#2350=CARTESIAN_POINT('Ctrl Pts',(-112.472533536526,0.305370205645582,-36.5625895343512));
#2351=CARTESIAN_POINT('Ctrl Pts',(-110.076632248488,-6.75417714145704,-37.5319117577171));
#2352=CARTESIAN_POINT('Ctrl Pts',(-110.076632248488,0.305370205645582,-37.5319117577171));
#2353=CARTESIAN_POINT('Ctrl Pts',(-107.469519317555,-6.75417714145704,-38.4201456343889));
#2354=CARTESIAN_POINT('Ctrl Pts',(-107.469519317555,0.305370205645582,-38.4201456343889));
#2355=CARTESIAN_POINT('',(-107.847566663988,-4.42260954478658,-38.2902685150696));
#2356=CARTESIAN_POINT('',(-107.574669719748,-3.22825607854918,-38.3842381805727));
#2357=CARTESIAN_POINT('Ctrl Pts',(-107.847571009012,-4.42260954478658,-38.2902970875466));
#2358=CARTESIAN_POINT('Ctrl Pts',(-107.69908076827,-4.11463954470322,-38.3417131746997));
#2359=CARTESIAN_POINT('Ctrl Pts',(-107.60851833705,-3.77995450454415,-38.372653152568));
#2360=CARTESIAN_POINT('Ctrl Pts',(-107.577268260938,-3.36639171059819,-38.3833514920653));
#2361=CARTESIAN_POINT('Ctrl Pts',(-107.574670078021,-3.2972738079376,-38.3842405220801));
#2362=CARTESIAN_POINT('Ctrl Pts',(-107.574670078021,-3.22825607854918,-38.3842405220801));
#2363=CARTESIAN_POINT('Ctrl Pts',(-107.574669719748,-3.22825607854918,-38.3842381805727));
#2364=CARTESIAN_POINT('Ctrl Pts',(-107.574659966399,-3.08174954913863,-38.3842415189282));
#2365=CARTESIAN_POINT('Ctrl Pts',(-107.586361609646,-2.93569439567729,-38.3802393353991));
#2366=CARTESIAN_POINT('Ctrl Pts',(-107.609563271915,-2.791486809607,-38.3722857108644));
#2367=CARTESIAN_POINT('Ctrl Pts',(-107.62933684422,-2.66858617010923,-38.3655072495624));
#2368=CARTESIAN_POINT('Ctrl Pts',(-107.657462274893,-2.54702746832873,-38.3558583952983));
#2369=CARTESIAN_POINT('Ctrl Pts',(-107.693780833438,-2.42767496160874,-38.3433620175432));
#2370=CARTESIAN_POINT('Ctrl Pts',(-107.741675072992,-2.27028166800702,-38.326882715122));
#2371=CARTESIAN_POINT('Ctrl Pts',(-107.803255882204,-2.11854511369363,-38.3056451362747));
#2372=CARTESIAN_POINT('Ctrl Pts',(-107.877340837377,-1.97399020763876,-38.2799476446779));
#2373=CARTESIAN_POINT('Ctrl Pts',(-107.960892540361,-1.81096373961234,-38.2509664678608));
#2374=CARTESIAN_POINT('Ctrl Pts',(-108.060347623842,-1.65707155953589,-38.2163124483997));
#2375=CARTESIAN_POINT('Ctrl Pts',(-108.173948442795,-1.51450102491504,-38.176391786121));
#2376=CARTESIAN_POINT('Ctrl Pts',(-108.310358295455,-1.3433048504453,-38.1284557614538));
#2377=CARTESIAN_POINT('Ctrl Pts',(-108.46542281877,-1.19059877412309,-38.0735323129958));
#2378=CARTESIAN_POINT('Ctrl Pts',(-108.635070194412,-1.05849302405672,-38.0126995971018));
#2379=CARTESIAN_POINT('Ctrl Pts',(-108.717886351187,-0.994003429289948,
-37.9830031062632));
#2380=CARTESIAN_POINT('Ctrl Pts',(-108.804178033373,-0.934423025779151,
-37.9518986154417));
#2381=CARTESIAN_POINT('Ctrl Pts',(-108.893476271145,-0.879997303172667,
-37.9195138531351));
#2382=CARTESIAN_POINT('Ctrl Pts',(-109.029891422929,-0.796854641060087,
-37.8700417428699));
#2383=CARTESIAN_POINT('Ctrl Pts',(-109.172370848627,-0.726312194888991,
-37.8179249609204));
#2384=CARTESIAN_POINT('Ctrl Pts',(-109.319141044428,-0.668655923946528,
-37.7636989246451));
#2385=CARTESIAN_POINT('Ctrl Pts',(-109.459125303614,-0.613665397216735,
-37.7119800352944));
#2386=CARTESIAN_POINT('Ctrl Pts',(-109.60301251754,-0.570397004767621,-37.6583423926855));
#2387=CARTESIAN_POINT('Ctrl Pts',(-109.7493090367,-0.539098847416429,-37.6032681929523));
#2388=CARTESIAN_POINT('Ctrl Pts',(-109.784747307466,-0.531517309721176,
-37.5899272439428));
#2389=CARTESIAN_POINT('Ctrl Pts',(-109.82032717494,-0.524638164319686,-37.5765020856162));
#2390=CARTESIAN_POINT('Ctrl Pts',(-109.8560278469,-0.518464937711097,-37.5629997382888));
#2391=CARTESIAN_POINT('Ctrl Pts',(-109.996742059984,-0.494133162516512,
-37.5097802307929));
#2392=CARTESIAN_POINT('Ctrl Pts',(-110.138697513152,-0.48087762022999,-37.4555990882056));
#2393=CARTESIAN_POINT('Ctrl Pts',(-110.280580130427,-0.478607857886503,
-37.4009369037339));
#2394=CARTESIAN_POINT('Ctrl Pts',(-110.422486209852,-0.476337720208059,
-37.3462656801533));
#2395=CARTESIAN_POINT('Ctrl Pts',(-110.564319385579,-0.485056996058514,
-37.2911132879429));
#2396=CARTESIAN_POINT('Ctrl Pts',(-110.704814386752,-0.504675187592675,
-37.2359779544769));
#2397=CARTESIAN_POINT('Ctrl Pts',(-110.773429864112,-0.514256393798089,
-37.2090507528426));
#2398=CARTESIAN_POINT('Ctrl Pts',(-110.841726915378,-0.526437195203758,
-37.1821278805545));
#2399=CARTESIAN_POINT('Ctrl Pts',(-110.909562421302,-0.541207049836941,
-37.1552688248674));
#2400=CARTESIAN_POINT('Ctrl Pts',(-111.049131716514,-0.571595534060035,
-37.1000072119222));
#2401=CARTESIAN_POINT('Ctrl Pts',(-111.186221797074,-0.612830106438382,
-37.0452214396124));
#2402=CARTESIAN_POINT('Ctrl Pts',(-111.319519785984,-0.664559031671941,
-36.9914944369795));
#2403=CARTESIAN_POINT('Ctrl Pts',(-111.459210509646,-0.718768784266284,
-36.9351907827432));
#2404=CARTESIAN_POINT('Ctrl Pts',(-111.594736792869,-0.784503607675788,
-36.8800499769751));
#2405=CARTESIAN_POINT('Ctrl Pts',(-111.724643461322,-0.861358695038032,
-36.8267602795611));
#2406=CARTESIAN_POINT('Ctrl Pts',(-111.791173261961,-0.900718904187739,
-36.7994687402794));
#2407=CARTESIAN_POINT('Ctrl Pts',(-111.856230008776,-0.942995765574466,
-36.7726629805687));
#2408=CARTESIAN_POINT('Ctrl Pts',(-111.91962320598,-0.988134903831737,-36.7464369234138));
#2409=CARTESIAN_POINT('Ctrl Pts',(-112.062665003096,-1.08998784296879,-36.6872598742647));
#2410=CARTESIAN_POINT('Ctrl Pts',(-112.19629031656,-1.20577686086753,-36.6314236770887));
#2411=CARTESIAN_POINT('Ctrl Pts',(-112.318283061493,-1.3341792835111,-36.5800728706349));
#2412=CARTESIAN_POINT('Ctrl Pts',(-112.446615482634,-1.46925447824699,-36.5260534834708));
#2413=CARTESIAN_POINT('Ctrl Pts',(-112.562077835513,-1.61828811994318,-36.4769987401215));
#2414=CARTESIAN_POINT('Ctrl Pts',(-112.662129084276,-1.77974042398656,-36.4342495853848));
#2415=CARTESIAN_POINT('Ctrl Pts',(-112.75167674084,-1.92424312288,-36.3959883275386));
#2416=CARTESIAN_POINT('Ctrl Pts',(-112.827896809185,-2.07718212972509,-36.3632013180864));
#2417=CARTESIAN_POINT('Ctrl Pts',(-112.889562210119,-2.23668531434693,-36.3365914429293));
#2418=CARTESIAN_POINT('Ctrl Pts',(-112.943609542203,-2.3764836689654,-36.31326891948));
#2419=CARTESIAN_POINT('Ctrl Pts',(-112.986476528667,-2.52132452161419,-36.2946916071834));
#2420=CARTESIAN_POINT('Ctrl Pts',(-113.017294600252,-2.66994739755154,-36.2813188598294));
#2421=CARTESIAN_POINT('Ctrl Pts',(-113.021638462977,-2.69089605973679,-36.2794339469918));
#2422=CARTESIAN_POINT('Ctrl Pts',(-113.025742863802,-2.71191986093122,-36.2776524096848));
#2423=CARTESIAN_POINT('Ctrl Pts',(-113.029605286351,-2.73301527136776,-36.2759755077914));
#2424=CARTESIAN_POINT('Ctrl Pts',(-113.054604472666,-2.86955343857658,-36.2651219094792));
#2425=CARTESIAN_POINT('Ctrl Pts',(-113.069161305776,-3.00748862916917,-36.2587873138972));
#2426=CARTESIAN_POINT('Ctrl Pts',(-113.073309944291,-3.1456569806181,-36.2569827194586));
#2427=CARTESIAN_POINT('Ctrl Pts',(-113.077458534835,-3.28382373442533,-36.2551781458866));
#2428=CARTESIAN_POINT('Ctrl Pts',(-113.07119917013,-3.42222364369685,-36.2579034651035));
#2429=CARTESIAN_POINT('Ctrl Pts',(-113.05451620599,-3.55969288627798,-36.2651543659465));
#2430=CARTESIAN_POINT('Ctrl Pts',(-113.0479330591,-3.61393865514736,-36.2680155928205));
#2431=CARTESIAN_POINT('Ctrl Pts',(-113.039726292449,-3.66803950852029,-36.2715813371792));
#2432=CARTESIAN_POINT('Ctrl Pts',(-113.029892809792,-3.72192393626003,-36.2758506763902));
#2433=CARTESIAN_POINT('Ctrl Pts',(-113.002665766139,-3.87111967061943,-36.2876716648562));
#2434=CARTESIAN_POINT('Ctrl Pts',(-112.963333934965,-4.01677070753992,-36.3047303575925));
#2435=CARTESIAN_POINT('Ctrl Pts',(-112.912753423813,-4.15761919469622,-36.3265789118323));
#2436=CARTESIAN_POINT('Ctrl Pts',(-112.856822277244,-4.31336727236075,-36.3507387050349));
#2437=CARTESIAN_POINT('Ctrl Pts',(-112.787136139856,-4.46324298706672,-36.3807552407526));
#2438=CARTESIAN_POINT('Ctrl Pts',(-112.704792824961,-4.60554558606272,-36.4160036182264));
#2439=CARTESIAN_POINT('Ctrl Pts',(-112.697123879257,-4.6187987676558,-36.4192864335145));
#2440=CARTESIAN_POINT('Ctrl Pts',(-112.689345111925,-4.63198626076691,-36.422614617577));
#2441=CARTESIAN_POINT('Ctrl Pts',(-112.68145739,-4.64510669147071,-36.4259876587625));
#2442=CARTESIAN_POINT('Ctrl Pts',(-112.571502233822,-4.82800601535855,-36.4730079865411));
#2443=CARTESIAN_POINT('Ctrl Pts',(-112.441856102432,-4.99552367802945,-36.5281114803008));
#2444=CARTESIAN_POINT('Ctrl Pts',(-112.296102281796,-5.14540154740166,-36.5894050002967));
#2445=CARTESIAN_POINT('Ctrl Pts',(-112.200294435446,-5.2439202402049,-36.6296948542465));
#2446=CARTESIAN_POINT('Ctrl Pts',(-112.097526433804,-5.33481716453496,-36.6726590489522));
#2447=CARTESIAN_POINT('Ctrl Pts',(-111.988829693584,-5.41745097388852,-36.7177627969418));
#2448=CARTESIAN_POINT('Ctrl Pts',(-111.865334670569,-5.51133478463821,-36.7690070972286));
#2449=CARTESIAN_POINT('Ctrl Pts',(-111.734914236025,-5.59402812243114,-36.8227099221634));
#2450=CARTESIAN_POINT('Ctrl Pts',(-111.59908313645,-5.66507449686174,-36.8781268309621));
#2451=CARTESIAN_POINT('Ctrl Pts',(-111.47077904196,-5.73218387583772,-36.93047284248));
#2452=CARTESIAN_POINT('Ctrl Pts',(-111.337647107897,-5.78890134644948,-36.9843481100373));
#2453=CARTESIAN_POINT('Ctrl Pts',(-111.201008817956,-5.83484217913974,-37.0391386438017));
#2454=CARTESIAN_POINT('Ctrl Pts',(-111.131642113972,-5.85816480812914,-37.0669539709581));
#2455=CARTESIAN_POINT('Ctrl Pts',(-111.061372488436,-5.87871002341739,-37.0950054165719));
#2456=CARTESIAN_POINT('Ctrl Pts',(-110.990377820802,-5.8964274875238,-37.1232142090207));
#2457=CARTESIAN_POINT('Ctrl Pts',(-110.852275842,-5.93089228514882,-37.1780872042278));
#2458=CARTESIAN_POINT('Ctrl Pts',(-110.711943794696,-5.95452808893719,-37.2333493954915));
#2459=CARTESIAN_POINT('Ctrl Pts',(-110.570624279507,-5.96722472445622,-37.2884857263189));
#2460=CARTESIAN_POINT('Ctrl Pts',(-110.429896915199,-5.97986815908584,-37.3433910272933));
#2461=CARTESIAN_POINT('Ctrl Pts',(-110.288190311026,-5.98166390703594,-37.3981714620825));
#2462=CARTESIAN_POINT('Ctrl Pts',(-110.146780662715,-5.97250317302311,-37.4523352068443));
#2463=CARTESIAN_POINT('Ctrl Pts',(-110.075778110381,-5.96790351872842,-37.4795311172224));
#2464=CARTESIAN_POINT('Ctrl Pts',(-110.00485120177,-5.960541627264,-37.5065718242906));
#2465=CARTESIAN_POINT('Ctrl Pts',(-109.934166155238,-5.95040372669933,-37.5333967227349));
#2466=CARTESIAN_POINT('Ctrl Pts',(-109.787531407678,-5.92937285011361,-37.5890444502903));
#2467=CARTESIAN_POINT('Ctrl Pts',(-109.642597894612,-5.89649172833571,-37.6435105272249));
#2468=CARTESIAN_POINT('Ctrl Pts',(-109.500805449812,-5.85197029605658,-37.6963141787214));
#2469=CARTESIAN_POINT('Ctrl Pts',(-109.353247274648,-5.80563848118382,-37.7512649941039));
#2470=CARTESIAN_POINT('Ctrl Pts',(-109.209090973646,-5.7467004447706,-37.804415442238));
#2471=CARTESIAN_POINT('Ctrl Pts',(-109.070012229176,-5.67539278683043,-37.8552440372605));
#2472=CARTESIAN_POINT('Ctrl Pts',(-109.033566963058,-5.65670677855668,-37.8685635540497));
#2473=CARTESIAN_POINT('Ctrl Pts',(-108.997470630212,-5.63717136073137,-37.8817237349018));
#2474=CARTESIAN_POINT('Ctrl Pts',(-108.961753917402,-5.61679079086627,-37.8947154080657));
#2475=CARTESIAN_POINT('Ctrl Pts',(-108.796023204966,-5.52222199945643,-37.9549986502733));
#2476=CARTESIAN_POINT('Ctrl Pts',(-108.639894334824,-5.41026309043636,-38.0111309160007));
#2477=CARTESIAN_POINT('Ctrl Pts',(-108.496230840747,-5.28238347468187,-38.0623341069248));
#2478=CARTESIAN_POINT('Ctrl Pts',(-108.373880470419,-5.17347537352837,-38.1059410748034));
#2479=CARTESIAN_POINT('Ctrl Pts',(-108.26057338019,-5.05301998246899,-38.1459738637867));
#2480=CARTESIAN_POINT('Ctrl Pts',(-108.158095902831,-4.92192495448843,-38.1819606183381));
#2481=CARTESIAN_POINT('Ctrl Pts',(-108.044346678227,-4.77641046519086,-38.2219056436429));
#2482=CARTESIAN_POINT('Ctrl Pts',(-107.944933877532,-4.6190229437076,-38.2565197140224));
#2483=CARTESIAN_POINT('Ctrl Pts',(-107.861883086696,-4.45185877723062,-38.2853075795224));
#2484=CARTESIAN_POINT('Ctrl Pts',(-107.857055545477,-4.44214192931399,-38.2869809483837));
#2485=CARTESIAN_POINT('Ctrl Pts',(-107.85228327391,-4.43239204792087,-38.2886346266573));
#2486=CARTESIAN_POINT('Ctrl Pts',(-107.847566663988,-4.42260954478658,-38.2902685150696));
#2487=CARTESIAN_POINT('Ctrl Pts',(-114.670385910716,113.245822858545,-35.5375143301142));
#2488=CARTESIAN_POINT('Ctrl Pts',(-114.670385910716,120.305370205647,-35.5375143301142));
#2489=CARTESIAN_POINT('Ctrl Pts',(-112.472533536526,113.245822858545,-36.5625895343514));
#2490=CARTESIAN_POINT('Ctrl Pts',(-112.472533536526,120.305370205647,-36.5625895343514));
#2491=CARTESIAN_POINT('Ctrl Pts',(-110.076632248489,113.245822858545,-37.5319117577169));
#2492=CARTESIAN_POINT('Ctrl Pts',(-110.076632248489,120.305370205647,-37.5319117577169));
#2493=CARTESIAN_POINT('Ctrl Pts',(-107.469519317556,113.245822858545,-38.4201456343888));
#2494=CARTESIAN_POINT('Ctrl Pts',(-107.469519317556,120.305370205647,-38.4201456343888));
#2495=CARTESIAN_POINT('',(-107.847566663989,115.577390455214,-38.2902685150695));
#2496=CARTESIAN_POINT('',(-107.574669719748,116.771743921451,-38.3842381805726));
#2497=CARTESIAN_POINT('Ctrl Pts',(-107.847571009012,115.577390455214,-38.2902970875466));
#2498=CARTESIAN_POINT('Ctrl Pts',(-107.699080768271,115.885360455295,-38.3417131746995));
#2499=CARTESIAN_POINT('Ctrl Pts',(-107.60851833705,116.220045495455,-38.372653152568));
#2500=CARTESIAN_POINT('Ctrl Pts',(-107.577268260937,116.633608289402,-38.3833514920653));
#2501=CARTESIAN_POINT('Ctrl Pts',(-107.574670078021,116.702726192062,-38.3842405220802));
#2502=CARTESIAN_POINT('Ctrl Pts',(-107.574670078021,116.771743921451,-38.3842405220802));
#2503=CARTESIAN_POINT('Ctrl Pts',(-107.574669719748,116.771743921451,-38.3842381805726));
#2504=CARTESIAN_POINT('Ctrl Pts',(-107.5746599664,116.918250450861,-38.3842415189281));
#2505=CARTESIAN_POINT('Ctrl Pts',(-107.586361609647,117.064305604323,-38.380239335399));
#2506=CARTESIAN_POINT('Ctrl Pts',(-107.609563271915,117.208513190393,-38.3722857108644));
#2507=CARTESIAN_POINT('Ctrl Pts',(-107.62933684422,117.331413829891,-38.3655072495623));
#2508=CARTESIAN_POINT('Ctrl Pts',(-107.657462274893,117.452972531671,-38.3558583952983));
#2509=CARTESIAN_POINT('Ctrl Pts',(-107.693780833438,117.572325038391,-38.3433620175432));
#2510=CARTESIAN_POINT('Ctrl Pts',(-107.741675072994,117.729718331997,-38.3268827151215));
#2511=CARTESIAN_POINT('Ctrl Pts',(-107.803255882208,117.881454886315,-38.3056451362735));
#2512=CARTESIAN_POINT('Ctrl Pts',(-107.877340837383,118.026009792373,-38.2799476446758));
#2513=CARTESIAN_POINT('Ctrl Pts',(-107.960892540366,118.189036260395,-38.2509664678591));
#2514=CARTESIAN_POINT('Ctrl Pts',(-108.060347623845,118.342928440467,-38.2163124483987));
#2515=CARTESIAN_POINT('Ctrl Pts',(-108.173948442795,118.485498975085,-38.1763917861209));
#2516=CARTESIAN_POINT('Ctrl Pts',(-108.310358295443,118.65669514954,-38.1284557614578));
#2517=CARTESIAN_POINT('Ctrl Pts',(-108.465422818743,118.80940122585,-38.0735323130052));
#2518=CARTESIAN_POINT('Ctrl Pts',(-108.635070194368,118.941506975909,-38.0126995971176));
#2519=CARTESIAN_POINT('Ctrl Pts',(-108.717886351157,119.005996570689,-37.9830031062741));
#2520=CARTESIAN_POINT('Ctrl Pts',(-108.804178033358,119.065576974211,-37.9518986154473));
#2521=CARTESIAN_POINT('Ctrl Pts',(-108.893476271145,119.120002696827,-37.9195138531349));
#2522=CARTESIAN_POINT('Ctrl Pts',(-109.029891422925,119.203145358937,-37.8700417428714));
#2523=CARTESIAN_POINT('Ctrl Pts',(-109.172370848618,119.273687805106,-37.8179249609237));
#2524=CARTESIAN_POINT('Ctrl Pts',(-109.319141044414,119.331344076048,-37.7636989246504));
#2525=CARTESIAN_POINT('Ctrl Pts',(-109.459125303599,119.386334602778,-37.7119800353));
#2526=CARTESIAN_POINT('Ctrl Pts',(-109.603012517524,119.429602995228,-37.6583423926915));
#2527=CARTESIAN_POINT('Ctrl Pts',(-109.749309036683,119.46090115258,-37.6032681929586));
#2528=CARTESIAN_POINT('Ctrl Pts',(-109.784747307455,119.468482690277,-37.589927243947));
#2529=CARTESIAN_POINT('Ctrl Pts',(-109.820327174934,119.475361835679,-37.5765020856183));
#2530=CARTESIAN_POINT('Ctrl Pts',(-109.8560278469,119.481535062289,-37.5629997382887));
#2531=CARTESIAN_POINT('Ctrl Pts',(-109.996742059979,119.505866837483,-37.5097802307949));
#2532=CARTESIAN_POINT('Ctrl Pts',(-110.138697513141,119.519122379769,-37.4555990882099));
#2533=CARTESIAN_POINT('Ctrl Pts',(-110.28058013041,119.521392142113,-37.4009369037403));
#2534=CARTESIAN_POINT('Ctrl Pts',(-110.422486209836,119.523662279793,-37.3462656801595));
#2535=CARTESIAN_POINT('Ctrl Pts',(-110.564319385564,119.514943003943,-37.2911132879489));
#2536=CARTESIAN_POINT('Ctrl Pts',(-110.704814386737,119.495324812409,-37.2359779544826));
#2537=CARTESIAN_POINT('Ctrl Pts',(-110.773429864102,119.485743606204,-37.2090507528464));
#2538=CARTESIAN_POINT('Ctrl Pts',(-110.841726915373,119.473562804797,-37.1821278805564));
#2539=CARTESIAN_POINT('Ctrl Pts',(-110.909562421302,119.458792950163,-37.1552688248674));
#2540=CARTESIAN_POINT('Ctrl Pts',(-111.049131716514,119.42840446594,-37.1000072119222));
#2541=CARTESIAN_POINT('Ctrl Pts',(-111.186221797074,119.387169893562,-37.0452214396123));
#2542=CARTESIAN_POINT('Ctrl Pts',(-111.319519785984,119.335440968328,-36.9914944369793));
#2543=CARTESIAN_POINT('Ctrl Pts',(-111.459210509644,119.281231215735,-36.9351907827443));
#2544=CARTESIAN_POINT('Ctrl Pts',(-111.594736792864,119.215496392327,-36.8800499769773));
#2545=CARTESIAN_POINT('Ctrl Pts',(-111.724643461314,119.138641304967,-36.8267602795644));
#2546=CARTESIAN_POINT('Ctrl Pts',(-111.791173261955,119.099281095816,-36.7994687402816));
#2547=CARTESIAN_POINT('Ctrl Pts',(-111.856230008773,119.057004234427,-36.7726629805698));
#2548=CARTESIAN_POINT('Ctrl Pts',(-111.91962320598,119.011865096168,-36.7464369234139));
#2549=CARTESIAN_POINT('Ctrl Pts',(-112.062665003094,118.910012157033,-36.6872598742657));
#2550=CARTESIAN_POINT('Ctrl Pts',(-112.196290316555,118.794223139136,-36.6314236770905));
#2551=CARTESIAN_POINT('Ctrl Pts',(-112.318283061487,118.665820716495,-36.5800728706374));
#2552=CARTESIAN_POINT('Ctrl Pts',(-112.44661548263,118.530745521758,-36.5260534834723));
#2553=CARTESIAN_POINT('Ctrl Pts',(-112.562077835511,118.381711880059,-36.4769987401222));
#2554=CARTESIAN_POINT('Ctrl Pts',(-112.662129084276,118.220259576014,-36.4342495853849));
#2555=CARTESIAN_POINT('Ctrl Pts',(-112.75167674084,118.07575687712,-36.3959883275388));
#2556=CARTESIAN_POINT('Ctrl Pts',(-112.827896809184,117.922817870275,-36.3632013180865));
#2557=CARTESIAN_POINT('Ctrl Pts',(-112.889562210119,117.763314685653,-36.3365914429294));
#2558=CARTESIAN_POINT('Ctrl Pts',(-112.943609542204,117.623516331031,-36.3132689194796));
#2559=CARTESIAN_POINT('Ctrl Pts',(-112.986476528669,117.478675478379,-36.2946916071825));
#2560=CARTESIAN_POINT('Ctrl Pts',(-113.017294600255,117.330052602438,-36.2813188598284));
#2561=CARTESIAN_POINT('Ctrl Pts',(-113.021638462979,117.309103940256,-36.2794339469913));
#2562=CARTESIAN_POINT('Ctrl Pts',(-113.025742863803,117.288080139065,-36.2776524096846));
#2563=CARTESIAN_POINT('Ctrl Pts',(-113.029605286351,117.266984728632,-36.2759755077915));
#2564=CARTESIAN_POINT('Ctrl Pts',(-113.054604472663,117.130446561436,-36.2651219094803));
#2565=CARTESIAN_POINT('Ctrl Pts',(-113.069161305773,116.992511370856,-36.2587873138984));
#2566=CARTESIAN_POINT('Ctrl Pts',(-113.07330994429,116.85434301942,-36.2569827194592));
#2567=CARTESIAN_POINT('Ctrl Pts',(-113.077458534836,116.716176265615,-36.2551781458864));
#2568=CARTESIAN_POINT('Ctrl Pts',(-113.071199170133,116.577776356346,-36.2579034651023));
#2569=CARTESIAN_POINT('Ctrl Pts',(-113.054516205996,116.440307113767,-36.2651543659441));
#2570=CARTESIAN_POINT('Ctrl Pts',(-113.047933059105,116.386061344883,-36.2680155928185));
#2571=CARTESIAN_POINT('Ctrl Pts',(-113.039726292452,116.331960491495,-36.2715813371781));
#2572=CARTESIAN_POINT('Ctrl Pts',(-113.029892809792,116.27807606374,-36.2758506763902));
#2573=CARTESIAN_POINT('Ctrl Pts',(-113.002665766139,116.128880329385,-36.2876716648558));
#2574=CARTESIAN_POINT('Ctrl Pts',(-112.963333934967,115.983229292469,-36.3047303575915));
#2575=CARTESIAN_POINT('Ctrl Pts',(-112.912753423818,115.842380805316,-36.3265789118304));
#2576=CARTESIAN_POINT('Ctrl Pts',(-112.856822277251,115.686632727658,-36.3507387050317));
#2577=CARTESIAN_POINT('Ctrl Pts',(-112.787136139867,115.536757012957,-36.3807552407475));
#2578=CARTESIAN_POINT('Ctrl Pts',(-112.704792824978,115.394454413966,-36.4160036182192));
#2579=CARTESIAN_POINT('Ctrl Pts',(-112.697123879269,115.381201232364,-36.4192864335096));
#2580=CARTESIAN_POINT('Ctrl Pts',(-112.689345111931,115.368013739243,-36.4226146175744));
#2581=CARTESIAN_POINT('Ctrl Pts',(-112.68145739,115.354893308529,-36.4259876587625));
#2582=CARTESIAN_POINT('Ctrl Pts',(-112.571502233829,115.171993984653,-36.473007986538));
#2583=CARTESIAN_POINT('Ctrl Pts',(-112.441856102449,115.004476321992,-36.5281114802938));
#2584=CARTESIAN_POINT('Ctrl Pts',(-112.296102281824,114.854598452627,-36.589405000285));
#2585=CARTESIAN_POINT('Ctrl Pts',(-112.200294435466,114.756079759813,-36.6296948542382));
#2586=CARTESIAN_POINT('Ctrl Pts',(-112.097526433814,114.665182835473,-36.6726590489479));
#2587=CARTESIAN_POINT('Ctrl Pts',(-111.988829693584,114.582549026112,-36.7177627969417));
#2588=CARTESIAN_POINT('Ctrl Pts',(-111.865334670568,114.488665215361,-36.7690070972292));
#2589=CARTESIAN_POINT('Ctrl Pts',(-111.734914236022,114.405971877567,-36.8227099221646));
#2590=CARTESIAN_POINT('Ctrl Pts',(-111.599083136445,114.334925503136,-36.8781268309641));
#2591=CARTESIAN_POINT('Ctrl Pts',(-111.470779041955,114.26781612416,-36.9304728424819));
#2592=CARTESIAN_POINT('Ctrl Pts',(-111.337647107892,114.211098653549,-36.9843481100392));
#2593=CARTESIAN_POINT('Ctrl Pts',(-111.201008817952,114.165157820859,-37.0391386438035));
#2594=CARTESIAN_POINT('Ctrl Pts',(-111.131642113969,114.14183519187,-37.0669539709593));
#2595=CARTESIAN_POINT('Ctrl Pts',(-111.061372488435,114.121289976582,-37.0950054165724));
#2596=CARTESIAN_POINT('Ctrl Pts',(-110.990377820802,114.103572512476,-37.1232142090206));
#2597=CARTESIAN_POINT('Ctrl Pts',(-110.852275841999,114.069107714851,-37.1780872042281));
#2598=CARTESIAN_POINT('Ctrl Pts',(-110.711943794694,114.045471911062,-37.2333493954921));
#2599=CARTESIAN_POINT('Ctrl Pts',(-110.570624279504,114.032775275544,-37.2884857263199));
#2600=CARTESIAN_POINT('Ctrl Pts',(-110.429896915196,114.020131840914,-37.3433910272944));
#2601=CARTESIAN_POINT('Ctrl Pts',(-110.288190311023,114.018336092964,-37.3981714620837));
#2602=CARTESIAN_POINT('Ctrl Pts',(-110.146780662712,114.027496826977,-37.4523352068455));
#2603=CARTESIAN_POINT('Ctrl Pts',(-110.075778110379,114.032096481272,-37.4795311172232));
#2604=CARTESIAN_POINT('Ctrl Pts',(-110.004851201769,114.039458372736,-37.506571824291));
#2605=CARTESIAN_POINT('Ctrl Pts',(-109.934166155238,114.049596273301,-37.5333967227348));
#2606=CARTESIAN_POINT('Ctrl Pts',(-109.787531407679,114.070627149886,-37.5890444502901));
#2607=CARTESIAN_POINT('Ctrl Pts',(-109.642597894613,114.103508271664,-37.6435105272246));
#2608=CARTESIAN_POINT('Ctrl Pts',(-109.500805449814,114.148029703943,-37.6963141787209));
#2609=CARTESIAN_POINT('Ctrl Pts',(-109.353247274658,114.194361518813,-37.7512649941003));
#2610=CARTESIAN_POINT('Ctrl Pts',(-109.209090973664,114.253299555222,-37.8044154422314));
#2611=CARTESIAN_POINT('Ctrl Pts',(-109.070012229201,114.324607213157,-37.8552440372512));
#2612=CARTESIAN_POINT('Ctrl Pts',(-109.033566963075,114.343293221434,-37.8685635540435));
#2613=CARTESIAN_POINT('Ctrl Pts',(-108.99747063022,114.362828639264,-37.8817237348986));
#2614=CARTESIAN_POINT('Ctrl Pts',(-108.961753917402,114.383209209134,-37.8947154080655));
#2615=CARTESIAN_POINT('Ctrl Pts',(-108.796023204975,114.477778000539,-37.9549986502702));
#2616=CARTESIAN_POINT('Ctrl Pts',(-108.639894334839,114.589736909552,-38.0111309159951));
#2617=CARTESIAN_POINT('Ctrl Pts',(-108.496230840768,114.717616525299,-38.0623341069172));
#2618=CARTESIAN_POINT('Ctrl Pts',(-108.373880470432,114.826524626458,-38.1059410747987));
#2619=CARTESIAN_POINT('Ctrl Pts',(-108.260573380196,114.946980017523,-38.1459738637844));
#2620=CARTESIAN_POINT('Ctrl Pts',(-108.158095902832,115.078075045511,-38.1819606183379));
#2621=CARTESIAN_POINT('Ctrl Pts',(-108.044346678273,115.223589534749,-38.2219056436265));
#2622=CARTESIAN_POINT('Ctrl Pts',(-107.944933877616,115.380977056161,-38.2565197139932));
#2623=CARTESIAN_POINT('Ctrl Pts',(-107.861883086801,115.548141222558,-38.2853075794858));
#2624=CARTESIAN_POINT('Ctrl Pts',(-107.857055545547,115.557858070544,-38.2869809483595));
#2625=CARTESIAN_POINT('Ctrl Pts',(-107.852283273944,115.567607952008,-38.2886346266453));
#2626=CARTESIAN_POINT('Ctrl Pts',(-107.847566663989,115.577390455214,-38.2902685150695));
#2627=CARTESIAN_POINT('Origin',(-110.324670078021,-3.22825607854918,-40.89));
#2628=CARTESIAN_POINT('',(-108.274670078021,-3.22825607854918,-33.89));
#2629=CARTESIAN_POINT('Origin',(-110.324670078021,-3.22825607854918,-33.89));
#2630=CARTESIAN_POINT('',(-108.274670078021,-3.22825607854918,-40.89));
#2631=CARTESIAN_POINT('Origin',(-110.324670078021,116.771743921451,-40.89));
#2632=CARTESIAN_POINT('',(-108.274670078021,116.771743921451,-33.89));
#2633=CARTESIAN_POINT('Origin',(-110.324670078021,116.771743921451,-33.89));
#2634=CARTESIAN_POINT('',(-108.274670078021,116.771743921451,-40.89));
#2635=CARTESIAN_POINT('Origin',(-110.324670078021,116.771743921451,-33.89));
#2636=CARTESIAN_POINT('',(-107.574670078021,116.771743921451,-33.89));
#2637=CARTESIAN_POINT('Origin',(-110.324670078021,116.771743921451,-33.89));
#2638=CARTESIAN_POINT('Origin',(-110.324670078021,116.771743921451,-40.89));
#2639=CARTESIAN_POINT('',(-107.574670078021,116.771743921451,-40.89));
#2640=CARTESIAN_POINT('Origin',(-110.324670078021,-3.22825607854918,-33.89));
#2641=CARTESIAN_POINT('',(-107.574670078021,-3.22825607854918,-33.89));
#2642=CARTESIAN_POINT('Origin',(-110.324670078021,-3.22825607854918,-33.89));
#2643=CARTESIAN_POINT('Origin',(-110.324670078021,-3.22825607854918,-40.89));
#2644=CARTESIAN_POINT('',(-107.574670078021,-3.22825607854918,-40.89));
#2645=CARTESIAN_POINT('Origin',(-5.82495860280547,-7.72825607854918,-29.144614514983));
#2646=CARTESIAN_POINT('',(-47.3879711361169,-7.72825607854918,-42.89));
#2647=CARTESIAN_POINT('Origin',(-88.9509836694283,121.271743921451,-42.89));
#2648=CARTESIAN_POINT('',(-47.3879711361169,121.271743921451,-42.89));
#2649=CARTESIAN_POINT('Origin',(-5.82495860280547,121.271743921451,-29.144614514983));
#2650=CARTESIAN_POINT('Origin',(-8.3246700780197,117.521743921451,-33.89));
#2651=CARTESIAN_POINT('',(-8.3246700780197,117.521743921451,-33.89));
#2652=CARTESIAN_POINT('Origin',(-8.3246700780197,115.271743921451,-33.89));
#2653=UNCERTAINTY_MEASURE_WITH_UNIT(LENGTH_MEASURE(0.01),#2657,
'DISTANCE_ACCURACY_VALUE',
'Maximum model space distance between geometric entities at asserted c
onnectivities');
#2654=UNCERTAINTY_MEASURE_WITH_UNIT(LENGTH_MEASURE(0.01),#2657,
'DISTANCE_ACCURACY_VALUE',
'Maximum model space distance between geometric entities at asserted c
onnectivities');
#2655=(
GEOMETRIC_REPRESENTATION_CONTEXT(3)
GLOBAL_UNCERTAINTY_ASSIGNED_CONTEXT((#2653))
GLOBAL_UNIT_ASSIGNED_CONTEXT((#2657,#2659,#2660))
REPRESENTATION_CONTEXT('','3D')
);
#2656=(
GEOMETRIC_REPRESENTATION_CONTEXT(3)
GLOBAL_UNCERTAINTY_ASSIGNED_CONTEXT((#2654))
GLOBAL_UNIT_ASSIGNED_CONTEXT((#2657,#2659,#2660))
REPRESENTATION_CONTEXT('','3D')
);
#2657=(
LENGTH_UNIT()
NAMED_UNIT(*)
SI_UNIT(.MILLI.,.METRE.)
);
#2658=(
LENGTH_UNIT()
NAMED_UNIT(*)
SI_UNIT($,.METRE.)
);
#2659=(
NAMED_UNIT(*)
PLANE_ANGLE_UNIT()
SI_UNIT($,.RADIAN.)
);
#2660=(
NAMED_UNIT(*)
SI_UNIT($,.STERADIAN.)
SOLID_ANGLE_UNIT()
);
#2661=SHAPE_DEFINITION_REPRESENTATION(#2662,#2663);
#2662=PRODUCT_DEFINITION_SHAPE('',$,#2665);
#2663=SHAPE_REPRESENTATION('',(#1185),#2655);
#2664=PRODUCT_DEFINITION_CONTEXT('part definition',#2669,'design');
#2665=PRODUCT_DEFINITION('LID','LID',#2666,#2664);
#2666=PRODUCT_DEFINITION_FORMATION('',$,#2671);
#2667=PRODUCT_RELATED_PRODUCT_CATEGORY('LID','LID',(#2671));
#2668=APPLICATION_PROTOCOL_DEFINITION('international standard',
'automotive_design',2009,#2669);
#2669=APPLICATION_CONTEXT(
'Core Data for Automotive Mechanical Design Process');
#2670=PRODUCT_CONTEXT('part definition',#2669,'mechanical');
#2671=PRODUCT('LID','LID',$,(#2670));
#2672=PRESENTATION_STYLE_ASSIGNMENT((#2673));
#2673=SURFACE_STYLE_USAGE(.BOTH.,#2674);
#2674=SURFACE_SIDE_STYLE('',(#2675));
#2675=SURFACE_STYLE_FILL_AREA(#2676);
#2676=FILL_AREA_STYLE('Steel - Satin',(#2677));
#2677=FILL_AREA_STYLE_COLOUR('Steel - Satin',#2678);
#2678=COLOUR_RGB('Steel - Satin',0.627450980392157,0.627450980392157,0.627450980392157);
ENDSEC;
END-ISO-10303-21;
