ISO-10303-21;
HEADER;
/* Generated by software containing ST-Developer
 * from STEP Tools, Inc. (www.steptools.com) 
 */

FILE_DESCRIPTION(
/* description */ (''),
/* implementation_level */ '2;1');

FILE_NAME(
/* name */ 'modules_mounting_board.step',
/* time_stamp */ '2026-07-08T11:16:43+03:00',
/* author */ (''),
/* organization */ (''),
/* preprocessor_version */ 'ST-DEVELOPER v20.1',
/* originating_system */ 'Autodesk Translation Framework v15.8.0.0',
/* authorisation */ '');

FILE_SCHEMA (('AUTOMOTIVE_DESIGN { 1 0 10303 214 3 1 1 }'));
ENDSEC;

DATA;
#10=MECHANICAL_DESIGN_GEOMETRIC_PRESENTATION_REPRESENTATION('',(#13),#2419);
#11=SHAPE_REPRESENTATION_RELATIONSHIP('SRR','None',#2426,#12);
#12=ADVANCED_BREP_SHAPE_REPRESENTATION('',(#14),#2418);
#13=STYLED_ITEM('',(#2435),#14);
#14=MANIFOLD_SOLID_BREP('Mounting_Board',#1392);
#15=FACE_BOUND('',#409,.T.);
#16=FACE_BOUND('',#413,.T.);
#17=FACE_BOUND('',#417,.T.);
#18=FACE_BOUND('',#421,.T.);
#19=FACE_BOUND('',#429,.T.);
#20=FACE_BOUND('',#430,.T.);
#21=FACE_BOUND('',#431,.T.);
#22=FACE_BOUND('',#432,.T.);
#23=FACE_BOUND('',#433,.T.);
#24=FACE_BOUND('',#434,.T.);
#25=FACE_BOUND('',#435,.T.);
#26=FACE_BOUND('',#436,.T.);
#27=FACE_BOUND('',#437,.T.);
#28=FACE_BOUND('',#438,.T.);
#29=FACE_BOUND('',#439,.T.);
#30=FACE_BOUND('',#440,.T.);
#31=FACE_BOUND('',#441,.T.);
#32=FACE_BOUND('',#442,.T.);
#33=FACE_BOUND('',#443,.T.);
#34=FACE_BOUND('',#444,.T.);
#35=FACE_BOUND('',#445,.T.);
#36=FACE_BOUND('',#446,.T.);
#37=FACE_BOUND('',#447,.T.);
#38=FACE_BOUND('',#448,.T.);
#39=FACE_BOUND('',#459,.T.);
#40=FACE_BOUND('',#463,.T.);
#41=FACE_BOUND('',#467,.T.);
#42=FACE_BOUND('',#472,.T.);
#43=FACE_BOUND('',#476,.T.);
#44=FACE_BOUND('',#480,.T.);
#45=FACE_BOUND('',#484,.T.);
#46=FACE_BOUND('',#487,.T.);
#47=FACE_BOUND('',#490,.T.);
#48=FACE_BOUND('',#493,.T.);
#49=FACE_BOUND('',#496,.T.);
#50=FACE_BOUND('',#514,.T.);
#51=FACE_BOUND('',#515,.T.);
#52=FACE_BOUND('',#516,.T.);
#53=FACE_BOUND('',#517,.T.);
#54=FACE_BOUND('',#518,.T.);
#55=FACE_BOUND('',#519,.T.);
#56=FACE_BOUND('',#520,.T.);
#57=FACE_BOUND('',#521,.T.);
#58=FACE_BOUND('',#522,.T.);
#59=FACE_BOUND('',#523,.T.);
#60=FACE_BOUND('',#524,.T.);
#61=FACE_BOUND('',#525,.T.);
#62=FACE_BOUND('',#526,.T.);
#63=FACE_BOUND('',#527,.T.);
#64=FACE_BOUND('',#528,.T.);
#65=FACE_BOUND('',#529,.T.);
#66=FACE_BOUND('',#530,.T.);
#67=FACE_BOUND('',#533,.T.);
#68=FACE_BOUND('',#537,.T.);
#69=FACE_BOUND('',#541,.T.);
#70=FACE_BOUND('',#545,.T.);
#71=PLANE('',#1413);
#72=PLANE('',#1422);
#73=PLANE('',#1431);
#74=PLANE('',#1440);
#75=PLANE('',#1456);
#76=PLANE('',#1471);
#77=PLANE('',#1472);
#78=PLANE('',#1473);
#79=PLANE('',#1474);
#80=PLANE('',#1488);
#81=PLANE('',#1489);
#82=PLANE('',#1493);
#83=PLANE('',#1494);
#84=PLANE('',#1498);
#85=PLANE('',#1499);
#86=PLANE('',#1505);
#87=PLANE('',#1511);
#88=PLANE('',#1517);
#89=PLANE('',#1523);
#90=PLANE('',#1526);
#91=PLANE('',#1530);
#92=PLANE('',#1534);
#93=PLANE('',#1538);
#94=PLANE('',#1548);
#95=PLANE('',#1549);
#96=PLANE('',#1550);
#97=PLANE('',#1551);
#98=PLANE('',#1552);
#99=PLANE('',#1553);
#100=PLANE('',#1554);
#101=PLANE('',#1555);
#102=PLANE('',#1556);
#103=PLANE('',#1557);
#104=PLANE('',#1558);
#105=PLANE('',#1559);
#106=PLANE('',#1560);
#107=PLANE('',#1567);
#108=PLANE('',#1572);
#109=PLANE('',#1577);
#110=PLANE('',#1582);
#111=LINE('',#2042,#197);
#112=LINE('',#2057,#198);
#113=LINE('',#2072,#199);
#114=LINE('',#2087,#200);
#115=LINE('',#2094,#201);
#116=LINE('',#2098,#202);
#117=LINE('',#2102,#203);
#118=LINE('',#2106,#204);
#119=LINE('',#2117,#205);
#120=LINE('',#2121,#206);
#121=LINE('',#2123,#207);
#122=LINE('',#2125,#208);
#123=LINE('',#2127,#209);
#124=LINE('',#2129,#210);
#125=LINE('',#2131,#211);
#126=LINE('',#2133,#212);
#127=LINE('',#2135,#213);
#128=LINE('',#2137,#214);
#129=LINE('',#2139,#215);
#130=LINE('',#2141,#216);
#131=LINE('',#2142,#217);
#132=LINE('',#2173,#218);
#133=LINE('',#2175,#219);
#134=LINE('',#2177,#220);
#135=LINE('',#2178,#221);
#136=LINE('',#2181,#222);
#137=LINE('',#2183,#223);
#138=LINE('',#2184,#224);
#139=LINE('',#2187,#225);
#140=LINE('',#2188,#226);
#141=LINE('',#2191,#227);
#142=LINE('',#2192,#228);
#143=LINE('',#2194,#229);
#144=LINE('',#2202,#230);
#145=LINE('',#2210,#231);
#146=LINE('',#2215,#232);
#147=LINE('',#2223,#233);
#148=LINE('',#2231,#234);
#149=LINE('',#2239,#235);
#150=LINE('',#2244,#236);
#151=LINE('',#2250,#237);
#152=LINE('',#2255,#238);
#153=LINE('',#2261,#239);
#154=LINE('',#2266,#240);
#155=LINE('',#2272,#241);
#156=LINE('',#2277,#242);
#157=LINE('',#2281,#243);
#158=LINE('',#2288,#244);
#159=LINE('',#2295,#245);
#160=LINE('',#2302,#246);
#161=LINE('',#2309,#247);
#162=LINE('',#2313,#248);
#163=LINE('',#2317,#249);
#164=LINE('',#2321,#250);
#165=LINE('',#2325,#251);
#166=LINE('',#2327,#252);
#167=LINE('',#2328,#253);
#168=LINE('',#2331,#254);
#169=LINE('',#2332,#255);
#170=LINE('',#2335,#256);
#171=LINE('',#2336,#257);
#172=LINE('',#2339,#258);
#173=LINE('',#2340,#259);
#174=LINE('',#2343,#260);
#175=LINE('',#2344,#261);
#176=LINE('',#2347,#262);
#177=LINE('',#2348,#263);
#178=LINE('',#2351,#264);
#179=LINE('',#2352,#265);
#180=LINE('',#2355,#266);
#181=LINE('',#2356,#267);
#182=LINE('',#2359,#268);
#183=LINE('',#2360,#269);
#184=LINE('',#2363,#270);
#185=LINE('',#2364,#271);
#186=LINE('',#2367,#272);
#187=LINE('',#2368,#273);
#188=LINE('',#2370,#274);
#189=LINE('',#2382,#275);
#190=LINE('',#2388,#276);
#191=LINE('',#2391,#277);
#192=LINE('',#2397,#278);
#193=LINE('',#2400,#279);
#194=LINE('',#2406,#280);
#195=LINE('',#2409,#281);
#196=LINE('',#2415,#282);
#197=VECTOR('',#1599,3.5);
#198=VECTOR('',#1618,3.5);
#199=VECTOR('',#1637,3.5);
#200=VECTOR('',#1656,3.5);
#201=VECTOR('',#1665,2.05);
#202=VECTOR('',#1670,2.05);
#203=VECTOR('',#1675,2.05);
#204=VECTOR('',#1680,2.05);
#205=VECTOR('',#1695,3.);
#206=VECTOR('',#1698,10.);
#207=VECTOR('',#1699,10.);
#208=VECTOR('',#1700,10.);
#209=VECTOR('',#1701,10.);
#210=VECTOR('',#1702,10.);
#211=VECTOR('',#1703,10.);
#212=VECTOR('',#1704,10.);
#213=VECTOR('',#1705,10.);
#214=VECTOR('',#1706,10.);
#215=VECTOR('',#1707,10.);
#216=VECTOR('',#1708,10.);
#217=VECTOR('',#1709,10.);
#218=VECTOR('',#1738,10.);
#219=VECTOR('',#1739,10.);
#220=VECTOR('',#1740,10.);
#221=VECTOR('',#1741,10.);
#222=VECTOR('',#1744,10.);
#223=VECTOR('',#1745,10.);
#224=VECTOR('',#1746,10.);
#225=VECTOR('',#1749,10.);
#226=VECTOR('',#1750,10.);
#227=VECTOR('',#1753,10.);
#228=VECTOR('',#1754,10.);
#229=VECTOR('',#1757,10.);
#230=VECTOR('',#1768,3.00000000000001);
#231=VECTOR('',#1779,2.99999999999999);
#232=VECTOR('',#1784,2.05);
#233=VECTOR('',#1795,2.05);
#234=VECTOR('',#1806,2.05);
#235=VECTOR('',#1817,2.05);
#236=VECTOR('',#1824,3.00000000000001);
#237=VECTOR('',#1831,2.05);
#238=VECTOR('',#1838,3.);
#239=VECTOR('',#1845,2.04999999999999);
#240=VECTOR('',#1852,3.);
#241=VECTOR('',#1859,2.05);
#242=VECTOR('',#1866,3.);
#243=VECTOR('',#1871,2.5);
#244=VECTOR('',#1880,2.5);
#245=VECTOR('',#1889,2.5);
#246=VECTOR('',#1898,2.5);
#247=VECTOR('',#1907,1.5);
#248=VECTOR('',#1912,1.5);
#249=VECTOR('',#1917,1.5);
#250=VECTOR('',#1922,1.5);
#251=VECTOR('',#1927,10.);
#252=VECTOR('',#1928,10.);
#253=VECTOR('',#1929,10.);
#254=VECTOR('',#1932,10.);
#255=VECTOR('',#1933,10.);
#256=VECTOR('',#1936,10.);
#257=VECTOR('',#1937,10.);
#258=VECTOR('',#1940,10.);
#259=VECTOR('',#1941,10.);
#260=VECTOR('',#1944,10.);
#261=VECTOR('',#1945,10.);
#262=VECTOR('',#1948,10.);
#263=VECTOR('',#1949,10.);
#264=VECTOR('',#1952,10.);
#265=VECTOR('',#1953,10.);
#266=VECTOR('',#1956,10.);
#267=VECTOR('',#1957,10.);
#268=VECTOR('',#1960,10.);
#269=VECTOR('',#1961,10.);
#270=VECTOR('',#1964,10.);
#271=VECTOR('',#1965,10.);
#272=VECTOR('',#1968,10.);
#273=VECTOR('',#1969,10.);
#274=VECTOR('',#1972,10.);
#275=VECTOR('',#1985,2.5);
#276=VECTOR('',#1994,1.5);
#277=VECTOR('',#1997,2.5);
#278=VECTOR('',#2006,1.5);
#279=VECTOR('',#2009,2.5);
#280=VECTOR('',#2018,1.5);
#281=VECTOR('',#2021,2.5);
#282=VECTOR('',#2030,1.5);
#283=CYLINDRICAL_SURFACE('',#1411,3.5);
#284=CYLINDRICAL_SURFACE('',#1420,3.5);
#285=CYLINDRICAL_SURFACE('',#1429,3.5);
#286=CYLINDRICAL_SURFACE('',#1438,3.5);
#287=CYLINDRICAL_SURFACE('',#1442,2.05);
#288=CYLINDRICAL_SURFACE('',#1444,2.05);
#289=CYLINDRICAL_SURFACE('',#1446,2.05);
#290=CYLINDRICAL_SURFACE('',#1448,2.05);
#291=CYLINDRICAL_SURFACE('',#1454,2.5);
#292=CYLINDRICAL_SURFACE('',#1478,3.00000000000001);
#293=CYLINDRICAL_SURFACE('',#1483,2.99999999999999);
#294=CYLINDRICAL_SURFACE('',#1485,2.05);
#295=CYLINDRICAL_SURFACE('',#1490,2.05);
#296=CYLINDRICAL_SURFACE('',#1495,2.05);
#297=CYLINDRICAL_SURFACE('',#1500,2.05);
#298=CYLINDRICAL_SURFACE('',#1503,3.00000000000001);
#299=CYLINDRICAL_SURFACE('',#1506,2.05);
#300=CYLINDRICAL_SURFACE('',#1509,3.);
#301=CYLINDRICAL_SURFACE('',#1512,2.04999999999999);
#302=CYLINDRICAL_SURFACE('',#1515,3.);
#303=CYLINDRICAL_SURFACE('',#1518,2.05);
#304=CYLINDRICAL_SURFACE('',#1521,3.);
#305=CYLINDRICAL_SURFACE('',#1524,2.5);
#306=CYLINDRICAL_SURFACE('',#1528,2.5);
#307=CYLINDRICAL_SURFACE('',#1532,2.5);
#308=CYLINDRICAL_SURFACE('',#1536,2.5);
#309=CYLINDRICAL_SURFACE('',#1540,1.5);
#310=CYLINDRICAL_SURFACE('',#1542,1.5);
#311=CYLINDRICAL_SURFACE('',#1544,1.5);
#312=CYLINDRICAL_SURFACE('',#1546,1.5);
#313=CYLINDRICAL_SURFACE('',#1565,2.5);
#314=CYLINDRICAL_SURFACE('',#1569,1.5);
#315=CYLINDRICAL_SURFACE('',#1570,2.5);
#316=CYLINDRICAL_SURFACE('',#1574,1.5);
#317=CYLINDRICAL_SURFACE('',#1575,2.5);
#318=CYLINDRICAL_SURFACE('',#1579,1.5);
#319=CYLINDRICAL_SURFACE('',#1580,2.5);
#320=CYLINDRICAL_SURFACE('',#1584,1.5);
#321=FACE_OUTER_BOUND('',#406,.T.);
#322=FACE_OUTER_BOUND('',#407,.T.);
#323=FACE_OUTER_BOUND('',#408,.T.);
#324=FACE_OUTER_BOUND('',#410,.T.);
#325=FACE_OUTER_BOUND('',#411,.T.);
#326=FACE_OUTER_BOUND('',#412,.T.);
#327=FACE_OUTER_BOUND('',#414,.T.);
#328=FACE_OUTER_BOUND('',#415,.T.);
#329=FACE_OUTER_BOUND('',#416,.T.);
#330=FACE_OUTER_BOUND('',#418,.T.);
#331=FACE_OUTER_BOUND('',#419,.T.);
#332=FACE_OUTER_BOUND('',#420,.T.);
#333=FACE_OUTER_BOUND('',#422,.T.);
#334=FACE_OUTER_BOUND('',#423,.T.);
#335=FACE_OUTER_BOUND('',#424,.T.);
#336=FACE_OUTER_BOUND('',#425,.T.);
#337=FACE_OUTER_BOUND('',#426,.T.);
#338=FACE_OUTER_BOUND('',#427,.T.);
#339=FACE_OUTER_BOUND('',#428,.T.);
#340=FACE_OUTER_BOUND('',#449,.T.);
#341=FACE_OUTER_BOUND('',#450,.T.);
#342=FACE_OUTER_BOUND('',#451,.T.);
#343=FACE_OUTER_BOUND('',#452,.T.);
#344=FACE_OUTER_BOUND('',#453,.T.);
#345=FACE_OUTER_BOUND('',#454,.T.);
#346=FACE_OUTER_BOUND('',#455,.T.);
#347=FACE_OUTER_BOUND('',#456,.T.);
#348=FACE_OUTER_BOUND('',#457,.T.);
#349=FACE_OUTER_BOUND('',#458,.T.);
#350=FACE_OUTER_BOUND('',#460,.T.);
#351=FACE_OUTER_BOUND('',#461,.T.);
#352=FACE_OUTER_BOUND('',#462,.T.);
#353=FACE_OUTER_BOUND('',#464,.T.);
#354=FACE_OUTER_BOUND('',#465,.T.);
#355=FACE_OUTER_BOUND('',#466,.T.);
#356=FACE_OUTER_BOUND('',#468,.T.);
#357=FACE_OUTER_BOUND('',#469,.T.);
#358=FACE_OUTER_BOUND('',#470,.T.);
#359=FACE_OUTER_BOUND('',#471,.T.);
#360=FACE_OUTER_BOUND('',#473,.T.);
#361=FACE_OUTER_BOUND('',#474,.T.);
#362=FACE_OUTER_BOUND('',#475,.T.);
#363=FACE_OUTER_BOUND('',#477,.T.);
#364=FACE_OUTER_BOUND('',#478,.T.);
#365=FACE_OUTER_BOUND('',#479,.T.);
#366=FACE_OUTER_BOUND('',#481,.T.);
#367=FACE_OUTER_BOUND('',#482,.T.);
#368=FACE_OUTER_BOUND('',#483,.T.);
#369=FACE_OUTER_BOUND('',#485,.T.);
#370=FACE_OUTER_BOUND('',#486,.T.);
#371=FACE_OUTER_BOUND('',#488,.T.);
#372=FACE_OUTER_BOUND('',#489,.T.);
#373=FACE_OUTER_BOUND('',#491,.T.);
#374=FACE_OUTER_BOUND('',#492,.T.);
#375=FACE_OUTER_BOUND('',#494,.T.);
#376=FACE_OUTER_BOUND('',#495,.T.);
#377=FACE_OUTER_BOUND('',#497,.T.);
#378=FACE_OUTER_BOUND('',#498,.T.);
#379=FACE_OUTER_BOUND('',#499,.T.);
#380=FACE_OUTER_BOUND('',#500,.T.);
#381=FACE_OUTER_BOUND('',#501,.T.);
#382=FACE_OUTER_BOUND('',#502,.T.);
#383=FACE_OUTER_BOUND('',#503,.T.);
#384=FACE_OUTER_BOUND('',#504,.T.);
#385=FACE_OUTER_BOUND('',#505,.T.);
#386=FACE_OUTER_BOUND('',#506,.T.);
#387=FACE_OUTER_BOUND('',#507,.T.);
#388=FACE_OUTER_BOUND('',#508,.T.);
#389=FACE_OUTER_BOUND('',#509,.T.);
#390=FACE_OUTER_BOUND('',#510,.T.);
#391=FACE_OUTER_BOUND('',#511,.T.);
#392=FACE_OUTER_BOUND('',#512,.T.);
#393=FACE_OUTER_BOUND('',#513,.T.);
#394=FACE_OUTER_BOUND('',#531,.T.);
#395=FACE_OUTER_BOUND('',#532,.T.);
#396=FACE_OUTER_BOUND('',#534,.T.);
#397=FACE_OUTER_BOUND('',#535,.T.);
#398=FACE_OUTER_BOUND('',#536,.T.);
#399=FACE_OUTER_BOUND('',#538,.T.);
#400=FACE_OUTER_BOUND('',#539,.T.);
#401=FACE_OUTER_BOUND('',#540,.T.);
#402=FACE_OUTER_BOUND('',#542,.T.);
#403=FACE_OUTER_BOUND('',#543,.T.);
#404=FACE_OUTER_BOUND('',#544,.T.);
#405=FACE_OUTER_BOUND('',#546,.T.);
#406=EDGE_LOOP('',(#940,#941,#942,#943,#944));
#407=EDGE_LOOP('',(#945,#946,#947,#948,#949));
#408=EDGE_LOOP('',(#950));
#409=EDGE_LOOP('',(#951));
#410=EDGE_LOOP('',(#952,#953,#954,#955,#956));
#411=EDGE_LOOP('',(#957,#958,#959,#960,#961));
#412=EDGE_LOOP('',(#962));
#413=EDGE_LOOP('',(#963));
#414=EDGE_LOOP('',(#964,#965,#966,#967,#968));
#415=EDGE_LOOP('',(#969,#970,#971,#972,#973));
#416=EDGE_LOOP('',(#974));
#417=EDGE_LOOP('',(#975));
#418=EDGE_LOOP('',(#976,#977,#978,#979,#980));
#419=EDGE_LOOP('',(#981,#982,#983,#984,#985));
#420=EDGE_LOOP('',(#986));
#421=EDGE_LOOP('',(#987));
#422=EDGE_LOOP('',(#988,#989,#990,#991));
#423=EDGE_LOOP('',(#992,#993,#994,#995));
#424=EDGE_LOOP('',(#996,#997,#998,#999));
#425=EDGE_LOOP('',(#1000,#1001,#1002,#1003));
#426=EDGE_LOOP('',(#1004,#1005,#1006,#1007));
#427=EDGE_LOOP('',(#1008,#1009,#1010,#1011));
#428=EDGE_LOOP('',(#1012,#1013,#1014,#1015,#1016,#1017,#1018,#1019,#1020,
#1021,#1022,#1023));
#429=EDGE_LOOP('',(#1024));
#430=EDGE_LOOP('',(#1025));
#431=EDGE_LOOP('',(#1026));
#432=EDGE_LOOP('',(#1027));
#433=EDGE_LOOP('',(#1028));
#434=EDGE_LOOP('',(#1029));
#435=EDGE_LOOP('',(#1030));
#436=EDGE_LOOP('',(#1031));
#437=EDGE_LOOP('',(#1032));
#438=EDGE_LOOP('',(#1033));
#439=EDGE_LOOP('',(#1034));
#440=EDGE_LOOP('',(#1035));
#441=EDGE_LOOP('',(#1036));
#442=EDGE_LOOP('',(#1037));
#443=EDGE_LOOP('',(#1038));
#444=EDGE_LOOP('',(#1039));
#445=EDGE_LOOP('',(#1040));
#446=EDGE_LOOP('',(#1041,#1042,#1043,#1044));
#447=EDGE_LOOP('',(#1045));
#448=EDGE_LOOP('',(#1046));
#449=EDGE_LOOP('',(#1047,#1048,#1049,#1050));
#450=EDGE_LOOP('',(#1051,#1052,#1053,#1054));
#451=EDGE_LOOP('',(#1055,#1056,#1057,#1058));
#452=EDGE_LOOP('',(#1059,#1060,#1061,#1062));
#453=EDGE_LOOP('',(#1063,#1064,#1065,#1066));
#454=EDGE_LOOP('',(#1067,#1068,#1069,#1070));
#455=EDGE_LOOP('',(#1071,#1072,#1073,#1074));
#456=EDGE_LOOP('',(#1075,#1076,#1077,#1078));
#457=EDGE_LOOP('',(#1079,#1080,#1081,#1082));
#458=EDGE_LOOP('',(#1083));
#459=EDGE_LOOP('',(#1084));
#460=EDGE_LOOP('',(#1085));
#461=EDGE_LOOP('',(#1086,#1087,#1088,#1089));
#462=EDGE_LOOP('',(#1090));
#463=EDGE_LOOP('',(#1091));
#464=EDGE_LOOP('',(#1092));
#465=EDGE_LOOP('',(#1093,#1094,#1095,#1096));
#466=EDGE_LOOP('',(#1097));
#467=EDGE_LOOP('',(#1098));
#468=EDGE_LOOP('',(#1099));
#469=EDGE_LOOP('',(#1100,#1101,#1102,#1103));
#470=EDGE_LOOP('',(#1104,#1105,#1106,#1107));
#471=EDGE_LOOP('',(#1108));
#472=EDGE_LOOP('',(#1109));
#473=EDGE_LOOP('',(#1110,#1111,#1112,#1113));
#474=EDGE_LOOP('',(#1114,#1115,#1116,#1117));
#475=EDGE_LOOP('',(#1118));
#476=EDGE_LOOP('',(#1119));
#477=EDGE_LOOP('',(#1120,#1121,#1122,#1123));
#478=EDGE_LOOP('',(#1124,#1125,#1126,#1127));
#479=EDGE_LOOP('',(#1128));
#480=EDGE_LOOP('',(#1129));
#481=EDGE_LOOP('',(#1130,#1131,#1132,#1133));
#482=EDGE_LOOP('',(#1134,#1135,#1136,#1137));
#483=EDGE_LOOP('',(#1138));
#484=EDGE_LOOP('',(#1139));
#485=EDGE_LOOP('',(#1140,#1141,#1142,#1143));
#486=EDGE_LOOP('',(#1144));
#487=EDGE_LOOP('',(#1145));
#488=EDGE_LOOP('',(#1146,#1147,#1148,#1149));
#489=EDGE_LOOP('',(#1150));
#490=EDGE_LOOP('',(#1151));
#491=EDGE_LOOP('',(#1152,#1153,#1154,#1155));
#492=EDGE_LOOP('',(#1156));
#493=EDGE_LOOP('',(#1157));
#494=EDGE_LOOP('',(#1158,#1159,#1160,#1161));
#495=EDGE_LOOP('',(#1162));
#496=EDGE_LOOP('',(#1163));
#497=EDGE_LOOP('',(#1164,#1165,#1166,#1167));
#498=EDGE_LOOP('',(#1168,#1169,#1170,#1171));
#499=EDGE_LOOP('',(#1172,#1173,#1174,#1175));
#500=EDGE_LOOP('',(#1176,#1177,#1178,#1179));
#501=EDGE_LOOP('',(#1180,#1181,#1182,#1183));
#502=EDGE_LOOP('',(#1184,#1185,#1186,#1187));
#503=EDGE_LOOP('',(#1188,#1189,#1190,#1191));
#504=EDGE_LOOP('',(#1192,#1193,#1194,#1195));
#505=EDGE_LOOP('',(#1196,#1197,#1198,#1199));
#506=EDGE_LOOP('',(#1200,#1201,#1202,#1203));
#507=EDGE_LOOP('',(#1204,#1205,#1206,#1207));
#508=EDGE_LOOP('',(#1208,#1209,#1210,#1211));
#509=EDGE_LOOP('',(#1212,#1213,#1214,#1215));
#510=EDGE_LOOP('',(#1216,#1217,#1218,#1219));
#511=EDGE_LOOP('',(#1220,#1221,#1222,#1223));
#512=EDGE_LOOP('',(#1224,#1225,#1226,#1227));
#513=EDGE_LOOP('',(#1228,#1229,#1230,#1231,#1232,#1233,#1234,#1235,#1236,
#1237,#1238,#1239));
#514=EDGE_LOOP('',(#1240,#1241,#1242,#1243));
#515=EDGE_LOOP('',(#1244));
#516=EDGE_LOOP('',(#1245));
#517=EDGE_LOOP('',(#1246));
#518=EDGE_LOOP('',(#1247));
#519=EDGE_LOOP('',(#1248));
#520=EDGE_LOOP('',(#1249));
#521=EDGE_LOOP('',(#1250));
#522=EDGE_LOOP('',(#1251));
#523=EDGE_LOOP('',(#1252));
#524=EDGE_LOOP('',(#1253));
#525=EDGE_LOOP('',(#1254));
#526=EDGE_LOOP('',(#1255));
#527=EDGE_LOOP('',(#1256));
#528=EDGE_LOOP('',(#1257));
#529=EDGE_LOOP('',(#1258));
#530=EDGE_LOOP('',(#1259));
#531=EDGE_LOOP('',(#1260,#1261,#1262,#1263));
#532=EDGE_LOOP('',(#1264));
#533=EDGE_LOOP('',(#1265));
#534=EDGE_LOOP('',(#1266,#1267,#1268,#1269));
#535=EDGE_LOOP('',(#1270,#1271,#1272,#1273));
#536=EDGE_LOOP('',(#1274));
#537=EDGE_LOOP('',(#1275));
#538=EDGE_LOOP('',(#1276,#1277,#1278,#1279));
#539=EDGE_LOOP('',(#1280,#1281,#1282,#1283));
#540=EDGE_LOOP('',(#1284));
#541=EDGE_LOOP('',(#1285));
#542=EDGE_LOOP('',(#1286,#1287,#1288,#1289));
#543=EDGE_LOOP('',(#1290,#1291,#1292,#1293));
#544=EDGE_LOOP('',(#1294));
#545=EDGE_LOOP('',(#1295));
#546=EDGE_LOOP('',(#1296,#1297,#1298,#1299));
#547=CIRCLE('',#1407,3.);
#548=CIRCLE('',#1408,0.5);
#549=CIRCLE('',#1409,3.5);
#550=CIRCLE('',#1410,3.5);
#551=CIRCLE('',#1412,3.5);
#552=CIRCLE('',#1414,2.05);
#553=CIRCLE('',#1416,3.);
#554=CIRCLE('',#1417,0.5);
#555=CIRCLE('',#1418,3.5);
#556=CIRCLE('',#1419,3.5);
#557=CIRCLE('',#1421,3.5);
#558=CIRCLE('',#1423,2.05);
#559=CIRCLE('',#1425,3.);
#560=CIRCLE('',#1426,0.5);
#561=CIRCLE('',#1427,3.5);
#562=CIRCLE('',#1428,3.5);
#563=CIRCLE('',#1430,3.5);
#564=CIRCLE('',#1432,2.05);
#565=CIRCLE('',#1434,3.);
#566=CIRCLE('',#1435,0.5);
#567=CIRCLE('',#1436,3.5);
#568=CIRCLE('',#1437,3.5);
#569=CIRCLE('',#1439,3.5);
#570=CIRCLE('',#1441,2.05);
#571=CIRCLE('',#1443,2.05);
#572=CIRCLE('',#1445,2.05);
#573=CIRCLE('',#1447,2.05);
#574=CIRCLE('',#1449,2.05);
#575=CIRCLE('',#1451,2.5);
#576=CIRCLE('',#1452,2.5);
#577=CIRCLE('',#1453,5.);
#578=CIRCLE('',#1455,2.5);
#579=CIRCLE('',#1457,5.50000000000001);
#580=CIRCLE('',#1458,2.5);
#581=CIRCLE('',#1459,2.5);
#582=CIRCLE('',#1460,2.5);
#583=CIRCLE('',#1461,2.5);
#584=CIRCLE('',#1462,5.49999999999999);
#585=CIRCLE('',#1463,3.00000000000001);
#586=CIRCLE('',#1464,3.);
#587=CIRCLE('',#1465,2.5);
#588=CIRCLE('',#1466,2.5);
#589=CIRCLE('',#1467,2.5);
#590=CIRCLE('',#1468,2.5);
#591=CIRCLE('',#1469,3.);
#592=CIRCLE('',#1470,3.);
#593=CIRCLE('',#1476,3.00000000000001);
#594=CIRCLE('',#1477,2.5);
#595=CIRCLE('',#1479,3.00000000000001);
#596=CIRCLE('',#1481,2.99999999999999);
#597=CIRCLE('',#1482,2.5);
#598=CIRCLE('',#1484,2.99999999999999);
#599=CIRCLE('',#1486,2.05);
#600=CIRCLE('',#1487,2.05);
#601=CIRCLE('',#1491,2.05);
#602=CIRCLE('',#1492,2.05);
#603=CIRCLE('',#1496,2.05);
#604=CIRCLE('',#1497,2.05);
#605=CIRCLE('',#1501,2.05);
#606=CIRCLE('',#1502,2.05);
#607=CIRCLE('',#1504,3.00000000000001);
#608=CIRCLE('',#1507,2.05);
#609=CIRCLE('',#1508,2.05);
#610=CIRCLE('',#1510,3.);
#611=CIRCLE('',#1513,2.04999999999999);
#612=CIRCLE('',#1514,2.04999999999999);
#613=CIRCLE('',#1516,3.);
#614=CIRCLE('',#1519,2.05);
#615=CIRCLE('',#1520,2.05);
#616=CIRCLE('',#1522,3.);
#617=CIRCLE('',#1525,2.5);
#618=CIRCLE('',#1527,1.5);
#619=CIRCLE('',#1529,2.5);
#620=CIRCLE('',#1531,1.5);
#621=CIRCLE('',#1533,2.5);
#622=CIRCLE('',#1535,1.5);
#623=CIRCLE('',#1537,2.5);
#624=CIRCLE('',#1539,1.5);
#625=CIRCLE('',#1541,1.5);
#626=CIRCLE('',#1543,1.5);
#627=CIRCLE('',#1545,1.5);
#628=CIRCLE('',#1547,1.5);
#629=CIRCLE('',#1561,1.5);
#630=CIRCLE('',#1562,1.5);
#631=CIRCLE('',#1563,1.5);
#632=CIRCLE('',#1564,1.5);
#633=CIRCLE('',#1566,2.5);
#634=CIRCLE('',#1568,1.5);
#635=CIRCLE('',#1571,2.5);
#636=CIRCLE('',#1573,1.5);
#637=CIRCLE('',#1576,2.5);
#638=CIRCLE('',#1578,1.5);
#639=CIRCLE('',#1581,2.5);
#640=CIRCLE('',#1583,1.5);
#641=VERTEX_POINT('',#2033);
#642=VERTEX_POINT('',#2035);
#643=VERTEX_POINT('',#2037);
#644=VERTEX_POINT('',#2041);
#645=VERTEX_POINT('',#2045);
#646=VERTEX_POINT('',#2048);
#647=VERTEX_POINT('',#2050);
#648=VERTEX_POINT('',#2052);
#649=VERTEX_POINT('',#2056);
#650=VERTEX_POINT('',#2060);
#651=VERTEX_POINT('',#2063);
#652=VERTEX_POINT('',#2065);
#653=VERTEX_POINT('',#2067);
#654=VERTEX_POINT('',#2071);
#655=VERTEX_POINT('',#2075);
#656=VERTEX_POINT('',#2078);
#657=VERTEX_POINT('',#2080);
#658=VERTEX_POINT('',#2082);
#659=VERTEX_POINT('',#2086);
#660=VERTEX_POINT('',#2090);
#661=VERTEX_POINT('',#2093);
#662=VERTEX_POINT('',#2097);
#663=VERTEX_POINT('',#2101);
#664=VERTEX_POINT('',#2105);
#665=VERTEX_POINT('',#2109);
#666=VERTEX_POINT('',#2111);
#667=VERTEX_POINT('',#2115);
#668=VERTEX_POINT('',#2119);
#669=VERTEX_POINT('',#2120);
#670=VERTEX_POINT('',#2122);
#671=VERTEX_POINT('',#2124);
#672=VERTEX_POINT('',#2126);
#673=VERTEX_POINT('',#2128);
#674=VERTEX_POINT('',#2130);
#675=VERTEX_POINT('',#2132);
#676=VERTEX_POINT('',#2134);
#677=VERTEX_POINT('',#2136);
#678=VERTEX_POINT('',#2138);
#679=VERTEX_POINT('',#2140);
#680=VERTEX_POINT('',#2143);
#681=VERTEX_POINT('',#2145);
#682=VERTEX_POINT('',#2147);
#683=VERTEX_POINT('',#2149);
#684=VERTEX_POINT('',#2151);
#685=VERTEX_POINT('',#2153);
#686=VERTEX_POINT('',#2155);
#687=VERTEX_POINT('',#2157);
#688=VERTEX_POINT('',#2159);
#689=VERTEX_POINT('',#2161);
#690=VERTEX_POINT('',#2163);
#691=VERTEX_POINT('',#2165);
#692=VERTEX_POINT('',#2167);
#693=VERTEX_POINT('',#2169);
#694=VERTEX_POINT('',#2171);
#695=VERTEX_POINT('',#2172);
#696=VERTEX_POINT('',#2174);
#697=VERTEX_POINT('',#2176);
#698=VERTEX_POINT('',#2180);
#699=VERTEX_POINT('',#2182);
#700=VERTEX_POINT('',#2186);
#701=VERTEX_POINT('',#2190);
#702=VERTEX_POINT('',#2196);
#703=VERTEX_POINT('',#2200);
#704=VERTEX_POINT('',#2204);
#705=VERTEX_POINT('',#2208);
#706=VERTEX_POINT('',#2212);
#707=VERTEX_POINT('',#2214);
#708=VERTEX_POINT('',#2220);
#709=VERTEX_POINT('',#2222);
#710=VERTEX_POINT('',#2228);
#711=VERTEX_POINT('',#2230);
#712=VERTEX_POINT('',#2236);
#713=VERTEX_POINT('',#2238);
#714=VERTEX_POINT('',#2242);
#715=VERTEX_POINT('',#2247);
#716=VERTEX_POINT('',#2249);
#717=VERTEX_POINT('',#2253);
#718=VERTEX_POINT('',#2258);
#719=VERTEX_POINT('',#2260);
#720=VERTEX_POINT('',#2264);
#721=VERTEX_POINT('',#2269);
#722=VERTEX_POINT('',#2271);
#723=VERTEX_POINT('',#2275);
#724=VERTEX_POINT('',#2280);
#725=VERTEX_POINT('',#2284);
#726=VERTEX_POINT('',#2287);
#727=VERTEX_POINT('',#2291);
#728=VERTEX_POINT('',#2294);
#729=VERTEX_POINT('',#2298);
#730=VERTEX_POINT('',#2301);
#731=VERTEX_POINT('',#2305);
#732=VERTEX_POINT('',#2308);
#733=VERTEX_POINT('',#2312);
#734=VERTEX_POINT('',#2316);
#735=VERTEX_POINT('',#2320);
#736=VERTEX_POINT('',#2324);
#737=VERTEX_POINT('',#2326);
#738=VERTEX_POINT('',#2330);
#739=VERTEX_POINT('',#2334);
#740=VERTEX_POINT('',#2338);
#741=VERTEX_POINT('',#2342);
#742=VERTEX_POINT('',#2346);
#743=VERTEX_POINT('',#2350);
#744=VERTEX_POINT('',#2354);
#745=VERTEX_POINT('',#2358);
#746=VERTEX_POINT('',#2362);
#747=VERTEX_POINT('',#2366);
#748=VERTEX_POINT('',#2372);
#749=VERTEX_POINT('',#2374);
#750=VERTEX_POINT('',#2376);
#751=VERTEX_POINT('',#2378);
#752=VERTEX_POINT('',#2381);
#753=VERTEX_POINT('',#2385);
#754=VERTEX_POINT('',#2390);
#755=VERTEX_POINT('',#2394);
#756=VERTEX_POINT('',#2399);
#757=VERTEX_POINT('',#2403);
#758=VERTEX_POINT('',#2408);
#759=VERTEX_POINT('',#2412);
#760=EDGE_CURVE('',#641,#641,#547,.T.);
#761=EDGE_CURVE('',#641,#642,#548,.T.);
#762=EDGE_CURVE('',#642,#643,#549,.T.);
#763=EDGE_CURVE('',#643,#642,#550,.T.);
#764=EDGE_CURVE('',#643,#644,#111,.T.);
#765=EDGE_CURVE('',#644,#644,#551,.T.);
#766=EDGE_CURVE('',#645,#645,#552,.T.);
#767=EDGE_CURVE('',#646,#646,#553,.T.);
#768=EDGE_CURVE('',#646,#647,#554,.T.);
#769=EDGE_CURVE('',#647,#648,#555,.T.);
#770=EDGE_CURVE('',#648,#647,#556,.T.);
#771=EDGE_CURVE('',#648,#649,#112,.T.);
#772=EDGE_CURVE('',#649,#649,#557,.T.);
#773=EDGE_CURVE('',#650,#650,#558,.T.);
#774=EDGE_CURVE('',#651,#651,#559,.T.);
#775=EDGE_CURVE('',#651,#652,#560,.T.);
#776=EDGE_CURVE('',#652,#653,#561,.T.);
#777=EDGE_CURVE('',#653,#652,#562,.T.);
#778=EDGE_CURVE('',#653,#654,#113,.T.);
#779=EDGE_CURVE('',#654,#654,#563,.T.);
#780=EDGE_CURVE('',#655,#655,#564,.T.);
#781=EDGE_CURVE('',#656,#656,#565,.T.);
#782=EDGE_CURVE('',#656,#657,#566,.T.);
#783=EDGE_CURVE('',#657,#658,#567,.T.);
#784=EDGE_CURVE('',#658,#657,#568,.T.);
#785=EDGE_CURVE('',#658,#659,#114,.T.);
#786=EDGE_CURVE('',#659,#659,#569,.T.);
#787=EDGE_CURVE('',#660,#660,#570,.T.);
#788=EDGE_CURVE('',#655,#661,#115,.T.);
#789=EDGE_CURVE('',#661,#661,#571,.T.);
#790=EDGE_CURVE('',#650,#662,#116,.T.);
#791=EDGE_CURVE('',#662,#662,#572,.T.);
#792=EDGE_CURVE('',#660,#663,#117,.T.);
#793=EDGE_CURVE('',#663,#663,#573,.T.);
#794=EDGE_CURVE('',#645,#664,#118,.T.);
#795=EDGE_CURVE('',#664,#664,#574,.T.);
#796=EDGE_CURVE('',#665,#665,#575,.T.);
#797=EDGE_CURVE('',#665,#666,#576,.T.);
#798=EDGE_CURVE('',#666,#666,#577,.T.);
#799=EDGE_CURVE('',#667,#667,#578,.F.);
#800=EDGE_CURVE('',#667,#665,#119,.T.);
#801=EDGE_CURVE('',#668,#669,#120,.T.);
#802=EDGE_CURVE('',#670,#668,#121,.T.);
#803=EDGE_CURVE('',#671,#670,#122,.T.);
#804=EDGE_CURVE('',#672,#671,#123,.T.);
#805=EDGE_CURVE('',#673,#672,#124,.T.);
#806=EDGE_CURVE('',#674,#673,#125,.T.);
#807=EDGE_CURVE('',#675,#674,#126,.T.);
#808=EDGE_CURVE('',#676,#675,#127,.T.);
#809=EDGE_CURVE('',#677,#676,#128,.T.);
#810=EDGE_CURVE('',#678,#677,#129,.T.);
#811=EDGE_CURVE('',#679,#678,#130,.T.);
#812=EDGE_CURVE('',#669,#679,#131,.T.);
#813=EDGE_CURVE('',#680,#680,#579,.T.);
#814=EDGE_CURVE('',#681,#681,#580,.T.);
#815=EDGE_CURVE('',#682,#682,#581,.T.);
#816=EDGE_CURVE('',#683,#683,#582,.T.);
#817=EDGE_CURVE('',#684,#684,#583,.T.);
#818=EDGE_CURVE('',#685,#685,#584,.T.);
#819=EDGE_CURVE('',#686,#686,#585,.T.);
#820=EDGE_CURVE('',#687,#687,#586,.T.);
#821=EDGE_CURVE('',#688,#688,#587,.T.);
#822=EDGE_CURVE('',#689,#689,#588,.T.);
#823=EDGE_CURVE('',#690,#690,#589,.T.);
#824=EDGE_CURVE('',#691,#691,#590,.T.);
#825=EDGE_CURVE('',#692,#692,#591,.T.);
#826=EDGE_CURVE('',#693,#693,#592,.T.);
#827=EDGE_CURVE('',#694,#695,#132,.T.);
#828=EDGE_CURVE('',#695,#696,#133,.T.);
#829=EDGE_CURVE('',#696,#697,#134,.T.);
#830=EDGE_CURVE('',#697,#694,#135,.T.);
#831=EDGE_CURVE('',#694,#698,#136,.T.);
#832=EDGE_CURVE('',#699,#698,#137,.T.);
#833=EDGE_CURVE('',#695,#699,#138,.T.);
#834=EDGE_CURVE('',#697,#700,#139,.T.);
#835=EDGE_CURVE('',#698,#700,#140,.T.);
#836=EDGE_CURVE('',#696,#701,#141,.F.);
#837=EDGE_CURVE('',#700,#701,#142,.T.);
#838=EDGE_CURVE('',#701,#699,#143,.T.);
#839=EDGE_CURVE('',#702,#702,#593,.T.);
#840=EDGE_CURVE('',#702,#680,#594,.T.);
#841=EDGE_CURVE('',#703,#703,#595,.T.);
#842=EDGE_CURVE('',#703,#702,#144,.T.);
#843=EDGE_CURVE('',#704,#704,#596,.T.);
#844=EDGE_CURVE('',#704,#685,#597,.T.);
#845=EDGE_CURVE('',#705,#705,#598,.T.);
#846=EDGE_CURVE('',#705,#704,#145,.T.);
#847=EDGE_CURVE('',#706,#706,#599,.T.);
#848=EDGE_CURVE('',#706,#707,#146,.T.);
#849=EDGE_CURVE('',#707,#707,#600,.T.);
#850=EDGE_CURVE('',#708,#708,#601,.T.);
#851=EDGE_CURVE('',#708,#709,#147,.T.);
#852=EDGE_CURVE('',#709,#709,#602,.T.);
#853=EDGE_CURVE('',#710,#710,#603,.T.);
#854=EDGE_CURVE('',#710,#711,#148,.T.);
#855=EDGE_CURVE('',#711,#711,#604,.T.);
#856=EDGE_CURVE('',#712,#712,#605,.T.);
#857=EDGE_CURVE('',#712,#713,#149,.T.);
#858=EDGE_CURVE('',#713,#713,#606,.T.);
#859=EDGE_CURVE('',#714,#714,#607,.T.);
#860=EDGE_CURVE('',#714,#686,#150,.T.);
#861=EDGE_CURVE('',#715,#715,#608,.T.);
#862=EDGE_CURVE('',#715,#716,#151,.T.);
#863=EDGE_CURVE('',#716,#716,#609,.T.);
#864=EDGE_CURVE('',#717,#717,#610,.T.);
#865=EDGE_CURVE('',#717,#693,#152,.T.);
#866=EDGE_CURVE('',#718,#718,#611,.T.);
#867=EDGE_CURVE('',#718,#719,#153,.T.);
#868=EDGE_CURVE('',#719,#719,#612,.T.);
#869=EDGE_CURVE('',#720,#720,#613,.T.);
#870=EDGE_CURVE('',#720,#687,#154,.T.);
#871=EDGE_CURVE('',#721,#721,#614,.T.);
#872=EDGE_CURVE('',#721,#722,#155,.T.);
#873=EDGE_CURVE('',#722,#722,#615,.T.);
#874=EDGE_CURVE('',#723,#723,#616,.T.);
#875=EDGE_CURVE('',#723,#692,#156,.T.);
#876=EDGE_CURVE('',#688,#724,#157,.T.);
#877=EDGE_CURVE('',#724,#724,#617,.T.);
#878=EDGE_CURVE('',#725,#725,#618,.T.);
#879=EDGE_CURVE('',#689,#726,#158,.T.);
#880=EDGE_CURVE('',#726,#726,#619,.T.);
#881=EDGE_CURVE('',#727,#727,#620,.T.);
#882=EDGE_CURVE('',#690,#728,#159,.T.);
#883=EDGE_CURVE('',#728,#728,#621,.T.);
#884=EDGE_CURVE('',#729,#729,#622,.T.);
#885=EDGE_CURVE('',#691,#730,#160,.T.);
#886=EDGE_CURVE('',#730,#730,#623,.T.);
#887=EDGE_CURVE('',#731,#731,#624,.T.);
#888=EDGE_CURVE('',#727,#732,#161,.T.);
#889=EDGE_CURVE('',#732,#732,#625,.T.);
#890=EDGE_CURVE('',#731,#733,#162,.T.);
#891=EDGE_CURVE('',#733,#733,#626,.T.);
#892=EDGE_CURVE('',#725,#734,#163,.T.);
#893=EDGE_CURVE('',#734,#734,#627,.T.);
#894=EDGE_CURVE('',#729,#735,#164,.T.);
#895=EDGE_CURVE('',#735,#735,#628,.T.);
#896=EDGE_CURVE('',#736,#676,#165,.T.);
#897=EDGE_CURVE('',#737,#736,#166,.T.);
#898=EDGE_CURVE('',#677,#737,#167,.T.);
#899=EDGE_CURVE('',#738,#737,#168,.T.);
#900=EDGE_CURVE('',#678,#738,#169,.T.);
#901=EDGE_CURVE('',#739,#738,#170,.T.);
#902=EDGE_CURVE('',#679,#739,#171,.T.);
#903=EDGE_CURVE('',#740,#739,#172,.T.);
#904=EDGE_CURVE('',#669,#740,#173,.T.);
#905=EDGE_CURVE('',#741,#740,#174,.T.);
#906=EDGE_CURVE('',#668,#741,#175,.T.);
#907=EDGE_CURVE('',#742,#741,#176,.F.);
#908=EDGE_CURVE('',#670,#742,#177,.F.);
#909=EDGE_CURVE('',#743,#742,#178,.T.);
#910=EDGE_CURVE('',#671,#743,#179,.T.);
#911=EDGE_CURVE('',#744,#743,#180,.T.);
#912=EDGE_CURVE('',#672,#744,#181,.T.);
#913=EDGE_CURVE('',#745,#744,#182,.T.);
#914=EDGE_CURVE('',#673,#745,#183,.T.);
#915=EDGE_CURVE('',#746,#745,#184,.T.);
#916=EDGE_CURVE('',#674,#746,#185,.T.);
#917=EDGE_CURVE('',#747,#746,#186,.T.);
#918=EDGE_CURVE('',#675,#747,#187,.T.);
#919=EDGE_CURVE('',#736,#747,#188,.F.);
#920=EDGE_CURVE('',#748,#748,#629,.T.);
#921=EDGE_CURVE('',#749,#749,#630,.T.);
#922=EDGE_CURVE('',#750,#750,#631,.T.);
#923=EDGE_CURVE('',#751,#751,#632,.T.);
#924=EDGE_CURVE('',#684,#752,#189,.T.);
#925=EDGE_CURVE('',#752,#752,#633,.T.);
#926=EDGE_CURVE('',#753,#753,#634,.T.);
#927=EDGE_CURVE('',#753,#748,#190,.T.);
#928=EDGE_CURVE('',#683,#754,#191,.T.);
#929=EDGE_CURVE('',#754,#754,#635,.T.);
#930=EDGE_CURVE('',#755,#755,#636,.T.);
#931=EDGE_CURVE('',#755,#749,#192,.T.);
#932=EDGE_CURVE('',#682,#756,#193,.T.);
#933=EDGE_CURVE('',#756,#756,#637,.T.);
#934=EDGE_CURVE('',#757,#757,#638,.T.);
#935=EDGE_CURVE('',#757,#750,#194,.T.);
#936=EDGE_CURVE('',#681,#758,#195,.T.);
#937=EDGE_CURVE('',#758,#758,#639,.T.);
#938=EDGE_CURVE('',#759,#759,#640,.T.);
#939=EDGE_CURVE('',#759,#751,#196,.T.);
#940=ORIENTED_EDGE('',*,*,#760,.T.);
#941=ORIENTED_EDGE('',*,*,#761,.T.);
#942=ORIENTED_EDGE('',*,*,#762,.T.);
#943=ORIENTED_EDGE('',*,*,#763,.T.);
#944=ORIENTED_EDGE('',*,*,#761,.F.);
#945=ORIENTED_EDGE('',*,*,#763,.F.);
#946=ORIENTED_EDGE('',*,*,#764,.T.);
#947=ORIENTED_EDGE('',*,*,#765,.F.);
#948=ORIENTED_EDGE('',*,*,#764,.F.);
#949=ORIENTED_EDGE('',*,*,#762,.F.);
#950=ORIENTED_EDGE('',*,*,#760,.F.);
#951=ORIENTED_EDGE('',*,*,#766,.T.);
#952=ORIENTED_EDGE('',*,*,#767,.T.);
#953=ORIENTED_EDGE('',*,*,#768,.T.);
#954=ORIENTED_EDGE('',*,*,#769,.T.);
#955=ORIENTED_EDGE('',*,*,#770,.T.);
#956=ORIENTED_EDGE('',*,*,#768,.F.);
#957=ORIENTED_EDGE('',*,*,#770,.F.);
#958=ORIENTED_EDGE('',*,*,#771,.T.);
#959=ORIENTED_EDGE('',*,*,#772,.F.);
#960=ORIENTED_EDGE('',*,*,#771,.F.);
#961=ORIENTED_EDGE('',*,*,#769,.F.);
#962=ORIENTED_EDGE('',*,*,#767,.F.);
#963=ORIENTED_EDGE('',*,*,#773,.T.);
#964=ORIENTED_EDGE('',*,*,#774,.T.);
#965=ORIENTED_EDGE('',*,*,#775,.T.);
#966=ORIENTED_EDGE('',*,*,#776,.T.);
#967=ORIENTED_EDGE('',*,*,#777,.T.);
#968=ORIENTED_EDGE('',*,*,#775,.F.);
#969=ORIENTED_EDGE('',*,*,#777,.F.);
#970=ORIENTED_EDGE('',*,*,#778,.T.);
#971=ORIENTED_EDGE('',*,*,#779,.F.);
#972=ORIENTED_EDGE('',*,*,#778,.F.);
#973=ORIENTED_EDGE('',*,*,#776,.F.);
#974=ORIENTED_EDGE('',*,*,#774,.F.);
#975=ORIENTED_EDGE('',*,*,#780,.T.);
#976=ORIENTED_EDGE('',*,*,#781,.T.);
#977=ORIENTED_EDGE('',*,*,#782,.T.);
#978=ORIENTED_EDGE('',*,*,#783,.T.);
#979=ORIENTED_EDGE('',*,*,#784,.T.);
#980=ORIENTED_EDGE('',*,*,#782,.F.);
#981=ORIENTED_EDGE('',*,*,#784,.F.);
#982=ORIENTED_EDGE('',*,*,#785,.T.);
#983=ORIENTED_EDGE('',*,*,#786,.F.);
#984=ORIENTED_EDGE('',*,*,#785,.F.);
#985=ORIENTED_EDGE('',*,*,#783,.F.);
#986=ORIENTED_EDGE('',*,*,#781,.F.);
#987=ORIENTED_EDGE('',*,*,#787,.T.);
#988=ORIENTED_EDGE('',*,*,#780,.F.);
#989=ORIENTED_EDGE('',*,*,#788,.T.);
#990=ORIENTED_EDGE('',*,*,#789,.F.);
#991=ORIENTED_EDGE('',*,*,#788,.F.);
#992=ORIENTED_EDGE('',*,*,#773,.F.);
#993=ORIENTED_EDGE('',*,*,#790,.T.);
#994=ORIENTED_EDGE('',*,*,#791,.F.);
#995=ORIENTED_EDGE('',*,*,#790,.F.);
#996=ORIENTED_EDGE('',*,*,#787,.F.);
#997=ORIENTED_EDGE('',*,*,#792,.T.);
#998=ORIENTED_EDGE('',*,*,#793,.F.);
#999=ORIENTED_EDGE('',*,*,#792,.F.);
#1000=ORIENTED_EDGE('',*,*,#766,.F.);
#1001=ORIENTED_EDGE('',*,*,#794,.T.);
#1002=ORIENTED_EDGE('',*,*,#795,.F.);
#1003=ORIENTED_EDGE('',*,*,#794,.F.);
#1004=ORIENTED_EDGE('',*,*,#796,.T.);
#1005=ORIENTED_EDGE('',*,*,#797,.T.);
#1006=ORIENTED_EDGE('',*,*,#798,.T.);
#1007=ORIENTED_EDGE('',*,*,#797,.F.);
#1008=ORIENTED_EDGE('',*,*,#799,.F.);
#1009=ORIENTED_EDGE('',*,*,#800,.T.);
#1010=ORIENTED_EDGE('',*,*,#796,.F.);
#1011=ORIENTED_EDGE('',*,*,#800,.F.);
#1012=ORIENTED_EDGE('',*,*,#801,.F.);
#1013=ORIENTED_EDGE('',*,*,#802,.F.);
#1014=ORIENTED_EDGE('',*,*,#803,.F.);
#1015=ORIENTED_EDGE('',*,*,#804,.F.);
#1016=ORIENTED_EDGE('',*,*,#805,.F.);
#1017=ORIENTED_EDGE('',*,*,#806,.F.);
#1018=ORIENTED_EDGE('',*,*,#807,.F.);
#1019=ORIENTED_EDGE('',*,*,#808,.F.);
#1020=ORIENTED_EDGE('',*,*,#809,.F.);
#1021=ORIENTED_EDGE('',*,*,#810,.F.);
#1022=ORIENTED_EDGE('',*,*,#811,.F.);
#1023=ORIENTED_EDGE('',*,*,#812,.F.);
#1024=ORIENTED_EDGE('',*,*,#772,.T.);
#1025=ORIENTED_EDGE('',*,*,#765,.T.);
#1026=ORIENTED_EDGE('',*,*,#798,.F.);
#1027=ORIENTED_EDGE('',*,*,#813,.F.);
#1028=ORIENTED_EDGE('',*,*,#814,.F.);
#1029=ORIENTED_EDGE('',*,*,#815,.F.);
#1030=ORIENTED_EDGE('',*,*,#816,.F.);
#1031=ORIENTED_EDGE('',*,*,#817,.F.);
#1032=ORIENTED_EDGE('',*,*,#818,.F.);
#1033=ORIENTED_EDGE('',*,*,#819,.T.);
#1034=ORIENTED_EDGE('',*,*,#820,.T.);
#1035=ORIENTED_EDGE('',*,*,#821,.T.);
#1036=ORIENTED_EDGE('',*,*,#822,.T.);
#1037=ORIENTED_EDGE('',*,*,#823,.T.);
#1038=ORIENTED_EDGE('',*,*,#824,.T.);
#1039=ORIENTED_EDGE('',*,*,#825,.T.);
#1040=ORIENTED_EDGE('',*,*,#826,.T.);
#1041=ORIENTED_EDGE('',*,*,#827,.T.);
#1042=ORIENTED_EDGE('',*,*,#828,.T.);
#1043=ORIENTED_EDGE('',*,*,#829,.T.);
#1044=ORIENTED_EDGE('',*,*,#830,.T.);
#1045=ORIENTED_EDGE('',*,*,#786,.T.);
#1046=ORIENTED_EDGE('',*,*,#779,.T.);
#1047=ORIENTED_EDGE('',*,*,#827,.F.);
#1048=ORIENTED_EDGE('',*,*,#831,.T.);
#1049=ORIENTED_EDGE('',*,*,#832,.F.);
#1050=ORIENTED_EDGE('',*,*,#833,.F.);
#1051=ORIENTED_EDGE('',*,*,#830,.F.);
#1052=ORIENTED_EDGE('',*,*,#834,.T.);
#1053=ORIENTED_EDGE('',*,*,#835,.F.);
#1054=ORIENTED_EDGE('',*,*,#831,.F.);
#1055=ORIENTED_EDGE('',*,*,#829,.F.);
#1056=ORIENTED_EDGE('',*,*,#836,.T.);
#1057=ORIENTED_EDGE('',*,*,#837,.F.);
#1058=ORIENTED_EDGE('',*,*,#834,.F.);
#1059=ORIENTED_EDGE('',*,*,#828,.F.);
#1060=ORIENTED_EDGE('',*,*,#833,.T.);
#1061=ORIENTED_EDGE('',*,*,#838,.F.);
#1062=ORIENTED_EDGE('',*,*,#836,.F.);
#1063=ORIENTED_EDGE('',*,*,#839,.T.);
#1064=ORIENTED_EDGE('',*,*,#840,.T.);
#1065=ORIENTED_EDGE('',*,*,#813,.T.);
#1066=ORIENTED_EDGE('',*,*,#840,.F.);
#1067=ORIENTED_EDGE('',*,*,#841,.F.);
#1068=ORIENTED_EDGE('',*,*,#842,.T.);
#1069=ORIENTED_EDGE('',*,*,#839,.F.);
#1070=ORIENTED_EDGE('',*,*,#842,.F.);
#1071=ORIENTED_EDGE('',*,*,#843,.T.);
#1072=ORIENTED_EDGE('',*,*,#844,.T.);
#1073=ORIENTED_EDGE('',*,*,#818,.T.);
#1074=ORIENTED_EDGE('',*,*,#844,.F.);
#1075=ORIENTED_EDGE('',*,*,#845,.F.);
#1076=ORIENTED_EDGE('',*,*,#846,.T.);
#1077=ORIENTED_EDGE('',*,*,#843,.F.);
#1078=ORIENTED_EDGE('',*,*,#846,.F.);
#1079=ORIENTED_EDGE('',*,*,#847,.F.);
#1080=ORIENTED_EDGE('',*,*,#848,.T.);
#1081=ORIENTED_EDGE('',*,*,#849,.F.);
#1082=ORIENTED_EDGE('',*,*,#848,.F.);
#1083=ORIENTED_EDGE('',*,*,#799,.T.);
#1084=ORIENTED_EDGE('',*,*,#847,.T.);
#1085=ORIENTED_EDGE('',*,*,#849,.T.);
#1086=ORIENTED_EDGE('',*,*,#850,.F.);
#1087=ORIENTED_EDGE('',*,*,#851,.T.);
#1088=ORIENTED_EDGE('',*,*,#852,.F.);
#1089=ORIENTED_EDGE('',*,*,#851,.F.);
#1090=ORIENTED_EDGE('',*,*,#841,.T.);
#1091=ORIENTED_EDGE('',*,*,#850,.T.);
#1092=ORIENTED_EDGE('',*,*,#852,.T.);
#1093=ORIENTED_EDGE('',*,*,#853,.F.);
#1094=ORIENTED_EDGE('',*,*,#854,.T.);
#1095=ORIENTED_EDGE('',*,*,#855,.F.);
#1096=ORIENTED_EDGE('',*,*,#854,.F.);
#1097=ORIENTED_EDGE('',*,*,#845,.T.);
#1098=ORIENTED_EDGE('',*,*,#853,.T.);
#1099=ORIENTED_EDGE('',*,*,#855,.T.);
#1100=ORIENTED_EDGE('',*,*,#856,.F.);
#1101=ORIENTED_EDGE('',*,*,#857,.T.);
#1102=ORIENTED_EDGE('',*,*,#858,.F.);
#1103=ORIENTED_EDGE('',*,*,#857,.F.);
#1104=ORIENTED_EDGE('',*,*,#859,.F.);
#1105=ORIENTED_EDGE('',*,*,#860,.T.);
#1106=ORIENTED_EDGE('',*,*,#819,.F.);
#1107=ORIENTED_EDGE('',*,*,#860,.F.);
#1108=ORIENTED_EDGE('',*,*,#859,.T.);
#1109=ORIENTED_EDGE('',*,*,#856,.T.);
#1110=ORIENTED_EDGE('',*,*,#861,.F.);
#1111=ORIENTED_EDGE('',*,*,#862,.T.);
#1112=ORIENTED_EDGE('',*,*,#863,.F.);
#1113=ORIENTED_EDGE('',*,*,#862,.F.);
#1114=ORIENTED_EDGE('',*,*,#864,.F.);
#1115=ORIENTED_EDGE('',*,*,#865,.T.);
#1116=ORIENTED_EDGE('',*,*,#826,.F.);
#1117=ORIENTED_EDGE('',*,*,#865,.F.);
#1118=ORIENTED_EDGE('',*,*,#864,.T.);
#1119=ORIENTED_EDGE('',*,*,#861,.T.);
#1120=ORIENTED_EDGE('',*,*,#866,.F.);
#1121=ORIENTED_EDGE('',*,*,#867,.T.);
#1122=ORIENTED_EDGE('',*,*,#868,.F.);
#1123=ORIENTED_EDGE('',*,*,#867,.F.);
#1124=ORIENTED_EDGE('',*,*,#869,.F.);
#1125=ORIENTED_EDGE('',*,*,#870,.T.);
#1126=ORIENTED_EDGE('',*,*,#820,.F.);
#1127=ORIENTED_EDGE('',*,*,#870,.F.);
#1128=ORIENTED_EDGE('',*,*,#869,.T.);
#1129=ORIENTED_EDGE('',*,*,#866,.T.);
#1130=ORIENTED_EDGE('',*,*,#871,.F.);
#1131=ORIENTED_EDGE('',*,*,#872,.T.);
#1132=ORIENTED_EDGE('',*,*,#873,.F.);
#1133=ORIENTED_EDGE('',*,*,#872,.F.);
#1134=ORIENTED_EDGE('',*,*,#874,.F.);
#1135=ORIENTED_EDGE('',*,*,#875,.T.);
#1136=ORIENTED_EDGE('',*,*,#825,.F.);
#1137=ORIENTED_EDGE('',*,*,#875,.F.);
#1138=ORIENTED_EDGE('',*,*,#874,.T.);
#1139=ORIENTED_EDGE('',*,*,#871,.T.);
#1140=ORIENTED_EDGE('',*,*,#821,.F.);
#1141=ORIENTED_EDGE('',*,*,#876,.T.);
#1142=ORIENTED_EDGE('',*,*,#877,.T.);
#1143=ORIENTED_EDGE('',*,*,#876,.F.);
#1144=ORIENTED_EDGE('',*,*,#877,.F.);
#1145=ORIENTED_EDGE('',*,*,#878,.F.);
#1146=ORIENTED_EDGE('',*,*,#822,.F.);
#1147=ORIENTED_EDGE('',*,*,#879,.T.);
#1148=ORIENTED_EDGE('',*,*,#880,.T.);
#1149=ORIENTED_EDGE('',*,*,#879,.F.);
#1150=ORIENTED_EDGE('',*,*,#880,.F.);
#1151=ORIENTED_EDGE('',*,*,#881,.F.);
#1152=ORIENTED_EDGE('',*,*,#823,.F.);
#1153=ORIENTED_EDGE('',*,*,#882,.T.);
#1154=ORIENTED_EDGE('',*,*,#883,.T.);
#1155=ORIENTED_EDGE('',*,*,#882,.F.);
#1156=ORIENTED_EDGE('',*,*,#883,.F.);
#1157=ORIENTED_EDGE('',*,*,#884,.F.);
#1158=ORIENTED_EDGE('',*,*,#824,.F.);
#1159=ORIENTED_EDGE('',*,*,#885,.T.);
#1160=ORIENTED_EDGE('',*,*,#886,.T.);
#1161=ORIENTED_EDGE('',*,*,#885,.F.);
#1162=ORIENTED_EDGE('',*,*,#886,.F.);
#1163=ORIENTED_EDGE('',*,*,#887,.F.);
#1164=ORIENTED_EDGE('',*,*,#881,.T.);
#1165=ORIENTED_EDGE('',*,*,#888,.T.);
#1166=ORIENTED_EDGE('',*,*,#889,.F.);
#1167=ORIENTED_EDGE('',*,*,#888,.F.);
#1168=ORIENTED_EDGE('',*,*,#887,.T.);
#1169=ORIENTED_EDGE('',*,*,#890,.T.);
#1170=ORIENTED_EDGE('',*,*,#891,.F.);
#1171=ORIENTED_EDGE('',*,*,#890,.F.);
#1172=ORIENTED_EDGE('',*,*,#878,.T.);
#1173=ORIENTED_EDGE('',*,*,#892,.T.);
#1174=ORIENTED_EDGE('',*,*,#893,.F.);
#1175=ORIENTED_EDGE('',*,*,#892,.F.);
#1176=ORIENTED_EDGE('',*,*,#884,.T.);
#1177=ORIENTED_EDGE('',*,*,#894,.T.);
#1178=ORIENTED_EDGE('',*,*,#895,.F.);
#1179=ORIENTED_EDGE('',*,*,#894,.F.);
#1180=ORIENTED_EDGE('',*,*,#896,.F.);
#1181=ORIENTED_EDGE('',*,*,#897,.F.);
#1182=ORIENTED_EDGE('',*,*,#898,.F.);
#1183=ORIENTED_EDGE('',*,*,#809,.T.);
#1184=ORIENTED_EDGE('',*,*,#810,.T.);
#1185=ORIENTED_EDGE('',*,*,#898,.T.);
#1186=ORIENTED_EDGE('',*,*,#899,.F.);
#1187=ORIENTED_EDGE('',*,*,#900,.F.);
#1188=ORIENTED_EDGE('',*,*,#811,.T.);
#1189=ORIENTED_EDGE('',*,*,#900,.T.);
#1190=ORIENTED_EDGE('',*,*,#901,.F.);
#1191=ORIENTED_EDGE('',*,*,#902,.F.);
#1192=ORIENTED_EDGE('',*,*,#812,.T.);
#1193=ORIENTED_EDGE('',*,*,#902,.T.);
#1194=ORIENTED_EDGE('',*,*,#903,.F.);
#1195=ORIENTED_EDGE('',*,*,#904,.F.);
#1196=ORIENTED_EDGE('',*,*,#801,.T.);
#1197=ORIENTED_EDGE('',*,*,#904,.T.);
#1198=ORIENTED_EDGE('',*,*,#905,.F.);
#1199=ORIENTED_EDGE('',*,*,#906,.F.);
#1200=ORIENTED_EDGE('',*,*,#802,.T.);
#1201=ORIENTED_EDGE('',*,*,#906,.T.);
#1202=ORIENTED_EDGE('',*,*,#907,.F.);
#1203=ORIENTED_EDGE('',*,*,#908,.F.);
#1204=ORIENTED_EDGE('',*,*,#803,.T.);
#1205=ORIENTED_EDGE('',*,*,#908,.T.);
#1206=ORIENTED_EDGE('',*,*,#909,.F.);
#1207=ORIENTED_EDGE('',*,*,#910,.F.);
#1208=ORIENTED_EDGE('',*,*,#804,.T.);
#1209=ORIENTED_EDGE('',*,*,#910,.T.);
#1210=ORIENTED_EDGE('',*,*,#911,.F.);
#1211=ORIENTED_EDGE('',*,*,#912,.F.);
#1212=ORIENTED_EDGE('',*,*,#805,.T.);
#1213=ORIENTED_EDGE('',*,*,#912,.T.);
#1214=ORIENTED_EDGE('',*,*,#913,.F.);
#1215=ORIENTED_EDGE('',*,*,#914,.F.);
#1216=ORIENTED_EDGE('',*,*,#806,.T.);
#1217=ORIENTED_EDGE('',*,*,#914,.T.);
#1218=ORIENTED_EDGE('',*,*,#915,.F.);
#1219=ORIENTED_EDGE('',*,*,#916,.F.);
#1220=ORIENTED_EDGE('',*,*,#807,.T.);
#1221=ORIENTED_EDGE('',*,*,#916,.T.);
#1222=ORIENTED_EDGE('',*,*,#917,.F.);
#1223=ORIENTED_EDGE('',*,*,#918,.F.);
#1224=ORIENTED_EDGE('',*,*,#896,.T.);
#1225=ORIENTED_EDGE('',*,*,#808,.T.);
#1226=ORIENTED_EDGE('',*,*,#918,.T.);
#1227=ORIENTED_EDGE('',*,*,#919,.F.);
#1228=ORIENTED_EDGE('',*,*,#897,.T.);
#1229=ORIENTED_EDGE('',*,*,#919,.T.);
#1230=ORIENTED_EDGE('',*,*,#917,.T.);
#1231=ORIENTED_EDGE('',*,*,#915,.T.);
#1232=ORIENTED_EDGE('',*,*,#913,.T.);
#1233=ORIENTED_EDGE('',*,*,#911,.T.);
#1234=ORIENTED_EDGE('',*,*,#909,.T.);
#1235=ORIENTED_EDGE('',*,*,#907,.T.);
#1236=ORIENTED_EDGE('',*,*,#905,.T.);
#1237=ORIENTED_EDGE('',*,*,#903,.T.);
#1238=ORIENTED_EDGE('',*,*,#901,.T.);
#1239=ORIENTED_EDGE('',*,*,#899,.T.);
#1240=ORIENTED_EDGE('',*,*,#832,.T.);
#1241=ORIENTED_EDGE('',*,*,#835,.T.);
#1242=ORIENTED_EDGE('',*,*,#837,.T.);
#1243=ORIENTED_EDGE('',*,*,#838,.T.);
#1244=ORIENTED_EDGE('',*,*,#895,.T.);
#1245=ORIENTED_EDGE('',*,*,#893,.T.);
#1246=ORIENTED_EDGE('',*,*,#891,.T.);
#1247=ORIENTED_EDGE('',*,*,#889,.T.);
#1248=ORIENTED_EDGE('',*,*,#873,.T.);
#1249=ORIENTED_EDGE('',*,*,#858,.T.);
#1250=ORIENTED_EDGE('',*,*,#868,.T.);
#1251=ORIENTED_EDGE('',*,*,#863,.T.);
#1252=ORIENTED_EDGE('',*,*,#920,.F.);
#1253=ORIENTED_EDGE('',*,*,#921,.F.);
#1254=ORIENTED_EDGE('',*,*,#922,.F.);
#1255=ORIENTED_EDGE('',*,*,#923,.F.);
#1256=ORIENTED_EDGE('',*,*,#795,.T.);
#1257=ORIENTED_EDGE('',*,*,#793,.T.);
#1258=ORIENTED_EDGE('',*,*,#791,.T.);
#1259=ORIENTED_EDGE('',*,*,#789,.T.);
#1260=ORIENTED_EDGE('',*,*,#817,.T.);
#1261=ORIENTED_EDGE('',*,*,#924,.T.);
#1262=ORIENTED_EDGE('',*,*,#925,.F.);
#1263=ORIENTED_EDGE('',*,*,#924,.F.);
#1264=ORIENTED_EDGE('',*,*,#925,.T.);
#1265=ORIENTED_EDGE('',*,*,#926,.T.);
#1266=ORIENTED_EDGE('',*,*,#926,.F.);
#1267=ORIENTED_EDGE('',*,*,#927,.T.);
#1268=ORIENTED_EDGE('',*,*,#920,.T.);
#1269=ORIENTED_EDGE('',*,*,#927,.F.);
#1270=ORIENTED_EDGE('',*,*,#816,.T.);
#1271=ORIENTED_EDGE('',*,*,#928,.T.);
#1272=ORIENTED_EDGE('',*,*,#929,.F.);
#1273=ORIENTED_EDGE('',*,*,#928,.F.);
#1274=ORIENTED_EDGE('',*,*,#929,.T.);
#1275=ORIENTED_EDGE('',*,*,#930,.T.);
#1276=ORIENTED_EDGE('',*,*,#930,.F.);
#1277=ORIENTED_EDGE('',*,*,#931,.T.);
#1278=ORIENTED_EDGE('',*,*,#921,.T.);
#1279=ORIENTED_EDGE('',*,*,#931,.F.);
#1280=ORIENTED_EDGE('',*,*,#815,.T.);
#1281=ORIENTED_EDGE('',*,*,#932,.T.);
#1282=ORIENTED_EDGE('',*,*,#933,.F.);
#1283=ORIENTED_EDGE('',*,*,#932,.F.);
#1284=ORIENTED_EDGE('',*,*,#933,.T.);
#1285=ORIENTED_EDGE('',*,*,#934,.T.);
#1286=ORIENTED_EDGE('',*,*,#934,.F.);
#1287=ORIENTED_EDGE('',*,*,#935,.T.);
#1288=ORIENTED_EDGE('',*,*,#922,.T.);
#1289=ORIENTED_EDGE('',*,*,#935,.F.);
#1290=ORIENTED_EDGE('',*,*,#814,.T.);
#1291=ORIENTED_EDGE('',*,*,#936,.T.);
#1292=ORIENTED_EDGE('',*,*,#937,.F.);
#1293=ORIENTED_EDGE('',*,*,#936,.F.);
#1294=ORIENTED_EDGE('',*,*,#937,.T.);
#1295=ORIENTED_EDGE('',*,*,#938,.T.);
#1296=ORIENTED_EDGE('',*,*,#938,.F.);
#1297=ORIENTED_EDGE('',*,*,#939,.T.);
#1298=ORIENTED_EDGE('',*,*,#923,.T.);
#1299=ORIENTED_EDGE('',*,*,#939,.F.);
#1300=TOROIDAL_SURFACE('',#1406,3.,0.5);
#1301=TOROIDAL_SURFACE('',#1415,3.,0.5);
#1302=TOROIDAL_SURFACE('',#1424,3.,0.5);
#1303=TOROIDAL_SURFACE('',#1433,3.,0.5);
#1304=TOROIDAL_SURFACE('',#1450,5.,2.5);
#1305=TOROIDAL_SURFACE('',#1475,5.50000000000001,2.5);
#1306=TOROIDAL_SURFACE('',#1480,5.49999999999999,2.5);
#1307=ADVANCED_FACE('',(#321),#1300,.T.);
#1308=ADVANCED_FACE('',(#322),#283,.T.);
#1309=ADVANCED_FACE('',(#323,#15),#71,.T.);
#1310=ADVANCED_FACE('',(#324),#1301,.T.);
#1311=ADVANCED_FACE('',(#325),#284,.T.);
#1312=ADVANCED_FACE('',(#326,#16),#72,.T.);
#1313=ADVANCED_FACE('',(#327),#1302,.T.);
#1314=ADVANCED_FACE('',(#328),#285,.T.);
#1315=ADVANCED_FACE('',(#329,#17),#73,.T.);
#1316=ADVANCED_FACE('',(#330),#1303,.T.);
#1317=ADVANCED_FACE('',(#331),#286,.T.);
#1318=ADVANCED_FACE('',(#332,#18),#74,.T.);
#1319=ADVANCED_FACE('',(#333),#287,.F.);
#1320=ADVANCED_FACE('',(#334),#288,.F.);
#1321=ADVANCED_FACE('',(#335),#289,.F.);
#1322=ADVANCED_FACE('',(#336),#290,.F.);
#1323=ADVANCED_FACE('',(#337),#1304,.F.);
#1324=ADVANCED_FACE('',(#338),#291,.T.);
#1325=ADVANCED_FACE('',(#339,#19,#20,#21,#22,#23,#24,#25,#26,#27,#28,#29,
#30,#31,#32,#33,#34,#35,#36,#37,#38),#75,.T.);
#1326=ADVANCED_FACE('',(#340),#76,.F.);
#1327=ADVANCED_FACE('',(#341),#77,.F.);
#1328=ADVANCED_FACE('',(#342),#78,.F.);
#1329=ADVANCED_FACE('',(#343),#79,.F.);
#1330=ADVANCED_FACE('',(#344),#1305,.F.);
#1331=ADVANCED_FACE('',(#345),#292,.T.);
#1332=ADVANCED_FACE('',(#346),#1306,.F.);
#1333=ADVANCED_FACE('',(#347),#293,.T.);
#1334=ADVANCED_FACE('',(#348),#294,.F.);
#1335=ADVANCED_FACE('',(#349,#39),#80,.T.);
#1336=ADVANCED_FACE('',(#350),#81,.T.);
#1337=ADVANCED_FACE('',(#351),#295,.F.);
#1338=ADVANCED_FACE('',(#352,#40),#82,.T.);
#1339=ADVANCED_FACE('',(#353),#83,.T.);
#1340=ADVANCED_FACE('',(#354),#296,.F.);
#1341=ADVANCED_FACE('',(#355,#41),#84,.T.);
#1342=ADVANCED_FACE('',(#356),#85,.T.);
#1343=ADVANCED_FACE('',(#357),#297,.F.);
#1344=ADVANCED_FACE('',(#358),#298,.T.);
#1345=ADVANCED_FACE('',(#359,#42),#86,.T.);
#1346=ADVANCED_FACE('',(#360),#299,.F.);
#1347=ADVANCED_FACE('',(#361),#300,.T.);
#1348=ADVANCED_FACE('',(#362,#43),#87,.T.);
#1349=ADVANCED_FACE('',(#363),#301,.F.);
#1350=ADVANCED_FACE('',(#364),#302,.T.);
#1351=ADVANCED_FACE('',(#365,#44),#88,.T.);
#1352=ADVANCED_FACE('',(#366),#303,.F.);
#1353=ADVANCED_FACE('',(#367),#304,.T.);
#1354=ADVANCED_FACE('',(#368,#45),#89,.T.);
#1355=ADVANCED_FACE('',(#369),#305,.F.);
#1356=ADVANCED_FACE('',(#370,#46),#90,.T.);
#1357=ADVANCED_FACE('',(#371),#306,.F.);
#1358=ADVANCED_FACE('',(#372,#47),#91,.T.);
#1359=ADVANCED_FACE('',(#373),#307,.F.);
#1360=ADVANCED_FACE('',(#374,#48),#92,.T.);
#1361=ADVANCED_FACE('',(#375),#308,.F.);
#1362=ADVANCED_FACE('',(#376,#49),#93,.T.);
#1363=ADVANCED_FACE('',(#377),#309,.F.);
#1364=ADVANCED_FACE('',(#378),#310,.F.);
#1365=ADVANCED_FACE('',(#379),#311,.F.);
#1366=ADVANCED_FACE('',(#380),#312,.F.);
#1367=ADVANCED_FACE('',(#381),#94,.T.);
#1368=ADVANCED_FACE('',(#382),#95,.T.);
#1369=ADVANCED_FACE('',(#383),#96,.T.);
#1370=ADVANCED_FACE('',(#384),#97,.T.);
#1371=ADVANCED_FACE('',(#385),#98,.T.);
#1372=ADVANCED_FACE('',(#386),#99,.T.);
#1373=ADVANCED_FACE('',(#387),#100,.T.);
#1374=ADVANCED_FACE('',(#388),#101,.T.);
#1375=ADVANCED_FACE('',(#389),#102,.T.);
#1376=ADVANCED_FACE('',(#390),#103,.T.);
#1377=ADVANCED_FACE('',(#391),#104,.T.);
#1378=ADVANCED_FACE('',(#392),#105,.T.);
#1379=ADVANCED_FACE('',(#393,#50,#51,#52,#53,#54,#55,#56,#57,#58,#59,#60,
#61,#62,#63,#64,#65,#66),#106,.T.);
#1380=ADVANCED_FACE('',(#394),#313,.F.);
#1381=ADVANCED_FACE('',(#395,#67),#107,.F.);
#1382=ADVANCED_FACE('',(#396),#314,.F.);
#1383=ADVANCED_FACE('',(#397),#315,.F.);
#1384=ADVANCED_FACE('',(#398,#68),#108,.F.);
#1385=ADVANCED_FACE('',(#399),#316,.F.);
#1386=ADVANCED_FACE('',(#400),#317,.F.);
#1387=ADVANCED_FACE('',(#401,#69),#109,.F.);
#1388=ADVANCED_FACE('',(#402),#318,.F.);
#1389=ADVANCED_FACE('',(#403),#319,.F.);
#1390=ADVANCED_FACE('',(#404,#70),#110,.F.);
#1391=ADVANCED_FACE('',(#405),#320,.F.);
#1392=CLOSED_SHELL('',(#1307,#1308,#1309,#1310,#1311,#1312,#1313,#1314,
#1315,#1316,#1317,#1318,#1319,#1320,#1321,#1322,#1323,#1324,#1325,#1326,
#1327,#1328,#1329,#1330,#1331,#1332,#1333,#1334,#1335,#1336,#1337,#1338,
#1339,#1340,#1341,#1342,#1343,#1344,#1345,#1346,#1347,#1348,#1349,#1350,
#1351,#1352,#1353,#1354,#1355,#1356,#1357,#1358,#1359,#1360,#1361,#1362,
#1363,#1364,#1365,#1366,#1367,#1368,#1369,#1370,#1371,#1372,#1373,#1374,
#1375,#1376,#1377,#1378,#1379,#1380,#1381,#1382,#1383,#1384,#1385,#1386,
#1387,#1388,#1389,#1390,#1391));
#1393=DERIVED_UNIT_ELEMENT(#1395,1.);
#1394=DERIVED_UNIT_ELEMENT(#2421,-3.);
#1395=(
MASS_UNIT()
NAMED_UNIT(*)
SI_UNIT(.KILO.,.GRAM.)
);
#1396=DERIVED_UNIT((#1393,#1394));
#1397=MEASURE_REPRESENTATION_ITEM('density measure',
POSITIVE_RATIO_MEASURE(7850.),#1396);
#1398=PROPERTY_DEFINITION_REPRESENTATION(#1403,#1400);
#1399=PROPERTY_DEFINITION_REPRESENTATION(#1404,#1401);
#1400=REPRESENTATION('material name',(#1402),#2418);
#1401=REPRESENTATION('density',(#1397),#2418);
#1402=DESCRIPTIVE_REPRESENTATION_ITEM('Steel','Steel');
#1403=PROPERTY_DEFINITION('material property','material name',#2428);
#1404=PROPERTY_DEFINITION('material property','density of part',#2428);
#1405=AXIS2_PLACEMENT_3D('',#2031,#1585,#1586);
#1406=AXIS2_PLACEMENT_3D('',#2032,#1587,#1588);
#1407=AXIS2_PLACEMENT_3D('',#2034,#1589,#1590);
#1408=AXIS2_PLACEMENT_3D('',#2036,#1591,#1592);
#1409=AXIS2_PLACEMENT_3D('',#2038,#1593,#1594);
#1410=AXIS2_PLACEMENT_3D('',#2039,#1595,#1596);
#1411=AXIS2_PLACEMENT_3D('',#2040,#1597,#1598);
#1412=AXIS2_PLACEMENT_3D('',#2043,#1600,#1601);
#1413=AXIS2_PLACEMENT_3D('',#2044,#1602,#1603);
#1414=AXIS2_PLACEMENT_3D('',#2046,#1604,#1605);
#1415=AXIS2_PLACEMENT_3D('',#2047,#1606,#1607);
#1416=AXIS2_PLACEMENT_3D('',#2049,#1608,#1609);
#1417=AXIS2_PLACEMENT_3D('',#2051,#1610,#1611);
#1418=AXIS2_PLACEMENT_3D('',#2053,#1612,#1613);
#1419=AXIS2_PLACEMENT_3D('',#2054,#1614,#1615);
#1420=AXIS2_PLACEMENT_3D('',#2055,#1616,#1617);
#1421=AXIS2_PLACEMENT_3D('',#2058,#1619,#1620);
#1422=AXIS2_PLACEMENT_3D('',#2059,#1621,#1622);
#1423=AXIS2_PLACEMENT_3D('',#2061,#1623,#1624);
#1424=AXIS2_PLACEMENT_3D('',#2062,#1625,#1626);
#1425=AXIS2_PLACEMENT_3D('',#2064,#1627,#1628);
#1426=AXIS2_PLACEMENT_3D('',#2066,#1629,#1630);
#1427=AXIS2_PLACEMENT_3D('',#2068,#1631,#1632);
#1428=AXIS2_PLACEMENT_3D('',#2069,#1633,#1634);
#1429=AXIS2_PLACEMENT_3D('',#2070,#1635,#1636);
#1430=AXIS2_PLACEMENT_3D('',#2073,#1638,#1639);
#1431=AXIS2_PLACEMENT_3D('',#2074,#1640,#1641);
#1432=AXIS2_PLACEMENT_3D('',#2076,#1642,#1643);
#1433=AXIS2_PLACEMENT_3D('',#2077,#1644,#1645);
#1434=AXIS2_PLACEMENT_3D('',#2079,#1646,#1647);
#1435=AXIS2_PLACEMENT_3D('',#2081,#1648,#1649);
#1436=AXIS2_PLACEMENT_3D('',#2083,#1650,#1651);
#1437=AXIS2_PLACEMENT_3D('',#2084,#1652,#1653);
#1438=AXIS2_PLACEMENT_3D('',#2085,#1654,#1655);
#1439=AXIS2_PLACEMENT_3D('',#2088,#1657,#1658);
#1440=AXIS2_PLACEMENT_3D('',#2089,#1659,#1660);
#1441=AXIS2_PLACEMENT_3D('',#2091,#1661,#1662);
#1442=AXIS2_PLACEMENT_3D('',#2092,#1663,#1664);
#1443=AXIS2_PLACEMENT_3D('',#2095,#1666,#1667);
#1444=AXIS2_PLACEMENT_3D('',#2096,#1668,#1669);
#1445=AXIS2_PLACEMENT_3D('',#2099,#1671,#1672);
#1446=AXIS2_PLACEMENT_3D('',#2100,#1673,#1674);
#1447=AXIS2_PLACEMENT_3D('',#2103,#1676,#1677);
#1448=AXIS2_PLACEMENT_3D('',#2104,#1678,#1679);
#1449=AXIS2_PLACEMENT_3D('',#2107,#1681,#1682);
#1450=AXIS2_PLACEMENT_3D('',#2108,#1683,#1684);
#1451=AXIS2_PLACEMENT_3D('',#2110,#1685,#1686);
#1452=AXIS2_PLACEMENT_3D('',#2112,#1687,#1688);
#1453=AXIS2_PLACEMENT_3D('',#2113,#1689,#1690);
#1454=AXIS2_PLACEMENT_3D('',#2114,#1691,#1692);
#1455=AXIS2_PLACEMENT_3D('',#2116,#1693,#1694);
#1456=AXIS2_PLACEMENT_3D('',#2118,#1696,#1697);
#1457=AXIS2_PLACEMENT_3D('',#2144,#1710,#1711);
#1458=AXIS2_PLACEMENT_3D('',#2146,#1712,#1713);
#1459=AXIS2_PLACEMENT_3D('',#2148,#1714,#1715);
#1460=AXIS2_PLACEMENT_3D('',#2150,#1716,#1717);
#1461=AXIS2_PLACEMENT_3D('',#2152,#1718,#1719);
#1462=AXIS2_PLACEMENT_3D('',#2154,#1720,#1721);
#1463=AXIS2_PLACEMENT_3D('',#2156,#1722,#1723);
#1464=AXIS2_PLACEMENT_3D('',#2158,#1724,#1725);
#1465=AXIS2_PLACEMENT_3D('',#2160,#1726,#1727);
#1466=AXIS2_PLACEMENT_3D('',#2162,#1728,#1729);
#1467=AXIS2_PLACEMENT_3D('',#2164,#1730,#1731);
#1468=AXIS2_PLACEMENT_3D('',#2166,#1732,#1733);
#1469=AXIS2_PLACEMENT_3D('',#2168,#1734,#1735);
#1470=AXIS2_PLACEMENT_3D('',#2170,#1736,#1737);
#1471=AXIS2_PLACEMENT_3D('',#2179,#1742,#1743);
#1472=AXIS2_PLACEMENT_3D('',#2185,#1747,#1748);
#1473=AXIS2_PLACEMENT_3D('',#2189,#1751,#1752);
#1474=AXIS2_PLACEMENT_3D('',#2193,#1755,#1756);
#1475=AXIS2_PLACEMENT_3D('',#2195,#1758,#1759);
#1476=AXIS2_PLACEMENT_3D('',#2197,#1760,#1761);
#1477=AXIS2_PLACEMENT_3D('',#2198,#1762,#1763);
#1478=AXIS2_PLACEMENT_3D('',#2199,#1764,#1765);
#1479=AXIS2_PLACEMENT_3D('',#2201,#1766,#1767);
#1480=AXIS2_PLACEMENT_3D('',#2203,#1769,#1770);
#1481=AXIS2_PLACEMENT_3D('',#2205,#1771,#1772);
#1482=AXIS2_PLACEMENT_3D('',#2206,#1773,#1774);
#1483=AXIS2_PLACEMENT_3D('',#2207,#1775,#1776);
#1484=AXIS2_PLACEMENT_3D('',#2209,#1777,#1778);
#1485=AXIS2_PLACEMENT_3D('',#2211,#1780,#1781);
#1486=AXIS2_PLACEMENT_3D('',#2213,#1782,#1783);
#1487=AXIS2_PLACEMENT_3D('',#2216,#1785,#1786);
#1488=AXIS2_PLACEMENT_3D('',#2217,#1787,#1788);
#1489=AXIS2_PLACEMENT_3D('',#2218,#1789,#1790);
#1490=AXIS2_PLACEMENT_3D('',#2219,#1791,#1792);
#1491=AXIS2_PLACEMENT_3D('',#2221,#1793,#1794);
#1492=AXIS2_PLACEMENT_3D('',#2224,#1796,#1797);
#1493=AXIS2_PLACEMENT_3D('',#2225,#1798,#1799);
#1494=AXIS2_PLACEMENT_3D('',#2226,#1800,#1801);
#1495=AXIS2_PLACEMENT_3D('',#2227,#1802,#1803);
#1496=AXIS2_PLACEMENT_3D('',#2229,#1804,#1805);
#1497=AXIS2_PLACEMENT_3D('',#2232,#1807,#1808);
#1498=AXIS2_PLACEMENT_3D('',#2233,#1809,#1810);
#1499=AXIS2_PLACEMENT_3D('',#2234,#1811,#1812);
#1500=AXIS2_PLACEMENT_3D('',#2235,#1813,#1814);
#1501=AXIS2_PLACEMENT_3D('',#2237,#1815,#1816);
#1502=AXIS2_PLACEMENT_3D('',#2240,#1818,#1819);
#1503=AXIS2_PLACEMENT_3D('',#2241,#1820,#1821);
#1504=AXIS2_PLACEMENT_3D('',#2243,#1822,#1823);
#1505=AXIS2_PLACEMENT_3D('',#2245,#1825,#1826);
#1506=AXIS2_PLACEMENT_3D('',#2246,#1827,#1828);
#1507=AXIS2_PLACEMENT_3D('',#2248,#1829,#1830);
#1508=AXIS2_PLACEMENT_3D('',#2251,#1832,#1833);
#1509=AXIS2_PLACEMENT_3D('',#2252,#1834,#1835);
#1510=AXIS2_PLACEMENT_3D('',#2254,#1836,#1837);
#1511=AXIS2_PLACEMENT_3D('',#2256,#1839,#1840);
#1512=AXIS2_PLACEMENT_3D('',#2257,#1841,#1842);
#1513=AXIS2_PLACEMENT_3D('',#2259,#1843,#1844);
#1514=AXIS2_PLACEMENT_3D('',#2262,#1846,#1847);
#1515=AXIS2_PLACEMENT_3D('',#2263,#1848,#1849);
#1516=AXIS2_PLACEMENT_3D('',#2265,#1850,#1851);
#1517=AXIS2_PLACEMENT_3D('',#2267,#1853,#1854);
#1518=AXIS2_PLACEMENT_3D('',#2268,#1855,#1856);
#1519=AXIS2_PLACEMENT_3D('',#2270,#1857,#1858);
#1520=AXIS2_PLACEMENT_3D('',#2273,#1860,#1861);
#1521=AXIS2_PLACEMENT_3D('',#2274,#1862,#1863);
#1522=AXIS2_PLACEMENT_3D('',#2276,#1864,#1865);
#1523=AXIS2_PLACEMENT_3D('',#2278,#1867,#1868);
#1524=AXIS2_PLACEMENT_3D('',#2279,#1869,#1870);
#1525=AXIS2_PLACEMENT_3D('',#2282,#1872,#1873);
#1526=AXIS2_PLACEMENT_3D('',#2283,#1874,#1875);
#1527=AXIS2_PLACEMENT_3D('',#2285,#1876,#1877);
#1528=AXIS2_PLACEMENT_3D('',#2286,#1878,#1879);
#1529=AXIS2_PLACEMENT_3D('',#2289,#1881,#1882);
#1530=AXIS2_PLACEMENT_3D('',#2290,#1883,#1884);
#1531=AXIS2_PLACEMENT_3D('',#2292,#1885,#1886);
#1532=AXIS2_PLACEMENT_3D('',#2293,#1887,#1888);
#1533=AXIS2_PLACEMENT_3D('',#2296,#1890,#1891);
#1534=AXIS2_PLACEMENT_3D('',#2297,#1892,#1893);
#1535=AXIS2_PLACEMENT_3D('',#2299,#1894,#1895);
#1536=AXIS2_PLACEMENT_3D('',#2300,#1896,#1897);
#1537=AXIS2_PLACEMENT_3D('',#2303,#1899,#1900);
#1538=AXIS2_PLACEMENT_3D('',#2304,#1901,#1902);
#1539=AXIS2_PLACEMENT_3D('',#2306,#1903,#1904);
#1540=AXIS2_PLACEMENT_3D('',#2307,#1905,#1906);
#1541=AXIS2_PLACEMENT_3D('',#2310,#1908,#1909);
#1542=AXIS2_PLACEMENT_3D('',#2311,#1910,#1911);
#1543=AXIS2_PLACEMENT_3D('',#2314,#1913,#1914);
#1544=AXIS2_PLACEMENT_3D('',#2315,#1915,#1916);
#1545=AXIS2_PLACEMENT_3D('',#2318,#1918,#1919);
#1546=AXIS2_PLACEMENT_3D('',#2319,#1920,#1921);
#1547=AXIS2_PLACEMENT_3D('',#2322,#1923,#1924);
#1548=AXIS2_PLACEMENT_3D('',#2323,#1925,#1926);
#1549=AXIS2_PLACEMENT_3D('',#2329,#1930,#1931);
#1550=AXIS2_PLACEMENT_3D('',#2333,#1934,#1935);
#1551=AXIS2_PLACEMENT_3D('',#2337,#1938,#1939);
#1552=AXIS2_PLACEMENT_3D('',#2341,#1942,#1943);
#1553=AXIS2_PLACEMENT_3D('',#2345,#1946,#1947);
#1554=AXIS2_PLACEMENT_3D('',#2349,#1950,#1951);
#1555=AXIS2_PLACEMENT_3D('',#2353,#1954,#1955);
#1556=AXIS2_PLACEMENT_3D('',#2357,#1958,#1959);
#1557=AXIS2_PLACEMENT_3D('',#2361,#1962,#1963);
#1558=AXIS2_PLACEMENT_3D('',#2365,#1966,#1967);
#1559=AXIS2_PLACEMENT_3D('',#2369,#1970,#1971);
#1560=AXIS2_PLACEMENT_3D('',#2371,#1973,#1974);
#1561=AXIS2_PLACEMENT_3D('',#2373,#1975,#1976);
#1562=AXIS2_PLACEMENT_3D('',#2375,#1977,#1978);
#1563=AXIS2_PLACEMENT_3D('',#2377,#1979,#1980);
#1564=AXIS2_PLACEMENT_3D('',#2379,#1981,#1982);
#1565=AXIS2_PLACEMENT_3D('',#2380,#1983,#1984);
#1566=AXIS2_PLACEMENT_3D('',#2383,#1986,#1987);
#1567=AXIS2_PLACEMENT_3D('',#2384,#1988,#1989);
#1568=AXIS2_PLACEMENT_3D('',#2386,#1990,#1991);
#1569=AXIS2_PLACEMENT_3D('',#2387,#1992,#1993);
#1570=AXIS2_PLACEMENT_3D('',#2389,#1995,#1996);
#1571=AXIS2_PLACEMENT_3D('',#2392,#1998,#1999);
#1572=AXIS2_PLACEMENT_3D('',#2393,#2000,#2001);
#1573=AXIS2_PLACEMENT_3D('',#2395,#2002,#2003);
#1574=AXIS2_PLACEMENT_3D('',#2396,#2004,#2005);
#1575=AXIS2_PLACEMENT_3D('',#2398,#2007,#2008);
#1576=AXIS2_PLACEMENT_3D('',#2401,#2010,#2011);
#1577=AXIS2_PLACEMENT_3D('',#2402,#2012,#2013);
#1578=AXIS2_PLACEMENT_3D('',#2404,#2014,#2015);
#1579=AXIS2_PLACEMENT_3D('',#2405,#2016,#2017);
#1580=AXIS2_PLACEMENT_3D('',#2407,#2019,#2020);
#1581=AXIS2_PLACEMENT_3D('',#2410,#2022,#2023);
#1582=AXIS2_PLACEMENT_3D('',#2411,#2024,#2025);
#1583=AXIS2_PLACEMENT_3D('',#2413,#2026,#2027);
#1584=AXIS2_PLACEMENT_3D('',#2414,#2028,#2029);
#1585=DIRECTION('axis',(0.,0.,1.));
#1586=DIRECTION('refdir',(1.,0.,0.));
#1587=DIRECTION('center_axis',(0.,0.,-1.));
#1588=DIRECTION('ref_axis',(-1.,0.,0.));
#1589=DIRECTION('center_axis',(0.,0.,1.));
#1590=DIRECTION('ref_axis',(1.,0.,0.));
#1591=DIRECTION('center_axis',(0.,-1.,0.));
#1592=DIRECTION('ref_axis',(1.,0.,0.));
#1593=DIRECTION('center_axis',(0.,0.,-1.));
#1594=DIRECTION('ref_axis',(1.,0.,0.));
#1595=DIRECTION('center_axis',(0.,0.,-1.));
#1596=DIRECTION('ref_axis',(1.,0.,0.));
#1597=DIRECTION('center_axis',(0.,0.,-1.));
#1598=DIRECTION('ref_axis',(1.,0.,0.));
#1599=DIRECTION('',(0.,0.,1.));
#1600=DIRECTION('center_axis',(0.,0.,1.));
#1601=DIRECTION('ref_axis',(1.,0.,0.));
#1602=DIRECTION('center_axis',(0.,0.,-1.));
#1603=DIRECTION('ref_axis',(1.,0.,0.));
#1604=DIRECTION('center_axis',(0.,0.,1.));
#1605=DIRECTION('ref_axis',(1.,0.,0.));
#1606=DIRECTION('center_axis',(0.,0.,-1.));
#1607=DIRECTION('ref_axis',(-1.,0.,0.));
#1608=DIRECTION('center_axis',(0.,0.,1.));
#1609=DIRECTION('ref_axis',(1.,0.,0.));
#1610=DIRECTION('center_axis',(0.,-1.,0.));
#1611=DIRECTION('ref_axis',(1.,0.,0.));
#1612=DIRECTION('center_axis',(0.,0.,-1.));
#1613=DIRECTION('ref_axis',(1.,0.,0.));
#1614=DIRECTION('center_axis',(0.,0.,-1.));
#1615=DIRECTION('ref_axis',(1.,0.,0.));
#1616=DIRECTION('center_axis',(0.,0.,-1.));
#1617=DIRECTION('ref_axis',(1.,0.,0.));
#1618=DIRECTION('',(0.,0.,1.));
#1619=DIRECTION('center_axis',(0.,0.,1.));
#1620=DIRECTION('ref_axis',(1.,0.,0.));
#1621=DIRECTION('center_axis',(0.,0.,-1.));
#1622=DIRECTION('ref_axis',(1.,0.,0.));
#1623=DIRECTION('center_axis',(0.,0.,1.));
#1624=DIRECTION('ref_axis',(1.,0.,0.));
#1625=DIRECTION('center_axis',(0.,0.,-1.));
#1626=DIRECTION('ref_axis',(-1.,0.,0.));
#1627=DIRECTION('center_axis',(0.,0.,1.));
#1628=DIRECTION('ref_axis',(1.,0.,0.));
#1629=DIRECTION('center_axis',(0.,-1.,0.));
#1630=DIRECTION('ref_axis',(1.,0.,0.));
#1631=DIRECTION('center_axis',(0.,0.,-1.));
#1632=DIRECTION('ref_axis',(1.,0.,0.));
#1633=DIRECTION('center_axis',(0.,0.,-1.));
#1634=DIRECTION('ref_axis',(1.,0.,0.));
#1635=DIRECTION('center_axis',(0.,0.,-1.));
#1636=DIRECTION('ref_axis',(1.,0.,0.));
#1637=DIRECTION('',(0.,0.,1.));
#1638=DIRECTION('center_axis',(0.,0.,1.));
#1639=DIRECTION('ref_axis',(1.,0.,0.));
#1640=DIRECTION('center_axis',(0.,0.,-1.));
#1641=DIRECTION('ref_axis',(1.,0.,0.));
#1642=DIRECTION('center_axis',(0.,0.,1.));
#1643=DIRECTION('ref_axis',(1.,0.,0.));
#1644=DIRECTION('center_axis',(0.,0.,-1.));
#1645=DIRECTION('ref_axis',(-1.,0.,0.));
#1646=DIRECTION('center_axis',(0.,0.,1.));
#1647=DIRECTION('ref_axis',(1.,0.,0.));
#1648=DIRECTION('center_axis',(0.,-1.,0.));
#1649=DIRECTION('ref_axis',(1.,0.,0.));
#1650=DIRECTION('center_axis',(0.,0.,-1.));
#1651=DIRECTION('ref_axis',(1.,0.,0.));
#1652=DIRECTION('center_axis',(0.,0.,-1.));
#1653=DIRECTION('ref_axis',(1.,0.,0.));
#1654=DIRECTION('center_axis',(0.,0.,-1.));
#1655=DIRECTION('ref_axis',(1.,0.,0.));
#1656=DIRECTION('',(0.,0.,1.));
#1657=DIRECTION('center_axis',(0.,0.,1.));
#1658=DIRECTION('ref_axis',(1.,0.,0.));
#1659=DIRECTION('center_axis',(0.,0.,-1.));
#1660=DIRECTION('ref_axis',(1.,0.,0.));
#1661=DIRECTION('center_axis',(0.,0.,1.));
#1662=DIRECTION('ref_axis',(1.,0.,0.));
#1663=DIRECTION('center_axis',(0.,0.,1.));
#1664=DIRECTION('ref_axis',(1.,0.,0.));
#1665=DIRECTION('',(0.,0.,1.));
#1666=DIRECTION('center_axis',(0.,0.,-1.));
#1667=DIRECTION('ref_axis',(1.,0.,0.));
#1668=DIRECTION('center_axis',(0.,0.,1.));
#1669=DIRECTION('ref_axis',(1.,0.,0.));
#1670=DIRECTION('',(0.,0.,1.));
#1671=DIRECTION('center_axis',(0.,0.,-1.));
#1672=DIRECTION('ref_axis',(1.,0.,0.));
#1673=DIRECTION('center_axis',(0.,0.,1.));
#1674=DIRECTION('ref_axis',(1.,0.,0.));
#1675=DIRECTION('',(0.,0.,1.));
#1676=DIRECTION('center_axis',(0.,0.,-1.));
#1677=DIRECTION('ref_axis',(1.,0.,0.));
#1678=DIRECTION('center_axis',(0.,0.,1.));
#1679=DIRECTION('ref_axis',(1.,0.,0.));
#1680=DIRECTION('',(0.,0.,1.));
#1681=DIRECTION('center_axis',(0.,0.,-1.));
#1682=DIRECTION('ref_axis',(1.,0.,0.));
#1683=DIRECTION('center_axis',(0.,0.,1.));
#1684=DIRECTION('ref_axis',(1.,0.,0.));
#1685=DIRECTION('center_axis',(0.,0.,1.));
#1686=DIRECTION('ref_axis',(1.,0.,0.));
#1687=DIRECTION('center_axis',(0.,-1.,0.));
#1688=DIRECTION('ref_axis',(-1.,0.,0.));
#1689=DIRECTION('center_axis',(0.,0.,-1.));
#1690=DIRECTION('ref_axis',(1.,0.,0.));
#1691=DIRECTION('center_axis',(0.,0.,-1.));
#1692=DIRECTION('ref_axis',(1.,0.,0.));
#1693=DIRECTION('center_axis',(0.,0.,1.));
#1694=DIRECTION('ref_axis',(1.,0.,0.));
#1695=DIRECTION('',(0.,0.,1.));
#1696=DIRECTION('center_axis',(0.,0.,-1.));
#1697=DIRECTION('ref_axis',(1.,0.,0.));
#1698=DIRECTION('',(-1.,0.,0.));
#1699=DIRECTION('',(0.,1.,0.));
#1700=DIRECTION('',(1.,0.,0.));
#1701=DIRECTION('',(0.,1.,0.));
#1702=DIRECTION('',(1.,0.,0.));
#1703=DIRECTION('',(0.,-1.,0.));
#1704=DIRECTION('',(1.,0.,0.));
#1705=DIRECTION('',(0.,-1.,0.));
#1706=DIRECTION('',(-1.,-7.40148683083438E-16,0.));
#1707=DIRECTION('',(0.,-1.,0.));
#1708=DIRECTION('',(-1.,0.,0.));
#1709=DIRECTION('',(0.,1.,0.));
#1710=DIRECTION('center_axis',(0.,0.,-1.));
#1711=DIRECTION('ref_axis',(1.,0.,0.));
#1712=DIRECTION('center_axis',(0.,0.,-1.));
#1713=DIRECTION('ref_axis',(-1.,0.,0.));
#1714=DIRECTION('center_axis',(0.,0.,-1.));
#1715=DIRECTION('ref_axis',(-1.,0.,0.));
#1716=DIRECTION('center_axis',(0.,0.,-1.));
#1717=DIRECTION('ref_axis',(-1.,0.,0.));
#1718=DIRECTION('center_axis',(0.,0.,-1.));
#1719=DIRECTION('ref_axis',(-1.,0.,0.));
#1720=DIRECTION('center_axis',(0.,0.,-1.));
#1721=DIRECTION('ref_axis',(1.,0.,0.));
#1722=DIRECTION('center_axis',(0.,0.,1.));
#1723=DIRECTION('ref_axis',(1.,0.,0.));
#1724=DIRECTION('center_axis',(0.,0.,1.));
#1725=DIRECTION('ref_axis',(1.,0.,0.));
#1726=DIRECTION('center_axis',(0.,0.,1.));
#1727=DIRECTION('ref_axis',(1.,0.,0.));
#1728=DIRECTION('center_axis',(0.,0.,1.));
#1729=DIRECTION('ref_axis',(1.,0.,0.));
#1730=DIRECTION('center_axis',(0.,0.,1.));
#1731=DIRECTION('ref_axis',(1.,0.,0.));
#1732=DIRECTION('center_axis',(0.,0.,1.));
#1733=DIRECTION('ref_axis',(1.,0.,0.));
#1734=DIRECTION('center_axis',(0.,0.,1.));
#1735=DIRECTION('ref_axis',(1.,0.,0.));
#1736=DIRECTION('center_axis',(0.,0.,1.));
#1737=DIRECTION('ref_axis',(1.,0.,0.));
#1738=DIRECTION('',(0.,-1.,0.));
#1739=DIRECTION('',(1.,0.,0.));
#1740=DIRECTION('',(0.,1.,0.));
#1741=DIRECTION('',(-1.,0.,0.));
#1742=DIRECTION('center_axis',(-1.,0.,0.));
#1743=DIRECTION('ref_axis',(0.,-1.,0.));
#1744=DIRECTION('',(0.,0.,1.));
#1745=DIRECTION('',(0.,1.,0.));
#1746=DIRECTION('',(0.,0.,1.));
#1747=DIRECTION('center_axis',(0.,1.,0.));
#1748=DIRECTION('ref_axis',(-1.,0.,0.));
#1749=DIRECTION('',(0.,0.,1.));
#1750=DIRECTION('',(1.,0.,0.));
#1751=DIRECTION('center_axis',(1.,0.,0.));
#1752=DIRECTION('ref_axis',(0.,1.,0.));
#1753=DIRECTION('',(0.,0.,-1.));
#1754=DIRECTION('',(0.,-1.,0.));
#1755=DIRECTION('center_axis',(0.,-1.,0.));
#1756=DIRECTION('ref_axis',(1.,0.,0.));
#1757=DIRECTION('',(-1.,0.,0.));
#1758=DIRECTION('center_axis',(0.,0.,1.));
#1759=DIRECTION('ref_axis',(1.,0.,0.));
#1760=DIRECTION('center_axis',(0.,0.,1.));
#1761=DIRECTION('ref_axis',(1.,0.,0.));
#1762=DIRECTION('center_axis',(0.,-1.,0.));
#1763=DIRECTION('ref_axis',(-1.,0.,0.));
#1764=DIRECTION('center_axis',(0.,0.,-1.));
#1765=DIRECTION('ref_axis',(1.,0.,0.));
#1766=DIRECTION('center_axis',(0.,0.,-1.));
#1767=DIRECTION('ref_axis',(1.,0.,0.));
#1768=DIRECTION('',(0.,0.,1.));
#1769=DIRECTION('center_axis',(0.,0.,1.));
#1770=DIRECTION('ref_axis',(1.,0.,0.));
#1771=DIRECTION('center_axis',(0.,0.,1.));
#1772=DIRECTION('ref_axis',(1.,0.,0.));
#1773=DIRECTION('center_axis',(0.,-1.,0.));
#1774=DIRECTION('ref_axis',(-1.,0.,0.));
#1775=DIRECTION('center_axis',(0.,0.,-1.));
#1776=DIRECTION('ref_axis',(1.,0.,0.));
#1777=DIRECTION('center_axis',(0.,0.,-1.));
#1778=DIRECTION('ref_axis',(1.,0.,0.));
#1779=DIRECTION('',(0.,0.,1.));
#1780=DIRECTION('center_axis',(0.,0.,-1.));
#1781=DIRECTION('ref_axis',(1.,0.,0.));
#1782=DIRECTION('center_axis',(0.,0.,1.));
#1783=DIRECTION('ref_axis',(1.,0.,0.));
#1784=DIRECTION('',(0.,0.,1.));
#1785=DIRECTION('center_axis',(0.,0.,-1.));
#1786=DIRECTION('ref_axis',(1.,0.,0.));
#1787=DIRECTION('center_axis',(0.,0.,-1.));
#1788=DIRECTION('ref_axis',(1.,0.,0.));
#1789=DIRECTION('center_axis',(0.,0.,-1.));
#1790=DIRECTION('ref_axis',(1.,0.,0.));
#1791=DIRECTION('center_axis',(0.,0.,-1.));
#1792=DIRECTION('ref_axis',(1.,0.,0.));
#1793=DIRECTION('center_axis',(0.,0.,1.));
#1794=DIRECTION('ref_axis',(1.,0.,0.));
#1795=DIRECTION('',(0.,0.,1.));
#1796=DIRECTION('center_axis',(0.,0.,-1.));
#1797=DIRECTION('ref_axis',(1.,0.,0.));
#1798=DIRECTION('center_axis',(0.,0.,-1.));
#1799=DIRECTION('ref_axis',(1.,0.,0.));
#1800=DIRECTION('center_axis',(0.,0.,-1.));
#1801=DIRECTION('ref_axis',(1.,0.,0.));
#1802=DIRECTION('center_axis',(0.,0.,-1.));
#1803=DIRECTION('ref_axis',(1.,0.,0.));
#1804=DIRECTION('center_axis',(0.,0.,1.));
#1805=DIRECTION('ref_axis',(1.,0.,0.));
#1806=DIRECTION('',(0.,0.,1.));
#1807=DIRECTION('center_axis',(0.,0.,-1.));
#1808=DIRECTION('ref_axis',(1.,0.,0.));
#1809=DIRECTION('center_axis',(0.,0.,-1.));
#1810=DIRECTION('ref_axis',(1.,0.,0.));
#1811=DIRECTION('center_axis',(0.,0.,-1.));
#1812=DIRECTION('ref_axis',(1.,0.,0.));
#1813=DIRECTION('center_axis',(0.,0.,-1.));
#1814=DIRECTION('ref_axis',(1.,0.,0.));
#1815=DIRECTION('center_axis',(0.,0.,1.));
#1816=DIRECTION('ref_axis',(1.,0.,0.));
#1817=DIRECTION('',(0.,0.,1.));
#1818=DIRECTION('center_axis',(0.,0.,-1.));
#1819=DIRECTION('ref_axis',(1.,0.,0.));
#1820=DIRECTION('center_axis',(0.,0.,-1.));
#1821=DIRECTION('ref_axis',(1.,0.,0.));
#1822=DIRECTION('center_axis',(0.,0.,-1.));
#1823=DIRECTION('ref_axis',(1.,0.,0.));
#1824=DIRECTION('',(0.,0.,1.));
#1825=DIRECTION('center_axis',(0.,0.,-1.));
#1826=DIRECTION('ref_axis',(1.,0.,0.));
#1827=DIRECTION('center_axis',(0.,0.,-1.));
#1828=DIRECTION('ref_axis',(1.,0.,0.));
#1829=DIRECTION('center_axis',(0.,0.,1.));
#1830=DIRECTION('ref_axis',(1.,0.,0.));
#1831=DIRECTION('',(0.,0.,1.));
#1832=DIRECTION('center_axis',(0.,0.,-1.));
#1833=DIRECTION('ref_axis',(1.,0.,0.));
#1834=DIRECTION('center_axis',(0.,0.,-1.));
#1835=DIRECTION('ref_axis',(1.,0.,0.));
#1836=DIRECTION('center_axis',(0.,0.,-1.));
#1837=DIRECTION('ref_axis',(1.,0.,0.));
#1838=DIRECTION('',(0.,0.,1.));
#1839=DIRECTION('center_axis',(0.,0.,-1.));
#1840=DIRECTION('ref_axis',(1.,0.,0.));
#1841=DIRECTION('center_axis',(0.,0.,-1.));
#1842=DIRECTION('ref_axis',(1.,0.,0.));
#1843=DIRECTION('center_axis',(0.,0.,1.));
#1844=DIRECTION('ref_axis',(1.,0.,0.));
#1845=DIRECTION('',(0.,0.,1.));
#1846=DIRECTION('center_axis',(0.,0.,-1.));
#1847=DIRECTION('ref_axis',(1.,0.,0.));
#1848=DIRECTION('center_axis',(0.,0.,-1.));
#1849=DIRECTION('ref_axis',(1.,0.,0.));
#1850=DIRECTION('center_axis',(0.,0.,-1.));
#1851=DIRECTION('ref_axis',(1.,0.,0.));
#1852=DIRECTION('',(0.,0.,1.));
#1853=DIRECTION('center_axis',(0.,0.,-1.));
#1854=DIRECTION('ref_axis',(1.,0.,0.));
#1855=DIRECTION('center_axis',(0.,0.,-1.));
#1856=DIRECTION('ref_axis',(1.,0.,0.));
#1857=DIRECTION('center_axis',(0.,0.,1.));
#1858=DIRECTION('ref_axis',(1.,0.,0.));
#1859=DIRECTION('',(0.,0.,1.));
#1860=DIRECTION('center_axis',(0.,0.,-1.));
#1861=DIRECTION('ref_axis',(1.,0.,0.));
#1862=DIRECTION('center_axis',(0.,0.,-1.));
#1863=DIRECTION('ref_axis',(1.,0.,0.));
#1864=DIRECTION('center_axis',(0.,0.,-1.));
#1865=DIRECTION('ref_axis',(1.,0.,0.));
#1866=DIRECTION('',(0.,0.,1.));
#1867=DIRECTION('center_axis',(0.,0.,-1.));
#1868=DIRECTION('ref_axis',(1.,0.,0.));
#1869=DIRECTION('center_axis',(0.,0.,1.));
#1870=DIRECTION('ref_axis',(1.,0.,0.));
#1871=DIRECTION('',(0.,0.,1.));
#1872=DIRECTION('center_axis',(0.,0.,1.));
#1873=DIRECTION('ref_axis',(1.,0.,0.));
#1874=DIRECTION('center_axis',(0.,0.,-1.));
#1875=DIRECTION('ref_axis',(1.,0.,0.));
#1876=DIRECTION('center_axis',(0.,0.,-1.));
#1877=DIRECTION('ref_axis',(1.,0.,0.));
#1878=DIRECTION('center_axis',(0.,0.,1.));
#1879=DIRECTION('ref_axis',(1.,0.,0.));
#1880=DIRECTION('',(0.,0.,1.));
#1881=DIRECTION('center_axis',(0.,0.,1.));
#1882=DIRECTION('ref_axis',(1.,0.,0.));
#1883=DIRECTION('center_axis',(0.,0.,-1.));
#1884=DIRECTION('ref_axis',(1.,0.,0.));
#1885=DIRECTION('center_axis',(0.,0.,-1.));
#1886=DIRECTION('ref_axis',(1.,0.,0.));
#1887=DIRECTION('center_axis',(0.,0.,1.));
#1888=DIRECTION('ref_axis',(1.,0.,0.));
#1889=DIRECTION('',(0.,0.,1.));
#1890=DIRECTION('center_axis',(0.,0.,1.));
#1891=DIRECTION('ref_axis',(1.,0.,0.));
#1892=DIRECTION('center_axis',(0.,0.,-1.));
#1893=DIRECTION('ref_axis',(1.,0.,0.));
#1894=DIRECTION('center_axis',(0.,0.,-1.));
#1895=DIRECTION('ref_axis',(1.,0.,0.));
#1896=DIRECTION('center_axis',(0.,0.,1.));
#1897=DIRECTION('ref_axis',(1.,0.,0.));
#1898=DIRECTION('',(0.,0.,1.));
#1899=DIRECTION('center_axis',(0.,0.,1.));
#1900=DIRECTION('ref_axis',(1.,0.,0.));
#1901=DIRECTION('center_axis',(0.,0.,-1.));
#1902=DIRECTION('ref_axis',(1.,0.,0.));
#1903=DIRECTION('center_axis',(0.,0.,-1.));
#1904=DIRECTION('ref_axis',(1.,0.,0.));
#1905=DIRECTION('center_axis',(0.,0.,1.));
#1906=DIRECTION('ref_axis',(1.,0.,0.));
#1907=DIRECTION('',(0.,0.,1.));
#1908=DIRECTION('center_axis',(0.,0.,-1.));
#1909=DIRECTION('ref_axis',(1.,0.,0.));
#1910=DIRECTION('center_axis',(0.,0.,1.));
#1911=DIRECTION('ref_axis',(1.,0.,0.));
#1912=DIRECTION('',(0.,0.,1.));
#1913=DIRECTION('center_axis',(0.,0.,-1.));
#1914=DIRECTION('ref_axis',(1.,0.,0.));
#1915=DIRECTION('center_axis',(0.,0.,1.));
#1916=DIRECTION('ref_axis',(1.,0.,0.));
#1917=DIRECTION('',(0.,0.,1.));
#1918=DIRECTION('center_axis',(0.,0.,-1.));
#1919=DIRECTION('ref_axis',(1.,0.,0.));
#1920=DIRECTION('center_axis',(0.,0.,1.));
#1921=DIRECTION('ref_axis',(1.,0.,0.));
#1922=DIRECTION('',(0.,0.,1.));
#1923=DIRECTION('center_axis',(0.,0.,-1.));
#1924=DIRECTION('ref_axis',(1.,0.,0.));
#1925=DIRECTION('center_axis',(-7.40148683083438E-16,1.,0.));
#1926=DIRECTION('ref_axis',(-1.,-7.40148683083438E-16,0.));
#1927=DIRECTION('',(0.,0.,-1.));
#1928=DIRECTION('',(-1.,-7.40148683083438E-16,0.));
#1929=DIRECTION('',(0.,0.,1.));
#1930=DIRECTION('center_axis',(-1.,0.,0.));
#1931=DIRECTION('ref_axis',(0.,-1.,0.));
#1932=DIRECTION('',(0.,-1.,0.));
#1933=DIRECTION('',(0.,0.,1.));
#1934=DIRECTION('center_axis',(0.,1.,0.));
#1935=DIRECTION('ref_axis',(-1.,0.,0.));
#1936=DIRECTION('',(-1.,0.,0.));
#1937=DIRECTION('',(0.,0.,1.));
#1938=DIRECTION('center_axis',(1.,0.,0.));
#1939=DIRECTION('ref_axis',(0.,1.,0.));
#1940=DIRECTION('',(0.,1.,0.));
#1941=DIRECTION('',(0.,0.,1.));
#1942=DIRECTION('center_axis',(0.,1.,0.));
#1943=DIRECTION('ref_axis',(-1.,0.,0.));
#1944=DIRECTION('',(-1.,0.,0.));
#1945=DIRECTION('',(0.,0.,1.));
#1946=DIRECTION('center_axis',(1.,0.,0.));
#1947=DIRECTION('ref_axis',(0.,1.,0.));
#1948=DIRECTION('',(0.,-1.,0.));
#1949=DIRECTION('',(0.,0.,-1.));
#1950=DIRECTION('center_axis',(0.,-1.,0.));
#1951=DIRECTION('ref_axis',(1.,0.,0.));
#1952=DIRECTION('',(1.,0.,0.));
#1953=DIRECTION('',(0.,0.,1.));
#1954=DIRECTION('center_axis',(1.,0.,0.));
#1955=DIRECTION('ref_axis',(0.,1.,0.));
#1956=DIRECTION('',(0.,1.,0.));
#1957=DIRECTION('',(0.,0.,1.));
#1958=DIRECTION('center_axis',(0.,-1.,0.));
#1959=DIRECTION('ref_axis',(1.,0.,0.));
#1960=DIRECTION('',(1.,0.,0.));
#1961=DIRECTION('',(0.,0.,1.));
#1962=DIRECTION('center_axis',(-1.,0.,0.));
#1963=DIRECTION('ref_axis',(0.,-1.,0.));
#1964=DIRECTION('',(0.,-1.,0.));
#1965=DIRECTION('',(0.,0.,1.));
#1966=DIRECTION('center_axis',(0.,-1.,0.));
#1967=DIRECTION('ref_axis',(1.,0.,0.));
#1968=DIRECTION('',(1.,0.,0.));
#1969=DIRECTION('',(0.,0.,1.));
#1970=DIRECTION('center_axis',(-1.,0.,0.));
#1971=DIRECTION('ref_axis',(0.,-1.,0.));
#1972=DIRECTION('',(0.,1.,0.));
#1973=DIRECTION('center_axis',(0.,0.,1.));
#1974=DIRECTION('ref_axis',(1.,0.,0.));
#1975=DIRECTION('center_axis',(0.,0.,1.));
#1976=DIRECTION('ref_axis',(-1.,0.,0.));
#1977=DIRECTION('center_axis',(0.,0.,1.));
#1978=DIRECTION('ref_axis',(-1.,0.,0.));
#1979=DIRECTION('center_axis',(0.,0.,1.));
#1980=DIRECTION('ref_axis',(-1.,0.,0.));
#1981=DIRECTION('center_axis',(0.,0.,1.));
#1982=DIRECTION('ref_axis',(-1.,0.,0.));
#1983=DIRECTION('center_axis',(0.,0.,-1.));
#1984=DIRECTION('ref_axis',(-1.,0.,0.));
#1985=DIRECTION('',(0.,0.,1.));
#1986=DIRECTION('center_axis',(0.,0.,-1.));
#1987=DIRECTION('ref_axis',(-1.,0.,0.));
#1988=DIRECTION('center_axis',(0.,0.,1.));
#1989=DIRECTION('ref_axis',(-1.,0.,0.));
#1990=DIRECTION('center_axis',(0.,0.,1.));
#1991=DIRECTION('ref_axis',(-1.,0.,0.));
#1992=DIRECTION('center_axis',(0.,0.,-1.));
#1993=DIRECTION('ref_axis',(-1.,0.,0.));
#1994=DIRECTION('',(0.,0.,1.));
#1995=DIRECTION('center_axis',(0.,0.,-1.));
#1996=DIRECTION('ref_axis',(-1.,0.,0.));
#1997=DIRECTION('',(0.,0.,1.));
#1998=DIRECTION('center_axis',(0.,0.,-1.));
#1999=DIRECTION('ref_axis',(-1.,0.,0.));
#2000=DIRECTION('center_axis',(0.,0.,1.));
#2001=DIRECTION('ref_axis',(-1.,0.,0.));
#2002=DIRECTION('center_axis',(0.,0.,1.));
#2003=DIRECTION('ref_axis',(-1.,0.,0.));
#2004=DIRECTION('center_axis',(0.,0.,-1.));
#2005=DIRECTION('ref_axis',(-1.,0.,0.));
#2006=DIRECTION('',(0.,0.,1.));
#2007=DIRECTION('center_axis',(0.,0.,-1.));
#2008=DIRECTION('ref_axis',(-1.,0.,0.));
#2009=DIRECTION('',(0.,0.,1.));
#2010=DIRECTION('center_axis',(0.,0.,-1.));
#2011=DIRECTION('ref_axis',(-1.,0.,0.));
#2012=DIRECTION('center_axis',(0.,0.,1.));
#2013=DIRECTION('ref_axis',(-1.,0.,0.));
#2014=DIRECTION('center_axis',(0.,0.,1.));
#2015=DIRECTION('ref_axis',(-1.,0.,0.));
#2016=DIRECTION('center_axis',(0.,0.,-1.));
#2017=DIRECTION('ref_axis',(-1.,0.,0.));
#2018=DIRECTION('',(0.,0.,1.));
#2019=DIRECTION('center_axis',(0.,0.,-1.));
#2020=DIRECTION('ref_axis',(-1.,0.,0.));
#2021=DIRECTION('',(0.,0.,1.));
#2022=DIRECTION('center_axis',(0.,0.,-1.));
#2023=DIRECTION('ref_axis',(-1.,0.,0.));
#2024=DIRECTION('center_axis',(0.,0.,1.));
#2025=DIRECTION('ref_axis',(-1.,0.,0.));
#2026=DIRECTION('center_axis',(0.,0.,1.));
#2027=DIRECTION('ref_axis',(-1.,0.,0.));
#2028=DIRECTION('center_axis',(0.,0.,-1.));
#2029=DIRECTION('ref_axis',(-1.,0.,0.));
#2030=DIRECTION('',(0.,0.,1.));
#2031=CARTESIAN_POINT('',(0.,0.,0.));
#2032=CARTESIAN_POINT('Origin',(-98.9058391013543,88.2717439214508,-22.4));
#2033=CARTESIAN_POINT('',(-95.9058391013543,88.2717439214508,-22.9));
#2034=CARTESIAN_POINT('Origin',(-98.9058391013543,88.2717439214508,-22.9));
#2035=CARTESIAN_POINT('',(-95.4058391013543,88.2717439214508,-22.4));
#2036=CARTESIAN_POINT('Origin',(-95.9058391013543,88.2717439214508,-22.4));
#2037=CARTESIAN_POINT('',(-102.405839101354,88.2717439214508,-22.4));
#2038=CARTESIAN_POINT('Origin',(-98.9058391013543,88.2717439214508,-22.4));
#2039=CARTESIAN_POINT('Origin',(-98.9058391013543,88.2717439214508,-22.4));
#2040=CARTESIAN_POINT('Origin',(-98.9058391013543,88.2717439214508,-8.6));
#2041=CARTESIAN_POINT('',(-102.405839101354,88.2717439214508,-8.6));
#2042=CARTESIAN_POINT('',(-102.405839101354,88.2717439214508,-8.6));
#2043=CARTESIAN_POINT('Origin',(-98.9058391013543,88.2717439214508,-8.6));
#2044=CARTESIAN_POINT('Origin',(-98.9058391013543,88.2717439214508,-22.9));
#2045=CARTESIAN_POINT('',(-100.955839101354,88.2717439214508,-22.9));
#2046=CARTESIAN_POINT('Origin',(-98.9058391013543,88.2717439214508,-22.9));
#2047=CARTESIAN_POINT('Origin',(-75.3058391013543,88.2717439214508,-22.4));
#2048=CARTESIAN_POINT('',(-72.3058391013543,88.2717439214508,-22.9));
#2049=CARTESIAN_POINT('Origin',(-75.3058391013543,88.2717439214508,-22.9));
#2050=CARTESIAN_POINT('',(-71.8058391013543,88.2717439214508,-22.4));
#2051=CARTESIAN_POINT('Origin',(-72.3058391013543,88.2717439214508,-22.4));
#2052=CARTESIAN_POINT('',(-78.8058391013543,88.2717439214508,-22.4));
#2053=CARTESIAN_POINT('Origin',(-75.3058391013543,88.2717439214508,-22.4));
#2054=CARTESIAN_POINT('Origin',(-75.3058391013543,88.2717439214508,-22.4));
#2055=CARTESIAN_POINT('Origin',(-75.3058391013543,88.2717439214508,-8.6));
#2056=CARTESIAN_POINT('',(-78.8058391013543,88.2717439214508,-8.6));
#2057=CARTESIAN_POINT('',(-78.8058391013543,88.2717439214508,-8.6));
#2058=CARTESIAN_POINT('Origin',(-75.3058391013543,88.2717439214508,-8.6));
#2059=CARTESIAN_POINT('Origin',(-75.3058391013543,88.2717439214508,-22.9));
#2060=CARTESIAN_POINT('',(-77.3558391013543,88.2717439214508,-22.9));
#2061=CARTESIAN_POINT('Origin',(-75.3058391013543,88.2717439214508,-22.9));
#2062=CARTESIAN_POINT('Origin',(-98.9058391013543,25.2717439214508,-22.4));
#2063=CARTESIAN_POINT('',(-95.9058391013543,25.2717439214508,-22.9));
#2064=CARTESIAN_POINT('Origin',(-98.9058391013543,25.2717439214508,-22.9));
#2065=CARTESIAN_POINT('',(-95.4058391013543,25.2717439214508,-22.4));
#2066=CARTESIAN_POINT('Origin',(-95.9058391013543,25.2717439214508,-22.4));
#2067=CARTESIAN_POINT('',(-102.405839101354,25.2717439214508,-22.4));
#2068=CARTESIAN_POINT('Origin',(-98.9058391013543,25.2717439214508,-22.4));
#2069=CARTESIAN_POINT('Origin',(-98.9058391013543,25.2717439214508,-22.4));
#2070=CARTESIAN_POINT('Origin',(-98.9058391013543,25.2717439214508,-8.6));
#2071=CARTESIAN_POINT('',(-102.405839101354,25.2717439214508,-8.6));
#2072=CARTESIAN_POINT('',(-102.405839101354,25.2717439214508,-8.6));
#2073=CARTESIAN_POINT('Origin',(-98.9058391013543,25.2717439214508,-8.6));
#2074=CARTESIAN_POINT('Origin',(-98.9058391013543,25.2717439214508,-22.9));
#2075=CARTESIAN_POINT('',(-100.955839101354,25.2717439214508,-22.9));
#2076=CARTESIAN_POINT('Origin',(-98.9058391013543,25.2717439214508,-22.9));
#2077=CARTESIAN_POINT('Origin',(-75.3058391013543,25.2717439214508,-22.4));
#2078=CARTESIAN_POINT('',(-72.3058391013543,25.2717439214508,-22.9));
#2079=CARTESIAN_POINT('Origin',(-75.3058391013543,25.2717439214508,-22.9));
#2080=CARTESIAN_POINT('',(-71.8058391013543,25.2717439214508,-22.4));
#2081=CARTESIAN_POINT('Origin',(-72.3058391013543,25.2717439214508,-22.4));
#2082=CARTESIAN_POINT('',(-78.8058391013543,25.2717439214508,-22.4));
#2083=CARTESIAN_POINT('Origin',(-75.3058391013543,25.2717439214508,-22.4));
#2084=CARTESIAN_POINT('Origin',(-75.3058391013543,25.2717439214508,-22.4));
#2085=CARTESIAN_POINT('Origin',(-75.3058391013543,25.2717439214508,-8.6));
#2086=CARTESIAN_POINT('',(-78.8058391013543,25.2717439214508,-8.6));
#2087=CARTESIAN_POINT('',(-78.8058391013543,25.2717439214508,-8.6));
#2088=CARTESIAN_POINT('Origin',(-75.3058391013543,25.2717439214508,-8.6));
#2089=CARTESIAN_POINT('Origin',(-75.3058391013543,25.2717439214508,-22.9));
#2090=CARTESIAN_POINT('',(-77.3558391013543,25.2717439214508,-22.9));
#2091=CARTESIAN_POINT('Origin',(-75.3058391013543,25.2717439214508,-22.9));
#2092=CARTESIAN_POINT('Origin',(-98.9058391013543,25.2717439214508,-8.6));
#2093=CARTESIAN_POINT('',(-100.955839101354,25.2717439214508,-4.7));
#2094=CARTESIAN_POINT('',(-100.955839101354,25.2717439214508,-8.6));
#2095=CARTESIAN_POINT('Origin',(-98.9058391013543,25.2717439214508,-4.7));
#2096=CARTESIAN_POINT('Origin',(-75.3058391013543,88.2717439214508,-8.6));
#2097=CARTESIAN_POINT('',(-77.3558391013543,88.2717439214508,-4.7));
#2098=CARTESIAN_POINT('',(-77.3558391013543,88.2717439214508,-8.6));
#2099=CARTESIAN_POINT('Origin',(-75.3058391013543,88.2717439214508,-4.7));
#2100=CARTESIAN_POINT('Origin',(-75.3058391013543,25.2717439214508,-8.6));
#2101=CARTESIAN_POINT('',(-77.3558391013543,25.2717439214508,-4.7));
#2102=CARTESIAN_POINT('',(-77.3558391013543,25.2717439214508,-8.6));
#2103=CARTESIAN_POINT('Origin',(-75.3058391013543,25.2717439214508,-4.7));
#2104=CARTESIAN_POINT('Origin',(-98.9058391013543,88.2717439214508,-8.6));
#2105=CARTESIAN_POINT('',(-100.955839101354,88.2717439214508,-4.7));
#2106=CARTESIAN_POINT('',(-100.955839101354,88.2717439214508,-8.6));
#2107=CARTESIAN_POINT('Origin',(-98.9058391013543,88.2717439214508,-4.7));
#2108=CARTESIAN_POINT('Origin',(24.5727073444631,54.9871736496049,-11.1));
#2109=CARTESIAN_POINT('',(22.0727073444631,54.9871736496049,-11.1));
#2110=CARTESIAN_POINT('Origin',(24.5727073444631,54.9871736496049,-11.1));
#2111=CARTESIAN_POINT('',(19.5727073444631,54.9871736496049,-8.6));
#2112=CARTESIAN_POINT('Origin',(19.5727073444631,54.9871736496049,-11.1));
#2113=CARTESIAN_POINT('Origin',(24.5727073444631,54.9871736496049,-8.6));
#2114=CARTESIAN_POINT('Origin',(24.5727073444631,54.9871736496049,-8.6));
#2115=CARTESIAN_POINT('',(22.0727073444631,54.9871736496049,-19.05));
#2116=CARTESIAN_POINT('Origin',(24.5727073444631,54.9871736496049,-19.05));
#2117=CARTESIAN_POINT('',(22.0727073444631,54.9871736496049,-8.6));
#2118=CARTESIAN_POINT('Origin',(-18.3746700780197,64.771743921451,-8.6));
#2119=CARTESIAN_POINT('',(91.1750290861043,103.271743921451,-8.6));
#2120=CARTESIAN_POINT('',(70.6353299219804,103.271743921451,-8.6));
#2121=CARTESIAN_POINT('',(87.4590290861043,103.271743921451,-8.6));
#2122=CARTESIAN_POINT('',(91.1750290861043,10.2717439214508,-8.6));
#2123=CARTESIAN_POINT('',(91.1750290861043,41.5217439214509,-8.6));
#2124=CARTESIAN_POINT('',(70.6353299219804,10.2717439214508,-8.6));
#2125=CARTESIAN_POINT('',(60.6353299219804,10.2717439214508,-8.6));
#2126=CARTESIAN_POINT('',(70.6353299219804,0.27174392145081,-8.6));
#2127=CARTESIAN_POINT('',(70.6353299219804,6.27174392145081,-8.6));
#2128=CARTESIAN_POINT('',(-87.3846700780198,0.271743921450811,-8.6));
#2129=CARTESIAN_POINT('',(-122.208369242144,0.27174392145081,-8.6));
#2130=CARTESIAN_POINT('',(-87.3846700780198,10.2717439214508,-8.6));
#2131=CARTESIAN_POINT('',(-87.3846700780198,18.2717439214508,-8.6));
#2132=CARTESIAN_POINT('',(-102.824369242144,10.2717439214508,-8.6));
#2133=CARTESIAN_POINT('',(-124.208369242144,10.2717439214508,-8.6));
#2134=CARTESIAN_POINT('',(-102.824369242144,103.271743921451,-8.6));
#2135=CARTESIAN_POINT('',(-102.824369242144,93.0217439214511,-8.6));
#2136=CARTESIAN_POINT('',(-87.3846700780198,103.271743921451,-8.6));
#2137=CARTESIAN_POINT('',(-97.3846700780198,103.271743921451,-8.6));
#2138=CARTESIAN_POINT('',(-87.3846700780198,113.271743921451,-8.6));
#2139=CARTESIAN_POINT('',(-87.3846700780198,123.271743921451,-8.6));
#2140=CARTESIAN_POINT('',(70.6353299219804,113.271743921451,-8.6));
#2141=CARTESIAN_POINT('',(85.4590290861043,113.271743921451,-8.6));
#2142=CARTESIAN_POINT('',(70.6353299219804,111.271743921451,-8.6));
#2143=CARTESIAN_POINT('',(34.312707344464,105.787173649604,-8.6));
#2144=CARTESIAN_POINT('Origin',(39.812707344464,105.787173649604,-8.6));
#2145=CARTESIAN_POINT('',(-42.3246700780195,81.2717439214509,-8.6));
#2146=CARTESIAN_POINT('Origin',(-44.8246700780195,81.2717439214509,-8.6));
#2147=CARTESIAN_POINT('',(-42.3246700780196,32.271743921451,-8.6));
#2148=CARTESIAN_POINT('Origin',(-44.8246700780196,32.271743921451,-8.6));
#2149=CARTESIAN_POINT('',(15.6753299219804,81.2717439214508,-8.6));
#2150=CARTESIAN_POINT('Origin',(13.1753299219804,81.2717439214508,-8.6));
#2151=CARTESIAN_POINT('',(15.6753299219804,32.2717439214509,-8.6));
#2152=CARTESIAN_POINT('Origin',(13.1753299219804,32.2717439214509,-8.6));
#2153=CARTESIAN_POINT('',(67.3327073444629,53.7171736496049,-8.6));
#2154=CARTESIAN_POINT('Origin',(72.8327073444629,53.7171736496049,-8.6));
#2155=CARTESIAN_POINT('',(-46.8246700780198,94.7718988556131,-8.6));
#2156=CARTESIAN_POINT('Origin',(-43.8246700780198,94.7718988556131,-8.6));
#2157=CARTESIAN_POINT('',(-0.824670078019696,94.7718988556131,-8.6));
#2158=CARTESIAN_POINT('Origin',(2.17532992198031,94.7718988556131,-8.6));
#2159=CARTESIAN_POINT('',(30.6753299219801,81.2717439214509,-8.6));
#2160=CARTESIAN_POINT('Origin',(33.1753299219801,81.2717439214509,-8.6));
#2161=CARTESIAN_POINT('',(-27.3246700780198,81.2717439214508,-8.6));
#2162=CARTESIAN_POINT('Origin',(-24.8246700780198,81.2717439214508,-8.6));
#2163=CARTESIAN_POINT('',(30.6753299219802,32.271743921451,-8.6));
#2164=CARTESIAN_POINT('Origin',(33.1753299219802,32.271743921451,-8.6));
#2165=CARTESIAN_POINT('',(-27.3246700780198,32.2717439214509,-8.6));
#2166=CARTESIAN_POINT('Origin',(-24.8246700780198,32.2717439214509,-8.6));
#2167=CARTESIAN_POINT('',(-46.8246700780198,8.77189885561299,-8.6));
#2168=CARTESIAN_POINT('Origin',(-43.8246700780198,8.77189885561299,-8.6));
#2169=CARTESIAN_POINT('',(-0.824670078019694,8.77189885561299,-8.6));
#2170=CARTESIAN_POINT('Origin',(2.17532992198031,8.77189885561299,-8.6));
#2171=CARTESIAN_POINT('',(-70.3243692421437,96.771743921451,-8.6));
#2172=CARTESIAN_POINT('',(-70.3243692421437,16.7717439214511,-8.6));
#2173=CARTESIAN_POINT('',(-70.3243692421437,84.771743921451,-8.6));
#2174=CARTESIAN_POINT('',(-52.3243692421438,16.7717439214511,-8.6));
#2175=CARTESIAN_POINT('',(-49.3495196600817,16.7717439214511,-8.6));
#2176=CARTESIAN_POINT('',(-52.3243692421438,96.771743921451,-8.6));
#2177=CARTESIAN_POINT('',(-52.3243692421438,40.771743921451,-8.6));
#2178=CARTESIAN_POINT('',(-41.8495196600817,96.771743921451,-8.6));
#2179=CARTESIAN_POINT('Origin',(-70.3243692421437,96.771743921451,-8.6));
#2180=CARTESIAN_POINT('',(-70.3243692421437,96.771743921451,-4.7));
#2181=CARTESIAN_POINT('',(-70.3243692421437,96.771743921451,-8.6));
#2182=CARTESIAN_POINT('',(-70.3243692421437,16.7717439214511,-4.7));
#2183=CARTESIAN_POINT('',(-70.3243692421437,76.771743921451,-4.7));
#2184=CARTESIAN_POINT('',(-70.3243692421437,16.7717439214511,-8.6));
#2185=CARTESIAN_POINT('Origin',(-55.3243692421437,96.771743921451,-8.6));
#2186=CARTESIAN_POINT('',(-52.3243692421438,96.771743921451,-4.7));
#2187=CARTESIAN_POINT('',(-52.3243692421437,96.771743921451,-8.6));
#2188=CARTESIAN_POINT('',(-31.8495196600817,96.771743921451,-4.7));
#2189=CARTESIAN_POINT('Origin',(-52.3243692421438,16.7717439214511,-8.6));
#2190=CARTESIAN_POINT('',(-52.3243692421438,16.7717439214511,-4.7));
#2191=CARTESIAN_POINT('',(-52.3243692421437,16.7717439214511,-8.6));
#2192=CARTESIAN_POINT('',(-52.3243692421438,36.771743921451,-4.7));
#2193=CARTESIAN_POINT('Origin',(-70.3243692421437,16.7717439214511,-8.6));
#2194=CARTESIAN_POINT('',(-39.3495196600817,16.7717439214511,-4.7));
#2195=CARTESIAN_POINT('Origin',(39.812707344464,105.787173649604,-11.1));
#2196=CARTESIAN_POINT('',(36.812707344464,105.787173649604,-11.1));
#2197=CARTESIAN_POINT('Origin',(39.812707344464,105.787173649604,-11.1));
#2198=CARTESIAN_POINT('Origin',(34.312707344464,105.787173649604,-11.1));
#2199=CARTESIAN_POINT('Origin',(39.812707344464,105.787173649604,-8.6));
#2200=CARTESIAN_POINT('',(36.812707344464,105.787173649604,-19.05));
#2201=CARTESIAN_POINT('Origin',(39.812707344464,105.787173649604,-19.05));
#2202=CARTESIAN_POINT('',(36.812707344464,105.787173649604,-8.6));
#2203=CARTESIAN_POINT('Origin',(72.8327073444629,53.7171736496049,-11.1));
#2204=CARTESIAN_POINT('',(69.8327073444629,53.7171736496049,-11.1));
#2205=CARTESIAN_POINT('Origin',(72.8327073444629,53.7171736496049,-11.1));
#2206=CARTESIAN_POINT('Origin',(67.3327073444629,53.7171736496049,-11.1));
#2207=CARTESIAN_POINT('Origin',(72.8327073444629,53.7171736496049,-8.6));
#2208=CARTESIAN_POINT('',(69.8327073444629,53.7171736496049,-19.05));
#2209=CARTESIAN_POINT('Origin',(72.8327073444629,53.7171736496049,-19.05));
#2210=CARTESIAN_POINT('',(69.8327073444629,53.7171736496049,-8.6));
#2211=CARTESIAN_POINT('Origin',(24.5727073444631,54.9871736496049,-8.6));
#2212=CARTESIAN_POINT('',(22.5227073444631,54.9871736496049,-19.05));
#2213=CARTESIAN_POINT('Origin',(24.5727073444631,54.9871736496049,-19.05));
#2214=CARTESIAN_POINT('',(22.5227073444631,54.9871736496049,-8.6));
#2215=CARTESIAN_POINT('',(22.5227073444631,54.9871736496049,-8.6));
#2216=CARTESIAN_POINT('Origin',(24.5727073444631,54.9871736496049,-8.6));
#2217=CARTESIAN_POINT('Origin',(34.5727073444631,54.9871736496049,-19.05));
#2218=CARTESIAN_POINT('Origin',(-8.37467007801971,56.771743921451,-8.6));
#2219=CARTESIAN_POINT('Origin',(39.812707344464,105.787173649604,-8.6));
#2220=CARTESIAN_POINT('',(37.762707344464,105.787173649604,-19.05));
#2221=CARTESIAN_POINT('Origin',(39.812707344464,105.787173649604,-19.05));
#2222=CARTESIAN_POINT('',(37.762707344464,105.787173649604,-8.6));
#2223=CARTESIAN_POINT('',(37.762707344464,105.787173649604,-8.6));
#2224=CARTESIAN_POINT('Origin',(39.812707344464,105.787173649604,-8.6));
#2225=CARTESIAN_POINT('Origin',(39.812707344464,105.787173649604,-19.05));
#2226=CARTESIAN_POINT('Origin',(-8.37467007801971,56.771743921451,-8.6));
#2227=CARTESIAN_POINT('Origin',(72.8327073444629,53.7171736496049,-8.6));
#2228=CARTESIAN_POINT('',(70.7827073444629,53.7171736496049,-19.05));
#2229=CARTESIAN_POINT('Origin',(72.8327073444629,53.7171736496049,-19.05));
#2230=CARTESIAN_POINT('',(70.7827073444629,53.7171736496049,-8.6));
#2231=CARTESIAN_POINT('',(70.7827073444629,53.7171736496049,-8.6));
#2232=CARTESIAN_POINT('Origin',(72.8327073444629,53.7171736496049,-8.6));
#2233=CARTESIAN_POINT('Origin',(82.8327073444629,53.7171736496049,-19.05));
#2234=CARTESIAN_POINT('Origin',(-8.37467007801971,56.771743921451,-8.6));
#2235=CARTESIAN_POINT('Origin',(-43.8246700780198,94.7718988556131,-8.6));
#2236=CARTESIAN_POINT('',(-45.8746700780198,94.7718988556131,-10.6));
#2237=CARTESIAN_POINT('Origin',(-43.8246700780198,94.7718988556131,-10.6));
#2238=CARTESIAN_POINT('',(-45.8746700780198,94.7718988556131,-4.7));
#2239=CARTESIAN_POINT('',(-45.8746700780198,94.7718988556131,-8.6));
#2240=CARTESIAN_POINT('Origin',(-43.8246700780198,94.7718988556131,-4.7));
#2241=CARTESIAN_POINT('Origin',(-43.8246700780198,94.7718988556131,-8.6));
#2242=CARTESIAN_POINT('',(-46.8246700780198,94.7718988556131,-10.6));
#2243=CARTESIAN_POINT('Origin',(-43.8246700780198,94.7718988556131,-10.6));
#2244=CARTESIAN_POINT('',(-46.8246700780198,94.7718988556131,-8.6));
#2245=CARTESIAN_POINT('Origin',(-43.8246700780198,94.7718988556131,-10.6));
#2246=CARTESIAN_POINT('Origin',(2.17532992198031,8.77189885561299,-8.6));
#2247=CARTESIAN_POINT('',(0.125329921980306,8.77189885561299,-10.6));
#2248=CARTESIAN_POINT('Origin',(2.17532992198031,8.77189885561299,-10.6));
#2249=CARTESIAN_POINT('',(0.125329921980306,8.77189885561299,-4.7));
#2250=CARTESIAN_POINT('',(0.125329921980306,8.77189885561299,-8.6));
#2251=CARTESIAN_POINT('Origin',(2.17532992198031,8.77189885561299,-4.7));
#2252=CARTESIAN_POINT('Origin',(2.17532992198031,8.77189885561299,-8.6));
#2253=CARTESIAN_POINT('',(-0.824670078019694,8.77189885561299,-10.6));
#2254=CARTESIAN_POINT('Origin',(2.17532992198031,8.77189885561299,-10.6));
#2255=CARTESIAN_POINT('',(-0.824670078019694,8.77189885561299,-8.6));
#2256=CARTESIAN_POINT('Origin',(2.17532992198031,8.77189885561299,-10.6));
#2257=CARTESIAN_POINT('Origin',(2.17532992198031,94.7718988556131,-8.6));
#2258=CARTESIAN_POINT('',(0.125329921980315,94.7718988556131,-10.6));
#2259=CARTESIAN_POINT('Origin',(2.17532992198031,94.7718988556131,-10.6));
#2260=CARTESIAN_POINT('',(0.125329921980315,94.7718988556131,-4.7));
#2261=CARTESIAN_POINT('',(0.125329921980315,94.7718988556131,-8.6));
#2262=CARTESIAN_POINT('Origin',(2.17532992198031,94.7718988556131,-4.7));
#2263=CARTESIAN_POINT('Origin',(2.17532992198031,94.7718988556131,-8.6));
#2264=CARTESIAN_POINT('',(-0.824670078019696,94.7718988556131,-10.6));
#2265=CARTESIAN_POINT('Origin',(2.17532992198031,94.7718988556131,-10.6));
#2266=CARTESIAN_POINT('',(-0.824670078019696,94.7718988556131,-8.6));
#2267=CARTESIAN_POINT('Origin',(2.17532992198031,94.7718988556131,-10.6));
#2268=CARTESIAN_POINT('Origin',(-43.8246700780198,8.77189885561299,-8.6));
#2269=CARTESIAN_POINT('',(-45.8746700780198,8.77189885561299,-10.6));
#2270=CARTESIAN_POINT('Origin',(-43.8246700780198,8.77189885561299,-10.6));
#2271=CARTESIAN_POINT('',(-45.8746700780198,8.77189885561299,-4.7));
#2272=CARTESIAN_POINT('',(-45.8746700780198,8.77189885561299,-8.6));
#2273=CARTESIAN_POINT('Origin',(-43.8246700780198,8.77189885561299,-4.7));
#2274=CARTESIAN_POINT('Origin',(-43.8246700780198,8.77189885561299,-8.6));
#2275=CARTESIAN_POINT('',(-46.8246700780198,8.77189885561299,-10.6));
#2276=CARTESIAN_POINT('Origin',(-43.8246700780198,8.77189885561299,-10.6));
#2277=CARTESIAN_POINT('',(-46.8246700780198,8.77189885561299,-8.6));
#2278=CARTESIAN_POINT('Origin',(-43.8246700780198,8.77189885561299,-10.6));
#2279=CARTESIAN_POINT('Origin',(33.1753299219801,81.2717439214509,-8.6));
#2280=CARTESIAN_POINT('',(30.6753299219801,81.2717439214509,-7.1));
#2281=CARTESIAN_POINT('',(30.6753299219801,81.2717439214509,-8.6));
#2282=CARTESIAN_POINT('Origin',(33.1753299219801,81.2717439214509,-7.1));
#2283=CARTESIAN_POINT('Origin',(33.1753299219801,81.2717439214509,-7.1));
#2284=CARTESIAN_POINT('',(31.6753299219801,81.2717439214509,-7.1));
#2285=CARTESIAN_POINT('Origin',(33.1753299219801,81.2717439214509,-7.1));
#2286=CARTESIAN_POINT('Origin',(-24.8246700780198,81.2717439214508,-8.6));
#2287=CARTESIAN_POINT('',(-27.3246700780198,81.2717439214508,-7.1));
#2288=CARTESIAN_POINT('',(-27.3246700780198,81.2717439214508,-8.6));
#2289=CARTESIAN_POINT('Origin',(-24.8246700780198,81.2717439214508,-7.1));
#2290=CARTESIAN_POINT('Origin',(-24.8246700780198,81.2717439214508,-7.1));
#2291=CARTESIAN_POINT('',(-26.3246700780198,81.2717439214508,-7.1));
#2292=CARTESIAN_POINT('Origin',(-24.8246700780198,81.2717439214508,-7.1));
#2293=CARTESIAN_POINT('Origin',(33.1753299219802,32.271743921451,-8.6));
#2294=CARTESIAN_POINT('',(30.6753299219802,32.271743921451,-7.1));
#2295=CARTESIAN_POINT('',(30.6753299219802,32.271743921451,-8.6));
#2296=CARTESIAN_POINT('Origin',(33.1753299219802,32.271743921451,-7.1));
#2297=CARTESIAN_POINT('Origin',(33.1753299219802,32.271743921451,-7.1));
#2298=CARTESIAN_POINT('',(31.6753299219802,32.271743921451,-7.1));
#2299=CARTESIAN_POINT('Origin',(33.1753299219802,32.271743921451,-7.1));
#2300=CARTESIAN_POINT('Origin',(-24.8246700780198,32.2717439214509,-8.6));
#2301=CARTESIAN_POINT('',(-27.3246700780198,32.2717439214509,-7.1));
#2302=CARTESIAN_POINT('',(-27.3246700780198,32.2717439214509,-8.6));
#2303=CARTESIAN_POINT('Origin',(-24.8246700780198,32.2717439214509,-7.1));
#2304=CARTESIAN_POINT('Origin',(-24.8246700780198,32.2717439214509,-7.1));
#2305=CARTESIAN_POINT('',(-26.3246700780198,32.2717439214509,-7.1));
#2306=CARTESIAN_POINT('Origin',(-24.8246700780198,32.2717439214509,-7.1));
#2307=CARTESIAN_POINT('Origin',(-24.8246700780198,81.2717439214508,-8.6));
#2308=CARTESIAN_POINT('',(-26.3246700780198,81.2717439214508,-4.7));
#2309=CARTESIAN_POINT('',(-26.3246700780198,81.2717439214508,-8.6));
#2310=CARTESIAN_POINT('Origin',(-24.8246700780198,81.2717439214508,-4.7));
#2311=CARTESIAN_POINT('Origin',(-24.8246700780198,32.2717439214509,-8.6));
#2312=CARTESIAN_POINT('',(-26.3246700780198,32.2717439214509,-4.7));
#2313=CARTESIAN_POINT('',(-26.3246700780198,32.2717439214509,-8.6));
#2314=CARTESIAN_POINT('Origin',(-24.8246700780198,32.2717439214509,-4.7));
#2315=CARTESIAN_POINT('Origin',(33.1753299219801,81.2717439214509,-8.6));
#2316=CARTESIAN_POINT('',(31.6753299219801,81.2717439214509,-4.7));
#2317=CARTESIAN_POINT('',(31.6753299219801,81.2717439214509,-8.6));
#2318=CARTESIAN_POINT('Origin',(33.1753299219801,81.2717439214509,-4.7));
#2319=CARTESIAN_POINT('Origin',(33.1753299219802,32.271743921451,-8.6));
#2320=CARTESIAN_POINT('',(31.6753299219802,32.271743921451,-4.7));
#2321=CARTESIAN_POINT('',(31.6753299219802,32.271743921451,-8.6));
#2322=CARTESIAN_POINT('Origin',(33.1753299219802,32.271743921451,-4.7));
#2323=CARTESIAN_POINT('Origin',(-87.3846700780198,103.271743921451,-8.6));
#2324=CARTESIAN_POINT('',(-102.824369242144,103.271743921451,-4.7));
#2325=CARTESIAN_POINT('',(-102.824369242144,103.271743921451,-8.6));
#2326=CARTESIAN_POINT('',(-87.3846700780198,103.271743921451,-4.7));
#2327=CARTESIAN_POINT('',(-87.3846700780198,103.271743921451,-4.7));
#2328=CARTESIAN_POINT('',(-87.3846700780198,103.271743921451,-8.6));
#2329=CARTESIAN_POINT('Origin',(-87.3846700780198,113.271743921451,-8.6));
#2330=CARTESIAN_POINT('',(-87.3846700780198,113.271743921451,-4.7));
#2331=CARTESIAN_POINT('',(-87.3846700780198,115.271743921451,-4.7));
#2332=CARTESIAN_POINT('',(-87.3846700780198,113.271743921451,-8.6));
#2333=CARTESIAN_POINT('Origin',(70.6353299219804,113.271743921451,-8.6));
#2334=CARTESIAN_POINT('',(70.6353299219804,113.271743921451,-4.7));
#2335=CARTESIAN_POINT('',(95.4590290861043,113.271743921451,-4.7));
#2336=CARTESIAN_POINT('',(70.6353299219804,113.271743921451,-8.6));
#2337=CARTESIAN_POINT('Origin',(70.6353299219804,103.271743921451,-8.6));
#2338=CARTESIAN_POINT('',(70.6353299219804,103.271743921451,-4.7));
#2339=CARTESIAN_POINT('',(70.6353299219804,103.271743921451,-4.7));
#2340=CARTESIAN_POINT('',(70.6353299219804,103.271743921451,-8.6));
#2341=CARTESIAN_POINT('Origin',(95.4590290861043,103.271743921451,-8.6));
#2342=CARTESIAN_POINT('',(91.1750290861043,103.271743921451,-4.7));
#2343=CARTESIAN_POINT('',(97.4590290861043,103.271743921451,-4.7));
#2344=CARTESIAN_POINT('',(91.1750290861043,103.271743921451,-8.6));
#2345=CARTESIAN_POINT('Origin',(91.1750290861043,10.2717439214508,-8.6));
#2346=CARTESIAN_POINT('',(91.1750290861043,10.2717439214508,-4.7));
#2347=CARTESIAN_POINT('',(91.1750290861043,33.5217439214509,-4.7));
#2348=CARTESIAN_POINT('',(91.1750290861043,10.2717439214508,-8.6));
#2349=CARTESIAN_POINT('Origin',(70.6353299219804,10.2717439214508,-8.6));
#2350=CARTESIAN_POINT('',(70.6353299219804,10.2717439214508,-4.7));
#2351=CARTESIAN_POINT('',(70.6353299219804,10.2717439214508,-4.7));
#2352=CARTESIAN_POINT('',(70.6353299219804,10.2717439214508,-8.6));
#2353=CARTESIAN_POINT('Origin',(70.6353299219804,0.27174392145081,-8.6));
#2354=CARTESIAN_POINT('',(70.6353299219804,0.271743921450813,-4.7));
#2355=CARTESIAN_POINT('',(70.6353299219804,-1.72825607854919,-4.7));
#2356=CARTESIAN_POINT('',(70.6353299219804,0.27174392145081,-8.6));
#2357=CARTESIAN_POINT('Origin',(-87.3846700780198,0.27174392145081,-8.6));
#2358=CARTESIAN_POINT('',(-87.3846700780198,0.271743921450813,-4.7));
#2359=CARTESIAN_POINT('',(-112.208369242144,0.27174392145081,-4.7));
#2360=CARTESIAN_POINT('',(-87.3846700780198,0.271743921450811,-8.6));
#2361=CARTESIAN_POINT('Origin',(-87.3846700780198,10.2717439214508,-8.6));
#2362=CARTESIAN_POINT('',(-87.3846700780198,10.2717439214508,-4.7));
#2363=CARTESIAN_POINT('',(-87.3846700780198,10.2717439214508,-4.7));
#2364=CARTESIAN_POINT('',(-87.3846700780198,10.2717439214508,-8.6));
#2365=CARTESIAN_POINT('Origin',(-112.208369242144,10.2717439214508,-8.6));
#2366=CARTESIAN_POINT('',(-102.824369242144,10.2717439214508,-4.7));
#2367=CARTESIAN_POINT('',(-114.208369242144,10.2717439214508,-4.7));
#2368=CARTESIAN_POINT('',(-102.824369242144,10.2717439214508,-8.6));
#2369=CARTESIAN_POINT('Origin',(-102.824369242144,113.271743921451,-8.6));
#2370=CARTESIAN_POINT('',(-102.824369242144,85.0217439214511,-4.7));
#2371=CARTESIAN_POINT('Origin',(-8.37467007801971,56.771743921451,-4.7));
#2372=CARTESIAN_POINT('',(14.6753299219804,32.2717439214509,-4.7));
#2373=CARTESIAN_POINT('Origin',(13.1753299219804,32.2717439214509,-4.7));
#2374=CARTESIAN_POINT('',(14.6753299219804,81.2717439214508,-4.7));
#2375=CARTESIAN_POINT('Origin',(13.1753299219804,81.2717439214508,-4.7));
#2376=CARTESIAN_POINT('',(-43.3246700780196,32.271743921451,-4.7));
#2377=CARTESIAN_POINT('Origin',(-44.8246700780196,32.271743921451,-4.7));
#2378=CARTESIAN_POINT('',(-43.3246700780195,81.2717439214509,-4.7));
#2379=CARTESIAN_POINT('Origin',(-44.8246700780195,81.2717439214509,-4.7));
#2380=CARTESIAN_POINT('Origin',(13.1753299219804,32.2717439214509,-8.6));
#2381=CARTESIAN_POINT('',(15.6753299219804,32.2717439214509,-7.1));
#2382=CARTESIAN_POINT('',(15.6753299219804,32.2717439214509,-8.6));
#2383=CARTESIAN_POINT('Origin',(13.1753299219804,32.2717439214509,-7.1));
#2384=CARTESIAN_POINT('Origin',(13.1753299219804,32.2717439214509,-7.1));
#2385=CARTESIAN_POINT('',(14.6753299219804,32.2717439214509,-7.1));
#2386=CARTESIAN_POINT('Origin',(13.1753299219804,32.2717439214509,-7.1));
#2387=CARTESIAN_POINT('Origin',(13.1753299219804,32.2717439214509,-8.6));
#2388=CARTESIAN_POINT('',(14.6753299219804,32.2717439214509,-8.6));
#2389=CARTESIAN_POINT('Origin',(13.1753299219804,81.2717439214508,-8.6));
#2390=CARTESIAN_POINT('',(15.6753299219804,81.2717439214508,-7.1));
#2391=CARTESIAN_POINT('',(15.6753299219804,81.2717439214508,-8.6));
#2392=CARTESIAN_POINT('Origin',(13.1753299219804,81.2717439214508,-7.1));
#2393=CARTESIAN_POINT('Origin',(13.1753299219804,81.2717439214508,-7.1));
#2394=CARTESIAN_POINT('',(14.6753299219804,81.2717439214508,-7.1));
#2395=CARTESIAN_POINT('Origin',(13.1753299219804,81.2717439214508,-7.1));
#2396=CARTESIAN_POINT('Origin',(13.1753299219804,81.2717439214508,-8.6));
#2397=CARTESIAN_POINT('',(14.6753299219804,81.2717439214508,-8.6));
#2398=CARTESIAN_POINT('Origin',(-44.8246700780196,32.271743921451,-8.6));
#2399=CARTESIAN_POINT('',(-42.3246700780196,32.271743921451,-7.1));
#2400=CARTESIAN_POINT('',(-42.3246700780196,32.271743921451,-8.6));
#2401=CARTESIAN_POINT('Origin',(-44.8246700780196,32.271743921451,-7.1));
#2402=CARTESIAN_POINT('Origin',(-44.8246700780196,32.271743921451,-7.1));
#2403=CARTESIAN_POINT('',(-43.3246700780196,32.271743921451,-7.1));
#2404=CARTESIAN_POINT('Origin',(-44.8246700780196,32.271743921451,-7.1));
#2405=CARTESIAN_POINT('Origin',(-44.8246700780196,32.271743921451,-8.6));
#2406=CARTESIAN_POINT('',(-43.3246700780196,32.271743921451,-8.6));
#2407=CARTESIAN_POINT('Origin',(-44.8246700780195,81.2717439214509,-8.6));
#2408=CARTESIAN_POINT('',(-42.3246700780195,81.2717439214509,-7.1));
#2409=CARTESIAN_POINT('',(-42.3246700780195,81.2717439214509,-8.6));
#2410=CARTESIAN_POINT('Origin',(-44.8246700780195,81.2717439214509,-7.1));
#2411=CARTESIAN_POINT('Origin',(-44.8246700780195,81.2717439214509,-7.1));
#2412=CARTESIAN_POINT('',(-43.3246700780195,81.2717439214509,-7.1));
#2413=CARTESIAN_POINT('Origin',(-44.8246700780195,81.2717439214509,-7.1));
#2414=CARTESIAN_POINT('Origin',(-44.8246700780195,81.2717439214509,-8.6));
#2415=CARTESIAN_POINT('',(-43.3246700780195,81.2717439214509,-8.6));
#2416=UNCERTAINTY_MEASURE_WITH_UNIT(LENGTH_MEASURE(0.01),#2420,
'DISTANCE_ACCURACY_VALUE',
'Maximum model space distance between geometric entities at asserted c
onnectivities');
#2417=UNCERTAINTY_MEASURE_WITH_UNIT(LENGTH_MEASURE(0.01),#2420,
'DISTANCE_ACCURACY_VALUE',
'Maximum model space distance between geometric entities at asserted c
onnectivities');
#2418=(
GEOMETRIC_REPRESENTATION_CONTEXT(3)
GLOBAL_UNCERTAINTY_ASSIGNED_CONTEXT((#2416))
GLOBAL_UNIT_ASSIGNED_CONTEXT((#2420,#2422,#2423))
REPRESENTATION_CONTEXT('','3D')
);
#2419=(
GEOMETRIC_REPRESENTATION_CONTEXT(3)
GLOBAL_UNCERTAINTY_ASSIGNED_CONTEXT((#2417))
GLOBAL_UNIT_ASSIGNED_CONTEXT((#2420,#2422,#2423))
REPRESENTATION_CONTEXT('','3D')
);
#2420=(
LENGTH_UNIT()
NAMED_UNIT(*)
SI_UNIT(.MILLI.,.METRE.)
);
#2421=(
LENGTH_UNIT()
NAMED_UNIT(*)
SI_UNIT($,.METRE.)
);
#2422=(
NAMED_UNIT(*)
PLANE_ANGLE_UNIT()
SI_UNIT($,.RADIAN.)
);
#2423=(
NAMED_UNIT(*)
SI_UNIT($,.STERADIAN.)
SOLID_ANGLE_UNIT()
);
#2424=SHAPE_DEFINITION_REPRESENTATION(#2425,#2426);
#2425=PRODUCT_DEFINITION_SHAPE('',$,#2428);
#2426=SHAPE_REPRESENTATION('',(#1405),#2418);
#2427=PRODUCT_DEFINITION_CONTEXT('part definition',#2432,'design');
#2428=PRODUCT_DEFINITION('Mounting_Board','Mounting_Board',#2429,#2427);
#2429=PRODUCT_DEFINITION_FORMATION('',$,#2434);
#2430=PRODUCT_RELATED_PRODUCT_CATEGORY('Mounting_Board',
'Mounting_Board',(#2434));
#2431=APPLICATION_PROTOCOL_DEFINITION('international standard',
'automotive_design',2009,#2432);
#2432=APPLICATION_CONTEXT(
'Core Data for Automotive Mechanical Design Process');
#2433=PRODUCT_CONTEXT('part definition',#2432,'mechanical');
#2434=PRODUCT('Mounting_Board','Mounting_Board',$,(#2433));
#2435=PRESENTATION_STYLE_ASSIGNMENT((#2436));
#2436=SURFACE_STYLE_USAGE(.BOTH.,#2437);
#2437=SURFACE_SIDE_STYLE('',(#2438));
#2438=SURFACE_STYLE_FILL_AREA(#2439);
#2439=FILL_AREA_STYLE('Steel - Satin',(#2440));
#2440=FILL_AREA_STYLE_COLOUR('Steel - Satin',#2441);
#2441=COLOUR_RGB('Steel - Satin',0.627450980392157,0.627450980392157,0.627450980392157);
ENDSEC;
END-ISO-10303-21;
